file                , episode, scene, grasp_idx, bin_assigned, bin_realized, axis, pin_ok, steps, pos_err_m, rot_err_rad, reach, close_label, caption, all
train_regrasp_off.h5,       0,     0,         0,            2, 2           , +y  ,      1,    21,  0.004537, 0.000437   ,     1,           1,       1,   1
train_regrasp_off.h5,       1,     1,         0,            0, 0           , +x  ,      1,    21,  0.0046  , 0.0        ,     1,           1,       1,   1
train_regrasp_off.h5,       2,     1,         1,            1, 1           , -x  ,      1,    15,  0.150072, 0.472589   ,     0,           0,       1,   0
train_regrasp_off.h5,       3,     1,         2,            2, 2           , +y  ,      1,    14,  0.084648, 0.6293     ,     0,           0,       1,   0
train_regrasp_off.h5,       4,     1,         3,            3, 3           , -y  ,      1,    21,  0.004667, 0.000354   ,     1,           1,       1,   1
train_regrasp_off.h5,       5,     2,         0,            2, 2           , +y  ,      1,    21,  0.004649, 0.000385   ,     1,           1,       1,   1
train_regrasp_off.h5,       6,     3,         0,            0, 0           , +x  ,      1,    21,  0.004603, 0.000263   ,     1,           1,       1,   1
train_regrasp_off.h5,       7,     3,         1,            4, 4           , +z  ,      1,    21,  0.004655, 0.00061    ,     1,           1,       1,   1
train_regrasp_off.h5,       8,     4,         0,            0, 0           , +x  ,      1,    21,  0.004616, 0.00045    ,     1,           1,       1,   1
train_regrasp_off.h5,       9,     4,         1,            2, 2           , +y  ,      1,    19,  0.036848, 0.003568   ,     0,           0,       1,   0
train_regrasp_off.h5,      10,     6,         0,            0, 0           , +x  ,      1,    21,  0.004589, 0.00052    ,     1,           1,       1,   1
train_regrasp_off.h5,      11,     8,         0,            5, 5           , -z  ,      1,    21,  0.004569, 0.0        ,     1,           1,       1,   1
train_regrasp_off.h5,      12,     9,         0,            2, 2           , +y  ,      1,    21,  0.004589, 0.000526   ,     1,           1,       1,   1
train_regrasp_off.h5,      13,     9,         1,            5, 5           , -z  ,      1,    21,  0.00447 , 0.000506   ,     1,           1,       1,   1
train_regrasp_off.h5,      14,    10,         0,            1, 1           , -x  ,      1,    13,  0.221746, 0.979833   ,     0,           0,       1,   0
train_regrasp_off.h5,      15,    10,         1,            5, 5           , -z  ,      1,    21,  0.004568, 0.000214   ,     1,           1,       1,   1
train_regrasp_off.h5,      16,    12,         0,            4, 4           , +z  ,      1,    21,  0.004571, 0.0        ,     1,           1,       1,   1
train_regrasp_off.h5,      17,    12,         1,            5, 5           , -z  ,      1,    21,  0.004653, 0.000106   ,     1,           1,       1,   1
train_regrasp_off.h5,      18,    14,         0,            4, 4           , +z  ,      1,    21,  0.004667, 0.000516   ,     1,           1,       1,   1
train_regrasp_off.h5,      19,    15,         0,            4, 4           , +z  ,      1,    21,  0.004565, 0.0        ,     1,           1,       1,   1
train_regrasp_off.h5,      20,    16,         0,            0, 0           , +x  ,      1,    21,  0.0046  , 0.0        ,     1,           1,       1,   1
train_regrasp_off.h5,      21,    16,         1,            1, 1           , -x  ,      1,    21,  0.004666, 0.000496   ,     1,           1,       1,   1
train_regrasp_off.h5,      22,    16,         2,            5, 5           , -z  ,      1,    21,  0.004546, 0.000545   ,     1,           1,       1,   1
train_regrasp_off.h5,      23,    17,         0,            1, 1           , -x  ,      1,    21,  0.004658, 0.000396   ,     1,           1,       1,   1
train_regrasp_off.h5,      24,    17,         1,            2, 2           , +y  ,      1,    21,  0.004564, 0.000119   ,     1,           1,       1,   1
train_regrasp_off.h5,      25,    17,         2,            5, 5           , -z  ,      1,    21,  0.004616, 0.000376   ,     1,           1,       1,   1
train_regrasp_off.h5,      26,    19,         0,            3, 3           , -y  ,      1,    21,  0.00443 , 0.001686   ,     1,           1,       1,   1
train_regrasp_off.h5,      27,    20,         0,            0, 0           , +x  ,      1,    21,  0.004514, 0.000399   ,     1,           1,       1,   1
train_regrasp_off.h5,      28,    20,         1,            4, 1           , +z  ,      1,    21,  0.004365, 0.000485   ,     1,           1,       0,   0
train_regrasp_off.h5,      29,    20,         2,            5, 5           , -z  ,      1,    21,  0.004686, 0.000572   ,     1,           1,       1,   1
train_regrasp_off.h5,      30,    21,         0,            4, 4           , +z  ,      1,    21,  0.004487, 0.000819   ,     1,           1,       1,   1
train_regrasp_off.h5,      31,    21,         1,            5, 5           , -z  ,      1,    21,  0.004419, 0.0        ,     1,           1,       1,   1
train_regrasp_off.h5,      32,    22,         0,            2, 2           , +y  ,      1,    21,  0.004461, 0.000774   ,     1,           1,       1,   1
train_regrasp_off.h5,      33,    22,         1,            3, 3           , -y  ,      1,    21,  0.00453 , 0.000731   ,     1,           1,       1,   1
train_regrasp_off.h5,      34,    23,         0,            0, 0           , +x  ,      1,    21,  0.004603, 0.0        ,     1,           1,       1,   1
train_regrasp_off.h5,      35,    23,         1,            1, 1           , -x  ,      1,    16,  0.051521, 0.242528   ,     0,           0,       1,   0
train_regrasp_off.h5,      36,    23,         2,            4, -1          , +z  ,      1,    17,  0.053923, 0.040712   ,     0,           0,       0,   0
train_regrasp_off.h5,      37,    23,         3,            5, 5           , -z  ,      1,    17,  0.063731, 0.033929   ,     0,           0,       1,   0
train_regrasp_off.h5,      38,    24,         0,            0, 0           , +x  ,      1,    21,  0.004693, 0.000531   ,     1,           1,       1,   1
train_regrasp_off.h5,      39,    24,         1,            4, 4           , +z  ,      1,    21,  0.004616, 0.000501   ,     1,           1,       1,   1
train_regrasp_off.h5,      40,    24,         2,            5, 5           , -z  ,      1,    21,  0.004591, 0.0        ,     1,           1,       1,   1
train_regrasp_off.h5,      41,    25,         0,            2, 2           , +y  ,      1,    21,  0.004523, 0.000249   ,     1,           1,       1,   1
train_regrasp_off.h5,      42,    25,         1,            4, 4           , +z  ,      1,    21,  0.004447, 0.0        ,     1,           1,       1,   1
train_regrasp_off.h5,      43,    25,         2,            5, 5           , -z  ,      1,    21,  0.004575, 0.000516   ,     1,           1,       1,   1
train_regrasp_off.h5,      44,    26,         0,            4, 4           , +z  ,      1,    21,  0.004553, 0.0        ,     1,           1,       1,   1
train_regrasp_off.h5,      45,    26,         1,            5, 5           , -z  ,      1,    14,  0.157908, 0.781517   ,     0,           0,       1,   0
train_regrasp_off.h5,      46,    27,         0,            2, 2           , +y  ,      1,    21,  0.004684, 0.000607   ,     1,           1,       1,   1
train_regrasp_off.h5,      47,    27,         1,            3, 3           , -y  ,      1,    21,  0.004371, 0.000658   ,     1,           1,       1,   1
train_regrasp_off.h5,      48,    28,         0,            4, 4           , +z  ,      1,    21,  0.004657, 0.00029    ,     1,           1,       1,   1
train_regrasp_off.h5,      49,    29,         0,            2, 2           , +y  ,      1,    21,  0.004642, 5e-05      ,     1,           1,       1,   1
train_regrasp_off.h5,      50,    29,         1,            5, 5           , -z  ,      1,    21,  0.004574, 0.000194   ,     1,           1,       1,   1
train_regrasp_off.h5,      51,    31,         0,            5, 5           , -z  ,      1,    21,  0.004623, 0.000251   ,     1,           1,       1,   1
train_regrasp_off.h5,      52,    32,         0,            0, 0           , +x  ,      1,    21,  0.004533, 0.0        ,     1,           1,       1,   1
train_regrasp_off.h5,      53,    33,         0,            2, 2           , +y  ,      1,    21,  0.004315, 0.000646   ,     1,           1,       1,   1
train_regrasp_off.h5,      54,    34,         0,            0, 0           , +x  ,      1,    21,  0.004541, 0.000353   ,     1,           1,       1,   1
train_regrasp_off.h5,      55,    34,         1,            1, 1           , -x  ,      1,    21,  0.004575, 0.000729   ,     1,           1,       1,   1
train_regrasp_off.h5,      56,    34,         2,            3, 3           , -y  ,      1,    17,  0.058315, 0.041331   ,     0,           0,       1,   0
train_regrasp_off.h5,      57,    34,         3,            5, 5           , -z  ,      1,    21,  0.004579, 0.000194   ,     1,           1,       1,   1
train_regrasp_off.h5,      58,    35,         0,            0, 0           , +x  ,      1,    21,  0.004653, 0.000745   ,     1,           1,       1,   1
train_regrasp_off.h5,      59,    35,         1,            1, 1           , -x  ,      1,    21,  0.0046  , 0.00021    ,     1,           1,       1,   1
train_regrasp_off.h5,      60,    35,         2,            3, 3           , -y  ,      1,    21,  0.00454 , 0.000397   ,     1,           1,       1,   1
train_regrasp_off.h5,      61,    37,         0,            2, 2           , +y  ,      1,    21,  0.004547, 0.000456   ,     1,           1,       1,   1
train_regrasp_off.h5,      62,    37,         1,            4, 4           , +z  ,      1,    21,  0.004593, 0.000198   ,     1,           1,       1,   1
train_regrasp_off.h5,      63,    38,         0,            0, 0           , +x  ,      1,    21,  0.004491, 0.000229   ,     1,           1,       1,   1
train_regrasp_off.h5,      64,    38,         1,            2, 2           , +y  ,      1,    21,  0.004649, 0.000266   ,     1,           1,       1,   1
train_regrasp_off.h5,      65,    38,         2,            5, 5           , -z  ,      1,    21,  0.004548, 0.000249   ,     1,           1,       1,   1
train_regrasp_off.h5,      66,    40,         0,            4, 4           , +z  ,      1,    17,  0.048395, 0.059796   ,     0,           0,       1,   0
train_regrasp_off.h5,      67,    41,         0,            4, 4           , +z  ,      1,    21,  0.004475, 0.00051    ,     1,           1,       1,   1
train_regrasp_off.h5,      68,    43,         0,            4, 4           , +z  ,      1,    21,  0.004584, 0.000692   ,     1,           1,       1,   1
train_regrasp_off.h5,      69,    48,         0,            0, 0           , +x  ,      1,    21,  0.004674, 0.000353   ,     1,           1,       1,   1
train_regrasp_off.h5,      70,    48,         1,            2, 2           , +y  ,      1,    21,  0.004584, 0.0        ,     1,           1,       1,   1
train_regrasp_off.h5,      71,    48,         2,            3, 3           , -y  ,      1,    20,  0.020598, 0.000657   ,     0,           0,       1,   0
train_regrasp_off.h5,      72,    49,         0,            0, 0           , +x  ,      1,    21,  0.004693, 0.000699   ,     1,           1,       1,   1
train_regrasp_off.h5,      73,    49,         1,            3, 3           , -y  ,      1,    21,  0.004815, 0.001563   ,     1,           1,       1,   1
train_regrasp_off.h5,      74,    49,         2,            5, 5           , -z  ,      1,    21,  0.004622, 0.000169   ,     1,           1,       1,   1
train_regrasp_off.h5,      75,    52,         0,            0, 0           , +x  ,      1,    21,  0.004519, 0.000372   ,     1,           1,       1,   1
train_regrasp_off.h5,      76,    52,         1,            4, 4           , +z  ,      1,    15,  0.106972, 0.500634   ,     0,           0,       1,   0
train_regrasp_off.h5,      77,    52,         2,            5, 5           , -z  ,      1,    21,  0.004543, 0.000443   ,     1,           1,       1,   1
train_regrasp_off.h5,      78,    53,         0,            2, 2           , +y  ,      1,    19,  0.035778, 0.003836   ,     0,           0,       1,   0
train_regrasp_off.h5,      79,    53,         1,            5, 5           , -z  ,      1,    17,  0.06097 , 0.065659   ,     0,           0,       1,   0
train_regrasp_off.h5,      80,    54,         0,            4, 4           , +z  ,      1,    18,  0.049993, 0.015324   ,     0,           0,       1,   0
train_regrasp_off.h5,      81,    54,         1,            5, 5           , -z  ,      1,    15,  0.170301, 0.337198   ,     0,           0,       1,   0
train_regrasp_off.h5,      82,    55,         0,            2, 2           , +y  ,      1,    21,  0.004591, 0.0        ,     1,           1,       1,   1
train_regrasp_off.h5,      83,    60,         0,            3, 3           , -y  ,      1,    21,  0.004765, 0.002466   ,     1,           1,       1,   1
train_regrasp_off.h5,      84,    61,         0,            4, 4           , +z  ,      1,    21,  0.004573, 0.000214   ,     1,           1,       1,   1
train_regrasp_off.h5,      85,    61,         1,            5, 5           , -z  ,      1,    21,  0.004538, 0.0        ,     1,           1,       1,   1
train_regrasp_off.h5,      86,    62,         0,            0, 0           , +x  ,      1,    21,  0.004314, 0.000542   ,     1,           1,       1,   1
train_regrasp_off.h5,      87,    62,         1,            2, 2           , +y  ,      1,    21,  0.004398, 0.0        ,     1,           1,       1,   1
train_regrasp_off.h5,      88,    62,         2,            4, 4           , +z  ,      1,    21,  0.004253, 0.001015   ,     1,           1,       1,   1
train_regrasp_off.h5,      89,    63,         0,            2, 2           , +y  ,      1,    21,  0.004489, 0.0        ,     1,           1,       1,   1
train_regrasp_off.h5,      90,    64,         0,            2, 2           , +y  ,      1,    21,  0.004288, 0.000467   ,     1,           1,       1,   1
train_regrasp_off.h5,      91,    64,         1,            3, 3           , -y  ,      1,    21,  0.004624, 0.0004     ,     1,           1,       1,   1
train_regrasp_off.h5,      92,    65,         0,            3, 3           , -y  ,      1,    13,  0.134194, 0.971441   ,     0,           0,       1,   0
train_regrasp_off.h5,      93,    66,         0,            3, 3           , -y  ,      1,    21,  0.004626, 0.000614   ,     1,           1,       1,   1
train_regrasp_off.h5,      94,    66,         1,            4, 4           , +z  ,      1,    21,  0.004561, 0.0        ,     1,           1,       1,   1
train_regrasp_off.h5,      95,    66,         2,            5, 5           , -z  ,      1,    21,  0.004602, 0.0        ,     1,           1,       1,   1
train_regrasp_off.h5,      96,    67,         0,            1, 1           , -x  ,      1,    21,  0.004725, 0.000312   ,     1,           1,       1,   1
train_regrasp_off.h5,      97,    67,         1,            2, 2           , +y  ,      1,    16,  0.064185, 0.285375   ,     0,           0,       1,   0
train_regrasp_off.h5,      98,    67,         2,            3, 3           , -y  ,      1,    21,  0.004468, 0.0        ,     1,           1,       1,   1
train_regrasp_off.h5,      99,    72,         0,            5, 5           , -z  ,      1,    21,  0.004549, 0.000349   ,     1,           1,       1,   1
train_regrasp_off.h5,     100,    73,         0,            0, 0           , +x  ,      1,    21,  0.004559, 0.000265   ,     1,           1,       1,   1
train_regrasp_off.h5,     101,    73,         1,            3, 3           , -y  ,      1,    21,  0.004527, 0.000424   ,     1,           1,       1,   1
train_regrasp_off.h5,     102,    74,         0,            1, 1           , -x  ,      1,    21,  0.004612, 0.000245   ,     1,           1,       1,   1
train_regrasp_off.h5,     103,    75,         0,            3, 3           , -y  ,      1,    10,  0.078951, 1.761863   ,     0,           0,       1,   0
train_regrasp_off.h5,     104,    76,         0,            1, 1           , -x  ,      1,    12,  0.052038, 1.034969   ,     0,           0,       1,   0
train_regrasp_off.h5,     105,    76,         1,            2, 2           , +y  ,      1,    21,  0.004581, 0.0        ,     1,           1,       1,   1
train_regrasp_off.h5,     106,    76,         2,            3, 3           , -y  ,      1,    12,  0.155899, 0.889596   ,     0,           0,       1,   0
train_regrasp_off.h5,     107,    76,         3,            5, 5           , -z  ,      1,    21,  0.004508, 0.000596   ,     1,           1,       1,   1
train_regrasp_off.h5,     108,    77,         0,            1, 1           , -x  ,      1,    21,  0.004515, 0.000464   ,     1,           1,       1,   1
train_regrasp_off.h5,     109,    78,         0,            5, 5           , -z  ,      1,    21,  0.00454 , 0.0        ,     1,           1,       1,   1
train_regrasp_off.h5,     110,    79,         0,            5, 5           , -z  ,      1,    21,  0.004565, 0.000476   ,     1,           1,       1,   1
train_regrasp_off.h5,     111,    80,         0,            5, 5           , -z  ,      1,    16,  0.034578, 0.348672   ,     0,           0,       1,   0
train_regrasp_off.h5,     112,    81,         0,            5, 5           , -z  ,      1,    21,  0.004573, 0.0        ,     1,           1,       1,   1
train_regrasp_off.h5,     113,    82,         0,            1, 1           , -x  ,      1,    21,  0.004505, 0.0        ,     1,           1,       1,   1
train_regrasp_off.h5,     114,    82,         1,            5, 5           , -z  ,      1,    21,  0.004587, 0.000235   ,     1,           1,       1,   1
train_regrasp_off.h5,     115,    83,         0,            1, 1           , -x  ,      1,    21,  0.004461, 0.001341   ,     1,           1,       1,   1
train_regrasp_off.h5,     116,    84,         0,            4, 4           , +z  ,      1,    21,  0.004524, 0.0        ,     1,           1,       1,   1
train_regrasp_off.h5,     117,    85,         0,            4, 4           , +z  ,      1,    21,  0.004568, 0.000352   ,     1,           1,       1,   1
train_regrasp_off.h5,     118,    86,         0,            1, 1           , -x  ,      1,    16,  0.094319, 0.3591     ,     0,           0,       1,   0
train_regrasp_off.h5,     119,    86,         1,            4, 4           , +z  ,      1,    21,  0.004586, 0.000332   ,     1,           1,       1,   1
train_regrasp_off.h5,     120,    86,         2,            5, 5           , -z  ,      1,    21,  0.004645, 0.000579   ,     1,           1,       1,   1
train_regrasp_off.h5,     121,    87,         0,            4, 4           , +z  ,      1,    12,  0.190763, 0.964882   ,     0,           0,       1,   0
train_regrasp_off.h5,     122,    87,         1,            5, 5           , -z  ,      1,    16,  0.052214, 0.208265   ,     0,           0,       1,   0
train_regrasp_off.h5,     123,    88,         0,            0, 0           , +x  ,      1,    21,  0.004552, 0.000395   ,     1,           1,       1,   1
train_regrasp_off.h5,     124,    88,         1,            2, 2           , +y  ,      1,    21,  0.004589, 0.000178   ,     1,           1,       1,   1
train_regrasp_off.h5,     125,    88,         2,            3, 3           , -y  ,      1,    21,  0.004561, 0.0        ,     1,           1,       1,   1
train_regrasp_off.h5,     126,    88,         3,            5, 5           , -z  ,      1,    14,  0.177199, 0.738961   ,     0,           0,       1,   0
train_regrasp_off.h5,     127,    90,         0,            1, 1           , -x  ,      1,    17,  0.049245, 0.06293    ,     0,           0,       1,   0
train_regrasp_off.h5,     128,    90,         1,            4, 4           , +z  ,      1,    14,  0.157291, 0.498258   ,     0,           0,       1,   0
train_regrasp_off.h5,     129,    91,         0,            1, 1           , -x  ,      1,    14,  0.173889, 0.635174   ,     0,           0,       1,   0
train_regrasp_off.h5,     130,    91,         1,            2, 2           , +y  ,      1,    21,  0.004567, 0.0        ,     1,           1,       1,   1
train_regrasp_off.h5,     131,    91,         2,            3, 3           , -y  ,      1,    21,  0.004534, 0.0        ,     1,           1,       1,   1
train_regrasp_off.h5,     132,    92,         0,            0, 0           , +x  ,      1,    21,  0.004488, 0.000918   ,     1,           1,       1,   1
train_regrasp_off.h5,     133,    92,         1,            2, 2           , +y  ,      1,    21,  0.004637, 0.0        ,     1,           1,       1,   1
train_regrasp_off.h5,     134,    92,         2,            3, 3           , -y  ,      1,    21,  0.004517, 0.000322   ,     1,           1,       1,   1
train_regrasp_off.h5,     135,    93,         0,            0, 0           , +x  ,      1,    21,  0.004455, 0.000543   ,     1,           1,       1,   1
train_regrasp_off.h5,     136,    93,         1,            3, 3           , -y  ,      1,    21,  0.004561, 0.0        ,     1,           1,       1,   1
train_regrasp_off.h5,     137,    93,         2,            5, 5           , -z  ,      1,    21,  0.00404 , 0.003297   ,     1,           1,       1,   1
train_regrasp_off.h5,     138,    94,         0,            0, 0           , +x  ,      1,    21,  0.004539, 0.000368   ,     1,           1,       1,   1
train_regrasp_off.h5,     139,    94,         1,            1, 1           , -x  ,      1,    13,  0.172355, 0.812235   ,     0,           0,       1,   0
train_regrasp_off.h5,     140,    94,         2,            3, 3           , -y  ,      1,    18,  0.048805, 0.019513   ,     0,           0,       1,   0
train_regrasp_off.h5,     141,    95,         0,            2, 2           , +y  ,      1,    21,  0.004584, 0.0        ,     1,           1,       1,   1
train_regrasp_off.h5,     142,    95,         1,            5, 5           , -z  ,      1,    21,  0.00454 , 0.000559   ,     1,           1,       1,   1
train_regrasp_off.h5,     143,    96,         0,            1, 1           , -x  ,      1,    21,  0.004538, 0.000395   ,     1,           1,       1,   1
train_regrasp_off.h5,     144,    96,         1,            2, 2           , +y  ,      1,    21,  0.004599, 0.000297   ,     1,           1,       1,   1
train_regrasp_off.h5,     145,    96,         2,            5, 5           , -z  ,      1,    21,  0.004509, 0.000387   ,     1,           1,       1,   1
train_regrasp_off.h5,     146,    97,         0,            1, 1           , -x  ,      1,    21,  0.005513, 0.000811   ,     1,           1,       1,   1
train_regrasp_off.h5,     147,    97,         1,            2, 2           , +y  ,      1,    21,  0.004595, 0.000418   ,     1,           1,       1,   1
train_regrasp_off.h5,     148,    97,         2,            4, 4           , +z  ,      1,    21,  0.004522, 0.000533   ,     1,           1,       1,   1
train_regrasp_off.h5,     149,    97,         3,            5, 5           , -z  ,      1,    21,  0.004475, 0.000475   ,     1,           1,       1,   1
train_regrasp_off.h5,     150,    98,         0,            0, 0           , +x  ,      1,    21,  0.004558, 0.000314   ,     1,           1,       1,   1
train_regrasp_off.h5,     151,    98,         1,            1, 1           , -x  ,      1,    17,  0.059565, 0.051674   ,     0,           0,       1,   0
train_regrasp_off.h5,     152,    98,         2,            2, 2           , +y  ,      1,    21,  0.004539, 0.00044    ,     1,           1,       1,   1
train_regrasp_off.h5,     153,    98,         3,            3, 3           , -y  ,      1,    21,  0.004756, 0.000612   ,     1,           1,       1,   1
train_regrasp_off.h5,     154,    99,         0,            1, 1           , -x  ,      1,    21,  0.00486 , 0.000502   ,     1,           1,       1,   1
train_regrasp_off.h5,     155,    99,         1,            2, 2           , +y  ,      1,    21,  0.004517, 0.0        ,     1,           1,       1,   1
train_regrasp_off.h5,     156,    99,         2,            3, 3           , -y  ,      1,    21,  0.00458 , 0.0        ,     1,           1,       1,   1
train_regrasp_off.h5,     157,    99,         3,            5, 5           , -z  ,      1,    21,  0.004645, 0.000581   ,     1,           1,       1,   1
train_regrasp_off.h5,     158,   101,         0,            2, 2           , +y  ,      1,    21,  0.004559, 0.0        ,     1,           1,       1,   1
train_regrasp_off.h5,     159,   102,         0,            3, 3           , -y  ,      1,    18,  0.048663, 0.022655   ,     0,           0,       1,   0
train_regrasp_off.h5,     160,   103,         0,            4, 4           , +z  ,      1,    21,  0.004602, 0.0        ,     1,           1,       1,   1
train_regrasp_off.h5,     161,   104,         0,            0, 0           , +x  ,      1,    17,  0.058558, 0.057293   ,     0,           0,       1,   0
train_regrasp_off.h5,     162,   104,         1,            1, 1           , -x  ,      1,    21,  0.004645, 0.0        ,     1,           1,       1,   1
train_regrasp_off.h5,     163,   105,         0,            4, 4           , +z  ,      1,    21,  0.004324, 0.0012     ,     1,           1,       1,   1
train_regrasp_off.h5,     164,   105,         1,            5, 5           , -z  ,      1,    21,  0.004596, 0.000226   ,     1,           1,       1,   1
train_regrasp_off.h5,     165,   106,         0,            2, 2           , +y  ,      1,    21,  0.004548, 0.00022    ,     1,           1,       1,   1
train_regrasp_off.h5,     166,   106,         1,            3, 3           , -y  ,      1,    10,  0.205133, 1.539666   ,     0,           0,       1,   0
train_regrasp_off.h5,     167,   106,         2,            5, 5           , -z  ,      1,    21,  0.004601, 0.00028    ,     1,           1,       1,   1
train_regrasp_off.h5,     168,   107,         0,            2, 2           , +y  ,      1,    21,  0.004496, 0.0        ,     1,           1,       1,   1
train_regrasp_off.h5,     169,   107,         1,            3, 3           , -y  ,      1,    20,  0.020511, 0.000561   ,     0,           0,       1,   0
train_regrasp_off.h5,     170,   107,         2,            5, 5           , -z  ,      1,    21,  0.004527, 0.0        ,     1,           1,       1,   1
train_regrasp_off.h5,     171,   108,         0,            1, 1           , -x  ,      1,    21,  0.004666, 0.000484   ,     1,           1,       1,   1
train_regrasp_off.h5,     172,   109,         0,            0, 0           , +x  ,      1,    21,  0.004556, 0.0        ,     1,           1,       1,   1
train_regrasp_off.h5,     173,   109,         1,            3, 3           , -y  ,      1,    11,  0.215501, 1.127313   ,     0,           0,       1,   0
train_regrasp_off.h5,     174,   109,         2,            4, 4           , +z  ,      1,    21,  0.004508, 0.000262   ,     1,           1,       1,   1
train_regrasp_off.h5,     175,   110,         0,            0, 4           , +x  ,      0,    21,  0.004562, 0.000164   ,     1,           1,       0,   0
train_regrasp_off.h5,     176,   110,         1,            3, 3           , -y  ,      1,    21,  0.004535, 0.000377   ,     1,           1,       1,   1
train_regrasp_off.h5,     177,   110,         2,            4, 4           , +z  ,      1,    17,  0.060479, 0.038601   ,     0,           0,       1,   0
train_regrasp_off.h5,     178,   112,         0,            1, 1           , -x  ,      1,     9,  0.220896, 1.333926   ,     0,           0,       1,   0
train_regrasp_off.h5,     179,   112,         1,            4, 4           , +z  ,      1,     8,  0.105963, 1.991268   ,     0,           0,       1,   0
train_regrasp_off.h5,     180,   113,         0,            5, 5           , -z  ,      1,    14,  0.16502 , 0.878322   ,     0,           0,       1,   0
train_regrasp_off.h5,     181,   114,         0,            1, -1          , -x  ,      1,    21,  0.004612, 0.000333   ,     1,           1,       0,   0
train_regrasp_off.h5,     182,   114,         1,            4, 4           , +z  ,      1,    15,  0.099918, 0.558026   ,     0,           0,       1,   0
train_regrasp_off.h5,     183,   115,         0,            4, 4           , +z  ,      1,    15,  0.063805, 0.44236    ,     0,           0,       1,   0
train_regrasp_off.h5,     184,   120,         0,            2, 2           , +y  ,      1,    21,  0.005325, 0.001546   ,     1,           1,       1,   1
train_regrasp_off.h5,     185,   120,         1,            3, 3           , -y  ,      1,    13,  0.099989, 0.625898   ,     0,           0,       1,   0
train_regrasp_off.h5,     186,   120,         2,            5, 5           , -z  ,      1,    20,  0.020303, 0.000556   ,     0,           0,       1,   0
train_regrasp_off.h5,     187,   121,         0,            0, 0           , +x  ,      1,    12,  0.152727, 1.064245   ,     0,           0,       1,   0
train_regrasp_off.h5,     188,   121,         1,            2, 2           , +y  ,      1,    11,  0.139188, 0.996214   ,     0,           0,       1,   0
train_regrasp_off.h5,     189,   121,         2,            3, 3           , -y  ,      1,    14,  0.149476, 0.73777    ,     0,           0,       1,   0
train_regrasp_off.h5,     190,   122,         0,            0, 0           , +x  ,      1,    21,  0.004582, 0.0        ,     1,           1,       1,   1
train_regrasp_off.h5,     191,   122,         1,            2, 2           , +y  ,      1,    21,  0.042555, 0.282846   ,     0,           1,       1,   0
train_regrasp_off.h5,     192,   122,         2,            3, 3           , -y  ,      1,    21,  0.004619, 0.000553   ,     1,           1,       1,   1
train_regrasp_off.h5,     193,   123,         0,            2, 2           , +y  ,      1,    16,  0.026092, 0.362225   ,     0,           0,       1,   0
train_regrasp_off.h5,     194,   124,         0,            0, 0           , +x  ,      1,     8,  0.14112 , 1.902042   ,     0,           0,       1,   0
train_regrasp_off.h5,     195,   124,         1,            1, 1           , -x  ,      1,     8,  0.204224, 1.868977   ,     0,           0,       1,   0
train_regrasp_off.h5,     196,   124,         2,            2, 2           , +y  ,      1,    16,  0.072919, 0.177832   ,     0,           0,       1,   0
train_regrasp_off.h5,     197,   124,         3,            3, 3           , -y  ,      1,    21,  0.004515, 0.0        ,     1,           1,       1,   1
train_regrasp_off.h5,     198,   125,         0,            1, 1           , -x  ,      1,    21,  0.004526, 0.000324   ,     1,           1,       1,   1
train_regrasp_off.h5,     199,   125,         1,            2, 2           , +y  ,      1,    21,  0.004679, 0.0        ,     1,           1,       1,   1
train_regrasp_off.h5,     200,   125,         2,            3, 3           , -y  ,      1,    20,  0.019153, 0.007086   ,     1,           0,       1,   1
train_regrasp_off.h5,     201,   125,         3,            4, 4           , +z  ,      1,     9,  0.304932, 1.942839   ,     0,           0,       1,   0
train_regrasp_off.h5,     202,   126,         0,            0, 0           , +x  ,      1,    21,  0.00451 , 0.0        ,     1,           1,       1,   1
train_regrasp_off.h5,     203,   126,         1,            2, 2           , +y  ,      1,    10,  0.200765, 1.460325   ,     0,           0,       1,   0
train_regrasp_off.h5,     204,   126,         2,            3, 3           , -y  ,      1,    21,  0.004518, 0.000174   ,     1,           1,       1,   1
train_regrasp_off.h5,     205,   127,         0,            0, 0           , +x  ,      1,    15,  0.046851, 0.448709   ,     0,           0,       1,   0
train_regrasp_off.h5,     206,   127,         1,            2, 2           , +y  ,      1,    12,  0.14616 , 1.05742    ,     0,           0,       1,   0
train_regrasp_off.h5,     207,   127,         2,            3, 3           , -y  ,      1,     9,  0.134136, 1.016004   ,     0,           0,       1,   0
train_regrasp_off.h5,     208,   129,         0,            0, 0           , +x  ,      1,    21,  0.004576, 0.0        ,     1,           1,       1,   1
train_regrasp_off.h5,     209,   132,         0,            0, 0           , +x  ,      1,    21,  0.004546, 0.000323   ,     1,           1,       1,   1
train_regrasp_off.h5,     210,   132,         1,            5, 5           , -z  ,      1,    21,  0.004599, 0.0        ,     1,           1,       1,   1
train_regrasp_off.h5,     211,   133,         0,            2, 2           , +y  ,      1,    21,  0.004569, 0.0        ,     1,           1,       1,   1
train_regrasp_off.h5,     212,   133,         1,            3, 3           , -y  ,      1,    14,  0.158015, 0.736386   ,     0,           0,       1,   0
train_regrasp_off.h5,     213,   133,         2,            5, 5           , -z  ,      1,    21,  0.004466, 0.001028   ,     1,           1,       1,   1
train_regrasp_off.h5,     214,   134,         0,            0, -1          , +x  ,      1,    21,  0.004569, 0.000112   ,     1,           1,       0,   0
train_regrasp_off.h5,     215,   134,         1,            1, 1           , -x  ,      1,    21,  0.004611, 0.0        ,     1,           1,       1,   1
train_regrasp_off.h5,     216,   134,         2,            3, 3           , -y  ,      1,    21,  0.004516, 0.00049    ,     1,           1,       1,   1
train_regrasp_off.h5,     217,   134,         3,            5, 5           , -z  ,      1,    21,  0.004283, 0.000893   ,     1,           1,       1,   1
train_regrasp_off.h5,     218,   135,         0,            2, 2           , +y  ,      1,    21,  0.004601, 0.000533   ,     1,           1,       1,   1
train_regrasp_off.h5,     219,   135,         1,            3, 3           , -y  ,      1,    12,  0.243718, 1.142492   ,     0,           0,       1,   0
train_regrasp_off.h5,     220,   136,         0,            3, 3           , -y  ,      1,    21,  0.004528, 0.000518   ,     1,           1,       1,   1
train_regrasp_off.h5,     221,   136,         1,            4, 4           , +z  ,      1,    21,  0.004557, 0.0        ,     1,           1,       1,   1
train_regrasp_off.h5,     222,   136,         2,            5, 5           , -z  ,      1,    21,  0.004882, 0.000728   ,     1,           1,       1,   1
train_regrasp_off.h5,     223,   137,         0,            0, 0           , +x  ,      1,    21,  0.004571, 0.000236   ,     1,           1,       1,   1
train_regrasp_off.h5,     224,   137,         1,            3, 3           , -y  ,      1,    21,  0.004521, 0.000465   ,     1,           1,       1,   1
train_regrasp_off.h5,     225,   137,         2,            4, 4           , +z  ,      1,    21,  0.00456 , 0.000196   ,     1,           1,       1,   1
train_regrasp_off.h5,     226,   137,         3,            5, 5           , -z  ,      1,    20,  0.020425, 0.00094    ,     0,           0,       1,   0
train_regrasp_off.h5,     227,   138,         0,            2, 2           , +y  ,      1,    21,  0.004514, 0.000114   ,     1,           1,       1,   1
train_regrasp_off.h5,     228,   138,         1,            4, 4           , +z  ,      1,    16,  0.032244, 0.194345   ,     0,           0,       1,   0
train_regrasp_off.h5,     229,   138,         2,            5, 5           , -z  ,      1,    13,  0.071066, 0.892713   ,     0,           0,       1,   0
train_regrasp_off.h5,     230,   139,         0,            2, 2           , +y  ,      1,    21,  0.004417, 0.000661   ,     1,           1,       1,   1
train_regrasp_off.h5,     231,   139,         1,            4, 4           , +z  ,      1,    21,  0.00433 , 0.00155    ,     1,           1,       1,   1
train_regrasp_off.h5,     232,   139,         2,            5, 5           , -z  ,      1,    21,  0.004584, 0.0        ,     1,           1,       1,   1
train_regrasp_off.h5,     233,   140,         0,            2, 2           , +y  ,      1,    21,  0.004604, 0.0        ,     1,           1,       1,   1
train_regrasp_off.h5,     234,   141,         0,            2, 2           , +y  ,      1,    13,  0.174055, 0.714024   ,     0,           0,       1,   0
train_regrasp_off.h5,     235,   141,         1,            3, 3           , -y  ,      1,    15,  0.141005, 0.606628   ,     0,           0,       1,   0
train_regrasp_off.h5,     236,   144,         0,            0, 0           , +x  ,      1,    21,  0.004567, 0.000739   ,     1,           1,       1,   1
train_regrasp_off.h5,     237,   144,         1,            3, 3           , -y  ,      1,    12,  0.217848, 1.070795   ,     0,           0,       1,   0
train_regrasp_off.h5,     238,   145,         0,            1, 1           , -x  ,      1,    21,  0.004575, 5.5e-05    ,     1,           1,       1,   1
train_regrasp_off.h5,     239,   146,         0,            1, 1           , -x  ,      1,    12,  0.181691, 0.687415   ,     0,           0,       1,   0
train_regrasp_off.h5,     240,   146,         1,            4, 4           , +z  ,      1,    18,  0.049065, 0.011589   ,     0,           0,       1,   0
train_regrasp_off.h5,     241,   146,         2,            5, 5           , -z  ,      1,    21,  0.004371, 0.000696   ,     1,           1,       1,   1
train_regrasp_off.h5,     242,   147,         0,            4, 4           , +z  ,      1,    13,  0.169042, 0.49399    ,     0,           0,       1,   0
train_regrasp_off.h5,     243,   147,         1,            5, 5           , -z  ,      1,    21,  0.004563, 0.000557   ,     1,           1,       1,   1
train_regrasp_off.h5,     244,   148,         0,            4, 4           , +z  ,      1,    21,  0.00452 , 0.000495   ,     1,           1,       1,   1
train_regrasp_off.h5,     245,   149,         0,            1, 1           , -x  ,      1,    13,  0.095931, 0.443648   ,     0,           0,       1,   0
train_regrasp_off.h5,     246,   151,         0,            0, 0           , +x  ,      1,    12,  0.126324, 0.561665   ,     0,           0,       1,   0
train_regrasp_off.h5,     247,   151,         1,            1, 1           , -x  ,      1,    15,  0.108311, 0.37657    ,     0,           0,       1,   0
train_regrasp_off.h5,     248,   152,         0,            1, 1           , -x  ,      1,    21,  0.004504, 0.0        ,     1,           1,       1,   1
train_regrasp_off.h5,     249,   152,         1,            4, 4           , +z  ,      1,    15,  0.077963, 0.448102   ,     0,           0,       1,   0
train_regrasp_off.h5,     250,   154,         0,            1, 5           , -x  ,      1,    21,  0.004611, 0.001607   ,     1,           1,       0,   0
train_regrasp_off.h5,     251,   154,         1,            5, 5           , -z  ,      1,    21,  0.004547, 0.0        ,     1,           1,       1,   1
train_regrasp_off.h5,     252,   156,         0,            5, 5           , -z  ,      1,    21,  0.004591, 0.000838   ,     1,           1,       1,   1
train_regrasp_off.h5,     253,   157,         0,            1, 1           , -x  ,      1,    21,  0.004544, 0.00044    ,     1,           1,       1,   1
train_regrasp_off.h5,     254,   157,         1,            5, 5           , -z  ,      1,    21,  0.004524, 0.000624   ,     1,           1,       1,   1
train_regrasp_off.h5,     255,   158,         0,            1, 1           , -x  ,      1,    21,  0.004521, 0.0        ,     1,           1,       1,   1
train_regrasp_off.h5,     256,   159,         0,            4, 4           , +z  ,      1,    15,  0.185077, 0.644493   ,     0,           0,       1,   0
train_regrasp_off.h5,     257,   159,         1,            5, 5           , -z  ,      1,    21,  0.004478, 0.000675   ,     1,           1,       1,   1
train_regrasp_off.h5,     258,   160,         0,            3, 3           , -y  ,      1,    21,  0.004541, 0.0        ,     1,           1,       1,   1
train_regrasp_off.h5,     259,   160,         1,            5, 5           , -z  ,      1,    21,  0.004615, 0.000667   ,     1,           1,       1,   1
train_regrasp_off.h5,     260,   161,         0,            1, 1           , -x  ,      1,    13,  0.150897, 0.473525   ,     0,           0,       1,   0
train_regrasp_off.h5,     261,   161,         1,            5, -1          , -z  ,      0,    21,  0.004535, 0.000379   ,     1,           1,       0,   0
train_regrasp_off.h5,     262,   162,         0,            0, 0           , +x  ,      1,    21,  0.004571, 0.000393   ,     1,           1,       1,   1
train_regrasp_off.h5,     263,   162,         1,            2, 2           , +y  ,      1,    21,  0.004551, 0.000451   ,     1,           1,       1,   1
train_regrasp_off.h5,     264,   162,         2,            5, 5           , -z  ,      1,    14,  0.167873, 0.657213   ,     0,           0,       1,   0
train_regrasp_off.h5,     265,   163,         0,            1, 1           , -x  ,      1,    21,  0.004563, 0.000585   ,     1,           1,       1,   1
train_regrasp_off.h5,     266,   163,         1,            4, -1          , +z  ,      1,    13,  0.121623, 0.537274   ,     0,           0,       0,   0
train_regrasp_off.h5,     267,   163,         2,            5, 5           , -z  ,      1,    21,  0.004678, 0.000891   ,     1,           1,       1,   1
train_regrasp_off.h5,     268,   164,         0,            0, 0           , +x  ,      1,    16,  0.054295, 0.280797   ,     0,           0,       1,   0
train_regrasp_off.h5,     269,   164,         1,            1, 1           , -x  ,      1,    21,  0.004574, 0.000541   ,     1,           1,       1,   1
train_regrasp_off.h5,     270,   164,         2,            3, 3           , -y  ,      1,    21,  0.004547, 0.0        ,     1,           1,       1,   1
train_regrasp_off.h5,     271,   164,         3,            5, 5           , -z  ,      1,     8,  0.06457 , 1.832051   ,     0,           0,       1,   0
train_regrasp_off.h5,     272,   165,         0,            0, 0           , +x  ,      1,    10,  0.200821, 0.954846   ,     0,           0,       1,   0
train_regrasp_off.h5,     273,   165,         1,            1, 1           , -x  ,      1,    21,  0.004597, 0.0        ,     1,           1,       1,   1
train_regrasp_off.h5,     274,   165,         2,            5, -1          , -z  ,      0,    21,  0.004552, 0.0        ,     1,           1,       0,   0
train_regrasp_off.h5,     275,   166,         0,            1, 1           , -x  ,      1,    21,  0.004482, 0.000267   ,     1,           1,       1,   1
train_regrasp_off.h5,     276,   166,         1,            4, -1          , +z  ,      1,    21,  0.004534, 0.000502   ,     1,           1,       0,   0
train_regrasp_off.h5,     277,   166,         2,            5, 5           , -z  ,      1,    21,  0.004555, 0.000327   ,     1,           1,       1,   1
train_regrasp_off.h5,     278,   167,         0,            1, 1           , -x  ,      1,    10,  0.174745, 0.939787   ,     0,           0,       1,   0
train_regrasp_off.h5,     279,   167,         1,            4, 4           , +z  ,      1,    21,  0.004547, 0.000535   ,     1,           1,       1,   1
train_regrasp_off.h5,     280,   167,         2,            5, 5           , -z  ,      1,    21,  0.004642, 0.000296   ,     1,           1,       1,   1
train_regrasp_off.h5,     281,   168,         0,            1, 1           , -x  ,      1,    21,  0.004525, 0.00015    ,     1,           1,       1,   1
train_regrasp_off.h5,     282,   168,         1,            5, 5           , -z  ,      1,    21,  0.00454 , 0.000318   ,     1,           1,       1,   1
train_regrasp_off.h5,     283,   169,         0,            1, 1           , -x  ,      1,    14,  0.09295 , 0.537263   ,     0,           0,       1,   0
train_regrasp_off.h5,     284,   169,         1,            2, 2           , +y  ,      1,    21,  0.004589, 0.0        ,     1,           1,       1,   1
train_regrasp_off.h5,     285,   169,         2,            3, 3           , -y  ,      1,    21,  0.004582, 0.0        ,     1,           1,       1,   1
train_regrasp_off.h5,     286,   169,         3,            5, 5           , -z  ,      1,    21,  0.004585, 0.0        ,     1,           1,       1,   1
train_regrasp_off.h5,     287,   170,         0,            1, 1           , -x  ,      1,    21,  0.004572, 0.000507   ,     1,           1,       1,   1
train_regrasp_off.h5,     288,   170,         1,            2, 2           , +y  ,      1,    21,  0.004548, 0.0        ,     1,           1,       1,   1
train_regrasp_off.h5,     289,   170,         2,            3, 3           , -y  ,      1,    10,  0.215334, 1.360002   ,     0,           0,       1,   0
train_regrasp_off.h5,     290,   170,         3,            5, 5           , -z  ,      1,    21,  0.004615, 0.000228   ,     1,           1,       1,   1
train_regrasp_off.h5,     291,   171,         0,            0, 0           , +x  ,      1,    21,  0.004563, 0.0        ,     1,           1,       1,   1
train_regrasp_off.h5,     292,   171,         1,            2, 2           , +y  ,      1,    21,  0.004644, 0.000421   ,     1,           1,       1,   1
train_regrasp_off.h5,     293,   171,         2,            3, 3           , -y  ,      1,    21,  0.004582, 0.0        ,     1,           1,       1,   1
train_regrasp_off.h5,     294,   171,         3,            5, 5           , -z  ,      1,    21,  0.00445 , 0.000282   ,     1,           1,       1,   1
train_regrasp_off.h5,     295,   172,         0,            1, 1           , -x  ,      1,    21,  0.004606, 0.000518   ,     1,           1,       1,   1
train_regrasp_off.h5,     296,   172,         1,            4, 4           , +z  ,      1,    10,  0.130678, 0.812713   ,     0,           0,       1,   0
train_regrasp_off.h5,     297,   175,         0,            3, 3           , -y  ,      1,    21,  0.004552, 0.000468   ,     1,           1,       1,   1
train_regrasp_off.h5,     298,   176,         0,            0, 0           , +x  ,      1,    21,  0.004567, 0.0        ,     1,           1,       1,   1
train_regrasp_off.h5,     299,   176,         1,            1, 1           , -x  ,      1,    21,  0.004611, 0.0        ,     1,           1,       1,   1
train_regrasp_off.h5,     300,   176,         2,            5, 5           , -z  ,      1,    10,  0.142569, 0.888506   ,     0,           0,       1,   0
train_regrasp_off.h5,     301,   177,         0,            0, 0           , +x  ,      1,    21,  0.004533, 0.000573   ,     1,           1,       1,   1
train_regrasp_off.h5,     302,   177,         1,            1, 1           , -x  ,      1,    13,  0.134717, 0.775346   ,     0,           0,       1,   0
train_regrasp_off.h5,     303,   177,         2,            2, 2           , +y  ,      1,    21,  0.005336, 0.049012   ,     1,           1,       1,   1
train_regrasp_off.h5,     304,   177,         3,            5, 5           , -z  ,      1,    10,  0.175603, 0.889079   ,     0,           0,       1,   0
train_regrasp_off.h5,     305,   178,         0,            0, 0           , +x  ,      1,    21,  0.004566, 0.000589   ,     1,           1,       1,   1
train_regrasp_off.h5,     306,   178,         1,            1, 1           , -x  ,      1,    11,  0.176551, 0.917113   ,     0,           0,       1,   0
train_regrasp_off.h5,     307,   178,         2,            2, 2           , +y  ,      1,    16,  0.060591, 0.145754   ,     0,           0,       1,   0
train_regrasp_off.h5,     308,   179,         0,            0, 0           , +x  ,      1,    11,  0.228101, 0.890249   ,     0,           0,       1,   0
train_regrasp_off.h5,     309,   179,         1,            2, 2           , +y  ,      1,    21,  0.004556, 0.000376   ,     1,           1,       1,   1
train_regrasp_off.h5,     310,   179,         2,            3, 3           , -y  ,      1,    15,  0.059759, 0.309163   ,     0,           0,       1,   0
train_regrasp_off.h5,     311,   181,         0,            1, 1           , -x  ,      1,    21,  0.004985, 0.001115   ,     1,           1,       1,   1
train_regrasp_off.h5,     312,   182,         0,            0, 0           , +x  ,      1,    21,  0.004586, 0.000377   ,     1,           1,       1,   1
train_regrasp_off.h5,     313,   182,         1,            4, 4           , +z  ,      1,    19,  0.035189, 0.004031   ,     0,           0,       1,   0
train_regrasp_off.h5,     314,   183,         0,            1, 1           , -x  ,      1,    21,  0.004826, 9.3e-05    ,     1,           1,       1,   1
train_regrasp_off.h5,     315,   184,         0,            4, 4           , +z  ,      1,    21,  0.004414, 0.000715   ,     1,           1,       1,   1
train_regrasp_off.h5,     316,   185,         0,            1, 1           , -x  ,      1,     9,  0.169299, 1.136436   ,     0,           0,       1,   0
train_regrasp_off.h5,     317,   186,         0,            4, 4           , +z  ,      1,    12,  0.178392, 1.275952   ,     0,           0,       1,   0
train_regrasp_off.h5,     318,   187,         0,            4, 4           , +z  ,      1,    12,  0.370742, 1.493952   ,     0,           0,       1,   0
train_regrasp_off.h5,     319,   192,         0,            1, 1           , -x  ,      1,    10,  0.209722, 1.360694   ,     0,           0,       1,   0
train_regrasp_off.h5,     320,   192,         1,            2, 2           , +y  ,      1,    18,  0.046855, 0.015962   ,     0,           0,       1,   0
train_regrasp_off.h5,     321,   192,         2,            3, 3           , -y  ,      1,    21,  0.004583, 0.000265   ,     1,           1,       1,   1
train_regrasp_off.h5,     322,   193,         0,            0, 0           , +x  ,      1,     9,  0.224409, 1.344852   ,     0,           0,       1,   0
train_regrasp_off.h5,     323,   193,         1,            1, 1           , -x  ,      1,    10,  0.174256, 1.162831   ,     0,           0,       1,   0
train_regrasp_off.h5,     324,   193,         2,            5, 5           , -z  ,      1,    21,  0.004601, 0.00018    ,     1,           1,       1,   1
train_regrasp_off.h5,     325,   194,         0,            1, 1           , -x  ,      1,    21,  0.0046  , 0.00026    ,     1,           1,       1,   1
train_regrasp_off.h5,     326,   194,         1,            5, 5           , -z  ,      1,    16,  0.05923 , 0.206519   ,     0,           0,       1,   0
train_regrasp_off.h5,     327,   195,         0,            0, 0           , +x  ,      1,     8,  0.180637, 1.9652     ,     0,           0,       1,   0
train_regrasp_off.h5,     328,   195,         1,            1, 1           , -x  ,      1,    18,  0.050338, 0.013004   ,     0,           0,       1,   0
train_regrasp_off.h5,     329,   195,         2,            2, 2           , +y  ,      1,     9,  0.236074, 1.31126    ,     0,           0,       1,   0
train_regrasp_off.h5,     330,   195,         3,            3, 3           , -y  ,      1,    21,  0.00458 , 0.000296   ,     1,           1,       1,   1
train_regrasp_off.h5,     331,   195,         4,            5, 5           , -z  ,      1,     9,  0.235154, 1.424219   ,     0,           0,       1,   0
train_regrasp_off.h5,     332,   196,         0,            0, 0           , +x  ,      1,    21,  0.004571, 0.000419   ,     1,           1,       1,   1
train_regrasp_off.h5,     333,   196,         1,            1, 1           , -x  ,      1,    13,  0.26564 , 0.911261   ,     0,           0,       1,   0
train_regrasp_off.h5,     334,   196,         2,            4, 1           , +z  ,      1,    10,  0.193081, 1.060522   ,     0,           0,       0,   0
train_regrasp_off.h5,     335,   196,         3,            5, 5           , -z  ,      1,    21,  0.004626, 0.000231   ,     1,           1,       1,   1
train_regrasp_off.h5,     336,   197,         0,            0, 0           , +x  ,      1,    21,  0.00455 , 0.000336   ,     1,           1,       1,   1
train_regrasp_off.h5,     337,   197,         1,            2, 2           , +y  ,      1,    21,  0.004918, 0.000774   ,     1,           1,       1,   1
train_regrasp_off.h5,     338,   197,         2,            3, 3           , -y  ,      1,    21,  0.00476 , 0.000535   ,     1,           1,       1,   1
train_regrasp_off.h5,     339,   197,         3,            5, 5           , -z  ,      1,     8,  0.124686, 1.641381   ,     0,           0,       1,   0
train_regrasp_off.h5,     340,   198,         0,            0, 0           , +x  ,      1,    16,  0.058049, 0.101565   ,     0,           0,       1,   0
train_regrasp_off.h5,     341,   198,         1,            5, 5           , -z  ,      1,    21,  0.00458 , 0.000129   ,     1,           1,       1,   1
train_regrasp_off.h5,     342,   199,         0,            0, 0           , +x  ,      1,    21,  0.004943, 0.000968   ,     1,           1,       1,   1
train_regrasp_off.h5,     343,   199,         1,            1, 1           , -x  ,      1,    21,  0.004567, 0.0        ,     1,           1,       1,   1
train_regrasp_off.h5,     344,   199,         2,            3, 3           , -y  ,      1,    21,  0.004533, 0.002277   ,     1,           1,       1,   1
train_regrasp_off.h5,     345,   199,         3,            5, 5           , -z  ,      1,    21,  0.004591, 0.000349   ,     1,           1,       1,   1
train_regrasp_off.h5,     346,   201,         0,            0, 0           , +x  ,      1,    11,  0.038413, 0.438193   ,     0,           0,       1,   0
train_regrasp_off.h5,     347,   202,         0,            0, 0           , +x  ,      1,    21,  0.004504, 0.000436   ,     1,           1,       1,   1
train_regrasp_off.h5,     348,   202,         1,            1, 1           , -x  ,      1,    21,  0.004516, 0.000547   ,     1,           1,       1,   1
train_regrasp_off.h5,     349,   203,         0,            0, 0           , +x  ,      1,    10,  0.069083, 0.914812   ,     0,           0,       1,   0
train_regrasp_off.h5,     350,   203,         1,            1, 1           , -x  ,      1,    21,  0.004526, 0.0        ,     1,           1,       1,   1
train_regrasp_off.h5,     351,   204,         0,            0, 0           , +x  ,      1,    10,  0.154364, 1.438639   ,     0,           0,       1,   0
train_regrasp_off.h5,     352,   204,         1,            1, 1           , -x  ,      1,    21,  0.004637, 0.000338   ,     1,           1,       1,   1
train_regrasp_off.h5,     353,   204,         2,            3, 3           , -y  ,      1,    21,  0.004563, 0.0        ,     1,           1,       1,   1
train_regrasp_off.h5,     354,   204,         3,            4, 4           , +z  ,      1,    19,  0.036009, 0.00103    ,     0,           0,       1,   0
train_regrasp_off.h5,     355,   204,         4,            5, 5           , -z  ,      1,    21,  0.004527, 0.0        ,     1,           1,       1,   1
train_regrasp_off.h5,     356,   205,         0,            0, 0           , +x  ,      1,    21,  0.004523, 0.0        ,     1,           1,       1,   1
train_regrasp_off.h5,     357,   205,         1,            1, 1           , -x  ,      1,    15,  0.054357, 0.391327   ,     0,           0,       1,   0
train_regrasp_off.h5,     358,   205,         2,            5, 5           , -z  ,      1,    18,  0.047392, 0.015791   ,     0,           0,       1,   0
train_regrasp_off.h5,     359,   206,         0,            0, 0           , +x  ,      1,    21,  0.004581, 9.7e-05    ,     1,           1,       1,   1
train_regrasp_off.h5,     360,   206,         1,            1, 1           , -x  ,      1,    21,  0.004509, 0.000681   ,     1,           1,       1,   1
train_regrasp_off.h5,     361,   206,         2,            2, 2           , +y  ,      1,    14,  0.090935, 0.371712   ,     0,           0,       1,   0
train_regrasp_off.h5,     362,   206,         3,            5, 5           , -z  ,      1,    20,  0.020504, 0.0        ,     0,           0,       1,   0
train_regrasp_off.h5,     363,   207,         0,            0, 0           , +x  ,      1,    21,  0.004535, 0.0        ,     1,           1,       1,   1
train_regrasp_off.h5,     364,   207,         1,            1, 1           , -x  ,      1,    18,  0.04731 , 0.016939   ,     0,           0,       1,   0
train_regrasp_off.h5,     365,   207,         2,            3, 3           , -y  ,      1,    21,  0.004609, 0.0        ,     1,           1,       1,   1
train_regrasp_off.h5,     366,   207,         3,            5, 5           , -z  ,      1,    21,  0.004514, 0.000739   ,     1,           1,       1,   1
train_regrasp_off.h5,     367,   208,         0,            0, 0           , +x  ,      1,    21,  0.004575, 0.0        ,     1,           1,       1,   1
train_regrasp_off.h5,     368,   208,         1,            1, 1           , -x  ,      1,    18,  0.049705, 0.012414   ,     0,           0,       1,   0
train_regrasp_off.h5,     369,   208,         2,            3, 3           , -y  ,      1,     9,  0.106707, 1.709492   ,     0,           0,       1,   0
train_regrasp_off.h5,     370,   209,         0,            1, 1           , -x  ,      1,    11,  0.227289, 1.282447   ,     0,           0,       1,   0
train_regrasp_off.h5,     371,   209,         1,            2, 2           , +y  ,      1,    21,  0.004552, 0.000478   ,     1,           1,       1,   1
train_regrasp_off.h5,     372,   209,         2,            3, 3           , -y  ,      1,    10,  0.18934 , 1.217572   ,     0,           0,       1,   0
train_regrasp_off.h5,     373,   210,         0,            0, 0           , +x  ,      1,    21,  0.004642, 0.000653   ,     1,           1,       1,   1
train_regrasp_off.h5,     374,   210,         1,            1, 1           , -x  ,      1,    14,  0.063786, 0.351511   ,     0,           0,       1,   0
train_regrasp_off.h5,     375,   210,         2,            5, 5           , -z  ,      1,    21,  0.004626, 0.000396   ,     1,           1,       1,   1
train_regrasp_off.h5,     376,   211,         0,            1, 1           , -x  ,      1,    20,  0.020662, 0.000372   ,     0,           0,       1,   0
train_regrasp_off.h5,     377,   211,         1,            2, 2           , +y  ,      1,    21,  0.004447, 0.0        ,     1,           1,       1,   1
train_regrasp_off.h5,     378,   211,         2,            5, 5           , -z  ,      1,    21,  0.004557, 0.000277   ,     1,           1,       1,   1
train_regrasp_off.h5,     379,   212,         0,            5, 5           , -z  ,      1,    21,  0.00454 , 0.0        ,     1,           1,       1,   1
train_regrasp_off.h5,     380,   216,         0,            0, 0           , +x  ,      1,     8,  0.187177, 2.171263   ,     0,           0,       1,   0
train_regrasp_off.h5,     381,   216,         1,            3, 3           , -y  ,      1,    21,  0.004564, 0.00027    ,     1,           1,       1,   1
train_regrasp_off.h5,     382,   217,         0,            3, 3           , -y  ,      1,    15,  0.130675, 0.417879   ,     0,           0,       1,   0
train_regrasp_off.h5,     383,   218,         0,            1, 1           , -x  ,      1,    11,  0.199106, 1.0912     ,     0,           0,       1,   0
train_regrasp_off.h5,     384,   218,         1,            2, 2           , +y  ,      1,    10,  0.101818, 0.59906    ,     0,           0,       1,   0
train_regrasp_off.h5,     385,   219,         0,            0, 0           , +x  ,      1,    21,  0.00463 , 0.000454   ,     1,           1,       1,   1
train_regrasp_off.h5,     386,   220,         0,            1, 1           , -x  ,      1,    16,  0.069649, 0.148203   ,     0,           0,       1,   0
train_regrasp_off.h5,     387,   221,         0,            1, 1           , -x  ,      1,    10,  0.114388, 1.001134   ,     0,           0,       1,   0
train_regrasp_off.h5,     388,   222,         0,            1, 1           , -x  ,      1,    21,  0.004674, 0.000523   ,     1,           1,       1,   1
train_regrasp_off.h5,     389,   223,         0,            2, 2           , +y  ,      1,    21,  0.004555, 0.0        ,     1,           1,       1,   1
train_regrasp_off.h5,     390,   224,         0,            3, 3           , -y  ,      1,     8,  0.114363, 1.072903   ,     0,           0,       1,   0
train_regrasp_off.h5,     391,   225,         0,            2, 2           , +y  ,      1,    21,  0.004555, 0.000162   ,     1,           1,       1,   1
train_regrasp_off.h5,     392,   225,         1,            5, 5           , -z  ,      1,    21,  0.004545, 0.000572   ,     1,           1,       1,   1
train_regrasp_off.h5,     393,   226,         0,            1, 1           , -x  ,      1,    21,  0.004564, 0.000312   ,     1,           1,       1,   1
train_regrasp_off.h5,     394,   226,         1,            5, 5           , -z  ,      1,    18,  0.046421, 0.015213   ,     0,           0,       1,   0
train_regrasp_off.h5,     395,   228,         0,            3, 3           , -y  ,      1,    17,  0.054279, 0.085921   ,     0,           0,       1,   0
train_regrasp_off.h5,     396,   229,         0,            2, 2           , +y  ,      1,    21,  0.004614, 0.0        ,     1,           1,       1,   1
train_regrasp_off.h5,     397,   230,         0,            1, 1           , -x  ,      1,    21,  0.004389, 0.000555   ,     1,           1,       1,   1
train_regrasp_off.h5,     398,   230,         1,            2, 2           , +y  ,      1,    19,  0.035666, 0.002234   ,     0,           0,       1,   0
train_regrasp_off.h5,     399,   231,         0,            0, 0           , +x  ,      1,    21,  0.004614, 0.0        ,     1,           1,       1,   1
train_regrasp_off.h5,     400,   231,         1,            1, 1           , -x  ,      1,    21,  0.004579, 0.0        ,     1,           1,       1,   1
train_regrasp_off.h5,     401,   231,         2,            2, 2           , +y  ,      1,    21,  0.004568, 7.4e-05    ,     1,           1,       1,   1
train_regrasp_off.h5,     402,   231,         3,            5, 5           , -z  ,      1,    21,  0.004514, 0.000156   ,     1,           1,       1,   1
train_regrasp_off.h5,     403,   232,         0,            1, 1           , -x  ,      1,    19,  0.035651, 0.005027   ,     0,           0,       1,   0
train_regrasp_off.h5,     404,   232,         1,            2, -1          , +y  ,      1,    21,  0.00459 , 0.000318   ,     1,           1,       0,   0
train_regrasp_off.h5,     405,   232,         2,            5, 5           , -z  ,      1,    21,  0.004583, 0.0        ,     1,           1,       1,   1
train_regrasp_off.h5,     406,   233,         0,            0, 0           , +x  ,      1,    21,  0.00458 , 0.000115   ,     1,           1,       1,   1
train_regrasp_off.h5,     407,   233,         1,            1, 1           , -x  ,      1,    21,  0.004712, 0.000716   ,     1,           1,       1,   1
train_regrasp_off.h5,     408,   233,         2,            2, 2           , +y  ,      1,    21,  0.004513, 0.000846   ,     1,           1,       1,   1
train_regrasp_off.h5,     409,   233,         3,            3, 3           , -y  ,      1,    21,  0.004716, 0.000795   ,     1,           1,       1,   1
train_regrasp_off.h5,     410,   233,         4,            5, 5           , -z  ,      1,    21,  0.00459 , 0.00047    ,     1,           1,       1,   1
train_regrasp_off.h5,     411,   234,         0,            2, 2           , +y  ,      1,    21,  0.004599, 0.000181   ,     1,           1,       1,   1
train_regrasp_off.h5,     412,   235,         0,            1, 1           , -x  ,      1,    21,  0.004576, 0.000417   ,     1,           1,       1,   1
train_regrasp_off.h5,     413,   235,         1,            2, 2           , +y  ,      1,    21,  0.004611, 0.00055    ,     1,           1,       1,   1
train_regrasp_off.h5,     414,   235,         2,            3, 3           , -y  ,      1,    11,  0.105378, 1.174678   ,     0,           0,       1,   0
train_regrasp_off.h5,     415,   235,         3,            5, 5           , -z  ,      1,    21,  0.004609, 0.000484   ,     1,           1,       1,   1
train_regrasp_off.h5,     416,   236,         0,            0, -1          , +x  ,      1,    21,  0.004613, 0.00041    ,     1,           1,       0,   0
train_regrasp_off.h5,     417,   236,         1,            2, 2           , +y  ,      1,    21,  0.004581, 0.0        ,     1,           1,       1,   1
train_regrasp_off.h5,     418,   236,         2,            3, 3           , -y  ,      1,    18,  0.048035, 0.012348   ,     0,           0,       1,   0
train_regrasp_off.h5,     419,   237,         0,            1, 1           , -x  ,      1,    14,  0.180639, 0.558727   ,     0,           0,       1,   0
train_regrasp_off.h5,     420,   237,         1,            2, 2           , +y  ,      1,    21,  0.004652, 0.0        ,     1,           1,       1,   1
train_regrasp_off.h5,     421,   237,         2,            3, 3           , -y  ,      1,    21,  0.004505, 0.000427   ,     1,           1,       1,   1
train_regrasp_off.h5,     422,   237,         3,            5, 5           , -z  ,      1,    21,  0.004528, 0.000308   ,     1,           1,       1,   1
train_regrasp_off.h5,     423,   238,         0,            1, 1           , -x  ,      1,    21,  0.004575, 0.0        ,     1,           1,       1,   1
train_regrasp_off.h5,     424,   238,         1,            2, 2           , +y  ,      1,    21,  0.004584, 0.0        ,     1,           1,       1,   1
train_regrasp_off.h5,     425,   238,         2,            4, 4           , +z  ,      1,    21,  0.004527, 0.0        ,     1,           1,       1,   1
train_regrasp_off.h5,     426,   238,         3,            5, 5           , -z  ,      1,    21,  0.004548, 0.0        ,     1,           1,       1,   1
train_regrasp_off.h5,     427,   239,         0,            1, 1           , -x  ,      1,    11,  0.219572, 1.310928   ,     0,           0,       1,   0
train_regrasp_off.h5,     428,   239,         1,            2, 2           , +y  ,      1,    21,  0.00458 , 0.000331   ,     1,           1,       1,   1
train_regrasp_off.h5,     429,   239,         2,            5, 5           , -z  ,      1,    21,  0.004496, 0.000445   ,     1,           1,       1,   1
train_regrasp_off.h5,     430,   240,         0,            1, 1           , -x  ,      1,    16,  0.063857, 0.182152   ,     0,           0,       1,   0
train_regrasp_off.h5,     431,   240,         1,            2, 2           , +y  ,      1,    21,  0.004574, 0.000641   ,     1,           1,       1,   1
train_regrasp_off.h5,     432,   240,         2,            3, 3           , -y  ,      1,    21,  0.004483, 0.0        ,     1,           1,       1,   1
train_regrasp_off.h5,     433,   240,         3,            5, 5           , -z  ,      1,    21,  0.00448 , 0.000977   ,     1,           1,       1,   1
train_regrasp_off.h5,     434,   241,         0,            1, 1           , -x  ,      1,    18,  0.04823 , 0.009328   ,     0,           0,       1,   0
train_regrasp_off.h5,     435,   241,         1,            3, 3           , -y  ,      1,    21,  0.004595, 0.000119   ,     1,           1,       1,   1
train_regrasp_off.h5,     436,   241,         2,            5, 5           , -z  ,      1,    21,  0.004351, 0.001267   ,     1,           1,       1,   1
train_regrasp_off.h5,     437,   242,         0,            1, 1           , -x  ,      1,     9,  0.180826, 1.523698   ,     0,           0,       1,   0
train_regrasp_off.h5,     438,   242,         1,            2, 2           , +y  ,      1,    21,  0.004511, 5.9e-05    ,     1,           1,       1,   1
train_regrasp_off.h5,     439,   242,         2,            3, 3           , -y  ,      1,    21,  0.004547, 0.0        ,     1,           1,       1,   1
train_regrasp_off.h5,     440,   242,         3,            5, 5           , -z  ,      1,    21,  0.004658, 0.000851   ,     1,           1,       1,   1
train_regrasp_off.h5,     441,   243,         0,            1, 1           , -x  ,      1,     8,  0.179153, 1.754089   ,     0,           0,       1,   0
train_regrasp_off.h5,     442,   243,         1,            2, 2           , +y  ,      1,    21,  0.00461 , 0.000143   ,     1,           1,       1,   1
train_regrasp_off.h5,     443,   243,         2,            3, 3           , -y  ,      1,    21,  0.004519, 0.0        ,     1,           1,       1,   1
train_regrasp_off.h5,     444,   243,         3,            5, 5           , -z  ,      1,    10,  0.250079, 1.660243   ,     0,           0,       1,   0
train_regrasp_off.h5,     445,   244,         0,            1, 1           , -x  ,      1,    21,  0.004597, 0.000434   ,     1,           1,       1,   1
train_regrasp_off.h5,     446,   245,         0,            1, 1           , -x  ,      1,    21,  0.004589, 0.000374   ,     1,           1,       1,   1
train_regrasp_off.h5,     447,   246,         0,            1, 1           , -x  ,      1,    21,  0.004708, 0.000515   ,     1,           1,       1,   1
train_regrasp_off.h5,     448,   247,         0,            0, 0           , +x  ,      1,    21,  0.004467, 0.00065    ,     1,           1,       1,   1
train_regrasp_off.h5,     449,   248,         0,            0, 0           , +x  ,      1,    21,  0.004561, 0.00024    ,     1,           1,       1,   1
train_regrasp_off.h5,     450,   248,         1,            1, 1           , -x  ,      1,    21,  0.004687, 0.000209   ,     1,           1,       1,   1
train_regrasp_off.h5,     451,   248,         2,            2, 2           , +y  ,      1,    16,  0.048617, 0.160913   ,     0,           0,       1,   0
train_regrasp_off.h5,     452,   249,         0,            0, 0           , +x  ,      1,    11,  0.147665, 1.308085   ,     0,           0,       1,   0
train_regrasp_off.h5,     453,   249,         1,            1, 1           , -x  ,      1,    21,  0.004534, 0.000336   ,     1,           1,       1,   1
train_regrasp_off.h5,     454,   249,         2,            5, 5           , -z  ,      1,    21,  0.004598, 0.000328   ,     1,           1,       1,   1
train_regrasp_off.h5,     455,   250,         0,            0, 0           , +x  ,      1,    21,  0.004526, 0.0        ,     1,           1,       1,   1
train_regrasp_off.h5,     456,   250,         1,            4, 4           , +z  ,      1,    21,  0.004555, 0.000568   ,     1,           1,       1,   1
train_regrasp_off.h5,     457,   250,         2,            5, 5           , -z  ,      1,    21,  0.004542, 0.00032    ,     1,           1,       1,   1
train_regrasp_off.h5,     458,   251,         0,            0, 0           , +x  ,      1,    16,  0.007931, 0.425477   ,     0,           0,       1,   0
train_regrasp_off.h5,     459,   251,         1,            3, 3           , -y  ,      1,    14,  0.154347, 0.575013   ,     0,           0,       1,   0
train_regrasp_off.h5,     460,   251,         2,            4, 4           , +z  ,      1,    21,  0.004608, 0.000118   ,     1,           1,       1,   1
train_regrasp_off.h5,     461,   252,         0,            1, 1           , -x  ,      1,    14,  0.098776, 0.316734   ,     0,           0,       1,   0
train_regrasp_off.h5,     462,   253,         0,            0, 0           , +x  ,      1,    21,  0.00452 , 0.000533   ,     1,           1,       1,   1
train_regrasp_off.h5,     463,   253,         1,            5, 5           , -z  ,      1,    21,  0.004577, 0.000342   ,     1,           1,       1,   1
train_regrasp_off.h5,     464,   255,         0,            0, 0           , +x  ,      1,    21,  0.004615, 0.0        ,     1,           1,       1,   1
train_regrasp_off.h5,     465,   255,         1,            5, 5           , -z  ,      1,    21,  0.004542, 0.000541   ,     1,           1,       1,   1
train_regrasp_off.h5,     466,   256,         0,            4, 4           , +z  ,      1,    21,  0.00459 , 0.000256   ,     1,           1,       1,   1
train_regrasp_off.h5,     467,   257,         0,            4, 4           , +z  ,      1,    21,  0.0046  , 0.000363   ,     1,           1,       1,   1
train_regrasp_off.h5,     468,   258,         0,            4, 4           , +z  ,      1,    21,  0.004609, 0.000591   ,     1,           1,       1,   1
train_regrasp_off.h5,     469,   259,         0,            0, 0           , +x  ,      1,    21,  0.004579, 0.000244   ,     1,           1,       1,   1
train_regrasp_off.h5,     470,   259,         1,            1, 1           , -x  ,      1,    21,  0.004626, 0.0        ,     1,           1,       1,   1
train_regrasp_off.h5,     471,   264,         0,            0, 0           , +x  ,      1,    21,  0.004592, 0.000181   ,     1,           1,       1,   1
train_regrasp_off.h5,     472,   264,         1,            1, 1           , -x  ,      1,    11,  0.180609, 0.976468   ,     0,           0,       1,   0
train_regrasp_off.h5,     473,   264,         2,            2, 2           , +y  ,      1,    21,  0.004546, 0.0        ,     1,           1,       1,   1
train_regrasp_off.h5,     474,   264,         3,            3, 3           , -y  ,      1,    21,  0.004556, 0.0        ,     1,           1,       1,   1
train_regrasp_off.h5,     475,   264,         4,            5, 5           , -z  ,      1,    21,  0.004344, 0.000749   ,     1,           1,       1,   1
train_regrasp_off.h5,     476,   265,         0,            0, 0           , +x  ,      1,    21,  0.004661, 0.000203   ,     1,           1,       1,   1
train_regrasp_off.h5,     477,   265,         1,            2, 2           , +y  ,      1,    21,  0.004516, 0.00184    ,     1,           1,       1,   1
train_regrasp_off.h5,     478,   266,         0,            2, 2           , +y  ,      1,    21,  0.004546, 0.000274   ,     1,           1,       1,   1
train_regrasp_off.h5,     479,   266,         1,            3, 3           , -y  ,      1,    21,  0.004545, 0.000329   ,     1,           1,       1,   1
train_regrasp_off.h5,     480,   266,         2,            4, 4           , +z  ,      1,     9,  0.049118, 1.631199   ,     0,           0,       1,   0
train_regrasp_off.h5,     481,   266,         3,            5, 5           , -z  ,      1,    21,  0.004575, 0.000282   ,     1,           1,       1,   1
train_regrasp_off.h5,     482,   267,         0,            0, 0           , +x  ,      1,    21,  0.004648, 0.000508   ,     1,           1,       1,   1
train_regrasp_off.h5,     483,   267,         1,            1, 1           , -x  ,      1,    11,  0.356199, 1.423308   ,     0,           0,       1,   0
train_regrasp_off.h5,     484,   267,         2,            3, 3           , -y  ,      1,    21,  0.004549, 0.0        ,     1,           1,       1,   1
train_regrasp_off.h5,     485,   267,         3,            5, 5           , -z  ,      1,    18,  0.046705, 0.01498    ,     0,           0,       1,   0
train_regrasp_off.h5,     486,   268,         0,            0, 0           , +x  ,      1,    12,  0.299557, 1.175091   ,     0,           0,       1,   0
train_regrasp_off.h5,     487,   268,         1,            1, 1           , -x  ,      1,    15,  0.167293, 0.515403   ,     0,           0,       1,   0
train_regrasp_off.h5,     488,   269,         0,            0, 0           , +x  ,      1,    21,  0.004616, 0.000506   ,     1,           1,       1,   1
train_regrasp_off.h5,     489,   269,         1,            4, 4           , +z  ,      1,    14,  0.147808, 0.76566    ,     0,           0,       1,   0
train_regrasp_off.h5,     490,   269,         2,            5, 5           , -z  ,      1,    17,  0.091761, 0.171201   ,     0,           0,       1,   0
train_regrasp_off.h5,     491,   270,         0,            0, 0           , +x  ,      1,    21,  0.004517, 0.000372   ,     1,           1,       1,   1
train_regrasp_off.h5,     492,   270,         1,            2, 2           , +y  ,      1,    18,  0.07854 , 0.147082   ,     0,           0,       1,   0
train_regrasp_off.h5,     493,   271,         0,            0, 0           , +x  ,      1,    21,  0.004582, 0.000103   ,     1,           1,       1,   1
train_regrasp_off.h5,     494,   271,         1,            2, 2           , +y  ,      1,    13,  0.114544, 0.886588   ,     0,           0,       1,   0
train_regrasp_off.h5,     495,   271,         2,            3, 3           , -y  ,      1,    12,  0.10203 , 0.782595   ,     0,           0,       1,   0
train_regrasp_off.h5,     496,   273,         0,            3, 3           , -y  ,      1,    21,  0.004617, 0.000466   ,     1,           1,       1,   1
train_regrasp_off.h5,     497,   276,         0,            1, 1           , -x  ,      1,    21,  0.004706, 0.000764   ,     1,           1,       1,   1
train_regrasp_off.h5,     498,   276,         1,            2, 2           , +y  ,      1,    21,  0.004569, 0.00034    ,     1,           1,       1,   1
train_regrasp_off.h5,     499,   276,         2,            5, 5           , -z  ,      1,    21,  0.004509, 0.0        ,     1,           1,       1,   1
train_regrasp_off.h5,     500,   277,         0,            0, 0           , +x  ,      1,     9,  0.262775, 1.935809   ,     0,           0,       1,   0
train_regrasp_off.h5,     501,   277,         1,            1, 1           , -x  ,      1,    21,  0.004581, 0.000483   ,     1,           1,       1,   1
train_regrasp_off.h5,     502,   277,         2,            5, 5           , -z  ,      1,    21,  0.004669, 0.000908   ,     1,           1,       1,   1
train_regrasp_off.h5,     503,   278,         0,            1, 1           , -x  ,      1,    21,  0.004575, 0.000463   ,     1,           1,       1,   1
train_regrasp_off.h5,     504,   278,         1,            4, 4           , +z  ,      1,    21,  0.004613, 0.000262   ,     1,           1,       1,   1
train_regrasp_off.h5,     505,   279,         0,            1, 1           , -x  ,      1,    16,  0.100587, 0.374368   ,     0,           0,       1,   0
train_regrasp_off.h5,     506,   279,         1,            2, 2           , +y  ,      1,    21,  0.004516, 0.000171   ,     1,           1,       1,   1
train_regrasp_off.h5,     507,   279,         2,            4, 4           , +z  ,      1,    14,  0.228619, 0.869501   ,     0,           0,       1,   0
train_regrasp_off.h5,     508,   279,         3,            5, 5           , -z  ,      1,    16,  0.037193, 0.131398   ,     0,           0,       1,   0
train_regrasp_off.h5,     509,   280,         0,            0, -1          , +x  ,      1,    21,  0.004578, 0.000498   ,     1,           1,       0,   0
train_regrasp_off.h5,     510,   280,         1,            5, 5           , -z  ,      1,    21,  0.004561, 0.0        ,     1,           1,       1,   1
train_regrasp_off.h5,     511,   281,         0,            0, 0           , +x  ,      1,    21,  0.004534, 0.000362   ,     1,           1,       1,   1
train_regrasp_off.h5,     512,   281,         1,            1, 1           , -x  ,      1,    21,  0.004595, 0.0        ,     1,           1,       1,   1
train_regrasp_off.h5,     513,   281,         2,            3, 3           , -y  ,      1,    21,  0.00458 , 0.000168   ,     1,           1,       1,   1
train_regrasp_off.h5,     514,   281,         3,            4, 4           , +z  ,      1,    10,  0.17303 , 0.699279   ,     0,           0,       1,   0
train_regrasp_off.h5,     515,   282,         0,            2, 2           , +y  ,      1,    18,  0.052928, 0.004156   ,     0,           0,       1,   0
train_regrasp_off.h5,     516,   283,         0,            0, 0           , +x  ,      1,    17,  0.036564, 0.063042   ,     0,           0,       1,   0
train_regrasp_off.h5,     517,   283,         1,            1, 1           , -x  ,      1,    10,  0.234385, 1.025259   ,     0,           0,       1,   0
train_regrasp_off.h5,     518,   283,         2,            2, 2           , +y  ,      1,    17,  0.046387, 0.076896   ,     0,           0,       1,   0
train_regrasp_off.h5,     519,   286,         0,            5, 5           , -z  ,      1,    21,  0.004613, 0.0        ,     1,           1,       1,   1
train_regrasp_off.h5,     520,   287,         0,            5, 5           , -z  ,      1,    21,  0.004567, 0.000387   ,     1,           1,       1,   1
train_regrasp_off.h5,     521,   288,         0,            0, 0           , +x  ,      1,    11,  0.17653 , 0.980109   ,     0,           0,       1,   0
train_regrasp_off.h5,     522,   288,         1,            1, 1           , -x  ,      1,    21,  0.004633, 0.000321   ,     1,           1,       1,   1
train_regrasp_off.h5,     523,   288,         2,            2, 2           , +y  ,      1,    21,  0.004604, 0.000287   ,     1,           1,       1,   1
train_regrasp_off.h5,     524,   288,         3,            4, 4           , +z  ,      1,    21,  0.004753, 0.000516   ,     1,           1,       1,   1
train_regrasp_off.h5,     525,   289,         0,            0, 0           , +x  ,      1,    21,  0.004634, 0.000477   ,     1,           1,       1,   1
train_regrasp_off.h5,     526,   289,         1,            1, 1           , -x  ,      1,    21,  0.004518, 0.000259   ,     1,           1,       1,   1
train_regrasp_off.h5,     527,   289,         2,            4, 4           , +z  ,      1,     9,  0.095333, 1.07561    ,     0,           0,       1,   0
train_regrasp_off.h5,     528,   289,         3,            5, 5           , -z  ,      1,    21,  0.004704, 0.000119   ,     1,           1,       1,   1
train_regrasp_off.h5,     529,   290,         0,            0, 0           , +x  ,      1,    21,  0.004596, 0.000559   ,     1,           1,       1,   1
train_regrasp_off.h5,     530,   290,         1,            4, 4           , +z  ,      1,    21,  0.004685, 0.00045    ,     1,           1,       1,   1
train_regrasp_off.h5,     531,   291,         0,            1, 1           , -x  ,      1,    19,  0.039159, 0.008307   ,     0,           0,       1,   0
train_regrasp_off.h5,     532,   291,         1,            5, 5           , -z  ,      1,    13,  0.201082, 1.069282   ,     0,           0,       1,   0
train_regrasp_off.h5,     533,   292,         0,            3, 3           , -y  ,      1,    15,  0.076002, 0.373135   ,     0,           0,       1,   0
train_regrasp_off.h5,     534,   294,         0,            0, 4           , +x  ,      1,    21,  0.00446 , 0.0        ,     1,           1,       0,   0
train_regrasp_off.h5,     535,   294,         1,            4, 4           , +z  ,      1,    21,  0.004249, 0.002555   ,     1,           1,       1,   1
train_regrasp_off.h5,     536,   295,         0,            2, 2           , +y  ,      1,    21,  0.004581, 0.0        ,     1,           1,       1,   1
train_regrasp_off.h5,     537,   295,         1,            5, 5           , -z  ,      1,    21,  0.004584, 0.000203   ,     1,           1,       1,   1
train_regrasp_off.h5,     538,   297,         0,            3, 3           , -y  ,      1,    21,  0.004525, 0.000345   ,     1,           1,       1,   1
train_regrasp_off.h5,     539,   298,         0,            1, -1          , -x  ,      1,    16,  0.047653, 0.273676   ,     0,           0,       0,   0
train_regrasp_off.h5,     540,   298,         1,            5, 5           , -z  ,      1,    21,  0.004548, 0.000271   ,     1,           1,       1,   1
train_regrasp_off.h5,     541,   299,         0,            4, 4           , +z  ,      1,    21,  0.004814, 0.000614   ,     1,           1,       1,   1
train_regrasp_off.h5,     542,   300,         0,            4, 4           , +z  ,      1,    14,  0.069467, 0.793074   ,     0,           0,       1,   0
train_regrasp_off.h5,     543,   300,         1,            5, 5           , -z  ,      1,    21,  0.004541, 0.00037    ,     1,           1,       1,   1
train_regrasp_off.h5,     544,   301,         0,            1, 1           , -x  ,      1,    12,  0.167426, 0.961386   ,     0,           0,       1,   0
train_regrasp_off.h5,     545,   303,         0,            2, 2           , +y  ,      1,    21,  0.004542, 0.000304   ,     1,           1,       1,   1
train_regrasp_off.h5,     546,   304,         0,            0, 0           , +x  ,      1,    21,  0.004563, 0.000219   ,     1,           1,       1,   1
train_regrasp_off.h5,     547,   304,         1,            1, 2           , -x  ,      1,    21,  0.004591, 0.0        ,     1,           1,       0,   0
train_regrasp_off.h5,     548,   304,         2,            2, 2           , +y  ,      1,    21,  0.004576, 0.0        ,     1,           1,       1,   1
train_regrasp_off.h5,     549,   305,         0,            0, 0           , +x  ,      1,    21,  0.004574, 0.000374   ,     1,           1,       1,   1
train_regrasp_off.h5,     550,   305,         1,            2, 2           , +y  ,      1,    21,  0.004521, 0.000502   ,     1,           1,       1,   1
train_regrasp_off.h5,     551,   305,         2,            5, 5           , -z  ,      1,    21,  0.004517, 0.000352   ,     1,           1,       1,   1
train_regrasp_off.h5,     552,   306,         0,            0, 0           , +x  ,      1,    19,  0.036848, 0.001658   ,     0,           0,       1,   0
train_regrasp_off.h5,     553,   306,         1,            4, 4           , +z  ,      1,    21,  0.004628, 0.0        ,     1,           1,       1,   1
train_regrasp_off.h5,     554,   306,         2,            5, 5           , -z  ,      1,    21,  0.004568, 0.000376   ,     1,           1,       1,   1
train_regrasp_off.h5,     555,   307,         0,            1, 1           , -x  ,      1,    21,  0.004576, 0.00042    ,     1,           1,       1,   1
train_regrasp_off.h5,     556,   307,         1,            5, 5           , -z  ,      1,    17,  0.056207, 0.052064   ,     0,           0,       1,   0
train_regrasp_off.h5,     557,   308,         0,            0, 0           , +x  ,      1,    21,  0.00458 , 0.0        ,     1,           1,       1,   1
train_regrasp_off.h5,     558,   308,         1,            2, 2           , +y  ,      1,    21,  0.004596, 0.000253   ,     1,           1,       1,   1
train_regrasp_off.h5,     559,   308,         2,            3, 3           , -y  ,      1,    21,  0.004617, 0.000163   ,     1,           1,       1,   1
train_regrasp_off.h5,     560,   309,         0,            0, 0           , +x  ,      1,    21,  0.004673, 0.000384   ,     1,           1,       1,   1
train_regrasp_off.h5,     561,   309,         1,            1, 1           , -x  ,      1,    21,  0.004508, 0.000457   ,     1,           1,       1,   1
train_regrasp_off.h5,     562,   309,         2,            2, 2           , +y  ,      1,    21,  0.004537, 0.000878   ,     1,           1,       1,   1
train_regrasp_off.h5,     563,   309,         3,            4, 4           , +z  ,      1,    16,  0.068616, 0.359244   ,     0,           0,       1,   0
train_regrasp_off.h5,     564,   309,         4,            5, 5           , -z  ,      1,    21,  0.004518, 0.000216   ,     1,           1,       1,   1
train_regrasp_off.h5,     565,   310,         0,            0, 0           , +x  ,      1,    21,  0.004505, 0.0        ,     1,           1,       1,   1
train_regrasp_off.h5,     566,   310,         1,            3, 3           , -y  ,      1,    21,  0.004606, 0.0        ,     1,           1,       1,   1
train_regrasp_off.h5,     567,   310,         2,            4, 4           , +z  ,      1,    15,  0.069776, 0.330502   ,     0,           0,       1,   0
train_regrasp_off.h5,     568,   311,         0,            2, 2           , +y  ,      1,    21,  0.004569, 0.0        ,     1,           1,       1,   1
train_regrasp_off.h5,     569,   311,         1,            4, 4           , +z  ,      1,    21,  0.004564, 0.000277   ,     1,           1,       1,   1
train_regrasp_off.h5,     570,   311,         2,            5, 5           , -z  ,      1,    19,  0.036129, 0.002174   ,     0,           0,       1,   0
train_regrasp_off.h5,     571,   312,         0,            0, 0           , +x  ,      1,    21,  0.004629, 6.5e-05    ,     1,           1,       1,   1
train_regrasp_off.h5,     572,   312,         1,            2, 2           , +y  ,      1,    14,  0.108566, 0.641564   ,     0,           0,       1,   0
train_regrasp_off.h5,     573,   312,         2,            4, 4           , +z  ,      1,    21,  0.004607, 0.0        ,     1,           1,       1,   1
train_regrasp_off.h5,     574,   312,         3,            5, 5           , -z  ,      1,    21,  0.004547, 0.000144   ,     1,           1,       1,   1
train_regrasp_off.h5,     575,   313,         0,            1, 1           , -x  ,      1,    21,  0.004584, 0.0        ,     1,           1,       1,   1
train_regrasp_off.h5,     576,   313,         1,            2, 2           , +y  ,      1,    21,  0.004528, 0.000455   ,     1,           1,       1,   1
train_regrasp_off.h5,     577,   313,         2,            4, 4           , +z  ,      1,    17,  0.061739, 0.054951   ,     0,           0,       1,   0
train_regrasp_off.h5,     578,   313,         3,            5, 5           , -z  ,      1,    21,  0.004571, 0.000401   ,     1,           1,       1,   1
train_regrasp_off.h5,     579,   314,         0,            0, 0           , +x  ,      1,    21,  0.004592, 0.00039    ,     1,           1,       1,   1
train_regrasp_off.h5,     580,   314,         1,            2, 2           , +y  ,      1,    16,  0.029907, 0.265357   ,     0,           0,       1,   0
train_regrasp_off.h5,     581,   314,         2,            3, 3           , -y  ,      1,    21,  0.004589, 0.00011    ,     1,           1,       1,   1
train_regrasp_off.h5,     582,   315,         0,            4, 4           , +z  ,      1,    21,  0.004577, 0.000371   ,     1,           1,       1,   1
train_regrasp_off.h5,     583,   315,         1,            5, 5           , -z  ,      1,    16,  0.036882, 0.266609   ,     0,           0,       1,   0
train_regrasp_off.h5,     584,   316,         0,            1, 1           , -x  ,      1,    21,  0.004432, 0.00046    ,     1,           1,       1,   1
train_regrasp_off.h5,     585,   316,         1,            3, 3           , -y  ,      1,    14,  0.091756, 0.49916    ,     0,           0,       1,   0
train_regrasp_off.h5,     586,   316,         2,            5, 5           , -z  ,      1,    21,  0.004539, 0.000409   ,     1,           1,       1,   1
train_regrasp_off.h5,     587,   317,         0,            2, 2           , +y  ,      1,    21,  0.004618, 0.0        ,     1,           1,       1,   1
train_regrasp_off.h5,     588,   318,         0,            3, 3           , -y  ,      1,    14,  0.069004, 0.795469   ,     0,           0,       1,   0
train_regrasp_off.h5,     589,   318,         1,            5, 5           , -z  ,      1,    21,  0.00451 , 0.000476   ,     1,           1,       1,   1
train_regrasp_off.h5,     590,   319,         0,            4, 4           , +z  ,      1,    21,  0.004577, 0.000514   ,     1,           1,       1,   1
train_regrasp_off.h5,     591,   320,         0,            0, 0           , +x  ,      1,    13,  0.128827, 0.846761   ,     0,           0,       1,   0
train_regrasp_off.h5,     592,   320,         1,            1, 1           , -x  ,      1,    21,  0.004634, 0.0        ,     1,           1,       1,   1
train_regrasp_off.h5,     593,   320,         2,            2, 2           , +y  ,      1,    21,  0.004764, 0.0        ,     1,           1,       1,   1
train_regrasp_off.h5,     594,   320,         3,            3, 3           , -y  ,      1,    15,  0.092707, 0.354838   ,     0,           0,       1,   0
train_regrasp_off.h5,     595,   320,         4,            4, 4           , +z  ,      1,    21,  0.00458 , 0.0        ,     1,           1,       1,   1
train_regrasp_off.h5,     596,   321,         0,            0, 0           , +x  ,      1,    21,  0.004573, 0.000698   ,     1,           1,       1,   1
train_regrasp_off.h5,     597,   321,         1,            1, 1           , -x  ,      1,    11,  0.128889, 0.960882   ,     0,           0,       1,   0
train_regrasp_off.h5,     598,   321,         2,            4, 4           , +z  ,      1,    11,  0.149633, 0.955706   ,     0,           0,       1,   0
train_regrasp_off.h5,     599,   321,         3,            5, 5           , -z  ,      1,    21,  0.004577, 0.000132   ,     1,           1,       1,   1
train_regrasp_off.h5,     600,   322,         0,            2, 2           , +y  ,      1,    21,  0.004568, 0.000193   ,     1,           1,       1,   1
train_regrasp_off.h5,     601,   322,         1,            4, 4           , +z  ,      1,    21,  0.004579, 0.0        ,     1,           1,       1,   1
train_regrasp_off.h5,     602,   322,         2,            5, 5           , -z  ,      1,    15,  0.074126, 0.450269   ,     0,           0,       1,   0
train_regrasp_off.h5,     603,   323,         0,            3, 3           , -y  ,      1,    15,  0.042167, 0.315832   ,     0,           0,       1,   0
train_regrasp_off.h5,     604,   323,         1,            4, 4           , +z  ,      1,    21,  0.004516, 0.0        ,     1,           1,       1,   1
train_regrasp_off.h5,     605,   323,         2,            5, 5           , -z  ,      1,    21,  0.004536, 0.000248   ,     1,           1,       1,   1
train_regrasp_off.h5,     606,   324,         0,            2, 2           , +y  ,      1,    21,  0.004487, 0.000231   ,     1,           1,       1,   1
train_regrasp_off.h5,     607,   326,         0,            1, 1           , -x  ,      1,    21,  0.004566, 0.0        ,     1,           1,       1,   1
train_regrasp_off.h5,     608,   327,         0,            2, 2           , +y  ,      1,    20,  0.020393, 0.000617   ,     0,           0,       1,   0
train_regrasp_off.h5,     609,   327,         1,            5, 5           , -z  ,      1,    20,  0.020429, 0.00056    ,     0,           0,       1,   0
train_regrasp_off.h5,     610,   328,         0,            4, 4           , +z  ,      1,    21,  0.004554, 0.000404   ,     1,           1,       1,   1
train_regrasp_off.h5,     611,   329,         0,            4, 4           , +z  ,      1,    21,  0.004523, 0.0        ,     1,           1,       1,   1
train_regrasp_off.h5,     612,   330,         0,            3, 3           , -y  ,      1,    17,  0.058573, 0.048716   ,     0,           0,       1,   0
train_regrasp_off.h5,     613,   330,         1,            4, 4           , +z  ,      1,    21,  0.004531, 9.1e-05    ,     1,           1,       1,   1
train_regrasp_off.h5,     614,   331,         0,            4, 4           , +z  ,      1,    11,  0.215769, 1.217943   ,     0,           0,       1,   0
train_regrasp_off.h5,     615,   336,         0,            1, 1           , -x  ,      1,    21,  0.004647, 0.000197   ,     1,           1,       1,   1
train_regrasp_off.h5,     616,   336,         1,            2, 2           , +y  ,      1,    21,  0.00471 , 0.000241   ,     1,           1,       1,   1
train_regrasp_off.h5,     617,   336,         2,            3, 3           , -y  ,      1,    21,  0.0046  , 0.0        ,     1,           1,       1,   1
train_regrasp_off.h5,     618,   336,         3,            5, 5           , -z  ,      1,    21,  0.004659, 0.000328   ,     1,           1,       1,   1
train_regrasp_off.h5,     619,   337,         0,            2, 2           , +y  ,      1,    21,  0.004586, 0.0        ,     1,           1,       1,   1
train_regrasp_off.h5,     620,   338,         0,            1, 1           , -x  ,      1,    17,  0.052358, 0.058056   ,     0,           0,       1,   0
train_regrasp_off.h5,     621,   338,         1,            2, 2           , +y  ,      1,    21,  0.004806, 0.000839   ,     1,           1,       1,   1
train_regrasp_off.h5,     622,   338,         2,            3, 3           , -y  ,      1,    14,  0.087268, 0.462863   ,     0,           0,       1,   0
train_regrasp_off.h5,     623,   339,         0,            2, 2           , +y  ,      1,    12,  0.081757, 1.020602   ,     0,           0,       1,   0
train_regrasp_off.h5,     624,   339,         1,            3, 3           , -y  ,      1,    16,  0.048175, 0.305666   ,     0,           0,       1,   0
train_regrasp_off.h5,     625,   339,         2,            5, 5           , -z  ,      1,    21,  0.271219, 0.654257   ,     0,           1,       1,   0
train_regrasp_off.h5,     626,   340,         0,            2, 2           , +y  ,      1,    21,  0.004641, 0.0        ,     1,           1,       1,   1
train_regrasp_off.h5,     627,   340,         1,            4, 4           , +z  ,      1,    21,  0.004582, 0.0        ,     1,           1,       1,   1
train_regrasp_off.h5,     628,   341,         0,            2, 2           , +y  ,      1,    15,  0.109205, 0.442707   ,     0,           0,       1,   0
train_regrasp_off.h5,     629,   341,         1,            3, 3           , -y  ,      1,    21,  0.004668, 0.000142   ,     1,           1,       1,   1
train_regrasp_off.h5,     630,   341,         2,            4, -1          , +z  ,      1,    21,  0.005724, 0.002265   ,     1,           1,       0,   0
train_regrasp_off.h5,     631,   341,         3,            5, 5           , -z  ,      1,    14,  0.149653, 0.600822   ,     0,           0,       1,   0
train_regrasp_off.h5,     632,   342,         0,            3, 3           , -y  ,      1,    21,  0.004507, 0.0        ,     1,           1,       1,   1
train_regrasp_off.h5,     633,   342,         1,            5, 5           , -z  ,      1,    21,  0.004651, 0.000495   ,     1,           1,       1,   1
train_regrasp_off.h5,     634,   343,         0,            2, 2           , +y  ,      1,    21,  0.004508, 0.0        ,     1,           1,       1,   1
train_regrasp_off.h5,     635,   343,         1,            3, 3           , -y  ,      1,    21,  0.004371, 0.001666   ,     1,           1,       1,   1
train_regrasp_off.h5,     636,   343,         2,            5, 5           , -z  ,      1,    10,  0.099977, 1.003382   ,     0,           0,       1,   0
train_regrasp_off.h5,     637,   345,         0,            0, 0           , +x  ,      1,    21,  0.004585, 0.0        ,     1,           1,       1,   1
train_regrasp_off.h5,     638,   348,         0,            0, 0           , +x  ,      1,    21,  0.004494, 0.000164   ,     1,           1,       1,   1
train_regrasp_off.h5,     639,   348,         1,            4, 4           , +z  ,      1,    21,  0.004569, 0.000473   ,     1,           1,       1,   1
train_regrasp_off.h5,     640,   348,         2,            5, 5           , -z  ,      1,    21,  0.004565, 0.000311   ,     1,           1,       1,   1
train_regrasp_off.h5,     641,   349,         0,            0, 0           , +x  ,      1,    15,  0.030684, 0.524759   ,     0,           0,       1,   0
train_regrasp_off.h5,     642,   349,         1,            3, 3           , -y  ,      1,    21,  0.004585, 0.00052    ,     1,           1,       1,   1
train_regrasp_off.h5,     643,   349,         2,            5, 5           , -z  ,      1,    21,  0.004516, 0.000271   ,     1,           1,       1,   1
train_regrasp_off.h5,     644,   350,         0,            3, 3           , -y  ,      1,    21,  0.004526, 0.0        ,     1,           1,       1,   1
train_regrasp_off.h5,     645,   350,         1,            4, 4           , +z  ,      1,    13,  0.246145, 0.864685   ,     0,           0,       1,   0
train_regrasp_off.h5,     646,   350,         2,            5, 5           , -z  ,      1,    21,  0.004626, 0.000186   ,     1,           1,       1,   1
train_regrasp_off.h5,     647,   351,         0,            4, 4           , +z  ,      1,    21,  0.004593, 0.0        ,     1,           1,       1,   1
train_regrasp_off.h5,     648,   351,         1,            5, 5           , -z  ,      1,    21,  0.004564, 0.0        ,     1,           1,       1,   1
train_regrasp_off.h5,     649,   352,         0,            3, 3           , -y  ,      1,    18,  0.054047, 0.005782   ,     0,           0,       1,   0
train_regrasp_off.h5,     650,   353,         0,            2, 2           , +y  ,      1,     9,  0.12561 , 1.487452   ,     0,           0,       1,   0
train_regrasp_off.h5,     651,   353,         1,            3, 3           , -y  ,      1,    18,  0.049145, 0.013154   ,     0,           0,       1,   0
train_regrasp_off.h5,     652,   354,         0,            2, 2           , +y  ,      1,    21,  0.004674, 0.0        ,     1,           1,       1,   1
train_regrasp_off.h5,     653,   354,         1,            3, 3           , -y  ,      1,    21,  0.00458 , 0.0        ,     1,           1,       1,   1
train_regrasp_off.h5,     654,   355,         0,            2, 2           , +y  ,      1,    16,  0.061873, 0.334571   ,     0,           0,       1,   0
train_regrasp_off.h5,     655,   355,         1,            3, 3           , -y  ,      1,    16,  0.119878, 0.369879   ,     0,           0,       1,   0
train_regrasp_off.h5,     656,   357,         0,            1, 1           , -x  ,      1,    16,  0.056974, 0.276493   ,     0,           0,       1,   0
train_regrasp_off.h5,     657,   360,         0,            1, 1           , -x  ,      1,    21,  0.004884, 0.000828   ,     1,           1,       1,   1
train_regrasp_off.h5,     658,   360,         1,            2, 2           , +y  ,      1,    21,  0.00454 , 0.000677   ,     1,           1,       1,   1
train_regrasp_off.h5,     659,   360,         2,            4, 4           , +z  ,      1,    21,  0.004503, 0.000447   ,     1,           1,       1,   1
train_regrasp_off.h5,     660,   360,         3,            5, 5           , -z  ,      1,     9,  0.233432, 1.346693   ,     0,           0,       1,   0
train_regrasp_off.h5,     661,   361,         0,            1, 1           , -x  ,      1,    11,  0.214295, 0.840076   ,     0,           0,       1,   0
train_regrasp_off.h5,     662,   361,         1,            3, 3           , -y  ,      1,    21,  0.004591, 0.000965   ,     1,           1,       1,   1
train_regrasp_off.h5,     663,   361,         2,            5, 5           , -z  ,      1,    21,  0.004709, 0.000785   ,     1,           1,       1,   1
train_regrasp_off.h5,     664,   362,         0,            3, 3           , -y  ,      1,    12,  0.214996, 1.244128   ,     0,           0,       1,   0
train_regrasp_off.h5,     665,   362,         1,            5, 5           , -z  ,      1,    21,  0.004541, 0.000392   ,     1,           1,       1,   1
train_regrasp_off.h5,     666,   363,         0,            1, 1           , -x  ,      1,    21,  0.004528, 0.000613   ,     1,           1,       1,   1
train_regrasp_off.h5,     667,   363,         1,            4, 4           , +z  ,      1,    21,  0.004514, 0.000181   ,     1,           1,       1,   1
train_regrasp_off.h5,     668,   364,         0,            4, 4           , +z  ,      1,    21,  0.004549, 0.000444   ,     1,           1,       1,   1
train_regrasp_off.h5,     669,   364,         1,            5, 5           , -z  ,      1,    21,  0.004999, 0.002672   ,     1,           1,       1,   1
train_regrasp_off.h5,     670,   365,         0,            1, 1           , -x  ,      1,    14,  0.172368, 0.626151   ,     0,           0,       1,   0
train_regrasp_off.h5,     671,   366,         0,            4, 4           , +z  ,      1,    21,  0.004628, 0.000195   ,     1,           1,       1,   1
train_regrasp_off.h5,     672,   366,         1,            5, 5           , -z  ,      1,    18,  0.049547, 0.012962   ,     0,           0,       1,   0
train_regrasp_off.h5,     673,   368,         0,            5, 5           , -z  ,      1,    21,  0.004533, 0.00029    ,     1,           1,       1,   1
train_regrasp_off.h5,     674,   369,         0,            5, 5           , -z  ,      1,    21,  0.004436, 0.000969   ,     1,           1,       1,   1
train_regrasp_off.h5,     675,   370,         0,            1, 1           , -x  ,      1,    21,  0.004593, 0.0        ,     1,           1,       1,   1
train_regrasp_off.h5,     676,   370,         1,            5, 5           , -z  ,      1,    21,  0.004591, 0.000341   ,     1,           1,       1,   1
train_regrasp_off.h5,     677,   371,         0,            1, 1           , -x  ,      1,    18,  0.04661 , 0.019291   ,     0,           0,       1,   0
train_regrasp_off.h5,     678,   371,         1,            2, 2           , +y  ,      1,    21,  0.004506, 0.0        ,     1,           1,       1,   1
train_regrasp_off.h5,     679,   372,         0,            4, 4           , +z  ,      1,    21,  0.004608, 0.000289   ,     1,           1,       1,   1
train_regrasp_off.h5,     680,   372,         1,            5, 5           , -z  ,      1,    18,  0.048045, 0.012205   ,     0,           0,       1,   0
train_regrasp_off.h5,     681,   373,         0,            4, 4           , +z  ,      1,    13,  0.201822, 0.805602   ,     0,           0,       1,   0
train_regrasp_off.h5,     682,   373,         1,            5, 5           , -z  ,      1,    21,  0.004596, 0.0        ,     1,           1,       1,   1
train_regrasp_off.h5,     683,   374,         0,            1, 1           , -x  ,      1,    21,  0.00461 , 0.0        ,     1,           1,       1,   1
train_regrasp_off.h5,     684,   375,         0,            1, 1           , -x  ,      1,    10,  0.139138, 1.454251   ,     0,           0,       1,   0
train_regrasp_off.h5,     685,   375,         1,            5, 5           , -z  ,      1,    10,  0.126898, 1.527894   ,     0,           0,       1,   0
train_regrasp_off.h5,     686,   376,         0,            1, 1           , -x  ,      1,    17,  0.058941, 0.05424    ,     0,           0,       1,   0
train_regrasp_off.h5,     687,   376,         1,            2, 2           , +y  ,      1,    14,  0.225381, 0.874045   ,     0,           0,       1,   0
train_regrasp_off.h5,     688,   377,         0,            2, 2           , +y  ,      1,    21,  0.00463 , 0.000254   ,     1,           1,       1,   1
train_regrasp_off.h5,     689,   377,         1,            3, 3           , -y  ,      1,    21,  0.004578, 0.000355   ,     1,           1,       1,   1
train_regrasp_off.h5,     690,   377,         2,            5, 5           , -z  ,      1,    21,  0.004551, 0.000215   ,     1,           1,       1,   1
train_regrasp_off.h5,     691,   378,         0,            3, 3           , -y  ,      1,    21,  0.004544, 0.0        ,     1,           1,       1,   1
train_regrasp_off.h5,     692,   379,         0,            0, 0           , +x  ,      1,    21,  0.004414, 0.000893   ,     1,           1,       1,   1
train_regrasp_off.h5,     693,   379,         1,            1, 1           , -x  ,      1,    21,  0.004596, 0.0        ,     1,           1,       1,   1
train_regrasp_off.h5,     694,   379,         2,            2, 2           , +y  ,      1,    21,  0.004458, 0.000478   ,     1,           1,       1,   1
train_regrasp_off.h5,     695,   379,         3,            3, 2           , -y  ,      0,    21,  0.004576, 7.5e-05    ,     1,           1,       0,   0
train_regrasp_off.h5,     696,   379,         4,            5, 5           , -z  ,      1,    21,  0.004491, 0.0        ,     1,           1,       1,   1
train_regrasp_off.h5,     697,   380,         0,            0, 0           , +x  ,      1,    21,  0.004512, 0.00024    ,     1,           1,       1,   1
train_regrasp_off.h5,     698,   380,         1,            1, 1           , -x  ,      1,    13,  0.126678, 0.922161   ,     0,           0,       1,   0
train_regrasp_off.h5,     699,   380,         2,            2, 2           , +y  ,      1,    21,  0.004489, 0.001686   ,     1,           1,       1,   1
train_regrasp_off.h5,     700,   380,         3,            3, 3           , -y  ,      1,    21,  0.004591, 0.001169   ,     1,           1,       1,   1
train_regrasp_off.h5,     701,   381,         0,            0, 0           , +x  ,      1,    21,  0.004631, 0.000546   ,     1,           1,       1,   1
train_regrasp_off.h5,     702,   381,         1,            1, 1           , -x  ,      1,    13,  0.164642, 0.751249   ,     0,           0,       1,   0
train_regrasp_off.h5,     703,   381,         2,            2, 2           , +y  ,      1,    21,  0.004455, 0.000273   ,     1,           1,       1,   1
train_regrasp_off.h5,     704,   381,         3,            3, 3           , -y  ,      1,    21,  0.00455 , 0.0        ,     1,           1,       1,   1
train_regrasp_off.h5,     705,   382,         0,            0, 0           , +x  ,      1,    14,  0.142379, 0.623485   ,     0,           0,       1,   0
train_regrasp_off.h5,     706,   382,         1,            2, 2           , +y  ,      1,    21,  0.004622, 0.0        ,     1,           1,       1,   1
train_regrasp_off.h5,     707,   382,         2,            3, 3           , -y  ,      1,    16,  0.047083, 0.263552   ,     0,           0,       1,   0
train_regrasp_off.h5,     708,   383,         0,            0, 0           , +x  ,      1,    15,  0.042745, 0.399911   ,     0,           0,       1,   0
train_regrasp_off.h5,     709,   383,         1,            1, 1           , -x  ,      1,    21,  0.004578, 0.00039    ,     1,           1,       1,   1
train_regrasp_off.h5,     710,   383,         2,            2, 2           , +y  ,      1,    21,  0.004628, 0.000557   ,     1,           1,       1,   1
train_regrasp_off.h5,     711,   383,         3,            3, 3           , -y  ,      1,    12,  0.143078, 0.930044   ,     0,           0,       1,   0
train_regrasp_off.h5,     712,   383,         4,            5, 5           , -z  ,      1,    21,  0.004635, 0.000217   ,     1,           1,       1,   1
train_regrasp_off.h5,     713,   384,         0,            0, 0           , +x  ,      1,    21,  0.00454 , 0.00017    ,     1,           1,       1,   1
train_regrasp_off.h5,     714,   384,         1,            1, 1           , -x  ,      1,    11,  0.278406, 1.352421   ,     0,           0,       1,   0
train_regrasp_off.h5,     715,   384,         2,            2, 2           , +y  ,      1,    17,  0.049588, 0.063737   ,     0,           0,       1,   0
train_regrasp_off.h5,     716,   384,         3,            3, 3           , -y  ,      1,    16,  0.039714, 0.241221   ,     0,           0,       1,   0
train_regrasp_off.h5,     717,   385,         0,            0, 0           , +x  ,      1,    21,  0.004546, 0.000726   ,     1,           1,       1,   1
train_regrasp_off.h5,     718,   385,         1,            1, 1           , -x  ,      1,    21,  0.004606, 0.000205   ,     1,           1,       1,   1
train_regrasp_off.h5,     719,   385,         2,            2, 2           , +y  ,      1,    21,  0.00447 , 0.000712   ,     1,           1,       1,   1
train_regrasp_off.h5,     720,   385,         3,            3, 3           , -y  ,      1,    16,  0.054981, 0.265247   ,     0,           0,       1,   0
train_regrasp_off.h5,     721,   386,         0,            0, 0           , +x  ,      1,    17,  0.048897, 0.060975   ,     0,           0,       1,   0
train_regrasp_off.h5,     722,   386,         1,            2, 2           , +y  ,      1,    21,  0.004233, 0.001423   ,     1,           1,       1,   1
train_regrasp_off.h5,     723,   386,         2,            3, 3           , -y  ,      1,    14,  0.112443, 0.591183   ,     0,           0,       1,   0
train_regrasp_off.h5,     724,   387,         0,            0, 0           , +x  ,      1,    20,  0.0207  , 0.000494   ,     0,           0,       1,   0
train_regrasp_off.h5,     725,   387,         1,            1, 1           , -x  ,      0,    21,  0.004492, 0.000459   ,     1,           1,       0,   0
train_regrasp_off.h5,     726,   387,         2,            2, 2           , +y  ,      1,    17,  0.046195, 0.069758   ,     0,           0,       1,   0
train_regrasp_off.h5,     727,   387,         3,            3, 3           , -y  ,      1,    21,  0.004636, 0.000245   ,     1,           1,       1,   1
train_regrasp_off.h5,     728,   387,         4,            5, 5           , -z  ,      1,    21,  0.004491, 0.000624   ,     1,           1,       1,   1
train_regrasp_off.h5,     729,   388,         0,            1, 1           , -x  ,      1,    12,  0.134051, 0.660575   ,     0,           0,       1,   0
train_regrasp_off.h5,     730,   388,         1,            4, 4           , +z  ,      1,    21,  0.004616, 0.000258   ,     1,           1,       1,   1
train_regrasp_off.h5,     731,   390,         0,            2, 2           , +y  ,      1,    21,  0.004599, 0.0        ,     1,           1,       1,   1
train_regrasp_off.h5,     732,   391,         0,            3, 3           , -y  ,      1,    21,  0.00449 , 0.000654   ,     1,           1,       1,   1
train_regrasp_off.h5,     733,   392,         0,            0, 0           , +x  ,      1,    21,  0.004396, 0.000398   ,     1,           1,       1,   1
train_regrasp_off.h5,     734,   392,         1,            1, 1           , -x  ,      1,    13,  0.12268 , 0.683613   ,     0,           0,       1,   0
train_regrasp_off.h5,     735,   392,         2,            2, 2           , +y  ,      1,    21,  0.004601, 0.000181   ,     1,           1,       1,   1
train_regrasp_off.h5,     736,   392,         3,            3, 3           , -y  ,      1,    21,  0.004556, 0.000147   ,     1,           1,       1,   1
train_regrasp_off.h5,     737,   393,         0,            0, 0           , +x  ,      1,    13,  0.159745, 0.827313   ,     0,           0,       1,   0
train_regrasp_off.h5,     738,   393,         1,            1, 1           , -x  ,      1,    12,  0.16334 , 0.819826   ,     0,           0,       1,   0
train_regrasp_off.h5,     739,   393,         2,            2, 2           , +y  ,      1,    21,  0.004627, 0.000183   ,     1,           1,       1,   1
train_regrasp_off.h5,     740,   394,         0,            0, 0           , +x  ,      1,    21,  0.004531, 0.000325   ,     1,           1,       1,   1
train_regrasp_off.h5,     741,   394,         1,            1, 1           , -x  ,      1,    15,  0.10236 , 0.395555   ,     0,           0,       1,   0
train_regrasp_off.h5,     742,   394,         2,            2, 2           , +y  ,      1,    21,  0.004679, 0.00034    ,     1,           1,       1,   1
train_regrasp_off.h5,     743,   394,         3,            3, 3           , -y  ,      1,    21,  0.004512, 0.000532   ,     1,           1,       1,   1
train_regrasp_off.h5,     744,   394,         4,            5, 5           , -z  ,      1,    18,  0.046458, 0.016944   ,     0,           0,       1,   0
train_regrasp_off.h5,     745,   395,         0,            0, 0           , +x  ,      1,    21,  0.004542, 0.000322   ,     1,           1,       1,   1
train_regrasp_off.h5,     746,   395,         1,            1, 1           , -x  ,      1,    16,  0.067614, 0.335659   ,     0,           0,       1,   0
train_regrasp_off.h5,     747,   397,         0,            0, 0           , +x  ,      1,    21,  0.004536, 0.000538   ,     1,           1,       1,   1
train_regrasp_off.h5,     748,   397,         1,            5, 5           , -z  ,      1,    21,  0.004542, 0.0        ,     1,           1,       1,   1
train_regrasp_off.h5,     749,   400,         0,            1, 1           , -x  ,      1,    11,  0.281619, 1.407601   ,     0,           0,       1,   0
train_regrasp_off.h5,     750,   401,         0,            4, 4           , +z  ,      1,    13,  0.153343, 0.969746   ,     0,           0,       1,   0
train_regrasp_off.h5,     751,   402,         0,            2, 2           , +y  ,      1,    21,  0.004557, 0.000422   ,     1,           1,       1,   1
train_regrasp_off.h5,     752,   408,         0,            1, 1           , -x  ,      1,    15,  0.090843, 0.364925   ,     0,           0,       1,   0
train_regrasp_off.h5,     753,   408,         1,            2, 2           , +y  ,      1,    17,  0.049636, 0.055523   ,     0,           0,       1,   0
train_regrasp_off.h5,     754,   408,         2,            3, 3           , -y  ,      1,    14,  0.051578, 0.482313   ,     0,           0,       1,   0
train_regrasp_off.h5,     755,   409,         0,            1, 1           , -x  ,      1,    21,  0.004594, 0.000356   ,     1,           1,       1,   1
train_regrasp_off.h5,     756,   409,         1,            3, 3           , -y  ,      1,    21,  0.004609, 0.000778   ,     1,           1,       1,   1
train_regrasp_off.h5,     757,   410,         0,            1, 1           , -x  ,      1,    21,  0.004623, 0.000419   ,     1,           1,       1,   1
train_regrasp_off.h5,     758,   410,         1,            2, 2           , +y  ,      1,    21,  0.00507 , 0.001227   ,     1,           1,       1,   1
train_regrasp_off.h5,     759,   410,         2,            3, 3           , -y  ,      1,    21,  0.004583, 0.000283   ,     1,           1,       1,   1
train_regrasp_off.h5,     760,   411,         0,            0, 0           , +x  ,      1,    10,  0.111153, 1.258199   ,     0,           0,       1,   0
train_regrasp_off.h5,     761,   411,         1,            2, 2           , +y  ,      1,    11,  0.113729, 1.195456   ,     0,           0,       1,   0
train_regrasp_off.h5,     762,   411,         2,            3, 3           , -y  ,      1,    15,  0.124738, 0.516317   ,     0,           0,       1,   0
train_regrasp_off.h5,     763,   412,         0,            2, 2           , +y  ,      1,    21,  0.004527, 0.000207   ,     1,           1,       1,   1
train_regrasp_off.h5,     764,   412,         1,            3, 3           , -y  ,      1,    21,  0.004537, 0.000458   ,     1,           1,       1,   1
train_regrasp_off.h5,     765,   412,         2,            4, 4           , +z  ,      1,    11,  0.176393, 0.787899   ,     0,           0,       1,   0
train_regrasp_off.h5,     766,   412,         3,            5, 5           , -z  ,      1,    10,  0.276434, 1.529348   ,     0,           0,       1,   0
train_regrasp_off.h5,     767,   413,         0,            2, 2           , +y  ,      1,    18,  0.049313, 0.006858   ,     0,           0,       1,   0
train_regrasp_off.h5,     768,   413,         1,            3, 3           , -y  ,      1,    21,  0.004589, 0.0        ,     1,           1,       1,   1
train_regrasp_off.h5,     769,   413,         2,            4, 1           , +z  ,      1,    15,  0.079318, 0.232956   ,     0,           0,       0,   0
train_regrasp_off.h5,     770,   413,         3,            5, 5           , -z  ,      1,    21,  0.004578, 0.000293   ,     1,           1,       1,   1
train_regrasp_off.h5,     771,   414,         0,            0, 0           , +x  ,      1,    21,  0.00457 , 0.000505   ,     1,           1,       1,   1
train_regrasp_off.h5,     772,   414,         1,            1, 1           , -x  ,      1,    10,  0.160879, 1.202306   ,     0,           0,       1,   0
train_regrasp_off.h5,     773,   414,         2,            2, 2           , +y  ,      1,    21,  0.004609, 0.000301   ,     1,           1,       1,   1
train_regrasp_off.h5,     774,   414,         3,            3, 3           , -y  ,      1,    21,  0.004612, 0.0        ,     1,           1,       1,   1
train_regrasp_off.h5,     775,   415,         0,            4, 4           , +z  ,      1,    20,  0.020685, 0.000232   ,     0,           0,       1,   0
train_regrasp_off.h5,     776,   415,         1,            5, 5           , -z  ,      1,    19,  0.036487, 0.001483   ,     0,           0,       1,   0
train_regrasp_off.h5,     777,   416,         0,            3, 3           , -y  ,      1,    21,  0.004549, 0.0        ,     1,           1,       1,   1
train_regrasp_off.h5,     778,   419,         0,            0, 0           , +x  ,      1,    21,  0.004519, 0.0        ,     1,           1,       1,   1
train_regrasp_off.h5,     779,   420,         0,            0, 0           , +x  ,      1,    21,  0.004561, 0.000415   ,     1,           1,       1,   1
train_regrasp_off.h5,     780,   420,         1,            1, 1           , -x  ,      1,    17,  0.065574, 0.047481   ,     0,           0,       1,   0
train_regrasp_off.h5,     781,   420,         2,            2, 2           , +y  ,      1,    21,  0.004559, 0.0        ,     1,           1,       1,   1
train_regrasp_off.h5,     782,   420,         3,            3, 3           , -y  ,      1,    21,  0.004635, 0.000271   ,     1,           1,       1,   1
train_regrasp_off.h5,     783,   420,         4,            4, 4           , +z  ,      1,    21,  0.004598, 0.000337   ,     1,           1,       1,   1
train_regrasp_off.h5,     784,   420,         5,            5, 5           , -z  ,      1,    21,  0.004537, 0.000287   ,     1,           1,       1,   1
train_regrasp_off.h5,     785,   421,         0,            1, 1           , -x  ,      1,    21,  0.00446 , 0.000662   ,     1,           1,       1,   1
train_regrasp_off.h5,     786,   421,         1,            3, 3           , -y  ,      1,    21,  0.004632, 0.000143   ,     1,           1,       1,   1
train_regrasp_off.h5,     787,   421,         2,            4, 4           , +z  ,      1,    21,  0.004352, 0.000961   ,     1,           1,       1,   1
train_regrasp_off.h5,     788,   421,         3,            5, 5           , -z  ,      1,    11,  0.194068, 1.244726   ,     0,           0,       1,   0
train_regrasp_off.h5,     789,   422,         0,            0, 0           , +x  ,      1,    21,  0.004599, 0.0        ,     1,           1,       1,   1
train_regrasp_off.h5,     790,   422,         1,            1, 1           , -x  ,      1,    21,  0.003662, 0.004589   ,     1,           1,       1,   1
train_regrasp_off.h5,     791,   422,         2,            3, 3           , -y  ,      1,    21,  0.004429, 0.000329   ,     1,           1,       1,   1
train_regrasp_off.h5,     792,   422,         3,            5, 5           , -z  ,      1,    21,  0.004626, 0.000275   ,     1,           1,       1,   1
train_regrasp_off.h5,     793,   423,         0,            0, 0           , +x  ,      1,    21,  0.004623, 0.0        ,     1,           1,       1,   1
train_regrasp_off.h5,     794,   423,         1,            1, 1           , -x  ,      1,    14,  0.119943, 0.591248   ,     0,           0,       1,   0
train_regrasp_off.h5,     795,   423,         2,            5, 5           , -z  ,      1,    21,  0.00454 , 0.000431   ,     1,           1,       1,   1
train_regrasp_off.h5,     796,   424,         0,            2, 2           , +y  ,      1,    21,  0.004444, 0.000888   ,     1,           1,       1,   1
train_regrasp_off.h5,     797,   424,         1,            3, 3           , -y  ,      1,    12,  0.18238 , 0.942174   ,     0,           0,       1,   0
train_regrasp_off.h5,     798,   425,         0,            0, 0           , +x  ,      1,    21,  0.004558, 0.0        ,     1,           1,       1,   1
train_regrasp_off.h5,     799,   425,         1,            2, 2           , +y  ,      1,    21,  0.004618, 0.0        ,     1,           1,       1,   1
train_regrasp_off.h5,     800,   425,         2,            3, 3           , -y  ,      1,    21,  0.00456 , 0.000206   ,     1,           1,       1,   1
train_regrasp_off.h5,     801,   426,         0,            2, 2           , +y  ,      1,    21,  0.004551, 0.000146   ,     1,           1,       1,   1
train_regrasp_off.h5,     802,   426,         1,            3, 3           , -y  ,      1,    19,  0.036773, 0.000614   ,     0,           0,       1,   0
train_regrasp_off.h5,     803,   427,         0,            1, 1           , -x  ,      1,    21,  0.004523, 0.000618   ,     1,           1,       1,   1
train_regrasp_off.h5,     804,   427,         1,            2, 2           , +y  ,      1,    10,  0.199243, 1.585699   ,     0,           0,       1,   0
train_regrasp_off.h5,     805,   427,         2,            3, 3           , -y  ,      1,    13,  0.152943, 0.91937    ,     0,           0,       1,   0
train_regrasp_off.h5,     806,   431,         0,            3, 3           , -y  ,      1,    21,  0.004491, 0.00031    ,     1,           1,       1,   1
train_regrasp_off.h5,     807,   432,         0,            1, 1           , -x  ,      1,    16,  0.083536, 0.228077   ,     0,           0,       1,   0
train_regrasp_off.h5,     808,   432,         1,            2, 2           , +y  ,      1,    21,  0.004657, 0.0        ,     1,           1,       1,   1
train_regrasp_off.h5,     809,   432,         2,            3, 3           , -y  ,      1,    14,  0.199331, 0.870447   ,     0,           0,       1,   0
train_regrasp_off.h5,     810,   433,         0,            2, 2           , +y  ,      1,    16,  0.05966 , 0.327492   ,     0,           0,       1,   0
train_regrasp_off.h5,     811,   434,         0,            1, 1           , -x  ,      1,    16,  0.083442, 0.302289   ,     0,           0,       1,   0
train_regrasp_off.h5,     812,   434,         1,            2, 2           , +y  ,      1,    13,  0.137595, 0.736197   ,     0,           0,       1,   0
train_regrasp_off.h5,     813,   434,         2,            3, 3           , -y  ,      1,    13,  0.125916, 1.011002   ,     0,           0,       1,   0
train_regrasp_off.h5,     814,   435,         0,            1, 1           , -x  ,      1,    21,  0.004602, 0.000254   ,     1,           1,       1,   1
train_regrasp_off.h5,     815,   436,         0,            0, 0           , +x  ,      1,    21,  0.00461 , 0.000321   ,     1,           1,       1,   1
train_regrasp_off.h5,     816,   436,         1,            1, 1           , -x  ,      1,    21,  0.004662, 0.000457   ,     1,           1,       1,   1
train_regrasp_off.h5,     817,   436,         2,            2, 2           , +y  ,      1,    21,  0.004687, 0.000616   ,     1,           1,       1,   1
train_regrasp_off.h5,     818,   437,         0,            3, 3           , -y  ,      1,    16,  0.055812, 0.251222   ,     0,           0,       1,   0
train_regrasp_off.h5,     819,   438,         0,            3, 3           , -y  ,      1,    21,  0.004658, 0.0        ,     1,           1,       1,   1
train_regrasp_off.h5,     820,   438,         1,            5, 5           , -z  ,      1,    21,  0.004898, 0.00099    ,     1,           1,       1,   1
train_regrasp_off.h5,     821,   439,         0,            0, 0           , +x  ,      1,    17,  0.056035, 0.040096   ,     0,           0,       1,   0
train_regrasp_off.h5,     822,   439,         1,            2, 2           , +y  ,      1,    21,  0.004545, 0.000197   ,     1,           1,       1,   1
train_regrasp_off.h5,     823,   439,         2,            5, 5           , -z  ,      1,    21,  0.004596, 0.000427   ,     1,           1,       1,   1
train_regrasp_off.h5,     824,   440,         0,            2, 2           , +y  ,      1,    21,  0.004646, 0.0        ,     1,           1,       1,   1
train_regrasp_off.h5,     825,   441,         0,            5, 5           , -z  ,      1,    21,  0.00493 , 0.001419   ,     1,           1,       1,   1
train_regrasp_off.h5,     826,   442,         0,            5, 5           , -z  ,      1,    21,  0.004582, 0.000402   ,     1,           1,       1,   1
train_regrasp_off.h5,     827,   443,         0,            0, 0           , +x  ,      1,    21,  0.004601, 0.000312   ,     1,           1,       1,   1
train_regrasp_off.h5,     828,   443,         1,            5, 5           , -z  ,      1,    21,  0.004549, 5.6e-05    ,     1,           1,       1,   1
train_regrasp_off.h5,     829,   444,         0,            2, 2           , +y  ,      1,    21,  0.004618, 0.00038    ,     1,           1,       1,   1
train_regrasp_off.h5,     830,   445,         0,            3, 3           , -y  ,      1,    16,  0.064997, 0.208099   ,     0,           0,       1,   0
train_regrasp_off.h5,     831,   445,         1,            5, 5           , -z  ,      1,    21,  0.00459 , 0.0        ,     1,           1,       1,   1
train_regrasp_off.h5,     832,   446,         0,            1, 1           , -x  ,      1,    17,  0.055919, 0.047759   ,     0,           0,       1,   0
train_regrasp_off.h5,     833,   446,         1,            5, 5           , -z  ,      1,    21,  0.004863, 0.00175    ,     1,           1,       1,   1
train_regrasp_off.h5,     834,   447,         0,            2, 2           , +y  ,      1,    21,  0.004553, 0.000759   ,     1,           1,       1,   1
train_regrasp_off.h5,     835,   448,         0,            5, 5           , -z  ,      1,    21,  0.004665, 0.000466   ,     1,           1,       1,   1
train_regrasp_off.h5,     836,   449,         0,            0, 0           , +x  ,      1,    21,  0.004589, 0.0        ,     1,           1,       1,   1
train_regrasp_off.h5,     837,   449,         1,            2, 2           , +y  ,      1,    21,  0.004564, 0.000446   ,     1,           1,       1,   1
train_regrasp_off.h5,     838,   449,         2,            3, 3           , -y  ,      1,    21,  0.004539, 0.000278   ,     1,           1,       1,   1
train_regrasp_off.h5,     839,   452,         0,            0, 0           , +x  ,      1,    15,  0.037459, 0.309187   ,     0,           0,       1,   0
train_regrasp_off.h5,     840,   452,         1,            1, 1           , -x  ,      1,    21,  0.004641, 0.000542   ,     1,           1,       1,   1
train_regrasp_off.h5,     841,   452,         2,            2, 2           , +y  ,      1,    21,  0.004879, 0.001276   ,     1,           1,       1,   1
train_regrasp_off.h5,     842,   452,         3,            5, 5           , -z  ,      1,    13,  0.209763, 0.864076   ,     0,           0,       1,   0
train_regrasp_off.h5,     843,   453,         0,            0, 0           , +x  ,      1,    21,  0.004548, 8.1e-05    ,     1,           1,       1,   1
train_regrasp_off.h5,     844,   453,         1,            1, 1           , -x  ,      1,    21,  0.004578, 0.0        ,     1,           1,       1,   1
train_regrasp_off.h5,     845,   453,         2,            2, 2           , +y  ,      1,    21,  0.004556, 0.000269   ,     1,           1,       1,   1
train_regrasp_off.h5,     846,   453,         3,            3, 3           , -y  ,      1,    21,  0.004575, 0.00019    ,     1,           1,       1,   1
train_regrasp_off.h5,     847,   453,         4,            5, 5           , -z  ,      1,    21,  0.004521, 0.000589   ,     1,           1,       1,   1
train_regrasp_off.h5,     848,   454,         0,            0, 0           , +x  ,      1,    14,  0.058889, 0.597818   ,     0,           0,       1,   0
train_regrasp_off.h5,     849,   454,         1,            1, 1           , -x  ,      1,    21,  0.00458 , 0.000108   ,     1,           1,       1,   1
train_regrasp_off.h5,     850,   454,         2,            2, 2           , +y  ,      1,    21,  0.004658, 6.1e-05    ,     1,           1,       1,   1
train_regrasp_off.h5,     851,   454,         3,            3, 3           , -y  ,      1,    21,  0.004515, 0.000379   ,     1,           1,       1,   1
train_regrasp_off.h5,     852,   454,         4,            5, 5           , -z  ,      1,    21,  0.004577, 0.000323   ,     1,           1,       1,   1
train_regrasp_off.h5,     853,   455,         0,            0, 0           , +x  ,      1,    17,  0.052495, 0.048887   ,     0,           0,       1,   0
train_regrasp_off.h5,     854,   455,         1,            1, 1           , -x  ,      1,    21,  0.004596, 0.000449   ,     1,           1,       1,   1
train_regrasp_off.h5,     855,   455,         2,            2, 2           , +y  ,      1,    21,  0.004537, 0.0        ,     1,           1,       1,   1
train_regrasp_off.h5,     856,   455,         3,            3, 3           , -y  ,      1,    21,  0.004572, 0.000243   ,     1,           1,       1,   1
train_regrasp_off.h5,     857,   456,         0,            0, 0           , +x  ,      1,    21,  0.004706, 0.000508   ,     1,           1,       1,   1
train_regrasp_off.h5,     858,   456,         1,            1, 1           , -x  ,      1,    21,  0.00465 , 0.000617   ,     1,           1,       1,   1
train_regrasp_off.h5,     859,   456,         2,            5, 5           , -z  ,      1,    21,  0.004273, 0.001752   ,     1,           1,       1,   1
train_regrasp_off.h5,     860,   457,         0,            0, 0           , +x  ,      1,    15,  0.098041, 0.490189   ,     0,           0,       1,   0
train_regrasp_off.h5,     861,   457,         1,            1, 1           , -x  ,      1,    21,  0.004511, 0.000333   ,     1,           1,       1,   1
train_regrasp_off.h5,     862,   457,         2,            2, 2           , +y  ,      1,    21,  0.004534, 0.000311   ,     1,           1,       1,   1
train_regrasp_off.h5,     863,   457,         3,            3, 3           , -y  ,      1,    21,  0.004573, 0.0        ,     1,           1,       1,   1
train_regrasp_off.h5,     864,   458,         0,            1, 1           , -x  ,      1,    21,  0.004568, 0.000258   ,     1,           1,       1,   1
train_regrasp_off.h5,     865,   458,         1,            2, 2           , +y  ,      1,    21,  0.004632, 0.000412   ,     1,           1,       1,   1
train_regrasp_off.h5,     866,   458,         2,            3, 3           , -y  ,      1,    14,  0.064029, 0.478959   ,     0,           0,       1,   0
train_regrasp_off.h5,     867,   458,         3,            5, 5           , -z  ,      1,    21,  0.005533, 0.001749   ,     1,           1,       1,   1
train_regrasp_off.h5,     868,   459,         0,            0, 0           , +x  ,      1,    21,  0.004517, 0.000517   ,     1,           1,       1,   1
train_regrasp_off.h5,     869,   459,         1,            2, 2           , +y  ,      1,    21,  0.004603, 0.0        ,     1,           1,       1,   1
train_regrasp_off.h5,     870,   459,         2,            5, 5           , -z  ,      1,    21,  0.004563, 0.00031    ,     1,           1,       1,   1
train_regrasp_off.h5,     871,   460,         0,            3, 3           , -y  ,      1,    14,  0.051257, 0.642559   ,     0,           0,       1,   0
train_regrasp_off.h5,     872,   460,         1,            5, 5           , -z  ,      1,    21,  0.004573, 0.000545   ,     1,           1,       1,   1
train_regrasp_off.h5,     873,   462,         0,            0, 0           , +x  ,      1,    21,  0.004544, 0.000386   ,     1,           1,       1,   1
train_regrasp_off.h5,     874,   462,         1,            1, 1           , -x  ,      1,    21,  0.004709, 0.000763   ,     1,           1,       1,   1
train_regrasp_off.h5,     875,   464,         0,            2, 2           , +y  ,      1,    21,  0.004567, 0.0        ,     1,           1,       1,   1
train_regrasp_off.h5,     876,   464,         1,            3, 3           , -y  ,      1,    16,  0.044334, 0.189832   ,     0,           0,       1,   0
train_regrasp_off.h5,     877,   465,         0,            2, 2           , +y  ,      1,    21,  0.004657, 0.000219   ,     1,           1,       1,   1
train_regrasp_off.h5,     878,   465,         1,            3, 3           , -y  ,      1,    21,  0.004572, 0.000521   ,     1,           1,       1,   1
train_regrasp_off.h5,     879,   466,         0,            0, 0           , +x  ,      1,    21,  0.004544, 0.000385   ,     1,           1,       1,   1
train_regrasp_off.h5,     880,   466,         1,            2, 2           , +y  ,      1,    21,  0.004557, 0.000234   ,     1,           1,       1,   1
train_regrasp_off.h5,     881,   466,         2,            3, 3           , -y  ,      1,    21,  0.004611, 0.0        ,     1,           1,       1,   1
train_regrasp_off.h5,     882,   466,         3,            5, 5           , -z  ,      1,    21,  0.004626, 0.000225   ,     1,           1,       1,   1
train_regrasp_off.h5,     883,   467,         0,            0, 2           , +x  ,      0,    21,  0.004606, 0.0        ,     1,           1,       0,   0
train_regrasp_off.h5,     884,   467,         1,            1, 1           , -x  ,      1,    21,  0.004626, 0.0        ,     1,           1,       1,   1
train_regrasp_off.h5,     885,   467,         2,            2, 2           , +y  ,      0,    21,  0.004606, 0.0        ,     1,           1,       0,   0
train_regrasp_off.h5,     886,   467,         3,            3, 3           , -y  ,      1,    21,  0.004632, 0.000279   ,     1,           1,       1,   1
train_regrasp_off.h5,     887,   467,         4,            5, 5           , -z  ,      1,    16,  0.058924, 0.221049   ,     0,           0,       1,   0
train_regrasp_off.h5,     888,   468,         0,            0, 0           , +x  ,      1,    16,  0.052141, 0.290837   ,     0,           0,       1,   0
train_regrasp_off.h5,     889,   468,         1,            2, 2           , +y  ,      1,    14,  0.062353, 0.437975   ,     0,           0,       1,   0
train_regrasp_off.h5,     890,   468,         2,            3, 3           , -y  ,      1,    18,  0.045877, 0.022746   ,     0,           0,       1,   0
train_regrasp_off.h5,     891,   468,         3,            4, 4           , +z  ,      1,    21,  0.004778, 0.000802   ,     1,           1,       1,   1
train_regrasp_off.h5,     892,   469,         0,            1, 1           , -x  ,      1,    21,  0.004515, 0.000224   ,     1,           1,       1,   1
train_regrasp_off.h5,     893,   469,         1,            3, 3           , -y  ,      1,    12,  0.111343, 0.924623   ,     0,           0,       1,   0
train_regrasp_off.h5,     894,   469,         2,            4, 4           , +z  ,      1,    21,  0.004579, 0.000254   ,     1,           1,       1,   1
train_regrasp_off.h5,     895,   470,         0,            1, 1           , -x  ,      1,    21,  0.004609, 0.0        ,     1,           1,       1,   1
train_regrasp_off.h5,     896,   470,         1,            2, 2           , +y  ,      1,    21,  0.004616, 0.0        ,     1,           1,       1,   1
train_regrasp_off.h5,     897,   471,         0,            1, 1           , -x  ,      1,    21,  0.0046  , 0.0        ,     1,           1,       1,   1
train_regrasp_off.h5,     898,   471,         1,            2, 2           , +y  ,      1,    21,  0.004555, 0.0        ,     1,           1,       1,   1
train_regrasp_off.h5,     899,   471,         2,            4, 4           , +z  ,      1,    21,  0.004582, 0.0        ,     1,           1,       1,   1
train_regrasp_off.h5,     900,   472,         0,            3, 3           , -y  ,      1,    21,  0.0046  , 0.0        ,     1,           1,       1,   1
train_regrasp_off.h5,     901,   473,         0,            3, 3           , -y  ,      1,    21,  0.004517, 0.000167   ,     1,           1,       1,   1
train_regrasp_off.h5,     902,   474,         0,            1, 1           , -x  ,      1,    21,  0.004614, 0.000258   ,     1,           1,       1,   1
train_regrasp_off.h5,     903,   475,         0,            1, 1           , -x  ,      1,    21,  0.00461 , 0.000518   ,     1,           1,       1,   1
train_regrasp_off.h5,     904,   480,         0,            3, 3           , -y  ,      1,    21,  0.004539, 0.000865   ,     1,           1,       1,   1
train_regrasp_off.h5,     905,   480,         1,            5, 5           , -z  ,      1,    21,  0.004561, 0.000381   ,     1,           1,       1,   1
train_regrasp_off.h5,     906,   481,         0,            1, 1           , -x  ,      1,    21,  0.004645, 0.0        ,     1,           1,       1,   1
train_regrasp_off.h5,     907,   481,         1,            2, 2           , +y  ,      1,    21,  0.004613, 0.000595   ,     1,           1,       1,   1
train_regrasp_off.h5,     908,   482,         0,            0, 0           , +x  ,      1,    21,  0.00458 , 0.0        ,     1,           1,       1,   1
train_regrasp_off.h5,     909,   482,         1,            3, 3           , -y  ,      1,    21,  0.004679, 0.000396   ,     1,           1,       1,   1
train_regrasp_off.h5,     910,   483,         0,            0, 0           , +x  ,      1,    19,  0.037147, 0.001855   ,     0,           0,       1,   0
train_regrasp_off.h5,     911,   483,         1,            1, 1           , -x  ,      1,    18,  0.048756, 0.019375   ,     0,           0,       1,   0
train_regrasp_off.h5,     912,   483,         2,            2, 2           , +y  ,      1,    21,  0.004621, 0.00051    ,     1,           1,       1,   1
train_regrasp_off.h5,     913,   483,         3,            5, 5           , -z  ,      1,    21,  0.004551, 0.0        ,     1,           1,       1,   1
train_regrasp_off.h5,     914,   484,         0,            0, 0           , +x  ,      1,    21,  0.004569, 0.000411   ,     1,           1,       1,   1
train_regrasp_off.h5,     915,   484,         1,            3, 3           , -y  ,      1,    13,  0.303618, 1.019521   ,     0,           0,       1,   0
train_regrasp_off.h5,     916,   485,         0,            0, 0           , +x  ,      1,    21,  0.004561, 0.000282   ,     1,           1,       1,   1
train_regrasp_off.h5,     917,   485,         1,            1, 1           , -x  ,      1,    21,  0.004606, 0.000581   ,     1,           1,       1,   1
train_regrasp_off.h5,     918,   485,         2,            2, 2           , +y  ,      1,    21,  0.004795, 0.000598   ,     1,           1,       1,   1
train_regrasp_off.h5,     919,   485,         3,            3, 3           , -y  ,      1,    16,  0.051138, 0.306452   ,     0,           0,       1,   0
train_regrasp_off.h5,     920,   485,         4,            5, 5           , -z  ,      1,    21,  0.004568, 9e-05      ,     1,           1,       1,   1
train_regrasp_off.h5,     921,   486,         0,            0, 0           , +x  ,      1,    14,  0.092104, 0.67206    ,     0,           0,       1,   0
train_regrasp_off.h5,     922,   486,         1,            2, 2           , +y  ,      1,    17,  0.056125, 0.069767   ,     0,           0,       1,   0
train_regrasp_off.h5,     923,   486,         2,            3, 3           , -y  ,      1,    21,  0.004606, 0.0        ,     1,           1,       1,   1
train_regrasp_off.h5,     924,   487,         0,            0, 0           , +x  ,      1,    21,  0.004604, 0.0        ,     1,           1,       1,   1
train_regrasp_off.h5,     925,   487,         1,            5, 5           , -z  ,      1,    16,  0.099434, 0.177334   ,     0,           0,       1,   0
train_regrasp_off.h5,     926,   488,         0,            1, 1           , -x  ,      1,    21,  0.004578, 0.000509   ,     1,           1,       1,   1
train_regrasp_off.h5,     927,   489,         0,            0, 0           , +x  ,      1,    15,  0.042647, 0.226256   ,     0,           0,       1,   0
train_regrasp_off.h5,     928,   490,         0,            0, 0           , +x  ,      1,    21,  0.004673, 0.000785   ,     1,           1,       1,   1
train_regrasp_off.h5,     929,   491,         0,            5, 5           , -z  ,      1,    21,  0.004564, 0.00054    ,     1,           1,       1,   1
train_regrasp_off.h5,     930,   492,         0,            2, 2           , +y  ,      1,    21,  0.004646, 8.5e-05    ,     1,           1,       1,   1
train_regrasp_off.h5,     931,   492,         1,            3, 3           , -y  ,      1,    13,  0.115852, 0.949274   ,     0,           0,       1,   0
train_regrasp_off.h5,     932,   492,         2,            5, 5           , -z  ,      1,    21,  0.004585, 0.000348   ,     1,           1,       1,   1
train_regrasp_off.h5,     933,   493,         0,            0, 0           , +x  ,      1,    21,  0.004549, 0.000347   ,     1,           1,       1,   1
train_regrasp_off.h5,     934,   493,         1,            1, 1           , -x  ,      1,    21,  0.004603, 0.0        ,     1,           1,       1,   1
train_regrasp_off.h5,     935,   493,         2,            2, 2           , +y  ,      1,    21,  0.004579, 0.000542   ,     1,           1,       1,   1
train_regrasp_off.h5,     936,   493,         3,            3, 3           , -y  ,      1,    21,  0.004571, 0.000186   ,     1,           1,       1,   1
train_regrasp_off.h5,     937,   493,         4,            4, 4           , +z  ,      1,    21,  0.004549, 0.0        ,     1,           1,       1,   1
train_regrasp_off.h5,     938,   493,         5,            5, 5           , -z  ,      1,    21,  0.004617, 0.000586   ,     1,           1,       1,   1
train_regrasp_off.h5,     939,   494,         0,            0, 0           , +x  ,      1,    21,  0.004577, 0.000255   ,     1,           1,       1,   1
train_regrasp_off.h5,     940,   494,         1,            2, 2           , +y  ,      1,    21,  0.004561, 0.000409   ,     1,           1,       1,   1
train_regrasp_off.h5,     941,   494,         2,            3, 3           , -y  ,      1,    21,  0.004493, 0.000311   ,     1,           1,       1,   1
train_regrasp_off.h5,     942,   494,         3,            5, 5           , -z  ,      1,    21,  0.004666, 0.000556   ,     1,           1,       1,   1
train_regrasp_off.h5,     943,   495,         0,            5, 5           , -z  ,      1,    21,  0.004556, 0.00059    ,     1,           1,       1,   1
train_regrasp_off.h5,     944,   496,         0,            1, 1           , -x  ,      1,    14,  0.076375, 0.564511   ,     0,           0,       1,   0
train_regrasp_off.h5,     945,   496,         1,            4, 4           , +z  ,      1,    21,  0.004589, 0.000325   ,     1,           1,       1,   1
train_regrasp_off.h5,     946,   496,         2,            5, 5           , -z  ,      1,    21,  0.004563, 0.000133   ,     1,           1,       1,   1
train_regrasp_off.h5,     947,   497,         0,            0, 0           , +x  ,      1,    21,  0.010907, 0.083176   ,     1,           1,       1,   1
train_regrasp_off.h5,     948,   497,         1,            3, 3           , -y  ,      1,    16,  0.058725, 0.238143   ,     0,           0,       1,   0
train_regrasp_off.h5,     949,   498,         0,            0, 0           , +x  ,      1,    21,  0.00457 , 0.0        ,     1,           1,       1,   1
train_regrasp_off.h5,     950,   499,         0,            0, 0           , +x  ,      1,    14,  0.213654, 0.711324   ,     0,           0,       1,   0
train_regrasp_off.h5,     951,   499,         1,            1, 1           , -x  ,      1,    21,  0.004498, 0.000488   ,     1,           1,       1,   1
train_regrasp_off.h5,     952,   499,         2,            5, 5           , -z  ,      1,    15,  0.111313, 0.574422   ,     0,           0,       1,   0
train_regrasp_off.h5,     953,   500,         0,            1, 1           , -x  ,      1,    21,  0.004658, 0.000674   ,     1,           1,       1,   1
train_regrasp_off.h5,     954,   502,         0,            2, 2           , +y  ,      1,    21,  0.004653, 0.0        ,     1,           1,       1,   1
train_regrasp_off.h5,     955,   502,         1,            3, 3           , -y  ,      1,    21,  0.00479 , 0.000566   ,     1,           1,       1,   1
train_regrasp_off.h5,     956,   503,         0,            1, 1           , -x  ,      1,    21,  0.004576, 0.000112   ,     1,           1,       1,   1
train_regrasp_off.h5,     957,   504,         0,            0, 0           , +x  ,      1,    21,  0.004624, 0.000579   ,     1,           1,       1,   1
train_regrasp_off.h5,     958,   504,         1,            3, 3           , -y  ,      1,    21,  0.003849, 0.001284   ,     1,           1,       1,   1
train_regrasp_off.h5,     959,   505,         0,            1, 1           , -x  ,      1,    21,  0.004568, 0.0        ,     1,           1,       1,   1
train_regrasp_off.h5,     960,   506,         0,            0, 0           , +x  ,      1,    17,  0.06432 , 0.046563   ,     0,           0,       1,   0
train_regrasp_off.h5,     961,   506,         1,            2, 2           , +y  ,      1,    21,  0.004549, 0.0        ,     1,           1,       1,   1
train_regrasp_off.h5,     962,   507,         0,            1, 1           , -x  ,      1,    21,  0.004718, 0.0        ,     1,           1,       1,   1
train_regrasp_off.h5,     963,   507,         1,            2, 2           , +y  ,      1,     8,  0.071554, 1.651729   ,     0,           0,       1,   0
train_regrasp_off.h5,     964,   507,         2,            3, 3           , -y  ,      1,    21,  0.00462 , 0.000441   ,     1,           1,       1,   1
train_regrasp_off.h5,     965,   508,         0,            2, 2           , +y  ,      1,    21,  0.004642, 0.00093    ,     1,           1,       1,   1
train_regrasp_off.h5,     966,   508,         1,            3, 3           , -y  ,      1,    21,  0.004589, 0.001406   ,     1,           1,       1,   1
train_regrasp_off.h5,     967,   508,         2,            5, 5           , -z  ,      1,    21,  0.004619, 0.000371   ,     1,           1,       1,   1
train_regrasp_off.h5,     968,   509,         0,            1, 1           , -x  ,      1,    21,  0.004658, 0.000315   ,     1,           1,       1,   1
train_regrasp_off.h5,     969,   509,         1,            4, 4           , +z  ,      1,    21,  0.004577, 0.000363   ,     1,           1,       1,   1
train_regrasp_off.h5,     970,   510,         0,            2, 2           , +y  ,      1,    21,  0.00452 , 5.2e-05    ,     1,           1,       1,   1
train_regrasp_off.h5,     971,   511,         0,            2, 2           , +y  ,      1,    21,  0.004567, 0.0        ,     1,           1,       1,   1
train_regrasp_off.h5,     972,   511,         1,            5, 5           , -z  ,      1,    21,  0.004709, 0.000631   ,     1,           1,       1,   1
train_regrasp_off.h5,     973,   512,         0,            0, 0           , +x  ,      1,    21,  0.004576, 0.0        ,     1,           1,       1,   1
train_regrasp_off.h5,     974,   512,         1,            2, 2           , +y  ,      1,    21,  0.004557, 0.000145   ,     1,           1,       1,   1
train_regrasp_off.h5,     975,   512,         2,            5, 5           , -z  ,      1,    21,  0.004541, 0.000446   ,     1,           1,       1,   1
train_regrasp_off.h5,     976,   514,         0,            0, 0           , +x  ,      1,    21,  0.004563, 0.0        ,     1,           1,       1,   1
train_regrasp_off.h5,     977,   514,         1,            5, 5           , -z  ,      1,    21,  0.005002, 0.000786   ,     1,           1,       1,   1
train_regrasp_off.h5,     978,   515,         0,            0, 0           , +x  ,      1,    21,  0.004531, 0.000449   ,     1,           1,       1,   1
train_regrasp_off.h5,     979,   515,         1,            5, 5           , -z  ,      1,    21,  0.004555, 0.000568   ,     1,           1,       1,   1
train_regrasp_off.h5,     980,   516,         0,            3, 3           , -y  ,      1,    14,  0.05867 , 0.554286   ,     0,           0,       1,   0
train_regrasp_off.h5,     981,   516,         1,            5, 5           , -z  ,      1,    21,  0.004624, 0.000456   ,     1,           1,       1,   1
train_regrasp_off.h5,     982,   517,         0,            4, 4           , +z  ,      1,    21,  0.004567, 0.000256   ,     1,           1,       1,   1
train_regrasp_off.h5,     983,   518,         0,            2, 2           , +y  ,      1,    21,  0.004591, 0.000494   ,     1,           1,       1,   1
train_regrasp_off.h5,     984,   519,         0,            4, 4           , +z  ,      1,    21,  0.004514, 0.000327   ,     1,           1,       1,   1
train_regrasp_off.h5,     985,   519,         1,            5, 5           , -z  ,      1,    21,  0.004583, 0.0        ,     1,           1,       1,   1
train_regrasp_off.h5,     986,   520,         0,            0, 0           , +x  ,      1,    14,  0.043216, 0.746119   ,     0,           0,       1,   0
train_regrasp_off.h5,     987,   520,         1,            2, 2           , +y  ,      1,    13,  0.207355, 0.82868    ,     0,           0,       1,   0
train_regrasp_off.h5,     988,   520,         2,            3, 3           , -y  ,      1,    21,  0.004579, 0.000378   ,     1,           1,       1,   1
train_regrasp_off.h5,     989,   521,         0,            0, 0           , +x  ,      1,    21,  0.004591, 0.0        ,     1,           1,       1,   1
train_regrasp_off.h5,     990,   521,         1,            2, 2           , +y  ,      1,    21,  0.00457 , 0.000706   ,     1,           1,       1,   1
train_regrasp_off.h5,     991,   522,         0,            0, 0           , +x  ,      1,    21,  0.004648, 0.000324   ,     1,           1,       1,   1
train_regrasp_off.h5,     992,   522,         1,            2, 2           , +y  ,      1,    10,  0.037508, 1.167137   ,     0,           0,       1,   0
train_regrasp_off.h5,     993,   522,         2,            3, 3           , -y  ,      1,    21,  0.004578, 0.000488   ,     1,           1,       1,   1
train_regrasp_off.h5,     994,   522,         3,            5, 5           , -z  ,      1,    18,  0.047917, 0.013218   ,     0,           0,       1,   0
train_regrasp_off.h5,     995,   523,         0,            0, 0           , +x  ,      1,    21,  0.004532, 0.000336   ,     1,           1,       1,   1
train_regrasp_off.h5,     996,   523,         1,            2, 2           , +y  ,      1,    21,  0.004578, 0.000398   ,     1,           1,       1,   1
train_regrasp_off.h5,     997,   523,         2,            3, 3           , -y  ,      1,    21,  0.004624, 0.000211   ,     1,           1,       1,   1
train_regrasp_off.h5,     998,   523,         3,            5, 5           , -z  ,      1,    21,  0.004591, 0.0        ,     1,           1,       1,   1
train_regrasp_off.h5,     999,   524,         0,            0, 0           , +x  ,      1,    21,  0.004567, 0.000148   ,     1,           1,       1,   1
train_regrasp_off.h5,    1000,   524,         1,            2, 2           , +y  ,      1,    21,  0.004921, 0.000634   ,     1,           1,       1,   1
train_regrasp_off.h5,    1001,   524,         2,            3, 3           , -y  ,      1,    13,  0.075986, 0.838048   ,     0,           0,       1,   0
train_regrasp_off.h5,    1002,   524,         3,            5, 5           , -z  ,      1,    21,  0.00468 , 0.001051   ,     1,           1,       1,   1
train_regrasp_off.h5,    1003,   525,         0,            0, 0           , +x  ,      1,    21,  0.004632, 0.00056    ,     1,           1,       1,   1
train_regrasp_off.h5,    1004,   525,         1,            1, 1           , -x  ,      1,    12,  0.087613, 0.824653   ,     0,           0,       1,   0
train_regrasp_off.h5,    1005,   525,         2,            3, 3           , -y  ,      1,    21,  0.004539, 0.0        ,     1,           1,       1,   1
train_regrasp_off.h5,    1006,   525,         3,            5, 5           , -z  ,      1,    21,  0.00455 , 0.0        ,     1,           1,       1,   1
train_regrasp_off.h5,    1007,   526,         0,            0, 0           , +x  ,      1,    21,  0.004614, 0.001233   ,     1,           1,       1,   1
train_regrasp_off.h5,    1008,   526,         1,            2, 2           , +y  ,      1,    13,  0.040811, 0.727061   ,     0,           0,       1,   0
train_regrasp_off.h5,    1009,   526,         2,            3, 3           , -y  ,      1,    21,  0.004301, 0.000582   ,     1,           1,       1,   1
train_regrasp_off.h5,    1010,   526,         3,            5, 5           , -z  ,      1,    21,  0.004559, 0.00034    ,     1,           1,       1,   1
train_regrasp_off.h5,    1011,   527,         0,            0, 0           , +x  ,      1,    20,  0.020463, 0.000532   ,     0,           0,       1,   0
train_regrasp_off.h5,    1012,   527,         1,            2, 2           , +y  ,      1,    21,  0.004609, 0.0        ,     1,           1,       1,   1
train_regrasp_off.h5,    1013,   527,         2,            3, 3           , -y  ,      1,    21,  0.004632, 0.000557   ,     1,           1,       1,   1
train_regrasp_off.h5,    1014,   527,         3,            5, 5           , -z  ,      1,    21,  0.004557, 0.000229   ,     1,           1,       1,   1
train_regrasp_off.h5,    1015,   528,         0,            0, 0           , +x  ,      1,    18,  0.053238, 0.003739   ,     0,           0,       1,   0
train_regrasp_off.h5,    1016,   528,         1,            3, 3           , -y  ,      1,    21,  0.004574, 0.0        ,     1,           1,       1,   1
train_regrasp_off.h5,    1017,   528,         2,            5, 5           , -z  ,      1,    21,  0.004681, 0.000804   ,     1,           1,       1,   1
train_regrasp_off.h5,    1018,   529,         0,            0, 0           , +x  ,      1,     9,  0.092292, 0.296308   ,     0,           0,       1,   0
train_regrasp_off.h5,    1019,   529,         1,            3, 3           , -y  ,      1,    21,  0.004522, 3.4e-05    ,     1,           1,       1,   1
train_regrasp_off.h5,    1020,   529,         2,            5, 5           , -z  ,      1,    21,  0.00459 , 0.000633   ,     1,           1,       1,   1
train_regrasp_off.h5,    1021,   530,         0,            0, 0           , +x  ,      1,    21,  0.004564, 0.000551   ,     1,           1,       1,   1
train_regrasp_off.h5,    1022,   530,         1,            1, 1           , -x  ,      1,    19,  0.036353, 0.000834   ,     0,           0,       1,   0
train_regrasp_off.h5,    1023,   530,         2,            2, 2           , +y  ,      1,    21,  0.00453 , 0.000502   ,     1,           1,       1,   1
train_regrasp_off.h5,    1024,   530,         3,            5, 5           , -z  ,      1,    21,  0.004588, 0.001263   ,     1,           1,       1,   1
train_regrasp_off.h5,    1025,   531,         0,            0, 0           , +x  ,      1,    20,  0.020635, 0.0        ,     0,           0,       1,   0
train_regrasp_off.h5,    1026,   531,         1,            1, 1           , -x  ,      1,    21,  0.004915, 0.001835   ,     1,           1,       1,   1
train_regrasp_off.h5,    1027,   531,         2,            5, 5           , -z  ,      1,    21,  0.004577, 0.000161   ,     1,           1,       1,   1
train_regrasp_off.h5,    1028,   532,         0,            0, 0           , +x  ,      1,    21,  0.004475, 0.000618   ,     1,           1,       1,   1
train_regrasp_off.h5,    1029,   532,         1,            2, 2           , +y  ,      1,    21,  0.004675, 0.000411   ,     1,           1,       1,   1
train_regrasp_off.h5,    1030,   533,         0,            2, 2           , +y  ,      1,    21,  0.004643, 0.000358   ,     1,           1,       1,   1
train_regrasp_off.h5,    1031,   533,         1,            3, 3           , -y  ,      1,    14,  0.025694, 0.268328   ,     0,           0,       1,   0
train_regrasp_off.h5,    1032,   533,         2,            5, 5           , -z  ,      1,    21,  0.004548, 0.000136   ,     1,           1,       1,   1
train_regrasp_off.h5,    1033,   534,         0,            2, 2           , +y  ,      1,    21,  0.004495, 0.001221   ,     1,           1,       1,   1
train_regrasp_off.h5,    1034,   534,         1,            5, 5           , -z  ,      1,    21,  0.004577, 0.0        ,     1,           1,       1,   1
train_regrasp_off.h5,    1035,   535,         0,            1, 1           , -x  ,      1,    11,  0.045911, 0.887022   ,     0,           0,       1,   0
train_regrasp_off.h5,    1036,   536,         0,            0, 0           , +x  ,      1,    21,  0.004566, 0.000189   ,     1,           1,       1,   1
train_regrasp_off.h5,    1037,   536,         1,            1, 1           , -x  ,      1,    12,  0.170815, 1.399556   ,     0,           0,       1,   0
train_regrasp_off.h5,    1038,   536,         2,            2, 1           , +y  ,      1,    12,  0.059192, 0.735129   ,     0,           0,       0,   0
train_regrasp_off.h5,    1039,   537,         0,            0, 0           , +x  ,      1,    21,  0.004537, 0.000323   ,     1,           1,       1,   1
train_regrasp_off.h5,    1040,   537,         1,            5, 5           , -z  ,      1,     9,  0.066242, 0.962139   ,     0,           0,       1,   0
train_regrasp_off.h5,    1041,   538,         0,            0, 0           , +x  ,      1,    21,  0.004635, 0.000186   ,     1,           1,       1,   1
train_regrasp_off.h5,    1042,   538,         1,            2, 2           , +y  ,      1,    21,  0.004522, 0.0        ,     1,           1,       1,   1
train_regrasp_off.h5,    1043,   538,         2,            5, 5           , -z  ,      1,    21,  0.004461, 0.002013   ,     1,           1,       1,   1
train_regrasp_off.h5,    1044,   539,         0,            0, 0           , +x  ,      1,    21,  0.004522, 0.0        ,     1,           1,       1,   1
train_regrasp_off.h5,    1045,   539,         1,            1, -1          , -x  ,      1,    21,  0.00455 , 0.000469   ,     1,           1,       0,   0
train_regrasp_off.h5,    1046,   539,         2,            2, 2           , +y  ,      1,     9,  0.072087, 0.96496    ,     0,           0,       1,   0
train_regrasp_off.h5,    1047,   540,         0,            1, 1           , -x  ,      1,    21,  0.00465 , 0.0        ,     1,           1,       1,   1
train_regrasp_off.h5,    1048,   540,         1,            3, 3           , -y  ,      1,    11,  0.173119, 0.78494    ,     0,           0,       1,   0
train_regrasp_off.h5,    1049,   541,         0,            0, 0           , +x  ,      1,    21,  0.004646, 0.000523   ,     1,           1,       1,   1
train_regrasp_off.h5,    1050,   541,         1,            1, 1           , -x  ,      1,    15,  0.063675, 0.183532   ,     0,           0,       1,   0
train_regrasp_off.h5,    1051,   541,         2,            3, 3           , -y  ,      1,    21,  0.004581, 0.000373   ,     1,           1,       1,   1
train_regrasp_off.h5,    1052,   541,         3,            4, 4           , +z  ,      1,    21,  0.004556, 0.0005     ,     1,           1,       1,   1
train_regrasp_off.h5,    1053,   542,         0,            0, 0           , +x  ,      1,    21,  0.004597, 0.000669   ,     1,           1,       1,   1
train_regrasp_off.h5,    1054,   542,         1,            2, 2           , +y  ,      1,    12,  0.085618, 0.64525    ,     0,           0,       1,   0
train_regrasp_off.h5,    1055,   542,         2,            5, 5           , -z  ,      1,    21,  0.004627, 0.000449   ,     1,           1,       1,   1
train_regrasp_off.h5,    1056,   543,         0,            1, 1           , -x  ,      1,    21,  0.004513, 0.000515   ,     1,           1,       1,   1
train_regrasp_off.h5,    1057,   544,         0,            3, 3           , -y  ,      1,     8,  0.129715, 1.456003   ,     0,           0,       1,   0
train_regrasp_off.h5,    1058,   545,         0,            4, 4           , +z  ,      1,    21,  0.004507, 0.001224   ,     1,           1,       1,   1
train_regrasp_off.h5,    1059,   546,         0,            3, 3           , -y  ,      1,    21,  0.004599, 0.000563   ,     1,           1,       1,   1
train_regrasp_off.h5,    1060,   547,         0,            4, 4           , +z  ,      1,    21,  0.004583, 0.0        ,     1,           1,       1,   1
train_regrasp_off.h5,    1061,   552,         0,            2, 2           , +y  ,      1,     9,  0.065128, 1.301102   ,     0,           0,       1,   0
train_regrasp_off.h5,    1062,   553,         0,            2, 2           , +y  ,      1,    21,  0.004581, 0.0        ,     1,           1,       1,   1
train_regrasp_off.h5,    1063,   553,         1,            3, 3           , -y  ,      1,    21,  0.004556, 0.0        ,     1,           1,       1,   1
train_regrasp_off.h5,    1064,   553,         2,            5, 5           , -z  ,      1,    21,  0.004529, 0.0        ,     1,           1,       1,   1
train_regrasp_off.h5,    1065,   554,         0,            0, 0           , +x  ,      1,    20,  0.020639, 0.000648   ,     0,           0,       1,   0
train_regrasp_off.h5,    1066,   554,         1,            1, 1           , -x  ,      1,    10,  0.090533, 1.076318   ,     0,           0,       1,   0
train_regrasp_off.h5,    1067,   554,         2,            2, 2           , +y  ,      1,    21,  0.004654, 0.000551   ,     1,           1,       1,   1
train_regrasp_off.h5,    1068,   554,         3,            3, 3           , -y  ,      1,    21,  0.00458 , 0.000368   ,     1,           1,       1,   1
train_regrasp_off.h5,    1069,   554,         4,            5, 5           , -z  ,      1,    20,  0.020465, 0.000669   ,     0,           0,       1,   0
train_regrasp_off.h5,    1070,   555,         0,            0, 0           , +x  ,      1,    18,  0.054985, 0.008743   ,     0,           0,       1,   0
train_regrasp_off.h5,    1071,   555,         1,            1, 1           , -x  ,      1,    21,  0.00517 , 0.001462   ,     1,           1,       1,   1
train_regrasp_off.h5,    1072,   555,         2,            2, 2           , +y  ,      1,    21,  0.004661, 0.000501   ,     1,           1,       1,   1
train_regrasp_off.h5,    1073,   555,         3,            3, 3           , -y  ,      1,     9,  0.030396, 1.199334   ,     0,           0,       1,   0
train_regrasp_off.h5,    1074,   556,         0,            0, 0           , +x  ,      1,    21,  0.004634, 0.000534   ,     1,           1,       1,   1
train_regrasp_off.h5,    1075,   556,         1,            1, 1           , -x  ,      1,    21,  0.004508, 0.000277   ,     1,           1,       1,   1
train_regrasp_off.h5,    1076,   556,         2,            5, 5           , -z  ,      1,    14,  0.085808, 0.579904   ,     0,           0,       1,   0
train_regrasp_off.h5,    1077,   557,         0,            0, 0           , +x  ,      1,    15,  0.078571, 0.381307   ,     0,           0,       1,   0
train_regrasp_off.h5,    1078,   557,         1,            1, 1           , -x  ,      1,    14,  0.044574, 0.668653   ,     0,           0,       1,   0
train_regrasp_off.h5,    1079,   557,         2,            2, 2           , +y  ,      1,    16,  0.025743, 0.24703    ,     0,           0,       1,   0
train_regrasp_off.h5,    1080,   557,         3,            3, 3           , -y  ,      1,    11,  0.202572, 1.308339   ,     0,           0,       1,   0
train_regrasp_off.h5,    1081,   558,         0,            0, 0           , +x  ,      1,    21,  0.004436, 0.000575   ,     1,           1,       1,   1
train_regrasp_off.h5,    1082,   558,         1,            2, 2           , +y  ,      1,    21,  0.004552, 0.000448   ,     1,           1,       1,   1
train_regrasp_off.h5,    1083,   558,         2,            5, 5           , -z  ,      1,    21,  0.004492, 0.003561   ,     1,           1,       1,   1
train_regrasp_off.h5,    1084,   559,         0,            0, 0           , +x  ,      1,    21,  0.00457 , 0.0        ,     1,           1,       1,   1
train_regrasp_off.h5,    1085,   559,         1,            2, 2           , +y  ,      1,    21,  0.004588, 0.0        ,     1,           1,       1,   1
train_regrasp_off.h5,    1086,   559,         2,            5, 5           , -z  ,      1,    21,  0.004214, 0.002145   ,     1,           1,       1,   1
train_regrasp_off.h5,    1087,   561,         0,            0, 0           , +x  ,      1,     9,  0.038737, 1.468203   ,     0,           0,       1,   0
train_regrasp_off.h5,    1088,   563,         0,            2, 2           , +y  ,      1,    21,  0.004614, 0.0        ,     1,           1,       1,   1
train_regrasp_off.h5,    1089,   564,         0,            0, 0           , +x  ,      1,    21,  0.004582, 0.0        ,     1,           1,       1,   1
train_regrasp_off.h5,    1090,   564,         1,            3, 3           , -y  ,      1,    12,  0.086504, 0.93316    ,     0,           0,       1,   0
train_regrasp_off.h5,    1091,   564,         2,            5, 5           , -z  ,      1,    21,  0.004607, 0.000805   ,     1,           1,       1,   1
train_regrasp_off.h5,    1092,   565,         0,            0, 0           , +x  ,      1,    21,  0.004641, 0.00021    ,     1,           1,       1,   1
train_regrasp_off.h5,    1093,   565,         1,            1, 1           , -x  ,      1,    21,  0.004553, 0.000633   ,     1,           1,       1,   1
train_regrasp_off.h5,    1094,   566,         0,            2, 2           , +y  ,      1,    11,  0.189447, 1.481888   ,     0,           0,       1,   0
train_regrasp_off.h5,    1095,   566,         1,            3, 3           , -y  ,      1,    21,  0.004581, 0.0        ,     1,           1,       1,   1
train_regrasp_off.h5,    1096,   566,         2,            5, 5           , -z  ,      1,    21,  0.004792, 0.000751   ,     1,           1,       1,   1
train_regrasp_off.h5,    1097,   567,         0,            0, 0           , +x  ,      1,    21,  0.004621, 0.001206   ,     1,           1,       1,   1
train_regrasp_off.h5,    1098,   567,         1,            2, 2           , +y  ,      1,    21,  0.004526, 0.0        ,     1,           1,       1,   1
train_regrasp_off.h5,    1099,   568,         0,            4, 4           , +z  ,      1,     9,  0.138127, 2.048434   ,     0,           0,       1,   0
train_regrasp_off.h5,    1100,   568,         1,            5, 5           , -z  ,      1,    14,  0.0795  , 0.66809    ,     0,           0,       1,   0
train_regrasp_off.h5,    1101,   569,         0,            2, 2           , +y  ,      1,    21,  0.00591 , 0.005644   ,     1,           1,       1,   1
train_regrasp_off.h5,    1102,   570,         0,            0, 0           , +x  ,      1,    21,  0.00457 , 0.000101   ,     1,           1,       1,   1
train_regrasp_off.h5,    1103,   570,         1,            1, 1           , -x  ,      1,    21,  0.004541, 0.000327   ,     1,           1,       1,   1
train_regrasp_off.h5,    1104,   570,         2,            2, 2           , +y  ,      1,    13,  0.081777, 1.111144   ,     0,           0,       1,   0
train_regrasp_off.h5,    1105,   571,         0,            0, 0           , +x  ,      1,     9,  0.032709, 1.298937   ,     0,           0,       1,   0
train_regrasp_off.h5,    1106,   571,         1,            2, 2           , +y  ,      1,     7,  0.094715, 1.884984   ,     0,           0,       1,   0
train_regrasp_off.h5,    1107,   571,         2,            3, 3           , -y  ,      1,    21,  0.004553, 0.0        ,     1,           1,       1,   1
train_regrasp_off.h5,    1108,   571,         3,            5, 5           , -z  ,      1,    12,  0.131649, 1.100145   ,     0,           0,       1,   0
train_regrasp_off.h5,    1109,   574,         0,            0, 0           , +x  ,      1,    21,  0.00453 , 0.0        ,     1,           1,       1,   1
train_regrasp_off.h5,    1110,   574,         1,            1, 1           , -x  ,      1,    21,  0.004592, 0.000347   ,     1,           1,       1,   1
train_regrasp_off.h5,    1111,   574,         2,            5, 5           , -z  ,      1,    21,  0.004586, 0.000565   ,     1,           1,       1,   1
train_regrasp_off.h5,    1112,   575,         0,            5, 5           , -z  ,      1,    21,  0.004568, 0.000251   ,     1,           1,       1,   1
train_regrasp_off.h5,    1113,   576,         0,            1, 1           , -x  ,      1,    21,  0.004639, 0.0        ,     1,           1,       1,   1
train_regrasp_off.h5,    1114,   576,         1,            3, 3           , -y  ,      1,     8,  0.16239 , 1.524359   ,     0,           0,       1,   0
train_regrasp_off.h5,    1115,   577,         0,            3, 3           , -y  ,      1,     8,  0.130192, 1.663143   ,     0,           0,       1,   0
train_regrasp_off.h5,    1116,   578,         0,            0, 0           , +x  ,      1,    21,  0.004608, 0.000291   ,     1,           1,       1,   1
train_regrasp_off.h5,    1117,   578,         1,            2, 2           , +y  ,      1,    10,  0.120358, 0.977135   ,     0,           0,       1,   0
train_regrasp_off.h5,    1118,   578,         2,            5, 5           , -z  ,      1,    21,  0.004561, 0.000326   ,     1,           1,       1,   1
train_regrasp_off.h5,    1119,   579,         0,            0, 0           , +x  ,      1,    21,  0.004618, 0.0        ,     1,           1,       1,   1
train_regrasp_off.h5,    1120,   579,         1,            1, 1           , -x  ,      1,    21,  0.004615, 0.0        ,     1,           1,       1,   1
train_regrasp_off.h5,    1121,   579,         2,            2, 2           , +y  ,      1,    16,  0.029686, 0.228373   ,     0,           0,       1,   0
train_regrasp_off.h5,    1122,   580,         0,            0, 0           , +x  ,      1,     9,  0.097054, 1.762868   ,     0,           0,       1,   0
train_regrasp_off.h5,    1123,   580,         1,            3, 3           , -y  ,      1,    21,  0.004329, 0.000769   ,     1,           1,       1,   1
train_regrasp_off.h5,    1124,   581,         0,            0, 0           , +x  ,      1,    21,  0.004475, 5.6e-05    ,     1,           1,       1,   1
train_regrasp_off.h5,    1125,   581,         1,            3, 3           , -y  ,      1,    21,  0.004575, 0.0        ,     1,           1,       1,   1
train_regrasp_off.h5,    1126,   582,         0,            0, 0           , +x  ,      1,    16,  0.057156, 0.182959   ,     0,           0,       1,   0
train_regrasp_off.h5,    1127,   582,         1,            2, 2           , +y  ,      1,    21,  0.004597, 0.0        ,     1,           1,       1,   1
train_regrasp_off.h5,    1128,   583,         0,            2, 2           , +y  ,      1,    11,  0.200932, 1.307791   ,     0,           0,       1,   0
train_regrasp_off.h5,    1129,   585,         0,            0, 0           , +x  ,      1,    21,  0.004664, 0.000498   ,     1,           1,       1,   1
train_regrasp_off.h5,    1130,   585,         1,            5, 5           , -z  ,      1,    21,  0.00453 , 0.0        ,     1,           1,       1,   1
train_regrasp_off.h5,    1131,   586,         0,            0, 0           , +x  ,      1,    21,  0.00453 , 0.0        ,     1,           1,       1,   1
train_regrasp_off.h5,    1132,   586,         1,            5, 5           , -z  ,      1,    21,  0.004442, 0.001467   ,     1,           1,       1,   1
train_regrasp_off.h5,    1133,   587,         0,            0, 0           , +x  ,      1,    21,  0.004687, 0.000368   ,     1,           1,       1,   1
train_regrasp_off.h5,    1134,   587,         1,            1, 1           , -x  ,      1,    21,  0.004607, 0.00059    ,     1,           1,       1,   1
train_regrasp_off.h5,    1135,   587,         2,            5, 5           , -z  ,      1,    21,  0.004623, 0.000485   ,     1,           1,       1,   1
train_regrasp_off.h5,    1136,   588,         0,            3, 3           , -y  ,      1,    21,  0.004574, 0.00029    ,     1,           1,       1,   1
train_regrasp_off.h5,    1137,   589,         0,            5, 5           , -z  ,      1,    21,  0.004546, 0.000457   ,     1,           1,       1,   1
train_regrasp_off.h5,    1138,   590,         0,            2, 2           , +y  ,      1,    21,  0.004545, 0.000262   ,     1,           1,       1,   1
train_regrasp_off.h5,    1139,   590,         1,            5, 5           , -z  ,      1,    21,  0.004558, 0.0        ,     1,           1,       1,   1
train_regrasp_off.h5,    1140,   591,         0,            0, 0           , +x  ,      1,    21,  0.004591, 0.000325   ,     1,           1,       1,   1
train_regrasp_off.h5,    1141,   591,         1,            2, 2           , +y  ,      1,    21,  0.004593, 0.000116   ,     1,           1,       1,   1
train_regrasp_off.h5,    1142,   592,         0,            0, 0           , +x  ,      1,    21,  0.004594, 0.000346   ,     1,           1,       1,   1
train_regrasp_off.h5,    1143,   592,         1,            3, 3           , -y  ,      1,    21,  0.004539, 0.000268   ,     1,           1,       1,   1
train_regrasp_off.h5,    1144,   592,         2,            5, 5           , -z  ,      1,    21,  0.004407, 0.00157    ,     1,           1,       1,   1
train_regrasp_off.h5,    1145,   595,         0,            0, 0           , +x  ,      1,    17,  0.042278, 0.064904   ,     0,           0,       1,   0
train_regrasp_off.h5,    1146,   595,         1,            1, 1           , -x  ,      1,    21,  0.004607, 0.0        ,     1,           1,       1,   1
train_regrasp_off.h5,    1147,   595,         2,            3, 3           , -y  ,      1,    12,  0.096542, 0.764914   ,     0,           0,       1,   0
train_regrasp_off.h5,    1148,   595,         3,            5, 5           , -z  ,      1,    21,  0.004551, 0.0        ,     1,           1,       1,   1
train_regrasp_off.h5,    1149,   596,         0,            0, 0           , +x  ,      1,    21,  0.004645, 0.000257   ,     1,           1,       1,   1
train_regrasp_off.h5,    1150,   596,         1,            2, 2           , +y  ,      1,    11,  0.121964, 0.942445   ,     0,           0,       1,   0
train_regrasp_off.h5,    1151,   596,         2,            4, 4           , +z  ,      1,    21,  0.004597, 0.000216   ,     1,           1,       1,   1
train_regrasp_off.h5,    1152,   596,         3,            5, 5           , -z  ,      1,    21,  0.004478, 0.000153   ,     1,           1,       1,   1
train_regrasp_off.h5,    1153,   597,         0,            5, 5           , -z  ,      1,    21,  0.004462, 0.000496   ,     1,           1,       1,   1
train_regrasp_off.h5,    1154,   598,         0,            0, 0           , +x  ,      1,    11,  0.165381, 0.964008   ,     0,           0,       1,   0
train_regrasp_off.h5,    1155,   598,         1,            1, 1           , -x  ,      1,    21,  0.004738, 0.000679   ,     1,           1,       1,   1
train_regrasp_off.h5,    1156,   598,         2,            2, 2           , +y  ,      1,    21,  0.004415, 0.001575   ,     1,           1,       1,   1
train_regrasp_off.h5,    1157,   598,         3,            5, 5           , -z  ,      1,    21,  0.004552, 0.000459   ,     1,           1,       1,   1
train_regrasp_off.h5,    1158,   599,         0,            0, 1           , +x  ,      0,    21,  0.004507, 0.000384   ,     1,           1,       0,   0
train_regrasp_off.h5,    1159,   599,         1,            1, 1           , -x  ,      1,    14,  0.187123, 0.533799   ,     0,           0,       1,   0
train_regrasp_off.h5,    1160,   599,         2,            2, 2           , +y  ,      1,    21,  0.004595, 0.000532   ,     1,           1,       1,   1
train_regrasp_off.h5,    1161,   599,         3,            3, 3           , -y  ,      1,    21,  0.0046  , 0.000478   ,     1,           1,       1,   1
train_regrasp_off.h5,    1162,   600,         0,            1, 1           , -x  ,      1,    12,  0.105527, 0.740753   ,     0,           0,       1,   0
train_regrasp_off.h5,    1163,   600,         1,            2, 2           , +y  ,      1,    17,  0.060741, 0.068487   ,     0,           0,       1,   0
train_regrasp_off.h5,    1164,   600,         2,            4, 4           , +z  ,      1,    21,  0.004518, 0.000465   ,     1,           1,       1,   1
train_regrasp_off.h5,    1165,   600,         3,            5, 5           , -z  ,      1,    21,  0.004546, 0.0        ,     1,           1,       1,   1
train_regrasp_off.h5,    1166,   601,         0,            0, 0           , +x  ,      1,    21,  0.004522, 0.000716   ,     1,           1,       1,   1
train_regrasp_off.h5,    1167,   601,         1,            1, 1           , -x  ,      1,    21,  0.004475, 0.0        ,     1,           1,       1,   1
train_regrasp_off.h5,    1168,   601,         2,            3, 3           , -y  ,      1,    21,  0.004493, 0.000213   ,     1,           1,       1,   1
train_regrasp_off.h5,    1169,   601,         3,            5, 5           , -z  ,      1,    21,  0.00454 , 0.0        ,     1,           1,       1,   1
train_regrasp_off.h5,    1170,   602,         0,            0, 0           , +x  ,      1,    14,  0.160335, 0.677263   ,     0,           0,       1,   0
train_regrasp_off.h5,    1171,   602,         1,            2, 2           , +y  ,      1,    13,  0.054533, 0.661439   ,     0,           0,       1,   0
train_regrasp_off.h5,    1172,   602,         2,            3, 3           , -y  ,      1,    21,  0.004564, 0.000237   ,     1,           1,       1,   1
train_regrasp_off.h5,    1173,   602,         3,            5, 5           , -z  ,      1,    21,  0.004587, 0.000314   ,     1,           1,       1,   1
train_regrasp_off.h5,    1174,   603,         0,            0, 0           , +x  ,      1,    21,  0.004667, 0.0        ,     1,           1,       1,   1
train_regrasp_off.h5,    1175,   603,         1,            3, 3           , -y  ,      1,    12,  0.097871, 0.83648    ,     0,           0,       1,   0
train_regrasp_off.h5,    1176,   604,         0,            1, 1           , -x  ,      1,    21,  0.0046  , 0.000403   ,     1,           1,       1,   1
train_regrasp_off.h5,    1177,   604,         1,            2, 2           , +y  ,      1,    21,  0.004586, 0.0        ,     1,           1,       1,   1
train_regrasp_off.h5,    1178,   604,         2,            3, 3           , -y  ,      1,    21,  0.004535, 0.0        ,     1,           1,       1,   1
train_regrasp_off.h5,    1179,   604,         3,            5, 5           , -z  ,      1,    21,  0.004569, 0.000402   ,     1,           1,       1,   1
train_regrasp_off.h5,    1180,   605,         0,            0, 0           , +x  ,      1,    21,  0.00459 , 0.000443   ,     1,           1,       1,   1
train_regrasp_off.h5,    1181,   605,         1,            5, 5           , -z  ,      1,    21,  0.004595, 0.0        ,     1,           1,       1,   1
train_regrasp_off.h5,    1182,   606,         0,            0, 0           , +x  ,      1,    21,  0.004552, 0.0        ,     1,           1,       1,   1
train_regrasp_off.h5,    1183,   606,         1,            2, 2           , +y  ,      1,    21,  0.004669, 0.000612   ,     1,           1,       1,   1
train_regrasp_off.h5,    1184,   608,         0,            0, 0           , +x  ,      1,    21,  0.004509, 0.000311   ,     1,           1,       1,   1
train_regrasp_off.h5,    1185,   608,         1,            2, 2           , +y  ,      1,     9,  0.067161, 1.148747   ,     0,           0,       1,   0
train_regrasp_off.h5,    1186,   609,         0,            0, 0           , +x  ,      1,    21,  0.004544, 0.0        ,     1,           1,       1,   1
train_regrasp_off.h5,    1187,   609,         1,            2, 2           , +y  ,      1,    15,  0.03521 , 0.379289   ,     0,           0,       1,   0
train_regrasp_off.h5,    1188,   609,         2,            3, 3           , -y  ,      1,    21,  0.004585, 0.000709   ,     1,           1,       1,   1
train_regrasp_off.h5,    1189,   610,         0,            4, 4           , +z  ,      1,    21,  0.004605, 0.000488   ,     1,           1,       1,   1
train_regrasp_off.h5,    1190,   610,         1,            5, 5           , -z  ,      1,    21,  0.004573, 0.000401   ,     1,           1,       1,   1
train_regrasp_off.h5,    1191,   611,         0,            2, 2           , +y  ,      1,    14,  0.202014, 0.957006   ,     0,           0,       1,   0
train_regrasp_off.h5,    1192,   612,         0,            1, 1           , -x  ,      1,    21,  0.004849, 0.000501   ,     1,           1,       1,   1
train_regrasp_off.h5,    1193,   613,         0,            5, 5           , -z  ,      1,    10,  0.221602, 1.577835   ,     0,           0,       1,   0
train_regrasp_off.h5,    1194,   614,         0,            0, 0           , +x  ,      1,    21,  0.004563, 0.000447   ,     1,           1,       1,   1
train_regrasp_off.h5,    1195,   614,         1,            3, 3           , -y  ,      1,    21,  0.004671, 0.000212   ,     1,           1,       1,   1
train_regrasp_off.h5,    1196,   615,         0,            1, 1           , -x  ,      1,    14,  0.076381, 0.316038   ,     0,           0,       1,   0
train_regrasp_off.h5,    1197,   616,         0,            0, 0           , +x  ,      1,    21,  0.004534, 0.0        ,     1,           1,       1,   1
train_regrasp_off.h5,    1198,   616,         1,            3, 3           , -y  ,      1,    14,  0.102835, 0.503827   ,     0,           0,       1,   0
train_regrasp_off.h5,    1199,   616,         2,            5, 5           , -z  ,      1,    21,  0.004564, 0.0        ,     1,           1,       1,   1
train_regrasp_off.h5,    1200,   617,         0,            3, 3           , -y  ,      1,    21,  0.004625, 0.000533   ,     1,           1,       1,   1
train_regrasp_off.h5,    1201,   618,         0,            1, 1           , -x  ,      1,    17,  0.062732, 0.080849   ,     0,           0,       1,   0
train_regrasp_off.h5,    1202,   618,         1,            4, 4           , +z  ,      1,    16,  0.099826, 0.3642     ,     0,           0,       1,   0
train_regrasp_off.h5,    1203,   619,         0,            2, 2           , +y  ,      1,    21,  0.004609, 0.000423   ,     1,           1,       1,   1
train_regrasp_off.h5,    1204,   624,         0,            1, 1           , -x  ,      1,    10,  0.117115, 1.451149   ,     0,           0,       1,   0
train_regrasp_off.h5,    1205,   624,         1,            3, 3           , -y  ,      1,    10,  0.050821, 1.394701   ,     0,           0,       1,   0
train_regrasp_off.h5,    1206,   624,         2,            5, 5           , -z  ,      1,    21,  0.004584, 0.000477   ,     1,           1,       1,   1
train_regrasp_off.h5,    1207,   625,         0,            0, 0           , +x  ,      1,    21,  0.004561, 0.000624   ,     1,           1,       1,   1
train_regrasp_off.h5,    1208,   625,         1,            1, 1           , -x  ,      1,    20,  0.020653, 0.0        ,     0,           0,       1,   0
train_regrasp_off.h5,    1209,   625,         2,            2, 2           , +y  ,      1,    21,  0.004675, 0.000404   ,     1,           1,       1,   1
train_regrasp_off.h5,    1210,   625,         3,            3, 3           , -y  ,      1,    18,  0.049633, 0.015309   ,     0,           0,       1,   0
train_regrasp_off.h5,    1211,   625,         4,            4, 4           , +z  ,      1,    21,  0.004523, 0.000974   ,     1,           1,       1,   1
train_regrasp_off.h5,    1212,   626,         0,            1, 1           , -x  ,      1,    20,  0.02066 , 0.000347   ,     0,           0,       1,   0
train_regrasp_off.h5,    1213,   626,         1,            3, 3           , -y  ,      1,    20,  0.020616, 0.0        ,     0,           0,       1,   0
train_regrasp_off.h5,    1214,   627,         0,            1, 1           , -x  ,      1,    14,  0.13867 , 0.635026   ,     0,           0,       1,   0
train_regrasp_off.h5,    1215,   627,         1,            3, 3           , -y  ,      1,    14,  0.06235 , 0.44793    ,     0,           0,       1,   0
train_regrasp_off.h5,    1216,   627,         2,            5, 5           , -z  ,      1,    21,  0.004485, 0.000709   ,     1,           1,       1,   1
train_regrasp_off.h5,    1217,   628,         0,            1, 1           , -x  ,      1,     8,  0.135106, 1.754137   ,     0,           0,       1,   0
train_regrasp_off.h5,    1218,   628,         1,            2, 2           , +y  ,      1,     9,  0.062147, 1.127022   ,     0,           0,       1,   0
train_regrasp_off.h5,    1219,   628,         2,            3, 3           , -y  ,      1,    17,  0.053369, 0.092176   ,     0,           0,       1,   0
train_regrasp_off.h5,    1220,   629,         0,            0, 0           , +x  ,      1,    10,  0.110118, 1.537035   ,     0,           0,       1,   0
train_regrasp_off.h5,    1221,   629,         1,            4, 4           , +z  ,      1,    17,  0.047644, 0.074953   ,     0,           0,       1,   0
train_regrasp_off.h5,    1222,   629,         2,            5, 5           , -z  ,      1,    12,  0.269861, 0.871039   ,     0,           0,       1,   0
train_regrasp_off.h5,    1223,   630,         0,            2, 2           , +y  ,      1,    21,  0.004631, 0.00046    ,     1,           1,       1,   1
train_regrasp_off.h5,    1224,   630,         1,            3, 3           , -y  ,      1,    21,  0.004558, 0.0        ,     1,           1,       1,   1
train_regrasp_off.h5,    1225,   630,         2,            5, 5           , -z  ,      1,    21,  0.004743, 0.00079    ,     1,           1,       1,   1
train_regrasp_off.h5,    1226,   631,         0,            0, 0           , +x  ,      1,    21,  0.004638, 0.000482   ,     1,           1,       1,   1
train_regrasp_off.h5,    1227,   631,         1,            2, 2           , +y  ,      1,     9,  0.061   , 1.301915   ,     0,           0,       1,   0
train_regrasp_off.h5,    1228,   631,         2,            3, 3           , -y  ,      1,    18,  0.050512, 0.007203   ,     0,           0,       1,   0
train_regrasp_off.h5,    1229,   631,         3,            5, 5           , -z  ,      1,    21,  0.004573, 0.0        ,     1,           1,       1,   1
train_regrasp_off.h5,    1230,   634,         0,            2, 2           , +y  ,      1,    21,  0.004517, 0.000351   ,     1,           1,       1,   1
train_regrasp_off.h5,    1231,   636,         0,            0, 0           , +x  ,      1,    10,  0.178778, 1.225786   ,     0,           0,       1,   0
train_regrasp_off.h5,    1232,   636,         1,            1, 1           , -x  ,      1,    17,  0.056269, 0.066527   ,     0,           0,       1,   0
train_regrasp_off.h5,    1233,   636,         2,            3, 3           , -y  ,      1,    21,  0.004474, 0.000462   ,     1,           1,       1,   1
train_regrasp_off.h5,    1234,   636,         3,            5, 5           , -z  ,      1,    21,  0.004542, 0.000372   ,     1,           1,       1,   1
train_regrasp_off.h5,    1235,   637,         0,            0, 0           , +x  ,      1,    21,  0.004572, 0.000366   ,     1,           1,       1,   1
train_regrasp_off.h5,    1236,   637,         1,            1, 1           , -x  ,      1,    17,  0.059344, 0.064665   ,     0,           0,       1,   0
train_regrasp_off.h5,    1237,   637,         2,            3, 3           , -y  ,      1,    21,  0.004563, 0.0        ,     1,           1,       1,   1
train_regrasp_off.h5,    1238,   637,         3,            5, 5           , -z  ,      1,    21,  0.004495, 0.000966   ,     1,           1,       1,   1
train_regrasp_off.h5,    1239,   638,         0,            0, 0           , +x  ,      1,    21,  0.004621, 0.001441   ,     1,           1,       1,   1
train_regrasp_off.h5,    1240,   638,         1,            1, 1           , -x  ,      1,    21,  0.004612, 0.0        ,     1,           1,       1,   1
train_regrasp_off.h5,    1241,   638,         2,            3, 3           , -y  ,      1,    21,  0.004613, 0.00039    ,     1,           1,       1,   1
train_regrasp_off.h5,    1242,   638,         3,            5, 5           , -z  ,      1,    21,  0.004569, 0.0        ,     1,           1,       1,   1
train_regrasp_off.h5,    1243,   639,         0,            0, 0           , +x  ,      1,    21,  0.004542, 0.0        ,     1,           1,       1,   1
train_regrasp_off.h5,    1244,   639,         1,            2, 2           , +y  ,      1,    21,  0.004636, 0.000581   ,     1,           1,       1,   1
train_regrasp_off.h5,    1245,   641,         0,            0, 0           , +x  ,      1,    21,  0.004644, 0.0        ,     1,           1,       1,   1
train_regrasp_off.h5,    1246,   641,         1,            5, 5           , -z  ,      1,    11,  0.183798, 1.278499   ,     0,           0,       1,   0
train_regrasp_off.h5,    1247,   642,         0,            2, 2           , +y  ,      1,    21,  0.004594, 0.000273   ,     1,           1,       1,   1
train_regrasp_off.h5,    1248,   642,         1,            3, 3           , -y  ,      1,    21,  0.004531, 0.000175   ,     1,           1,       1,   1
train_regrasp_off.h5,    1249,   643,         0,            0, 0           , +x  ,      1,    18,  0.052479, 0.004602   ,     0,           0,       1,   0
train_regrasp_off.h5,    1250,   643,         1,            2, 2           , +y  ,      1,    21,  0.004509, 0.000287   ,     1,           1,       1,   1
train_regrasp_off.h5,    1251,   644,         0,            0, 0           , +x  ,      1,    21,  0.0044  , 0.000801   ,     1,           1,       1,   1
train_regrasp_off.h5,    1252,   647,         0,            2, 2           , +y  ,      1,    21,  0.004496, 0.0        ,     1,           1,       1,   1
train_regrasp_off.h5,    1253,   648,         0,            0, 0           , +x  ,      1,    21,  0.004298, 0.001749   ,     1,           1,       1,   1
train_regrasp_off.h5,    1254,   648,         1,            1, 1           , -x  ,      1,    15,  0.084262, 0.283009   ,     0,           0,       1,   0
train_regrasp_off.h5,    1255,   648,         2,            4, 4           , +z  ,      1,    13,  0.089951, 0.540749   ,     0,           0,       1,   0
train_regrasp_off.h5,    1256,   648,         3,            5, 5           , -z  ,      1,    11,  0.045626, 1.000962   ,     0,           0,       1,   0
train_regrasp_off.h5,    1257,   649,         0,            1, 1           , -x  ,      1,    21,  0.00462 , 0.000309   ,     1,           1,       1,   1
train_regrasp_off.h5,    1258,   649,         1,            3, 3           , -y  ,      1,    21,  0.004666, 0.000283   ,     1,           1,       1,   1
train_regrasp_off.h5,    1259,   650,         0,            1, 1           , -x  ,      1,    21,  0.004559, 0.0        ,     1,           1,       1,   1
train_regrasp_off.h5,    1260,   651,         0,            0, 0           , +x  ,      1,    21,  0.004042, 0.002181   ,     1,           1,       1,   1
train_regrasp_off.h5,    1261,   651,         1,            4, 4           , +z  ,      1,    21,  0.004566, 0.0        ,     1,           1,       1,   1
train_regrasp_off.h5,    1262,   652,         0,            4, 4           , +z  ,      1,    21,  0.004575, 0.0        ,     1,           1,       1,   1
train_regrasp_off.h5,    1263,   653,         0,            0, 0           , +x  ,      1,    21,  0.004622, 0.0        ,     1,           1,       1,   1
train_regrasp_off.h5,    1264,   653,         1,            1, 1           , -x  ,      1,    21,  0.004523, 0.00046    ,     1,           1,       1,   1
train_regrasp_off.h5,    1265,   654,         0,            4, 4           , +z  ,      1,    21,  0.004539, 0.000225   ,     1,           1,       1,   1
train_regrasp_off.h5,    1266,   655,         0,            2, 2           , +y  ,      1,    21,  0.004529, 0.000349   ,     1,           1,       1,   1
train_regrasp_off.h5,    1267,   655,         1,            4, -1          , +z  ,      1,    21,  0.004545, 0.000278   ,     1,           1,       0,   0
train_regrasp_off.h5,    1268,   656,         0,            5, 5           , -z  ,      1,    21,  0.004537, 0.000217   ,     1,           1,       1,   1
train_regrasp_off.h5,    1269,   657,         0,            0, 0           , +x  ,      1,    21,  0.004572, 0.0        ,     1,           1,       1,   1
train_regrasp_off.h5,    1270,   657,         1,            2, 2           , +y  ,      1,    21,  0.004595, 0.000407   ,     1,           1,       1,   1
train_regrasp_off.h5,    1271,   657,         2,            5, 5           , -z  ,      1,    21,  0.004653, 0.000393   ,     1,           1,       1,   1
train_regrasp_off.h5,    1272,   658,         0,            1, 1           , -x  ,      1,    21,  0.004598, 0.0        ,     1,           1,       1,   1
train_regrasp_off.h5,    1273,   658,         1,            5, 5           , -z  ,      1,    21,  0.004484, 0.000398   ,     1,           1,       1,   1
train_regrasp_off.h5,    1274,   659,         0,            0, 0           , +x  ,      1,    21,  0.004626, 0.0        ,     1,           1,       1,   1
train_regrasp_off.h5,    1275,   659,         1,            1, 1           , -x  ,      1,    21,  0.004571, 0.000201   ,     1,           1,       1,   1
train_regrasp_off.h5,    1276,   659,         2,            5, 5           , -z  ,      1,    21,  0.004798, 0.001349   ,     1,           1,       1,   1
train_regrasp_off.h5,    1277,   660,         0,            4, 4           , +z  ,      1,    16,  0.044222, 0.315521   ,     0,           0,       1,   0
train_regrasp_off.h5,    1278,   661,         0,            4, 4           , +z  ,      1,    21,  0.004555, 0.001146   ,     1,           1,       1,   1
train_regrasp_off.h5,    1279,   662,         0,            0, 0           , +x  ,      1,    21,  0.004613, 0.0        ,     1,           1,       1,   1
train_regrasp_off.h5,    1280,   662,         1,            2, 2           , +y  ,      1,    21,  0.004468, 0.0        ,     1,           1,       1,   1
train_regrasp_off.h5,    1281,   663,         0,            0, 0           , +x  ,      1,    21,  0.004609, 0.000473   ,     1,           1,       1,   1
train_regrasp_off.h5,    1282,   663,         1,            1, 1           , -x  ,      1,    10,  0.110945, 1.443166   ,     0,           0,       1,   0
train_regrasp_off.h5,    1283,   663,         2,            2, 2           , +y  ,      1,    21,  0.004717, 0.000588   ,     1,           1,       1,   1
train_regrasp_off.h5,    1284,   663,         3,            5, 5           , -z  ,      1,    13,  0.216094, 0.949777   ,     0,           0,       1,   0
train_regrasp_off.h5,    1285,   664,         0,            0, 0           , +x  ,      1,    21,  0.004566, 0.000268   ,     1,           1,       1,   1
train_regrasp_off.h5,    1286,   664,         1,            2, 2           , +y  ,      1,    21,  0.004683, 0.003678   ,     1,           1,       1,   1
train_regrasp_off.h5,    1287,   664,         2,            3, 3           , -y  ,      1,    18,  0.048706, 0.010392   ,     0,           0,       1,   0
train_regrasp_off.h5,    1288,   665,         0,            0, 0           , +x  ,      1,    21,  0.004641, 0.000824   ,     1,           1,       1,   1
train_regrasp_off.h5,    1289,   665,         1,            2, 2           , +y  ,      1,    19,  0.035605, 0.003281   ,     0,           0,       1,   0
train_regrasp_off.h5,    1290,   665,         2,            3, 3           , -y  ,      1,    11,  0.165213, 1.309474   ,     0,           0,       1,   0
train_regrasp_off.h5,    1291,   665,         3,            5, 5           , -z  ,      1,    21,  0.00463 , 0.000376   ,     1,           1,       1,   1
train_regrasp_off.h5,    1292,   666,         0,            0, 0           , +x  ,      1,    21,  0.004595, 0.000546   ,     1,           1,       1,   1
train_regrasp_off.h5,    1293,   666,         1,            2, 2           , +y  ,      1,    21,  0.004597, 0.0        ,     1,           1,       1,   1
train_regrasp_off.h5,    1294,   666,         2,            3, 3           , -y  ,      1,    17,  0.043186, 0.077458   ,     0,           0,       1,   0
train_regrasp_off.h5,    1295,   666,         3,            5, 5           , -z  ,      1,    21,  0.004663, 0.000533   ,     1,           1,       1,   1
train_regrasp_off.h5,    1296,   667,         0,            0, 0           , +x  ,      1,    21,  0.004433, 0.000454   ,     1,           1,       1,   1
train_regrasp_off.h5,    1297,   667,         1,            2, 2           , +y  ,      1,    21,  0.004612, 0.000365   ,     1,           1,       1,   1
train_regrasp_off.h5,    1298,   667,         2,            3, 3           , -y  ,      1,    21,  0.004541, 0.0        ,     1,           1,       1,   1
train_regrasp_off.h5,    1299,   667,         3,            5, 5           , -z  ,      1,    16,  0.033769, 0.232657   ,     0,           0,       1,   0
train_regrasp_off.h5,    1300,   668,         0,            0, 0           , +x  ,      1,    21,  0.004608, 0.00066    ,     1,           1,       1,   1
train_regrasp_off.h5,    1301,   668,         1,            1, 1           , -x  ,      1,    14,  0.079984, 0.615295   ,     0,           0,       1,   0
train_regrasp_off.h5,    1302,   668,         2,            2, 2           , +y  ,      1,    14,  0.062379, 0.581594   ,     0,           0,       1,   0
train_regrasp_off.h5,    1303,   668,         3,            3, 3           , -y  ,      1,    12,  0.180977, 1.17823    ,     0,           0,       1,   0
train_regrasp_off.h5,    1304,   668,         4,            5, 5           , -z  ,      1,    21,  0.003784, 0.003338   ,     1,           1,       1,   1
train_regrasp_off.h5,    1305,   669,         0,            0, 0           , +x  ,      1,    21,  0.004581, 0.0        ,     1,           1,       1,   1
train_regrasp_off.h5,    1306,   669,         1,            1, 1           , -x  ,      1,    21,  0.004736, 0.0        ,     1,           1,       1,   1
train_regrasp_off.h5,    1307,   669,         2,            5, 5           , -z  ,      1,    21,  0.004594, 0.0        ,     1,           1,       1,   1
train_regrasp_off.h5,    1308,   670,         0,            0, 0           , +x  ,      1,    21,  0.004536, 0.0        ,     1,           1,       1,   1
train_regrasp_off.h5,    1309,   670,         1,            2, 2           , +y  ,      1,    21,  0.004585, 0.000482   ,     1,           1,       1,   1
train_regrasp_off.h5,    1310,   670,         2,            3, 3           , -y  ,      1,    17,  0.062133, 0.047902   ,     0,           0,       1,   0
train_regrasp_off.h5,    1311,   671,         0,            0, 0           , +x  ,      1,    21,  0.004574, 0.0        ,     1,           1,       1,   1
train_regrasp_off.h5,    1312,   671,         1,            1, 1           , -x  ,      1,    21,  0.00432 , 0.000855   ,     1,           1,       1,   1
train_regrasp_off.h5,    1313,   671,         2,            2, 2           , +y  ,      1,    11,  0.160629, 1.158168   ,     0,           0,       1,   0
train_regrasp_off.h5,    1314,   671,         3,            3, 3           , -y  ,      1,    21,  0.004553, 0.000166   ,     1,           1,       1,   1
train_regrasp_off.h5,    1315,   671,         4,            5, 5           , -z  ,      1,    21,  0.004557, 0.0        ,     1,           1,       1,   1
train_regrasp_off.h5,    1316,   672,         0,            0, 0           , +x  ,      1,    21,  0.00456 , 0.000403   ,     1,           1,       1,   1
train_regrasp_off.h5,    1317,   672,         1,            1, 1           , -x  ,      1,    21,  0.00456 , 0.000415   ,     1,           1,       1,   1
train_regrasp_off.h5,    1318,   672,         2,            5, 5           , -z  ,      1,    21,  0.004608, 0.000565   ,     1,           1,       1,   1
train_regrasp_off.h5,    1319,   673,         0,            0, 0           , +x  ,      1,    21,  0.004601, 9.7e-05    ,     1,           1,       1,   1
train_regrasp_off.h5,    1320,   673,         1,            1, 1           , -x  ,      1,    21,  0.004579, 0.000582   ,     1,           1,       1,   1
train_regrasp_off.h5,    1321,   673,         2,            2, 2           , +y  ,      1,    21,  0.004609, 0.0        ,     1,           1,       1,   1
train_regrasp_off.h5,    1322,   673,         3,            3, 3           , -y  ,      1,    21,  0.004582, 0.0        ,     1,           1,       1,   1
train_regrasp_off.h5,    1323,   674,         0,            1, 1           , -x  ,      1,    21,  0.004531, 0.000192   ,     1,           1,       1,   1
train_regrasp_off.h5,    1324,   674,         1,            2, 2           , +y  ,      1,    21,  0.004661, 0.000746   ,     1,           1,       1,   1
train_regrasp_off.h5,    1325,   674,         2,            3, 3           , -y  ,      1,    14,  0.081605, 0.680795   ,     0,           0,       1,   0
train_regrasp_off.h5,    1326,   674,         3,            5, 5           , -z  ,      1,    15,  0.069534, 0.578382   ,     0,           0,       1,   0
train_regrasp_off.h5,    1327,   675,         0,            0, 0           , +x  ,      1,    15,  0.069193, 0.322907   ,     0,           0,       1,   0
train_regrasp_off.h5,    1328,   675,         1,            1, 1           , -x  ,      1,    21,  0.004524, 0.00043    ,     1,           1,       1,   1
train_regrasp_off.h5,    1329,   675,         2,            5, 5           , -z  ,      1,    21,  0.004717, 0.000655   ,     1,           1,       1,   1
train_regrasp_off.h5,    1330,   676,         0,            2, 2           , +y  ,      1,    21,  0.004489, 0.000135   ,     1,           1,       1,   1
train_regrasp_off.h5,    1331,   676,         1,            5, 5           , -z  ,      1,    21,  0.004571, 0.0        ,     1,           1,       1,   1
train_regrasp_off.h5,    1332,   678,         0,            4, 4           , +z  ,      1,    21,  0.004554, 0.000241   ,     1,           1,       1,   1
train_regrasp_off.h5,    1333,   679,         0,            1, 1           , -x  ,      1,    21,  0.004651, 0.0        ,     1,           1,       1,   1
train_regrasp_off.h5,    1334,   679,         1,            2, 2           , +y  ,      1,    21,  0.004558, 0.0        ,     1,           1,       1,   1
train_regrasp_off.h5,    1335,   680,         0,            0, 0           , +x  ,      1,    10,  0.153332, 1.473311   ,     0,           0,       1,   0
train_regrasp_off.h5,    1336,   680,         1,            4, 4           , +z  ,      1,    21,  0.004562, 0.00046    ,     1,           1,       1,   1
train_regrasp_off.h5,    1337,   680,         2,            5, 5           , -z  ,      1,    21,  0.004512, 0.000315   ,     1,           1,       1,   1
train_regrasp_off.h5,    1338,   681,         0,            0, 0           , +x  ,      1,    21,  0.004397, 0.000334   ,     1,           1,       1,   1
train_regrasp_off.h5,    1339,   681,         1,            1, 1           , -x  ,      1,    21,  0.004582, 4.5e-05    ,     1,           1,       1,   1
train_regrasp_off.h5,    1340,   681,         2,            2, 2           , +y  ,      1,    11,  0.078014, 0.997532   ,     0,           0,       1,   0
train_regrasp_off.h5,    1341,   681,         3,            5, 5           , -z  ,      1,    10,  0.104153, 0.997598   ,     0,           0,       1,   0
train_regrasp_off.h5,    1342,   682,         0,            0, 0           , +x  ,      1,    21,  0.00457 , 0.0        ,     1,           1,       1,   1
train_regrasp_off.h5,    1343,   682,         1,            1, 1           , -x  ,      1,    21,  0.004657, 0.000732   ,     1,           1,       1,   1
train_regrasp_off.h5,    1344,   682,         2,            2, 2           , +y  ,      1,    21,  0.004431, 0.000381   ,     1,           1,       1,   1
train_regrasp_off.h5,    1345,   682,         3,            5, 5           , -z  ,      1,    21,  0.004581, 0.000494   ,     1,           1,       1,   1
train_regrasp_off.h5,    1346,   683,         0,            0, 0           , +x  ,      1,    14,  0.098453, 0.631562   ,     0,           0,       1,   0
train_regrasp_off.h5,    1347,   683,         1,            5, 5           , -z  ,      1,    11,  0.071027, 0.859737   ,     0,           0,       1,   0
train_regrasp_off.h5,    1348,   685,         0,            0, 0           , +x  ,      1,    21,  0.004491, 0.000507   ,     1,           1,       1,   1
train_regrasp_off.h5,    1349,   685,         1,            3, 3           , -y  ,      1,    21,  0.004518, 0.000533   ,     1,           1,       1,   1
train_regrasp_off.h5,    1350,   685,         2,            5, 5           , -z  ,      1,    17,  0.064533, 0.037355   ,     0,           0,       1,   0
train_regrasp_off.h5,    1351,   686,         0,            2, 2           , +y  ,      0,    21,  0.004591, 0.000388   ,     1,           1,       0,   0
train_regrasp_off.h5,    1352,   686,         1,            4, 4           , +z  ,      1,    21,  0.00456 , 0.000284   ,     1,           1,       1,   1
train_regrasp_off.h5,    1353,   687,         0,            0, 0           , +x  ,      1,    21,  0.004599, 0.000482   ,     1,           1,       1,   1
train_regrasp_off.h5,    1354,   687,         1,            5, 0           , -z  ,      0,    21,  0.004557, 0.000328   ,     1,           1,       0,   0
train_regrasp_off.h5,    1355,   688,         0,            4, 4           , +z  ,      1,    13,  0.08953 , 1.062773   ,     0,           0,       1,   0
train_regrasp_off.h5,    1356,   689,         0,            1, -1          , -x  ,      1,    21,  0.004459, 0.000705   ,     1,           1,       0,   0
train_regrasp_off.h5,    1357,   689,         1,            4, 4           , +z  ,      1,    13,  0.141374, 0.906105   ,     0,           0,       1,   0
train_regrasp_off.h5,    1358,   690,         0,            1, 1           , -x  ,      1,    21,  0.004596, 0.0        ,     1,           1,       1,   1
train_regrasp_off.h5,    1359,   690,         1,            4, 4           , +z  ,      1,    21,  0.004504, 0.0        ,     1,           1,       1,   1
train_regrasp_off.h5,    1360,   691,         0,            1, 1           , -x  ,      1,    21,  0.004594, 0.0        ,     1,           1,       1,   1
train_regrasp_off.h5,    1361,   691,         1,            4, 4           , +z  ,      1,    21,  0.004366, 0.000313   ,     1,           1,       1,   1
train_regrasp_off.h5,    1362,   696,         0,            1, 1           , -x  ,      1,    17,  0.050528, 0.073237   ,     0,           0,       1,   0
train_regrasp_off.h5,    1363,   696,         1,            2, 2           , +y  ,      1,    21,  0.004571, 0.0        ,     1,           1,       1,   1
train_regrasp_off.h5,    1364,   696,         2,            3, 3           , -y  ,      1,    16,  0.033248, 0.235415   ,     0,           0,       1,   0
train_regrasp_off.h5,    1365,   697,         0,            2, 2           , +y  ,      1,    21,  0.004534, 0.0        ,     1,           1,       1,   1
train_regrasp_off.h5,    1366,   697,         1,            3, 3           , -y  ,      1,    21,  0.004418, 0.001148   ,     1,           1,       1,   1
train_regrasp_off.h5,    1367,   697,         2,            4, 4           , +z  ,      1,    21,  0.004603, 0.000382   ,     1,           1,       1,   1
train_regrasp_off.h5,    1368,   697,         3,            5, 5           , -z  ,      1,    21,  0.004622, 0.0        ,     1,           1,       1,   1
train_regrasp_off.h5,    1369,   698,         0,            0, 0           , +x  ,      1,    21,  0.0047  , 0.000132   ,     1,           1,       1,   1
train_regrasp_off.h5,    1370,   698,         1,            1, 1           , -x  ,      1,    13,  0.145733, 1.0349     ,     0,           0,       1,   0
train_regrasp_off.h5,    1371,   698,         2,            2, 2           , +y  ,      1,    21,  0.004581, 0.0        ,     1,           1,       1,   1
train_regrasp_off.h5,    1372,   699,         0,            0, 0           , +x  ,      1,    21,  0.004595, 0.0        ,     1,           1,       1,   1
train_regrasp_off.h5,    1373,   699,         1,            1, 1           , -x  ,      1,    13,  0.075881, 0.525116   ,     0,           0,       1,   0
train_regrasp_off.h5,    1374,   699,         2,            2, 2           , +y  ,      1,    17,  0.046016, 0.090813   ,     0,           0,       1,   0
train_regrasp_off.h5,    1375,   699,         3,            3, 3           , -y  ,      1,    21,  0.004634, 0.000738   ,     1,           1,       1,   1
train_regrasp_off.h5,    1376,   700,         0,            0, -1          , +x  ,      0,    21,  0.004555, 0.000575   ,     1,           1,       0,   0
train_regrasp_off.h5,    1377,   700,         1,            1, 1           , -x  ,      1,    21,  0.004539, 0.0        ,     1,           1,       1,   1
train_regrasp_off.h5,    1378,   700,         2,            5, 5           , -z  ,      1,    12,  0.169395, 0.892901   ,     0,           0,       1,   0
train_regrasp_off.h5,    1379,   701,         0,            0, 0           , +x  ,      1,    21,  0.004506, 0.000288   ,     1,           1,       1,   1
train_regrasp_off.h5,    1380,   701,         1,            1, 1           , -x  ,      1,    13,  0.111658, 0.592905   ,     0,           0,       1,   0
train_regrasp_off.h5,    1381,   701,         2,            5, 5           , -z  ,      1,     9,  0.159748, 1.341764   ,     0,           0,       1,   0
train_regrasp_off.h5,    1382,   702,         0,            0, 0           , +x  ,      1,    21,  0.004626, 0.000574   ,     1,           1,       1,   1
train_regrasp_off.h5,    1383,   702,         1,            2, 2           , +y  ,      1,    10,  0.081331, 1.083878   ,     0,           0,       1,   0
train_regrasp_off.h5,    1384,   702,         2,            3, 3           , -y  ,      1,    12,  0.07918 , 0.592064   ,     0,           0,       1,   0
train_regrasp_off.h5,    1385,   703,         0,            0, 0           , +x  ,      1,    13,  0.084579, 0.929212   ,     0,           0,       1,   0
train_regrasp_off.h5,    1386,   703,         1,            1, 1           , -x  ,      1,    21,  0.004591, 0.000199   ,     1,           1,       1,   1
train_regrasp_off.h5,    1387,   703,         2,            2, 2           , +y  ,      1,    21,  0.004564, 0.000556   ,     1,           1,       1,   1
train_regrasp_off.h5,    1388,   703,         3,            5, 5           , -z  ,      1,    21,  0.00456 , 0.0        ,     1,           1,       1,   1
train_regrasp_off.h5,    1389,   704,         0,            1, 1           , -x  ,      1,    21,  0.004498, 0.000532   ,     1,           1,       1,   1
train_regrasp_off.h5,    1390,   705,         0,            3, 3           , -y  ,      1,    12,  0.064087, 0.663887   ,     0,           0,       1,   0
train_regrasp_off.h5,    1391,   708,         0,            0, 0           , +x  ,      1,    21,  0.004592, 0.002383   ,     1,           1,       1,   1
train_regrasp_off.h5,    1392,   708,         1,            1, 1           , -x  ,      1,    11,  0.118749, 0.930684   ,     0,           0,       1,   0
train_regrasp_off.h5,    1393,   708,         2,            3, 3           , -y  ,      1,    12,  0.079618, 0.600429   ,     0,           0,       1,   0
train_regrasp_off.h5,    1394,   708,         3,            5, 5           , -z  ,      1,    11,  0.139822, 1.301902   ,     0,           0,       1,   0
train_regrasp_off.h5,    1395,   709,         0,            0, 0           , +x  ,      1,    21,  0.004561, 0.000346   ,     1,           1,       1,   1
train_regrasp_off.h5,    1396,   709,         1,            1, 1           , -x  ,      1,    21,  0.004399, 0.000794   ,     1,           1,       1,   1
train_regrasp_off.h5,    1397,   709,         2,            5, 5           , -z  ,      1,    21,  0.004609, 0.00045    ,     1,           1,       1,   1
train_regrasp_off.h5,    1398,   710,         0,            0, 0           , +x  ,      1,    21,  0.004576, 0.000377   ,     1,           1,       1,   1
train_regrasp_off.h5,    1399,   710,         1,            1, 1           , -x  ,      1,    21,  0.004576, 0.00049    ,     1,           1,       1,   1
train_regrasp_off.h5,    1400,   710,         2,            2, 2           , +y  ,      1,    16,  0.042701, 0.274509   ,     0,           0,       1,   0
train_regrasp_off.h5,    1401,   710,         3,            5, 5           , -z  ,      1,    21,  0.004578, 0.0        ,     1,           1,       1,   1
train_regrasp_off.h5,    1402,   711,         0,            0, 0           , +x  ,      1,    21,  0.004656, 0.000524   ,     1,           1,       1,   1
train_regrasp_off.h5,    1403,   711,         1,            1, 1           , -x  ,      1,    21,  0.004603, 0.0        ,     1,           1,       1,   1
train_regrasp_off.h5,    1404,   711,         2,            5, 5           , -z  ,      1,    17,  0.046254, 0.067132   ,     0,           0,       1,   0
train_regrasp_off.h5,    1405,   712,         0,            0, 0           , +x  ,      1,    21,  0.004642, 0.000301   ,     1,           1,       1,   1
train_regrasp_off.h5,    1406,   712,         1,            2, 2           , +y  ,      1,    21,  0.004692, 0.001496   ,     1,           1,       1,   1
train_regrasp_off.h5,    1407,   712,         2,            3, 3           , -y  ,      1,    13,  0.171758, 0.897171   ,     0,           0,       1,   0
train_regrasp_off.h5,    1408,   713,         0,            0, 0           , +x  ,      1,    21,  0.004573, 0.0        ,     1,           1,       1,   1
train_regrasp_off.h5,    1409,   713,         1,            3, 3           , -y  ,      1,    21,  0.004776, 0.0        ,     1,           1,       1,   1
train_regrasp_off.h5,    1410,   714,         0,            0, 0           , +x  ,      1,    21,  0.004571, 0.000328   ,     1,           1,       1,   1
train_regrasp_off.h5,    1411,   714,         1,            1, 1           , -x  ,      1,    13,  0.172508, 0.907099   ,     0,           0,       1,   0
train_regrasp_off.h5,    1412,   714,         2,            2, 2           , +y  ,      1,    18,  0.052012, 0.014477   ,     0,           0,       1,   0
train_regrasp_off.h5,    1413,   715,         0,            0, 0           , +x  ,      1,    21,  0.004527, 0.000898   ,     1,           1,       1,   1
train_regrasp_off.h5,    1414,   716,         0,            0, 0           , +x  ,      1,    21,  0.004545, 0.000311   ,     1,           1,       1,   1
train_regrasp_off.h5,    1415,   716,         1,            5, 5           , -z  ,      1,    21,  0.004546, 0.0        ,     1,           1,       1,   1
train_regrasp_off.h5,    1416,   717,         0,            5, 5           , -z  ,      1,    14,  0.165356, 0.672264   ,     0,           0,       1,   0
train_regrasp_off.h5,    1417,   718,         0,            0, 0           , +x  ,      1,    21,  0.004622, 0.000544   ,     1,           1,       1,   1
