file            , episode, scene, grasp_idx, bin_assigned, bin_realized, axis, pin_ok, steps, pos_err_m, rot_err_rad, reach, close_label, caption, all
train_regrasp.h5,       0,     0,         0,            0,            0, +x  ,      1,    14,  0.132614, 0.814227   ,     0,           0,       1,   0
train_regrasp.h5,       1,     1,         0,            0,            0, +x  ,      1,    21,  0.004629, 0.000907   ,     1,           1,       1,   1
train_regrasp.h5,       2,     1,         1,            2,            2, +y  ,      1,    14,  0.186237, 0.720573   ,     0,           0,       1,   0
train_regrasp.h5,       3,     1,         2,            3,            3, -y  ,      1,    16,  0.115581, 0.346661   ,     0,           0,       1,   0
train_regrasp.h5,       4,     2,         0,            2,            2, +y  ,      1,    16,  0.048292, 0.334594   ,     0,           0,       1,   0
train_regrasp.h5,       5,     3,         0,            0,            0, +x  ,      1,    21,  0.004537, 0.000255   ,     1,           1,       1,   1
train_regrasp.h5,       6,     3,         1,            4,            4, +z  ,      1,    21,  0.004463, 0.001041   ,     1,           1,       1,   1
train_regrasp.h5,       7,     4,         0,            0,            0, +x  ,      1,    21,  0.00463 , 2.4e-05    ,     1,           1,       1,   1
train_regrasp.h5,       8,     4,         1,            4,            4, +z  ,      1,    20,  0.0205  , 0.000139   ,     0,           0,       1,   0
train_regrasp.h5,       9,     6,         0,            0,            0, +x  ,      1,    21,  0.004551, 0.0        ,     1,           1,       1,   1
train_regrasp.h5,      10,     6,         1,            4,            4, +z  ,      1,    21,  0.004542, 0.000444   ,     1,           1,       1,   1
train_regrasp.h5,      11,     8,         0,            2,            2, +y  ,      1,    21,  0.004569, 0.0        ,     1,           1,       1,   1
train_regrasp.h5,      12,     9,         0,            0,            0, +x  ,      1,    21,  0.004619, 0.00023    ,     1,           1,       1,   1
train_regrasp.h5,      13,     9,         1,            3,            3, -y  ,      1,    21,  0.00447 , 0.000506   ,     1,           1,       1,   1
train_regrasp.h5,      14,     9,         2,            4,            4, +z  ,      1,    21,  0.004609, 0.00051    ,     1,           1,       1,   1
train_regrasp.h5,      15,    10,         0,            0,            0, +x  ,      1,    21,  0.004518, 0.000548   ,     1,           1,       1,   1
train_regrasp.h5,      16,    10,         1,            2,            2, +y  ,      1,    13,  0.221746, 0.979833   ,     0,           0,       1,   0
train_regrasp.h5,      17,    12,         0,            0,            0, +x  ,      1,    21,  0.004609, 0.000118   ,     1,           1,       1,   1
train_regrasp.h5,      18,    13,         0,            0,            0, +x  ,      1,    21,  0.004541, 0.000179   ,     1,           1,       1,   1
train_regrasp.h5,      19,    14,         0,            0,            0, +x  ,      1,    15,  0.13341 , 0.537188   ,     0,           0,       1,   0
train_regrasp.h5,      20,    15,         0,            2,            2, +y  ,      1,    21,  0.004489, 0.0        ,     1,           1,       1,   1
train_regrasp.h5,      21,    16,         0,            0,            0, +x  ,      1,    21,  0.0046  , 0.000495   ,     1,           1,       1,   1
train_regrasp.h5,      22,    16,         1,            4,            4, +z  ,      1,    21,  0.004557, 0.0        ,     1,           1,       1,   1
train_regrasp.h5,      23,    17,         0,            0,            0, +x  ,      1,    17,  0.058213, 0.042507   ,     0,           0,       1,   0
train_regrasp.h5,      24,    17,         1,            3,            3, -y  ,      1,    21,  0.004566, 0.000545   ,     1,           1,       1,   1
train_regrasp.h5,      25,    17,         2,            4,            4, +z  ,      1,    21,  0.004631, 0.000314   ,     1,           1,       1,   1
train_regrasp.h5,      26,    18,         0,            0,            0, +x  ,      1,    21,  0.004526, 0.000374   ,     1,           1,       1,   1
train_regrasp.h5,      27,    19,         0,            0,            0, +x  ,      1,    21,  0.004603, 0.001576   ,     1,           1,       1,   1
train_regrasp.h5,      28,    20,         0,            0,            0, +x  ,      1,    21,  0.004365, 0.000485   ,     1,           1,       1,   1
train_regrasp.h5,      29,    20,         1,            4,            4, +z  ,      1,    21,  0.004678, 0.00068    ,     1,           1,       1,   1
train_regrasp.h5,      30,    21,         0,            0,            0, +x  ,      1,    21,  0.004159, 0.000578   ,     1,           1,       1,   1
train_regrasp.h5,      31,    21,         1,            4,            4, +z  ,      1,    21,  0.004628, 0.00035    ,     1,           1,       1,   1
train_regrasp.h5,      32,    22,         0,            0,            0, +x  ,      1,    21,  0.004289, 0.002732   ,     1,           1,       1,   1
train_regrasp.h5,      33,    22,         1,            2,            2, +y  ,      1,    21,  0.00452 , 0.000551   ,     1,           1,       1,   1
train_regrasp.h5,      34,    22,         2,            4,            4, +z  ,      1,    21,  0.004602, 0.000392   ,     1,           1,       1,   1
train_regrasp.h5,      35,    23,         0,            0,            0, +x  ,      1,    17,  0.05029 , 0.073297   ,     0,           0,       1,   0
train_regrasp.h5,      36,    23,         1,            4,            4, +z  ,      1,    21,  0.004653, 0.0        ,     1,           1,       1,   1
train_regrasp.h5,      37,    24,         0,            0,            0, +x  ,      1,    21,  0.004446, 0.000346   ,     1,           1,       1,   1
train_regrasp.h5,      38,    24,         1,            3,            3, -y  ,      1,    21,  0.004607, 0.0        ,     1,           1,       1,   1
train_regrasp.h5,      39,    24,         2,            4,            4, +z  ,      1,    21,  0.004531, 0.0        ,     1,           1,       1,   1
train_regrasp.h5,      40,    25,         0,            0,            0, +x  ,      1,    21,  0.004466, 0.000583   ,     1,           1,       1,   1
train_regrasp.h5,      41,    25,         1,            4,            4, +z  ,      1,    21,  0.004643, 0.000575   ,     1,           1,       1,   1
train_regrasp.h5,      42,    26,         0,            0,            0, +x  ,      1,    21,  0.00449 , 0.0        ,     1,           1,       1,   1
train_regrasp.h5,      43,    26,         1,            3,            3, -y  ,      1,    15,  0.089221, 0.501851   ,     0,           0,       1,   0
train_regrasp.h5,      44,    26,         2,            4,            4, +z  ,      1,    21,  0.004571, 0.0        ,     1,           1,       1,   1
train_regrasp.h5,      45,    27,         0,            0,            0, +x  ,      1,    21,  0.004603, 0.0        ,     1,           1,       1,   1
train_regrasp.h5,      46,    27,         1,            2,            2, +y  ,      1,    21,  0.00449 , 0.000542   ,     1,           1,       1,   1
train_regrasp.h5,      47,    27,         2,            4,            4, +z  ,      1,    21,  0.00459 , 0.0        ,     1,           1,       1,   1
train_regrasp.h5,      48,    28,         0,            3,            3, -y  ,      1,    21,  0.004557, 0.0        ,     1,           1,       1,   1
train_regrasp.h5,      49,    28,         1,            4,            4, +z  ,      1,    21,  0.004648, 0.0        ,     1,           1,       1,   1
train_regrasp.h5,      50,    29,         0,            0,            0, +x  ,      1,    21,  0.004515, 0.000396   ,     1,           1,       1,   1
train_regrasp.h5,      51,    29,         1,            2,            2, +y  ,      1,    21,  0.004566, 0.0        ,     1,           1,       1,   1
train_regrasp.h5,      52,    31,         0,            0,            0, +x  ,      1,    21,  0.004623, 0.000251   ,     1,           1,       1,   1
train_regrasp.h5,      53,    32,         0,            0,            0, +x  ,      1,    21,  0.004629, 0.000282   ,     1,           1,       1,   1
train_regrasp.h5,      54,    32,         1,            2,            2, +y  ,      1,    21,  0.004562, 0.0        ,     1,           1,       1,   1
train_regrasp.h5,      55,    32,         2,            3,            3, -y  ,      1,    21,  0.004533, 0.0        ,     1,           1,       1,   1
train_regrasp.h5,      56,    32,         3,            4,            4, +z  ,      1,    21,  0.004608, 0.0        ,     1,           1,       1,   1
train_regrasp.h5,      57,    33,         0,            0,            0, +x  ,      1,    21,  0.004315, 0.000646   ,     1,           1,       1,   1
train_regrasp.h5,      58,    34,         0,            0,            0, +x  ,      1,    21,  0.004533, 0.0        ,     1,           1,       1,   1
train_regrasp.h5,      59,    34,         1,            2,            2, +y  ,      1,    21,  0.004579, 0.000429   ,     1,           1,       1,   1
train_regrasp.h5,      60,    35,         0,            0,            0, +x  ,      1,    21,  0.00454 , 0.000397   ,     1,           1,       1,   1
train_regrasp.h5,      61,    35,         1,            2,            2, +y  ,      1,    21,  0.004419, 0.000679   ,     1,           1,       1,   1
train_regrasp.h5,      62,    35,         2,            4,            4, +z  ,      1,    21,  0.004608, 0.000298   ,     1,           1,       1,   1
train_regrasp.h5,      63,    37,         0,            0,            0, +x  ,      1,    18,  0.049336, 0.011923   ,     0,           0,       1,   0
train_regrasp.h5,      64,    37,         1,            2,            2, +y  ,      1,    21,  0.004625, 0.0        ,     1,           1,       1,   1
train_regrasp.h5,      65,    37,         2,            4,            4, +z  ,      1,    16,  0.069223, 0.238187   ,     0,           0,       1,   0
train_regrasp.h5,      66,    38,         0,            0,            0, +x  ,      1,    21,  0.004525, 0.0        ,     1,           1,       1,   1
train_regrasp.h5,      67,    38,         1,            2,            2, +y  ,      1,    21,  0.004587, 0.0        ,     1,           1,       1,   1
train_regrasp.h5,      68,    40,         0,            0,            0, +x  ,      1,    21,  0.004377, 0.000507   ,     1,           1,       1,   1
train_regrasp.h5,      69,    40,         1,            2,            2, +y  ,      1,    17,  0.048395, 0.059796   ,     0,           0,       1,   0
train_regrasp.h5,      70,    40,         2,            3,            3, -y  ,      1,    18,  0.045583, 0.015261   ,     0,           0,       1,   0
train_regrasp.h5,      71,    41,         0,            0,            0, +x  ,      1,    21,  0.004505, 0.000271   ,     1,           1,       1,   1
train_regrasp.h5,      72,    41,         1,            2,            2, +y  ,      1,    21,  0.004609, 0.0        ,     1,           1,       1,   1
train_regrasp.h5,      73,    43,         0,            0,            0, +x  ,      1,    21,  0.004468, 0.000192   ,     1,           1,       1,   1
train_regrasp.h5,      74,    43,         1,            2,            2, +y  ,      1,    21,  0.004584, 0.000692   ,     1,           1,       1,   1
train_regrasp.h5,      75,    43,         2,            3,            3, -y  ,      1,    21,  0.004585, 0.0        ,     1,           1,       1,   1
train_regrasp.h5,      76,    48,         0,            0,            0, +x  ,      1,    14,  0.045295, 0.302191   ,     0,           0,       1,   0
train_regrasp.h5,      77,    49,         0,            0,            0, +x  ,      1,    17,  0.065409, 0.038925   ,     0,           0,       1,   0
train_regrasp.h5,      78,    49,         1,            3,            3, -y  ,      1,    20,  0.020623, 0.0        ,     0,           0,       1,   0
train_regrasp.h5,      79,    49,         2,            4,            4, +z  ,      1,    20,  0.0206  , 0.0006     ,     0,           0,       1,   0
train_regrasp.h5,      80,    52,         0,            0,            0, +x  ,      1,    21,  0.004521, 0.000544   ,     1,           1,       1,   1
train_regrasp.h5,      81,    52,         1,            2,            2, +y  ,      1,    21,  0.004576, 0.000157   ,     1,           1,       1,   1
train_regrasp.h5,      82,    52,         2,            3,            3, -y  ,      1,    15,  0.100307, 0.501659   ,     0,           0,       1,   0
train_regrasp.h5,      83,    52,         3,            4,            4, +z  ,      1,    21,  0.004518, 0.000309   ,     1,           1,       1,   1
train_regrasp.h5,      84,    53,         0,            0,            0, +x  ,      1,    21,  0.004407, 0.0        ,     1,           1,       1,   1
train_regrasp.h5,      85,    53,         1,            3,            3, -y  ,      1,    19,  0.035924, 0.00352    ,     0,           0,       1,   0
train_regrasp.h5,      86,    53,         2,            4,            4, +z  ,      1,    21,  0.004633, 0.0        ,     1,           1,       1,   1
train_regrasp.h5,      87,    54,         0,            0,            0, +x  ,      1,    21,  0.004343, 0.000555   ,     1,           1,       1,   1
train_regrasp.h5,      88,    54,         1,            2,            2, +y  ,      1,    21,  0.004466, 0.00049    ,     1,           1,       1,   1
train_regrasp.h5,      89,    54,         2,            4,            4, +z  ,      1,    15,  0.178085, 0.175399   ,     0,           0,       1,   0
train_regrasp.h5,      90,    55,         0,            0,            0, +x  ,      1,    21,  0.004597, 0.000448   ,     1,           1,       1,   1
train_regrasp.h5,      91,    55,         1,            3,            3, -y  ,      1,    21,  0.004496, 0.000313   ,     1,           1,       1,   1
train_regrasp.h5,      92,    55,         2,            4,            4, +z  ,      1,    21,  0.004587, 0.0        ,     1,           1,       1,   1
train_regrasp.h5,      93,    58,         0,            0,            0, +x  ,      1,    21,  0.004502, 0.0001     ,     1,           1,       1,   1
train_regrasp.h5,      94,    60,         0,            0,            0, +x  ,      1,    21,  0.004765, 0.002466   ,     1,           1,       1,   1
train_regrasp.h5,      95,    61,         0,            0,            0, +x  ,      1,    21,  0.004562, 0.0        ,     1,           1,       1,   1
train_regrasp.h5,      96,    62,         0,            0,            0, +x  ,      1,    21,  0.00432 , 0.001132   ,     1,           1,       1,   1
train_regrasp.h5,      97,    63,         0,            0,            0, +x  ,      1,    21,  0.004554, 0.0        ,     1,           1,       1,   1
train_regrasp.h5,      98,    63,         1,            2,            2, +y  ,      1,    15,  0.130162, 0.499921   ,     0,           0,       1,   0
train_regrasp.h5,      99,    63,         2,            4,            4, +z  ,      1,    21,  0.004624, 0.0        ,     1,           1,       1,   1
train_regrasp.h5,     100,    64,         0,            0,            0, +x  ,      1,    21,  0.004392, 0.000525   ,     1,           1,       1,   1
train_regrasp.h5,     101,    64,         1,            4,            4, +z  ,      1,    21,  0.004633, 0.0        ,     1,           1,       1,   1
train_regrasp.h5,     102,    65,         0,            2,            2, +y  ,      1,    13,  0.134194, 0.971441   ,     0,           0,       1,   0
train_regrasp.h5,     103,    66,         0,            0,            0, +x  ,      1,    18,  0.048813, 0.015175   ,     0,           0,       1,   0
train_regrasp.h5,     104,    66,         1,            4,            4, +z  ,      1,    21,  0.004615, 0.000536   ,     1,           1,       1,   1
train_regrasp.h5,     105,    67,         0,            0,            0, +x  ,      1,    21,  0.004468, 0.0        ,     1,           1,       1,   1
train_regrasp.h5,     106,    67,         1,            2,            2, +y  ,      1,    16,  0.064185, 0.285375   ,     0,           0,       1,   0
train_regrasp.h5,     107,    67,         2,            4,            4, +z  ,      1,    21,  0.004711, 0.000562   ,     1,           1,       1,   1
train_regrasp.h5,     108,    72,         0,            0,            0, +x  ,      1,    15,  0.103533, 0.324318   ,     0,           0,       1,   0
train_regrasp.h5,     109,    73,         0,            0,            0, +x  ,      1,    21,  0.004534, 0.0        ,     1,           1,       1,   1
train_regrasp.h5,     110,    73,         1,            3,            3, -y  ,      1,    21,  0.004508, 0.000323   ,     1,           1,       1,   1
train_regrasp.h5,     111,    73,         2,            4,            4, +z  ,      1,    20,  0.02038 , 0.000763   ,     0,           0,       1,   0
train_regrasp.h5,     112,    74,         0,            2,            2, +y  ,      1,    21,  0.004514, 0.000371   ,     1,           1,       1,   1
train_regrasp.h5,     113,    74,         1,            4,            4, +z  ,      1,    21,  0.004612, 0.00025    ,     1,           1,       1,   1
train_regrasp.h5,     114,    75,         0,            0,            0, +x  ,      1,    21,  0.004578, 0.000317   ,     1,           1,       1,   1
train_regrasp.h5,     115,    75,         1,            3,            3, -y  ,      1,    21,  0.004542, 0.00066    ,     1,           1,       1,   1
train_regrasp.h5,     116,    76,         0,            0,            0, +x  ,      1,    21,  0.00457 , 0.0        ,     1,           1,       1,   1
train_regrasp.h5,     117,    77,         0,            2,            2, +y  ,      1,    16,  0.063744, 0.173553   ,     0,           0,       1,   0
train_regrasp.h5,     118,    78,         0,            0,            0, +x  ,      1,    21,  0.00454 , 0.0        ,     1,           1,       1,   1
train_regrasp.h5,     119,    78,         1,            4,            4, +z  ,      1,    21,  0.004487, 0.000644   ,     1,           1,       1,   1
train_regrasp.h5,     120,    79,         0,            0,            0, +x  ,      1,    19,  0.035473, 0.003645   ,     0,           0,       1,   0
train_regrasp.h5,     121,    79,         1,            4,            4, +z  ,      1,    21,  0.004645, 0.0        ,     1,           1,       1,   1
train_regrasp.h5,     122,    80,         0,            2,            2, +y  ,      1,    16,  0.034578, 0.348672   ,     0,           0,       1,   0
train_regrasp.h5,     123,    81,         0,            2,            2, +y  ,      1,    21,  0.004573, 0.0        ,     1,           1,       1,   1
train_regrasp.h5,     124,    82,         0,            0,            0, +x  ,      1,    21,  0.004587, 0.000235   ,     1,           1,       1,   1
train_regrasp.h5,     125,    83,         0,            4,            4, +z  ,      1,    21,  0.00452 , 0.0        ,     1,           1,       1,   1
train_regrasp.h5,     126,    84,         0,            0,            0, +x  ,      1,    12,  0.186713, 0.796366   ,     0,           0,       1,   0
train_regrasp.h5,     127,    84,         1,            2,            2, +y  ,      1,    21,  0.004565, 0.0        ,     1,           1,       1,   1
train_regrasp.h5,     128,    84,         2,            3,            3, -y  ,      1,    15,  0.092723, 0.535504   ,     0,           0,       1,   0
train_regrasp.h5,     129,    85,         0,            0,            0, +x  ,      1,    21,  0.004365, 0.000858   ,     1,           1,       1,   1
train_regrasp.h5,     130,    85,         1,            3,            3, -y  ,      1,    21,  0.004561, 0.0        ,     1,           1,       1,   1
train_regrasp.h5,     131,    86,         0,            0,            0, +x  ,      1,    21,  0.004482, 0.000859   ,     1,           1,       1,   1
train_regrasp.h5,     132,    86,         1,            2,            2, +y  ,      1,    11,  0.179231, 1.066162   ,     0,           0,       1,   0
train_regrasp.h5,     133,    86,         2,            3,            3, -y  ,      1,    13,  0.112988, 0.738932   ,     0,           0,       1,   0
train_regrasp.h5,     134,    87,         0,            0,            0, +x  ,      1,    21,  0.004647, 0.0        ,     1,           1,       1,   1
train_regrasp.h5,     135,    88,         0,            0,            0, +x  ,      1,    21,  0.004552, 0.000395   ,     1,           1,       1,   1
train_regrasp.h5,     136,    88,         1,            2,            2, +y  ,      1,    21,  0.004627, 0.000139   ,     1,           1,       1,   1
train_regrasp.h5,     137,    88,         2,            3,            3, -y  ,      1,    21,  0.004572, 9.9e-05    ,     1,           1,       1,   1
train_regrasp.h5,     138,    90,         0,            0,            0, +x  ,      1,    21,  0.00459 , 0.0        ,     1,           1,       1,   1
train_regrasp.h5,     139,    90,         1,            2,            2, +y  ,      1,    13,  0.142118, 0.586873   ,     0,           0,       1,   0
train_regrasp.h5,     140,    90,         2,            4,            4, +z  ,      1,    11,  0.205042, 0.817187   ,     0,           0,       1,   0
train_regrasp.h5,     141,    91,         0,            0,            0, +x  ,      1,    21,  0.004519, 5.6e-05    ,     1,           1,       1,   1
train_regrasp.h5,     142,    91,         1,            2,            2, +y  ,      1,    21,  0.004594, 0.000407   ,     1,           1,       1,   1
train_regrasp.h5,     143,    91,         2,            3,            3, -y  ,      1,    21,  0.004584, 0.000144   ,     1,           1,       1,   1
train_regrasp.h5,     144,    91,         3,            4,            4, +z  ,      1,    21,  0.004557, 0.000632   ,     1,           1,       1,   1
train_regrasp.h5,     145,    92,         0,            0,            0, +x  ,      1,    21,  0.004629, 0.0        ,     1,           1,       1,   1
train_regrasp.h5,     146,    92,         1,            2,            2, +y  ,      1,    21,  0.004637, 0.0        ,     1,           1,       1,   1
train_regrasp.h5,     147,    92,         2,            3,            3, -y  ,      1,    21,  0.004553, 0.0        ,     1,           1,       1,   1
train_regrasp.h5,     148,    92,         3,            4,            4, +z  ,      1,    21,  0.004459, 0.000395   ,     1,           1,       1,   1
train_regrasp.h5,     149,    93,         0,            0,            0, +x  ,      1,    21,  0.004542, 0.0        ,     1,           1,       1,   1
train_regrasp.h5,     150,    93,         1,            3,            3, -y  ,      1,    17,  0.040418, 0.080583   ,     0,           0,       1,   0
train_regrasp.h5,     151,    93,         2,            4,            4, +z  ,      1,    21,  0.004585, 0.000512   ,     1,           1,       1,   1
train_regrasp.h5,     152,    94,         0,            0,            0, +x  ,      1,    21,  0.004565, 0.000441   ,     1,           1,       1,   1
train_regrasp.h5,     153,    94,         1,            2,            2, +y  ,      1,    13,  0.241324, 1.076295   ,     0,           0,       1,   0
train_regrasp.h5,     154,    94,         2,            3,            3, -y  ,      1,    15,  0.173698, 0.541122   ,     0,           0,       1,   0
train_regrasp.h5,     155,    94,         3,            4,            4, +z  ,      1,    21,  0.004566, 0.000595   ,     1,           1,       1,   1
train_regrasp.h5,     156,    95,         0,            0,            0, +x  ,      1,    21,  0.00456 , 0.0        ,     1,           1,       1,   1
train_regrasp.h5,     157,    95,         1,            2,            2, +y  ,      1,    21,  0.00467 , 0.000379   ,     1,           1,       1,   1
train_regrasp.h5,     158,    95,         2,            3,            3, -y  ,      1,    21,  0.004603, 0.000554   ,     1,           1,       1,   1
train_regrasp.h5,     159,    95,         3,            4,            4, +z  ,      1,    21,  0.004552, 0.000647   ,     1,           1,       1,   1
train_regrasp.h5,     160,    96,         0,            0,            0, +x  ,      1,    21,  0.004515, 0.000582   ,     1,           1,       1,   1
train_regrasp.h5,     161,    96,         1,            2,            2, +y  ,      1,    21,  0.004598, 0.000262   ,     1,           1,       1,   1
train_regrasp.h5,     162,    96,         2,            4,            4, +z  ,      1,    21,  0.004508, 0.000268   ,     1,           1,       1,   1
train_regrasp.h5,     163,    97,         0,            0,            0, +x  ,      1,    21,  0.004471, 0.000415   ,     1,           1,       1,   1
train_regrasp.h5,     164,    97,         1,            2,            2, +y  ,      1,    21,  0.004605, 6e-05      ,     1,           1,       1,   1
train_regrasp.h5,     165,    97,         2,            3,            3, -y  ,      1,    21,  0.004581, 0.000132   ,     1,           1,       1,   1
train_regrasp.h5,     166,    97,         3,            4,            4, +z  ,      1,    21,  0.004586, 0.000365   ,     1,           1,       1,   1
train_regrasp.h5,     167,    98,         0,            0,            0, +x  ,      1,    21,  0.004248, 0.001609   ,     1,           1,       1,   1
train_regrasp.h5,     168,    98,         1,            2,            2, +y  ,      1,    15,  0.050496, 0.415172   ,     0,           0,       1,   0
train_regrasp.h5,     169,    98,         2,            3,            3, -y  ,      1,    21,  0.004562, 0.0        ,     1,           1,       1,   1
train_regrasp.h5,     170,    98,         3,            4,            4, +z  ,      1,    21,  0.004511, 0.000349   ,     1,           1,       1,   1
train_regrasp.h5,     171,    99,         0,            0,            0, +x  ,      1,    21,  0.004547, 0.000436   ,     1,           1,       1,   1
train_regrasp.h5,     172,    99,         1,            2,            2, +y  ,      1,    15,  0.055471, 0.469058   ,     0,           0,       1,   0
train_regrasp.h5,     173,    99,         2,            3,            3, -y  ,      1,    15,  0.104097, 0.456045   ,     0,           0,       1,   0
train_regrasp.h5,     174,    99,         3,            4,            4, +z  ,      1,    21,  0.004572, 0.000503   ,     1,           1,       1,   1
train_regrasp.h5,     175,   101,         0,            0,            0, +x  ,      1,    21,  0.004559, 0.0        ,     1,           1,       1,   1
train_regrasp.h5,     176,   102,         0,            0,            0, +x  ,      1,    21,  0.004783, 0.001452   ,     1,           1,       1,   1
train_regrasp.h5,     177,   102,         1,            4,            4, +z  ,      1,    15,  0.041613, 0.30108    ,     0,           0,       1,   0
train_regrasp.h5,     178,   103,         0,            0,            0, +x  ,      1,    21,  0.004554, 0.000532   ,     1,           1,       1,   1
train_regrasp.h5,     179,   103,         1,            4,            4, +z  ,      1,    21,  0.004566, 0.000344   ,     1,           1,       1,   1
train_regrasp.h5,     180,   104,         0,            0,            0, +x  ,      1,    21,  0.004524, 0.000409   ,     1,           1,       1,   1
train_regrasp.h5,     181,   104,         1,            2,            2, +y  ,      1,    13,  0.088464, 0.799658   ,     0,           0,       1,   0
train_regrasp.h5,     182,   104,         2,            3,            3, -y  ,      1,    15,  0.052011, 0.427691   ,     0,           0,       1,   0
train_regrasp.h5,     183,   104,         3,            4,            4, +z  ,      1,    21,  0.004505, 0.0        ,     1,           1,       1,   1
train_regrasp.h5,     184,   105,         0,            0,            0, +x  ,      1,    21,  0.004473, 0.000607   ,     1,           1,       1,   1
train_regrasp.h5,     185,   105,         1,            3,            3, -y  ,      1,    21,  0.004602, 0.0        ,     1,           1,       1,   1
train_regrasp.h5,     186,   105,         2,            4,            4, +z  ,      1,    18,  0.048819, 0.011514   ,     0,           0,       1,   0
train_regrasp.h5,     187,   106,         0,            0,            0, +x  ,      1,    21,  0.004584, 0.000191   ,     1,           1,       1,   1
train_regrasp.h5,     188,   106,         1,            2,            2, +y  ,      1,    17,  0.044933, 0.047622   ,     0,           0,       1,   0
train_regrasp.h5,     189,   106,         2,            3,            3, -y  ,      1,    10,  0.205133, 1.539666   ,     0,           0,       1,   0
train_regrasp.h5,     190,   106,         3,            4,            4, +z  ,      1,    21,  0.004602, 9.9e-05    ,     1,           1,       1,   1
train_regrasp.h5,     191,   107,         0,            0,            0, +x  ,      1,    21,  0.00457 , 0.000404   ,     1,           1,       1,   1
train_regrasp.h5,     192,   107,         1,            2,            2, +y  ,      1,    21,  0.004604, 0.000298   ,     1,           1,       1,   1
train_regrasp.h5,     193,   107,         2,            3,            3, -y  ,      1,     9,  0.239497, 1.534982   ,     0,           0,       1,   0
train_regrasp.h5,     194,   107,         3,            4,            4, +z  ,      1,    21,  0.004585, 0.0        ,     1,           1,       1,   1
train_regrasp.h5,     195,   108,         0,            4,            4, +z  ,      1,    21,  0.004666, 0.000484   ,     1,           1,       1,   1
train_regrasp.h5,     196,   109,         0,            0,            0, +x  ,      1,    21,  0.004518, 0.000739   ,     1,           1,       1,   1
train_regrasp.h5,     197,   109,         1,            3,            3, -y  ,      1,    21,  0.004594, 0.0        ,     1,           1,       1,   1
train_regrasp.h5,     198,   109,         2,            4,            4, +z  ,      1,    21,  0.005415, 0.001683   ,     1,           1,       1,   1
train_regrasp.h5,     199,   110,         0,            0,            0, +x  ,      1,    21,  0.004558, 0.000483   ,     1,           1,       1,   1
train_regrasp.h5,     200,   110,         1,            3,            4, -y  ,      0,    21,  0.004562, 0.000164   ,     1,           1,       0,   0
train_regrasp.h5,     201,   110,         2,            4,            4, +z  ,      1,    21,  0.004919, 0.000864   ,     1,           1,       1,   1
train_regrasp.h5,     202,   112,         0,            0,            0, +x  ,      1,    21,  0.004596, 0.00048    ,     1,           1,       1,   1
train_regrasp.h5,     203,   112,         1,            2,            2, +y  ,      1,    21,  0.004542, 0.0        ,     1,           1,       1,   1
train_regrasp.h5,     204,   113,         0,            0,            0, +x  ,      1,    21,  0.004504, 0.0004     ,     1,           1,       1,   1
train_regrasp.h5,     205,   113,         1,            3,            3, -y  ,      1,    10,  0.182372, 1.495941   ,     0,           0,       1,   0
train_regrasp.h5,     206,   114,         0,            0,            0, +x  ,      1,    21,  0.004603, 0.0        ,     1,           1,       1,   1
train_regrasp.h5,     207,   114,         1,            2,            2, +y  ,      1,    15,  0.099918, 0.558026   ,     0,           0,       1,   0
train_regrasp.h5,     208,   114,         2,            4,            4, +z  ,      1,    21,  0.004634, 0.000431   ,     1,           1,       1,   1
train_regrasp.h5,     209,   115,         0,            0,            0, +x  ,      1,    21,  0.004513, 0.000554   ,     1,           1,       1,   1
train_regrasp.h5,     210,   115,         1,            2,            2, +y  ,      1,    21,  0.004619, 0.000134   ,     1,           1,       1,   1
train_regrasp.h5,     211,   115,         2,            3,            3, -y  ,      1,    14,  0.098331, 0.753535   ,     0,           0,       1,   0
train_regrasp.h5,     212,   120,         0,            3,            3, -y  ,      1,    17,  0.033484, 0.075868   ,     0,           0,       1,   0
train_regrasp.h5,     213,   120,         1,            4,            4, +z  ,      1,    21,  0.004542, 0.0        ,     1,           1,       1,   1
train_regrasp.h5,     214,   121,         0,            0,            0, +x  ,      1,    10,  0.131372, 1.573146   ,     0,           0,       1,   0
train_regrasp.h5,     215,   121,         1,            2,            2, +y  ,      1,    12,  0.169844, 1.160366   ,     0,           0,       1,   0
train_regrasp.h5,     216,   121,         2,            3,            3, -y  ,      1,    12,  0.152727, 1.064245   ,     0,           0,       1,   0
train_regrasp.h5,     217,   122,         0,            2,            2, +y  ,      1,    12,  0.116773, 0.747812   ,     0,           0,       1,   0
train_regrasp.h5,     218,   122,         1,            4,            4, +z  ,      1,    21,  0.042555, 0.282846   ,     0,           1,       1,   0
train_regrasp.h5,     219,   124,         0,            0,            0, +x  ,      1,    21,  0.004566, 0.000185   ,     1,           1,       1,   1
train_regrasp.h5,     220,   124,         1,            2,            4, +y  ,      0,    21,  0.004555, 0.0        ,     1,           1,       0,   0
train_regrasp.h5,     221,   124,         2,            3,            3, -y  ,      1,     8,  0.242637, 1.594617   ,     0,           0,       1,   0
train_regrasp.h5,     222,   124,         3,            4,            4, +z  ,      1,    11,  0.136009, 0.610187   ,     0,           0,       1,   0
train_regrasp.h5,     223,   125,         0,            0,            0, +x  ,      1,    21,  0.004482, 0.000474   ,     1,           1,       1,   1
train_regrasp.h5,     224,   125,         1,            2,            2, +y  ,      1,    14,  0.083516, 0.546591   ,     0,           0,       1,   0
train_regrasp.h5,     225,   125,         2,            3,            3, -y  ,      1,    21,  0.004562, 0.000386   ,     1,           1,       1,   1
train_regrasp.h5,     226,   125,         3,            4,            4, +z  ,      1,    11,  0.142634, 0.794997   ,     0,           0,       1,   0
train_regrasp.h5,     227,   126,         0,            0,            0, +x  ,      1,    13,  0.081344, 0.729989   ,     0,           0,       1,   0
train_regrasp.h5,     228,   126,         1,            2,            2, +y  ,      1,    10,  0.226619, 1.407042   ,     0,           0,       1,   0
train_regrasp.h5,     229,   126,         2,            3,            3, -y  ,      1,    21,  0.004668, 0.00046    ,     1,           1,       1,   1
train_regrasp.h5,     230,   126,         3,            4,            4, +z  ,      1,    21,  0.004561, 0.0        ,     1,           1,       1,   1
train_regrasp.h5,     231,   127,         0,            0,            4, +x  ,      0,    21,  0.004551, 0.000242   ,     1,           1,       0,   0
train_regrasp.h5,     232,   127,         1,            2,            2, +y  ,      1,     9,  0.284169, 1.537256   ,     0,           0,       1,   0
train_regrasp.h5,     233,   127,         2,            3,            3, -y  ,      1,    15,  0.046851, 0.448709   ,     0,           0,       1,   0
train_regrasp.h5,     234,   127,         3,            4,            4, +z  ,      1,    11,  0.15267 , 0.665945   ,     0,           0,       1,   0
train_regrasp.h5,     235,   129,         0,            2,            2, +y  ,      1,    21,  0.004615, 0.0        ,     1,           1,       1,   1
train_regrasp.h5,     236,   132,         0,            0,            0, +x  ,      1,    21,  0.004622, 0.000483   ,     1,           1,       1,   1
train_regrasp.h5,     237,   132,         1,            2,            2, +y  ,      1,    21,  0.004588, 6.4e-05    ,     1,           1,       1,   1
train_regrasp.h5,     238,   132,         2,            3,            3, -y  ,      1,    14,  0.153658, 0.663714   ,     0,           0,       1,   0
train_regrasp.h5,     239,   132,         3,            4,            4, +z  ,      1,    21,  0.004535, 0.000413   ,     1,           1,       1,   1
train_regrasp.h5,     240,   133,         0,            0,            0, +x  ,      1,    21,  0.004556, 0.000805   ,     1,           1,       1,   1
train_regrasp.h5,     241,   133,         1,            2,            2, +y  ,      1,    10,  0.237691, 1.368745   ,     0,           0,       1,   0
train_regrasp.h5,     242,   133,         2,            3,            3, -y  ,      1,    21,  0.004531, 0.0        ,     1,           1,       1,   1
train_regrasp.h5,     243,   133,         3,            4,            4, +z  ,      1,    21,  0.00455 , 0.000545   ,     1,           1,       1,   1
train_regrasp.h5,     244,   134,         0,            0,            0, +x  ,      1,    21,  0.004413, 0.000595   ,     1,           1,       1,   1
train_regrasp.h5,     245,   134,         1,            2,            2, +y  ,      1,    21,  0.004563, 0.000498   ,     1,           1,       1,   1
train_regrasp.h5,     246,   134,         2,            3,            3, -y  ,      1,    21,  0.004604, 0.000304   ,     1,           1,       1,   1
train_regrasp.h5,     247,   134,         3,            4,            4, +z  ,      1,    21,  0.004545, 0.0        ,     1,           1,       1,   1
train_regrasp.h5,     248,   135,         0,            0,            0, +x  ,      1,    21,  0.004559, 0.000227   ,     1,           1,       1,   1
train_regrasp.h5,     249,   135,         1,            2,            2, +y  ,      1,    21,  0.00454 , 0.000307   ,     1,           1,       1,   1
train_regrasp.h5,     250,   135,         2,            3,            3, -y  ,      1,    12,  0.243718, 1.142492   ,     0,           0,       1,   0
train_regrasp.h5,     251,   135,         3,            4,            4, +z  ,      1,    21,  0.00461 , 0.000438   ,     1,           1,       1,   1
train_regrasp.h5,     252,   136,         0,            0,            0, +x  ,      1,    21,  0.004585, 0.000425   ,     1,           1,       1,   1
train_regrasp.h5,     253,   136,         1,            3,            3, -y  ,      1,    21,  0.00457 , 0.0        ,     1,           1,       1,   1
train_regrasp.h5,     254,   137,         0,            0,            0, +x  ,      1,    17,  0.049948, 0.059779   ,     0,           0,       1,   0
train_regrasp.h5,     255,   137,         1,            2,            2, +y  ,      1,    16,  0.04454 , 0.280135   ,     0,           0,       1,   0
train_regrasp.h5,     256,   137,         2,            4,            4, +z  ,      1,    21,  0.004521, 0.000465   ,     1,           1,       1,   1
train_regrasp.h5,     257,   138,         0,            0,            0, +x  ,      1,    20,  0.020467, 0.000565   ,     0,           0,       1,   0
train_regrasp.h5,     258,   138,         1,            2,            2, +y  ,      1,    13,  0.071066, 0.892713   ,     0,           0,       1,   0
train_regrasp.h5,     259,   138,         2,            4,            4, +z  ,      1,    21,  0.004514, 0.000114   ,     1,           1,       1,   1
train_regrasp.h5,     260,   139,         0,            0,            0, +x  ,      1,    21,  0.004595, 0.000266   ,     1,           1,       1,   1
train_regrasp.h5,     261,   139,         1,            4,            4, +z  ,      1,    21,  0.004573, 0.0        ,     1,           1,       1,   1
train_regrasp.h5,     262,   140,         0,            0,            0, +x  ,      1,    21,  0.004535, 0.000409   ,     1,           1,       1,   1
train_regrasp.h5,     263,   140,         1,            2,            2, +y  ,      1,    21,  0.004604, 0.0        ,     1,           1,       1,   1
train_regrasp.h5,     264,   141,         0,            0,            0, +x  ,      1,    15,  0.140536, 0.598479   ,     0,           0,       1,   0
train_regrasp.h5,     265,   142,         0,            4,            4, +z  ,      1,    21,  0.004717, 0.000236   ,     1,           1,       1,   1
train_regrasp.h5,     266,   143,         0,            0,            0, +x  ,      1,    21,  0.00395 , 0.003506   ,     1,           1,       1,   1
train_regrasp.h5,     267,   144,         0,            0,            0, +x  ,      1,    17,  0.054049, 0.080959   ,     0,           0,       1,   0
train_regrasp.h5,     268,   144,         1,            3,            3, -y  ,      1,    21,  0.004534, 0.000155   ,     1,           1,       1,   1
train_regrasp.h5,     269,   145,         0,            0,            0, +x  ,      1,     7,  0.129164, 1.459075   ,     0,           0,       1,   0
train_regrasp.h5,     270,   145,         1,            4,            4, +z  ,      1,    21,  0.004605, 0.000239   ,     1,           1,       1,   1
train_regrasp.h5,     271,   146,         0,            0,            0, +x  ,      1,    21,  0.004577, 0.0        ,     1,           1,       1,   1
train_regrasp.h5,     272,   146,         1,            4,            4, +z  ,      1,    21,  0.004471, 0.000315   ,     1,           1,       1,   1
train_regrasp.h5,     273,   147,         0,            0,            0, +x  ,      1,    21,  0.004571, 0.000546   ,     1,           1,       1,   1
train_regrasp.h5,     274,   147,         1,            4,            4, +z  ,      1,    21,  0.004421, 0.000302   ,     1,           1,       1,   1
train_regrasp.h5,     275,   148,         0,            0,            0, +x  ,      1,    21,  0.00452 , 0.000495   ,     1,           1,       1,   1
train_regrasp.h5,     276,   148,         1,            4,            4, +z  ,      1,    21,  0.004532, 0.0        ,     1,           1,       1,   1
train_regrasp.h5,     277,   149,         0,            4,            4, +z  ,      1,    21,  0.004532, 0.000403   ,     1,           1,       1,   1
train_regrasp.h5,     278,   150,         0,            4,            4, +z  ,      1,    21,  0.004787, 0.00023    ,     1,           1,       1,   1
train_regrasp.h5,     279,   151,         0,            4,            4, +z  ,      1,    21,  0.004594, 0.000532   ,     1,           1,       1,   1
train_regrasp.h5,     280,   152,         0,            0,            0, +x  ,      1,    21,  0.004464, 0.0        ,     1,           1,       1,   1
train_regrasp.h5,     281,   152,         1,            4,            4, +z  ,      1,    21,  0.004542, 0.000339   ,     1,           1,       1,   1
train_regrasp.h5,     282,   154,         0,            0,            0, +x  ,      1,    21,  0.004538, 0.000304   ,     1,           1,       1,   1
train_regrasp.h5,     283,   154,         1,            2,            2, +y  ,      1,    21,  0.004495, 0.000262   ,     1,           1,       1,   1
train_regrasp.h5,     284,   156,         0,            3,            3, -y  ,      1,    21,  0.004617, 0.0        ,     1,           1,       1,   1
train_regrasp.h5,     285,   157,         0,            0,            0, +x  ,      1,    21,  0.004601, 0.000424   ,     1,           1,       1,   1
train_regrasp.h5,     286,   157,         1,            4,            4, +z  ,      1,    21,  0.004503, 0.0        ,     1,           1,       1,   1
train_regrasp.h5,     287,   158,         0,            4,            4, +z  ,      1,    21,  0.004563, 0.0        ,     1,           1,       1,   1
train_regrasp.h5,     288,   159,         0,            0,            0, +x  ,      1,    21,  0.004007, 0.002638   ,     1,           1,       1,   1
train_regrasp.h5,     289,   159,         1,            3,            3, -y  ,      1,    21,  0.004616, 0.000484   ,     1,           1,       1,   1
train_regrasp.h5,     290,   160,         0,            0,            0, +x  ,      1,    21,  0.004613, 0.000564   ,     1,           1,       1,   1
train_regrasp.h5,     291,   160,         1,            2,            2, +y  ,      1,    21,  0.004602, 0.0        ,     1,           1,       1,   1
train_regrasp.h5,     292,   160,         2,            3,            3, -y  ,      1,    21,  0.004568, 0.000367   ,     1,           1,       1,   1
train_regrasp.h5,     293,   161,         0,            0,            0, +x  ,      1,    21,  0.004556, 0.0        ,     1,           1,       1,   1
train_regrasp.h5,     294,   161,         1,            3,            3, -y  ,      1,    21,  0.004567, 0.000433   ,     1,           1,       1,   1
train_regrasp.h5,     295,   161,         2,            4,            4, +z  ,      1,    21,  0.004507, 0.000374   ,     1,           1,       1,   1
train_regrasp.h5,     296,   162,         0,            0,            0, +x  ,      1,    21,  0.004551, 0.000451   ,     1,           1,       1,   1
train_regrasp.h5,     297,   162,         1,            2,            2, +y  ,      1,     8,  0.191833, 1.789749   ,     0,           0,       1,   0
train_regrasp.h5,     298,   162,         2,            4,            4, +z  ,      1,    21,  0.004595, 0.000397   ,     1,           1,       1,   1
train_regrasp.h5,     299,   163,         0,            0,            0, +x  ,      1,    21,  0.004569, 0.000297   ,     1,           1,       1,   1
train_regrasp.h5,     300,   163,         1,            2,            2, +y  ,      1,    20,  0.020466, 0.000458   ,     0,           0,       1,   0
train_regrasp.h5,     301,   163,         2,            4,            4, +z  ,      1,    21,  0.004563, 0.000585   ,     1,           1,       1,   1
train_regrasp.h5,     302,   164,         0,            0,            0, +x  ,      1,    21,  0.004575, 0.000295   ,     1,           1,       1,   1
train_regrasp.h5,     303,   164,         1,            4,            4, +z  ,      1,    10,  0.149337, 0.707957   ,     0,           0,       1,   0
train_regrasp.h5,     304,   165,         0,            0,            0, +x  ,      1,    21,  0.00446 , 0.001175   ,     1,           1,       1,   1
train_regrasp.h5,     305,   165,         1,            2,            2, +y  ,      1,    18,  0.049465, 0.008548   ,     0,           0,       1,   0
train_regrasp.h5,     306,   165,         2,            3,            4, -y  ,      0,    21,  0.004552, 0.0        ,     1,           1,       0,   0
train_regrasp.h5,     307,   165,         3,            4,            4, +z  ,      1,    21,  0.004637, 0.000515   ,     1,           1,       1,   1
train_regrasp.h5,     308,   166,         0,            0,            0, +x  ,      1,    21,  0.004555, 0.000327   ,     1,           1,       1,   1
train_regrasp.h5,     309,   166,         1,            2,            2, +y  ,      1,    21,  0.00453 , 0.000836   ,     1,           1,       1,   1
train_regrasp.h5,     310,   166,         2,            4,            4, +z  ,      1,    15,  0.077596, 0.297771   ,     0,           0,       1,   0
train_regrasp.h5,     311,   167,         0,            0,            0, +x  ,      1,    21,  0.004561, 0.0006     ,     1,           1,       1,   1
train_regrasp.h5,     312,   167,         1,            2,            2, +y  ,      1,    21,  0.004618, 0.0        ,     1,           1,       1,   1
train_regrasp.h5,     313,   167,         2,            4,            4, +z  ,      1,    21,  0.004554, 0.000656   ,     1,           1,       1,   1
train_regrasp.h5,     314,   168,         0,            0,            0, +x  ,      1,    21,  0.004526, 0.000409   ,     1,           1,       1,   1
train_regrasp.h5,     315,   168,         1,            2,            2, +y  ,      1,    21,  0.004516, 0.000334   ,     1,           1,       1,   1
train_regrasp.h5,     316,   168,         2,            4,            4, +z  ,      1,    21,  0.004549, 0.0        ,     1,           1,       1,   1
train_regrasp.h5,     317,   169,         0,            0,            0, +x  ,      1,    21,  0.004567, 0.000132   ,     1,           1,       1,   1
train_regrasp.h5,     318,   169,         1,            2,            2, +y  ,      1,    15,  0.066956, 0.435353   ,     0,           0,       1,   0
train_regrasp.h5,     319,   169,         2,            3,            3, -y  ,      1,    10,  0.280806, 1.586812   ,     0,           0,       1,   0
train_regrasp.h5,     320,   170,         0,            0,            0, +x  ,      1,    21,  0.004546, 0.000558   ,     1,           1,       1,   1
train_regrasp.h5,     321,   170,         1,            2,            2, +y  ,      1,    10,  0.174765, 1.389999   ,     0,           0,       1,   0
train_regrasp.h5,     322,   170,         2,            3,            3, -y  ,      1,    21,  0.004473, 0.000531   ,     1,           1,       1,   1
train_regrasp.h5,     323,   170,         3,            4,            4, +z  ,      1,    21,  0.004667, 0.000472   ,     1,           1,       1,   1
train_regrasp.h5,     324,   171,         0,            0,            0, +x  ,      1,    21,  0.004586, 0.000336   ,     1,           1,       1,   1
train_regrasp.h5,     325,   171,         1,            2,            2, +y  ,      1,    19,  0.036435, 0.001523   ,     0,           0,       1,   0
train_regrasp.h5,     326,   171,         2,            3,            3, -y  ,      1,    14,  0.057693, 0.634127   ,     0,           0,       1,   0
train_regrasp.h5,     327,   172,         0,            4,            4, +z  ,      1,    21,  0.004701, 0.000419   ,     1,           1,       1,   1
train_regrasp.h5,     328,   173,         0,            4,            4, +z  ,      1,    12,  0.177051, 0.723995   ,     0,           0,       1,   0
train_regrasp.h5,     329,   175,         0,            0,            0, +x  ,      1,    21,  0.004552, 0.000468   ,     1,           1,       1,   1
train_regrasp.h5,     330,   176,         0,            0,            0, +x  ,      1,    21,  0.004615, 0.000246   ,     1,           1,       1,   1
train_regrasp.h5,     331,   176,         1,            2,            2, +y  ,      1,    12,  0.263807, 1.178302   ,     0,           0,       1,   0
train_regrasp.h5,     332,   176,         2,            3,            3, -y  ,      1,    21,  0.004581, 0.000227   ,     1,           1,       1,   1
train_regrasp.h5,     333,   176,         3,            4,            4, +z  ,      1,    21,  0.00478 , 0.000547   ,     1,           1,       1,   1
train_regrasp.h5,     334,   177,         0,            0,            0, +x  ,      1,    21,  0.004546, 0.0        ,     1,           1,       1,   1
train_regrasp.h5,     335,   177,         1,            2,            2, +y  ,      1,    21,  0.004566, 0.0        ,     1,           1,       1,   1
train_regrasp.h5,     336,   177,         2,            3,            3, -y  ,      1,    12,  0.13238 , 1.027256   ,     0,           0,       1,   0
train_regrasp.h5,     337,   177,         3,            4,            4, +z  ,      1,    21,  0.005336, 0.049012   ,     1,           1,       1,   1
train_regrasp.h5,     338,   178,         0,            0,            0, +x  ,      1,    21,  0.004567, 0.0        ,     1,           1,       1,   1
train_regrasp.h5,     339,   178,         1,            2,            2, +y  ,      1,    21,  0.004584, 0.000379   ,     1,           1,       1,   1
train_regrasp.h5,     340,   178,         2,            3,            3, -y  ,      1,    19,  0.036183, 0.00223    ,     0,           0,       1,   0
train_regrasp.h5,     341,   178,         3,            4,            4, +z  ,      1,    21,  0.004541, 0.0        ,     1,           1,       1,   1
train_regrasp.h5,     342,   179,         0,            0,            0, +x  ,      1,    21,  0.004494, 0.00031    ,     1,           1,       1,   1
train_regrasp.h5,     343,   179,         1,            2,            2, +y  ,      1,    16,  0.085802, 0.076024   ,     0,           0,       1,   0
train_regrasp.h5,     344,   179,         2,            3,            3, -y  ,      1,    21,  0.0047  , 0.000328   ,     1,           1,       1,   1
train_regrasp.h5,     345,   179,         3,            4,            4, +z  ,      1,    21,  0.004546, 0.000521   ,     1,           1,       1,   1
train_regrasp.h5,     346,   181,         0,            4,            4, +z  ,      1,    21,  0.004985, 0.001115   ,     1,           1,       1,   1
train_regrasp.h5,     347,   182,         0,            0,            0, +x  ,      1,    21,  0.004616, 0.000946   ,     1,           1,       1,   1
train_regrasp.h5,     348,   182,         1,            2,            2, +y  ,      1,    21,  0.004555, 0.0        ,     1,           1,       1,   1
train_regrasp.h5,     349,   182,         2,            4,            4, +z  ,      1,    21,  0.004578, 0.00036    ,     1,           1,       1,   1
train_regrasp.h5,     350,   183,         0,            4,            4, +z  ,      1,    12,  0.135999, 0.548785   ,     0,           0,       1,   0
train_regrasp.h5,     351,   184,         0,            0,            0, +x  ,      1,    21,  0.004515, 0.00065    ,     1,           1,       1,   1
train_regrasp.h5,     352,   184,         1,            2,            2, +y  ,      1,    16,  0.081071, 0.345812   ,     0,           0,       1,   0
train_regrasp.h5,     353,   184,         2,            3,            3, -y  ,      1,    10,  0.208687, 1.64185    ,     0,           0,       1,   0
train_regrasp.h5,     354,   185,         0,            0,            0, +x  ,      1,    21,  0.004419, 0.001149   ,     1,           1,       1,   1
train_regrasp.h5,     355,   186,         0,            0,            0, +x  ,      1,    21,  0.004417, 0.000802   ,     1,           1,       1,   1
train_regrasp.h5,     356,   186,         1,            2,            2, +y  ,      1,    14,  0.084659, 0.63062    ,     0,           0,       1,   0
train_regrasp.h5,     357,   186,         2,            3,            3, -y  ,      1,    21,  0.004563, 0.0        ,     1,           1,       1,   1
train_regrasp.h5,     358,   187,         0,            0,            0, +x  ,      1,    10,  0.255794, 1.11302    ,     0,           0,       1,   0
train_regrasp.h5,     359,   187,         1,            2,            2, +y  ,      1,     8,  0.241856, 1.83524    ,     0,           0,       1,   0
train_regrasp.h5,     360,   187,         2,            3,            3, -y  ,      1,    11,  0.142428, 1.327371   ,     0,           0,       1,   0
train_regrasp.h5,     361,   192,         0,            0,            0, +x  ,      1,    21,  0.004369, 0.000985   ,     1,           1,       1,   1
train_regrasp.h5,     362,   192,         1,            4,            4, +z  ,      1,    21,  0.004583, 0.000265   ,     1,           1,       1,   1
train_regrasp.h5,     363,   193,         0,            0,            0, +x  ,      1,    21,  0.004645, 0.000412   ,     1,           1,       1,   1
train_regrasp.h5,     364,   193,         1,            3,            3, -y  ,      1,     9,  0.179368, 1.4658     ,     0,           0,       1,   0
train_regrasp.h5,     365,   195,         0,            0,            0, +x  ,      1,     8,  0.180637, 1.9652     ,     0,           0,       1,   0
train_regrasp.h5,     366,   195,         1,            3,            3, -y  ,      1,    13,  0.083959, 0.635288   ,     0,           0,       1,   0
train_regrasp.h5,     367,   196,         0,            0,            0, +x  ,      1,     9,  0.127873, 1.357937   ,     0,           0,       1,   0
train_regrasp.h5,     368,   196,         1,            2,            2, +y  ,      1,    12,  0.189889, 0.939805   ,     0,           0,       1,   0
train_regrasp.h5,     369,   196,         2,            3,            3, -y  ,      1,    12,  0.131298, 0.93766    ,     0,           0,       1,   0
train_regrasp.h5,     370,   196,         3,            4,            4, +z  ,      1,    21,  0.004529, 6.8e-05    ,     1,           1,       1,   1
train_regrasp.h5,     371,   197,         0,            0,            0, +x  ,      1,     8,  0.124686, 1.641381   ,     0,           0,       1,   0
train_regrasp.h5,     372,   197,         1,            2,            2, +y  ,      1,    14,  0.086427, 0.387362   ,     0,           0,       1,   0
train_regrasp.h5,     373,   197,         2,            3,            3, -y  ,      1,    16,  0.068601, 0.19816    ,     0,           0,       1,   0
train_regrasp.h5,     374,   197,         3,            4,            4, +z  ,      1,     8,  0.179021, 1.237361   ,     0,           0,       1,   0
train_regrasp.h5,     375,   198,         0,            0,            0, +x  ,      1,     8,  0.126842, 1.702213   ,     0,           0,       1,   0
train_regrasp.h5,     376,   198,         1,            2,            2, +y  ,      1,    21,  0.00458 , 0.000129   ,     1,           1,       1,   1
train_regrasp.h5,     377,   198,         2,            3,            3, -y  ,      1,    21,  0.004567, 0.0        ,     1,           1,       1,   1
train_regrasp.h5,     378,   198,         3,            4,            4, +z  ,      1,    14,  0.050562, 0.304878   ,     0,           0,       1,   0
train_regrasp.h5,     379,   199,         0,            0,            0, +x  ,      1,     8,  0.064676, 1.482155   ,     0,           0,       1,   0
train_regrasp.h5,     380,   199,         1,            2,            2, +y  ,      1,    21,  0.004591, 0.000349   ,     1,           1,       1,   1
train_regrasp.h5,     381,   199,         2,            3,            3, -y  ,      1,    21,  0.004567, 0.0        ,     1,           1,       1,   1
train_regrasp.h5,     382,   199,         3,            4,            4, +z  ,      1,    21,  0.004556, 0.000357   ,     1,           1,       1,   1
train_regrasp.h5,     383,   200,         0,            2,            2, +y  ,      1,    21,  0.004571, 0.000143   ,     1,           1,       1,   1
train_regrasp.h5,     384,   201,         0,            3,            3, -y  ,      1,    15,  0.070648, 0.389616   ,     0,           0,       1,   0
train_regrasp.h5,     385,   202,         0,            4,            4, +z  ,      1,    21,  0.004516, 0.000547   ,     1,           1,       1,   1
train_regrasp.h5,     386,   203,         0,            4,            4, +z  ,      1,    21,  0.004538, 0.000294   ,     1,           1,       1,   1
train_regrasp.h5,     387,   204,         0,            0,            0, +x  ,      1,    21,  0.004617, 0.0        ,     1,           1,       1,   1
train_regrasp.h5,     388,   204,         1,            2,            2, +y  ,      1,    21,  0.004415, 0.0        ,     1,           1,       1,   1
train_regrasp.h5,     389,   204,         2,            3,            3, -y  ,      1,    12,  0.125577, 0.956494   ,     0,           0,       1,   0
train_regrasp.h5,     390,   204,         3,            4,            4, +z  ,      1,    11,  0.192689, 0.845365   ,     0,           0,       1,   0
train_regrasp.h5,     391,   205,         0,            0,            0, +x  ,      1,    21,  0.004601, 0.000388   ,     1,           1,       1,   1
train_regrasp.h5,     392,   205,         1,            2,            2, +y  ,      1,    21,  0.004596, 4.7e-05    ,     1,           1,       1,   1
train_regrasp.h5,     393,   205,         2,            3,            3, -y  ,      1,    21,  0.004504, 0.000308   ,     1,           1,       1,   1
train_regrasp.h5,     394,   205,         3,            4,            4, +z  ,      1,    21,  0.004539, 0.000231   ,     1,           1,       1,   1
train_regrasp.h5,     395,   206,         0,            0,            0, +x  ,      1,    18,  0.04898 , 0.010475   ,     0,           0,       1,   0
train_regrasp.h5,     396,   206,         1,            2,            2, +y  ,      1,    16,  0.018569, 0.162793   ,     1,           0,       1,   1
train_regrasp.h5,     397,   206,         2,            3,            3, -y  ,      1,    10,  0.139126, 1.234061   ,     0,           0,       1,   0
train_regrasp.h5,     398,   206,         3,            4,            4, +z  ,      1,    14,  0.090935, 0.371712   ,     0,           0,       1,   0
train_regrasp.h5,     399,   207,         0,            0,            0, +x  ,      1,    21,  0.004537, 0.000391   ,     1,           1,       1,   1
train_regrasp.h5,     400,   207,         1,            2,            2, +y  ,      1,    21,  0.004508, 0.000254   ,     1,           1,       1,   1
train_regrasp.h5,     401,   207,         2,            3,            3, -y  ,      1,    21,  0.004538, 0.0        ,     1,           1,       1,   1
train_regrasp.h5,     402,   207,         3,            4,            4, +z  ,      1,    21,  0.004534, 0.0        ,     1,           1,       1,   1
train_regrasp.h5,     403,   208,         0,            2,            2, +y  ,      1,    17,  0.055712, 0.056666   ,     0,           0,       1,   0
train_regrasp.h5,     404,   208,         1,            4,            4, +z  ,      1,    21,  0.004592, 0.0        ,     1,           1,       1,   1
train_regrasp.h5,     405,   209,         0,            0,            0, +x  ,      1,    10,  0.18934 , 1.217572   ,     0,           0,       1,   0
train_regrasp.h5,     406,   209,         1,            2,            2, +y  ,      1,    12,  0.170579, 0.818697   ,     0,           0,       1,   0
train_regrasp.h5,     407,   209,         2,            3,            3, -y  ,      1,    11,  0.089989, 0.346101   ,     0,           0,       1,   0
train_regrasp.h5,     408,   209,         3,            4,            4, +z  ,      1,     8,  0.110074, 1.301619   ,     0,           0,       1,   0
train_regrasp.h5,     409,   210,         0,            2,            2, +y  ,      1,    21,  0.004642, 0.000653   ,     1,           1,       1,   1
train_regrasp.h5,     410,   210,         1,            4,            4, +z  ,      1,    21,  0.004542, 0.0        ,     1,           1,       1,   1
train_regrasp.h5,     411,   211,         0,            0,            0, +x  ,      1,    21,  0.004557, 0.000277   ,     1,           1,       1,   1
train_regrasp.h5,     412,   211,         1,            3,            3, -y  ,      1,    20,  0.02064 , 0.000411   ,     0,           0,       1,   0
train_regrasp.h5,     413,   211,         2,            4,            4, +z  ,      1,    21,  0.004499, 0.000403   ,     1,           1,       1,   1
train_regrasp.h5,     414,   212,         0,            0,            0, +x  ,      1,    21,  0.004585, 0.000507   ,     1,           1,       1,   1
train_regrasp.h5,     415,   212,         1,            4,            4, +z  ,      1,    14,  0.105871, 0.283991   ,     0,           0,       1,   0
train_regrasp.h5,     416,   213,         0,            4,            4, +z  ,      1,    21,  0.004576, 0.0        ,     1,           1,       1,   1
train_regrasp.h5,     417,   214,         0,            0,            0, +x  ,      1,    21,  0.004584, 0.000189   ,     1,           1,       1,   1
train_regrasp.h5,     418,   214,         1,            2,            2, +y  ,      1,    10,  0.227232, 1.367985   ,     0,           0,       1,   0
train_regrasp.h5,     419,   214,         2,            3,            3, -y  ,      1,    21,  0.004529, 0.0        ,     1,           1,       1,   1
train_regrasp.h5,     420,   215,         0,            4,            4, +z  ,      1,    21,  0.004546, 0.000302   ,     1,           1,       1,   1
train_regrasp.h5,     421,   216,         0,            0,            0, +x  ,      1,     7,  0.113145, 2.185066   ,     0,           0,       1,   0
train_regrasp.h5,     422,   216,         1,            2,            2, +y  ,      1,     7,  0.123758, 2.17828    ,     0,           0,       1,   0
train_regrasp.h5,     423,   216,         2,            3,            3, -y  ,      1,    21,  0.004739, 0.000866   ,     1,           1,       1,   1
train_regrasp.h5,     424,   217,         0,            0,            0, +x  ,      1,    17,  0.082982, 0.10129    ,     0,           0,       1,   0
train_regrasp.h5,     425,   217,         1,            3,            3, -y  ,      1,    21,  0.057418, 0.120274   ,     0,           1,       1,   0
train_regrasp.h5,     426,   218,         0,            0,            0, +x  ,      1,     9,  0.247805, 1.32815    ,     0,           0,       1,   0
train_regrasp.h5,     427,   218,         1,            2,            2, +y  ,      1,    14,  0.119327, 0.216722   ,     0,           0,       1,   0
train_regrasp.h5,     428,   218,         2,            3,            3, -y  ,      1,    11,  0.199106, 1.0912     ,     0,           0,       1,   0
train_regrasp.h5,     429,   219,         0,            3,            3, -y  ,      1,    21,  0.00463 , 0.000454   ,     1,           1,       1,   1
train_regrasp.h5,     430,   221,         0,            3,            3, -y  ,      1,    10,  0.114388, 1.001134   ,     0,           0,       1,   0
train_regrasp.h5,     431,   222,         0,            0,            0, +x  ,      1,    21,  0.004605, 0.000382   ,     1,           1,       1,   1
train_regrasp.h5,     432,   222,         1,            2,            2, +y  ,      1,    21,  0.004481, 0.0        ,     1,           1,       1,   1
train_regrasp.h5,     433,   222,         2,            3,            3, -y  ,      1,    21,  0.004605, 0.0        ,     1,           1,       1,   1
train_regrasp.h5,     434,   223,         0,            0,            0, +x  ,      1,    21,  0.004544, 0.000335   ,     1,           1,       1,   1
train_regrasp.h5,     435,   223,         1,            3,            3, -y  ,      1,    17,  0.048222, 0.061597   ,     0,           0,       1,   0
train_regrasp.h5,     436,   224,         0,            0,            0, +x  ,      1,    21,  0.004692, 0.000259   ,     1,           1,       1,   1
train_regrasp.h5,     437,   224,         1,            3,            3, -y  ,      1,    21,  0.004551, 0.000502   ,     1,           1,       1,   1
train_regrasp.h5,     438,   224,         2,            4,            4, +z  ,      1,    21,  0.004552, 0.0        ,     1,           1,       1,   1
train_regrasp.h5,     439,   225,         0,            0,            0, +x  ,      1,    21,  0.004586, 0.00053    ,     1,           1,       1,   1
train_regrasp.h5,     440,   225,         1,            2,            2, +y  ,      1,    21,  0.004596, 0.000374   ,     1,           1,       1,   1
train_regrasp.h5,     441,   225,         2,            3,            3, -y  ,      1,    21,  0.004614, 0.0        ,     1,           1,       1,   1
train_regrasp.h5,     442,   225,         3,            4,            4, +z  ,      1,    21,  0.004554, 0.0        ,     1,           1,       1,   1
train_regrasp.h5,     443,   226,         0,            0,            0, +x  ,      1,    21,  0.004564, 0.000312   ,     1,           1,       1,   1
train_regrasp.h5,     444,   226,         1,            2,            2, +y  ,      1,    21,  0.004612, 0.0        ,     1,           1,       1,   1
train_regrasp.h5,     445,   226,         2,            3,            3, -y  ,      1,    15,  0.077496, 0.313086   ,     0,           0,       1,   0
train_regrasp.h5,     446,   226,         3,            4,            4, +z  ,      1,    12,  0.12048 , 0.494869   ,     0,           0,       1,   0
train_regrasp.h5,     447,   228,         0,            0,            0, +x  ,      1,    21,  0.004523, 0.000656   ,     1,           1,       1,   1
train_regrasp.h5,     448,   229,         0,            0,            0, +x  ,      1,     8,  0.137885, 1.58694    ,     0,           0,       1,   0
train_regrasp.h5,     449,   229,         1,            2,            2, +y  ,      1,    21,  0.004703, 0.000191   ,     1,           1,       1,   1
train_regrasp.h5,     450,   229,         2,            4,            4, +z  ,      1,    21,  0.004553, 0.000313   ,     1,           1,       1,   1
train_regrasp.h5,     451,   230,         0,            0,            0, +x  ,      1,    21,  0.004571, 0.000232   ,     1,           1,       1,   1
train_regrasp.h5,     452,   230,         1,            3,            3, -y  ,      1,    15,  0.061049, 0.425867   ,     0,           0,       1,   0
train_regrasp.h5,     453,   231,         0,            2,            2, +y  ,      1,    21,  0.00459 , 0.000173   ,     1,           1,       1,   1
train_regrasp.h5,     454,   231,         1,            3,            3, -y  ,      1,    21,  0.004514, 0.000156   ,     1,           1,       1,   1
train_regrasp.h5,     455,   231,         2,            4,            4, +z  ,      1,    21,  0.00456 , 0.0        ,     1,           1,       1,   1
train_regrasp.h5,     456,   232,         0,            0,            0, +x  ,      1,    21,  0.004472, 0.000714   ,     1,           1,       1,   1
train_regrasp.h5,     457,   232,         1,            2,            2, +y  ,      1,    11,  0.137605, 1.123201   ,     0,           0,       1,   0
train_regrasp.h5,     458,   232,         2,            3,            3, -y  ,      1,    15,  0.111165, 0.458517   ,     0,           0,       1,   0
train_regrasp.h5,     459,   233,         0,            0,            0, +x  ,      1,    21,  0.004538, 0.000488   ,     1,           1,       1,   1
train_regrasp.h5,     460,   233,         1,            2,            2, +y  ,      1,    21,  0.004473, 0.000284   ,     1,           1,       1,   1
train_regrasp.h5,     461,   233,         2,            3,            3, -y  ,      1,    21,  0.004449, 0.000298   ,     1,           1,       1,   1
train_regrasp.h5,     462,   233,         3,            4,            4, +z  ,      1,    21,  0.004441, 0.0014     ,     1,           1,       1,   1
train_regrasp.h5,     463,   234,         0,            0,            0, +x  ,      1,    21,  0.004371, 0.001417   ,     1,           1,       1,   1
train_regrasp.h5,     464,   234,         1,            3,            3, -y  ,      1,    21,  0.004406, 0.0        ,     1,           1,       1,   1
train_regrasp.h5,     465,   234,         2,            4,            4, +z  ,      1,    15,  0.188822, 0.623026   ,     0,           0,       1,   0
train_regrasp.h5,     466,   235,         0,            0,            0, +x  ,      1,    19,  0.035658, 0.003985   ,     0,           0,       1,   0
train_regrasp.h5,     467,   235,         1,            2,            2, +y  ,      1,    21,  0.004557, 0.000247   ,     1,           1,       1,   1
train_regrasp.h5,     468,   235,         2,            3,            3, -y  ,      1,    11,  0.105378, 1.174678   ,     0,           0,       1,   0
train_regrasp.h5,     469,   235,         3,            4,            4, +z  ,      1,    17,  0.044319, 0.067922   ,     0,           0,       1,   0
train_regrasp.h5,     470,   236,         0,            0,            0, +x  ,      1,    21,  0.004595, 0.000755   ,     1,           1,       1,   1
train_regrasp.h5,     471,   236,         1,            2,            2, +y  ,      1,    21,  0.004581, 0.0        ,     1,           1,       1,   1
train_regrasp.h5,     472,   236,         2,            3,            3, -y  ,      1,    21,  0.004593, 0.000212   ,     1,           1,       1,   1
train_regrasp.h5,     473,   237,         0,            0,            0, +x  ,      1,    21,  0.0046  , 0.000322   ,     1,           1,       1,   1
train_regrasp.h5,     474,   237,         1,            2,            2, +y  ,      1,    21,  0.004617, 0.0        ,     1,           1,       1,   1
train_regrasp.h5,     475,   237,         2,            3,            3, -y  ,      1,    14,  0.062555, 0.597058   ,     0,           0,       1,   0
train_regrasp.h5,     476,   237,         3,            4,            4, +z  ,      1,    11,  0.085694, 0.553253   ,     0,           0,       1,   0
train_regrasp.h5,     477,   238,         0,            0,            0, +x  ,      1,    21,  0.004542, 0.001018   ,     1,           1,       1,   1
train_regrasp.h5,     478,   238,         1,            2,            2, +y  ,      1,    15,  0.061766, 0.559709   ,     0,           0,       1,   0
train_regrasp.h5,     479,   238,         2,            3,            3, -y  ,      1,    21,  0.004575, 0.0        ,     1,           1,       1,   1
train_regrasp.h5,     480,   238,         3,            4,            4, +z  ,      1,    11,  0.151243, 0.632727   ,     0,           0,       1,   0
train_regrasp.h5,     481,   239,         0,            0,            0, +x  ,      1,    21,  0.00472 , 0.000499   ,     1,           1,       1,   1
train_regrasp.h5,     482,   239,         1,            2,            2, +y  ,      1,    21,  0.004598, 0.000522   ,     1,           1,       1,   1
train_regrasp.h5,     483,   239,         2,            3,            3, -y  ,      1,    11,  0.219572, 1.310928   ,     0,           0,       1,   0
train_regrasp.h5,     484,   239,         3,            4,            4, +z  ,      1,    21,  0.004611, 0.00046    ,     1,           1,       1,   1
train_regrasp.h5,     485,   240,         0,            0,            0, +x  ,      1,    21,  0.004543, 0.000122   ,     1,           1,       1,   1
train_regrasp.h5,     486,   240,         1,            2,            2, +y  ,      1,    13,  0.102955, 0.875668   ,     0,           0,       1,   0
train_regrasp.h5,     487,   240,         2,            3,            3, -y  ,      1,    21,  0.004503, 0.000266   ,     1,           1,       1,   1
train_regrasp.h5,     488,   240,         3,            4,            4, +z  ,      1,    14,  0.028057, 0.351436   ,     0,           0,       1,   0
train_regrasp.h5,     489,   241,         0,            0,            0, +x  ,      1,    21,  0.004595, 0.000429   ,     1,           1,       1,   1
train_regrasp.h5,     490,   241,         1,            2,            2, +y  ,      1,    21,  0.004509, 0.000215   ,     1,           1,       1,   1
train_regrasp.h5,     491,   241,         2,            4,            4, +z  ,      1,    21,  0.004576, 0.0        ,     1,           1,       1,   1
train_regrasp.h5,     492,   242,         0,            0,            0, +x  ,      1,    21,  0.004547, 0.0        ,     1,           1,       1,   1
train_regrasp.h5,     493,   242,         1,            2,            2, +y  ,      1,    21,  0.004571, 0.000404   ,     1,           1,       1,   1
train_regrasp.h5,     494,   242,         2,            3,            3, -y  ,      1,    14,  0.092856, 0.553365   ,     0,           0,       1,   0
train_regrasp.h5,     495,   242,         3,            4,            4, +z  ,      1,    11,  0.154424, 0.639699   ,     0,           0,       1,   0
train_regrasp.h5,     496,   243,         0,            0,            0, +x  ,      1,    21,  0.004574, 0.000455   ,     1,           1,       1,   1
train_regrasp.h5,     497,   243,         1,            2,            2, +y  ,      1,    21,  0.004582, 0.000106   ,     1,           1,       1,   1
train_regrasp.h5,     498,   243,         2,            3,            3, -y  ,      1,    21,  0.004511, 0.00027    ,     1,           1,       1,   1
train_regrasp.h5,     499,   243,         3,            4,            4, +z  ,      1,    21,  0.004504, 0.000329   ,     1,           1,       1,   1
train_regrasp.h5,     500,   244,         0,            2,            2, +y  ,      1,    21,  0.004597, 0.000434   ,     1,           1,       1,   1
train_regrasp.h5,     501,   244,         1,            4,            4, +z  ,      1,    21,  0.004598, 0.000444   ,     1,           1,       1,   1
train_regrasp.h5,     502,   245,         0,            2,            2, +y  ,      1,    21,  0.004589, 0.000374   ,     1,           1,       1,   1
train_regrasp.h5,     503,   246,         0,            4,            4, +z  ,      1,    21,  0.004708, 0.000515   ,     1,           1,       1,   1
train_regrasp.h5,     504,   247,         0,            0,            0, +x  ,      1,    21,  0.004483, 0.000747   ,     1,           1,       1,   1
train_regrasp.h5,     505,   248,         0,            0,            0, +x  ,      1,    21,  0.004551, 0.000439   ,     1,           1,       1,   1
train_regrasp.h5,     506,   248,         1,            2,            2, +y  ,      1,    14,  0.121574, 0.707231   ,     0,           0,       1,   0
train_regrasp.h5,     507,   248,         2,            3,            3, -y  ,      1,    21,  0.004584, 0.0        ,     1,           1,       1,   1
train_regrasp.h5,     508,   248,         3,            4,            4, +z  ,      1,    21,  0.004687, 0.000209   ,     1,           1,       1,   1
train_regrasp.h5,     509,   249,         0,            0,            0, +x  ,      1,     7,  0.109367, 1.204448   ,     0,           0,       1,   0
train_regrasp.h5,     510,   249,         1,            2,            2, +y  ,      1,    12,  0.042234, 1.084557   ,     0,           0,       1,   0
train_regrasp.h5,     511,   249,         2,            3,            3, -y  ,      1,    10,  0.137896, 1.325545   ,     0,           0,       1,   0
train_regrasp.h5,     512,   249,         3,            4,            4, +z  ,      1,    21,  0.004548, 0.000317   ,     1,           1,       1,   1
train_regrasp.h5,     513,   250,         0,            0,            0, +x  ,      1,     8,  0.130504, 1.780855   ,     0,           0,       1,   0
train_regrasp.h5,     514,   250,         1,            2,            2, +y  ,      1,    10,  0.152979, 1.542436   ,     0,           0,       1,   0
train_regrasp.h5,     515,   250,         2,            3,            3, -y  ,      1,    13,  0.085946, 0.583706   ,     0,           0,       1,   0
train_regrasp.h5,     516,   250,         3,            4,            4, +z  ,      1,    21,  0.004537, 0.0        ,     1,           1,       1,   1
train_regrasp.h5,     517,   251,         0,            0,            0, +x  ,      1,    21,  0.00456 , 0.000122   ,     1,           1,       1,   1
train_regrasp.h5,     518,   251,         1,            2,            2, +y  ,      1,    21,  0.004541, 0.000295   ,     1,           1,       1,   1
train_regrasp.h5,     519,   251,         2,            3,            3, -y  ,      1,    13,  0.148185, 1.054846   ,     0,           0,       1,   0
train_regrasp.h5,     520,   251,         3,            4,            4, +z  ,      1,    21,  0.004515, 0.000417   ,     1,           1,       1,   1
train_regrasp.h5,     521,   252,         0,            4,            4, +z  ,      1,    14,  0.098776, 0.316734   ,     0,           0,       1,   0
train_regrasp.h5,     522,   253,         0,            0,            0, +x  ,      1,    16,  0.076744, 0.164962   ,     0,           0,       1,   0
train_regrasp.h5,     523,   253,         1,            2,            0, +y  ,      1,    10,  0.201048, 1.577141   ,     0,           0,       0,   0
train_regrasp.h5,     524,   253,         2,            4,            4, +z  ,      1,     9,  0.176772, 1.017612   ,     0,           0,       1,   0
train_regrasp.h5,     525,   255,         0,            0,            0, +x  ,      1,    21,  0.004582, 0.000717   ,     1,           1,       1,   1
train_regrasp.h5,     526,   255,         1,            2,            2, +y  ,      1,    17,  0.032177, 0.089551   ,     0,           0,       1,   0
train_regrasp.h5,     527,   255,         2,            4,            4, +z  ,      1,    21,  0.004547, 0.0        ,     1,           1,       1,   1
train_regrasp.h5,     528,   256,         0,            0,            0, +x  ,      1,    21,  0.00459 , 0.000256   ,     1,           1,       1,   1
train_regrasp.h5,     529,   256,         1,            2,            2, +y  ,      1,    21,  0.004578, 0.000453   ,     1,           1,       1,   1
train_regrasp.h5,     530,   257,         0,            0,            0, +x  ,      1,    21,  0.0046  , 0.000363   ,     1,           1,       1,   1
train_regrasp.h5,     531,   257,         1,            2,            2, +y  ,      1,    16,  0.056648, 0.311996   ,     0,           0,       1,   0
train_regrasp.h5,     532,   258,         0,            0,            0, +x  ,      1,     9,  0.137473, 1.758944   ,     0,           0,       1,   0
train_regrasp.h5,     533,   258,         1,            2,            2, +y  ,      1,    21,  0.004647, 0.000489   ,     1,           1,       1,   1
train_regrasp.h5,     534,   259,         0,            2,            2, +y  ,      1,    21,  0.004554, 5.8e-05    ,     1,           1,       1,   1
train_regrasp.h5,     535,   259,         1,            3,            3, -y  ,      1,    21,  0.004577, 0.00013    ,     1,           1,       1,   1
train_regrasp.h5,     536,   264,         0,            0,            0, +x  ,      1,    21,  0.004592, 0.000181   ,     1,           1,       1,   1
train_regrasp.h5,     537,   264,         1,            3,            3, -y  ,      1,    21,  0.004546, 0.0        ,     1,           1,       1,   1
train_regrasp.h5,     538,   265,         0,            0,            0, +x  ,      1,    20,  0.020391, 0.000886   ,     0,           0,       1,   0
train_regrasp.h5,     539,   265,         1,            2,            2, +y  ,      1,    21,  0.004592, 0.000469   ,     1,           1,       1,   1
train_regrasp.h5,     540,   265,         2,            4,            4, +z  ,      1,    14,  0.161773, 0.753404   ,     0,           0,       1,   0
train_regrasp.h5,     541,   266,         0,            0,            0, +x  ,      1,     9,  0.049118, 1.631199   ,     0,           0,       1,   0
train_regrasp.h5,     542,   266,         1,            4,            4, +z  ,      1,    21,  0.004525, 0.000446   ,     1,           1,       1,   1
train_regrasp.h5,     543,   267,         0,            0,            0, +x  ,      1,    21,  0.004579, 0.0        ,     1,           1,       1,   1
train_regrasp.h5,     544,   267,         1,            3,            3, -y  ,      1,    11,  0.198264, 1.115832   ,     0,           0,       1,   0
train_regrasp.h5,     545,   267,         2,            4,            4, +z  ,      1,    21,  0.004648, 0.000508   ,     1,           1,       1,   1
train_regrasp.h5,     546,   268,         0,            2,            2, +y  ,      1,    21,  0.004617, 0.0        ,     1,           1,       1,   1
train_regrasp.h5,     547,   268,         1,            4,            4, +z  ,      1,    15,  0.167293, 0.515403   ,     0,           0,       1,   0
train_regrasp.h5,     548,   269,         0,            0,            0, +x  ,      1,    20,  0.049098, 0.088251   ,     0,           0,       1,   0
train_regrasp.h5,     549,   269,         1,            2,            2, +y  ,      1,    21,  0.004568, 0.0        ,     1,           1,       1,   1
train_regrasp.h5,     550,   269,         2,            3,            3, -y  ,      1,    13,  0.262881, 0.856608   ,     0,           0,       1,   0
train_regrasp.h5,     551,   269,         3,            4,            4, +z  ,      1,    21,  0.004616, 0.000506   ,     1,           1,       1,   1
train_regrasp.h5,     552,   270,         0,            0,            0, +x  ,      1,    18,  0.07854 , 0.147082   ,     0,           0,       1,   0
train_regrasp.h5,     553,   270,         1,            4,            4, +z  ,      1,    21,  0.004586, 0.000297   ,     1,           1,       1,   1
train_regrasp.h5,     554,   271,         0,            0,            0, +x  ,      1,    18,  0.048448, 0.012893   ,     0,           0,       1,   0
train_regrasp.h5,     555,   271,         1,            2,            2, +y  ,      1,    21,  0.004596, 7.4e-05    ,     1,           1,       1,   1
train_regrasp.h5,     556,   271,         2,            3,            3, -y  ,      1,    21,  0.004579, 0.0        ,     1,           1,       1,   1
train_regrasp.h5,     557,   271,         3,            4,            4, +z  ,      1,    13,  0.068889, 0.512654   ,     0,           0,       1,   0
train_regrasp.h5,     558,   272,         0,            2,            2, +y  ,      1,    21,  0.004773, 0.000456   ,     1,           1,       1,   1
train_regrasp.h5,     559,   273,         0,            4,            4, +z  ,      1,    21,  0.004618, 0.0        ,     1,           1,       1,   1
train_regrasp.h5,     560,   275,         0,            2,            2, +y  ,      1,    21,  0.004549, 0.00039    ,     1,           1,       1,   1
train_regrasp.h5,     561,   276,         0,            0,            0, +x  ,      1,    21,  0.004536, 0.000568   ,     1,           1,       1,   1
train_regrasp.h5,     562,   276,         1,            2,            2, +y  ,      1,    21,  0.004554, 0.000563   ,     1,           1,       1,   1
train_regrasp.h5,     563,   276,         2,            3,            3, -y  ,      1,    21,  0.004541, 0.000451   ,     1,           1,       1,   1
train_regrasp.h5,     564,   276,         3,            4,            4, +z  ,      1,    21,  0.00455 , 0.000527   ,     1,           1,       1,   1
train_regrasp.h5,     565,   277,         0,            0,            0, +x  ,      1,     9,  0.262775, 1.935809   ,     0,           0,       1,   0
train_regrasp.h5,     566,   277,         1,            2,            2, +y  ,      1,    21,  0.004596, 0.000257   ,     1,           1,       1,   1
train_regrasp.h5,     567,   277,         2,            3,            3, -y  ,      1,    21,  0.004602, 0.000672   ,     1,           1,       1,   1
train_regrasp.h5,     568,   277,         3,            4,            4, +z  ,      1,    21,  0.00455 , 0.000202   ,     1,           1,       1,   1
train_regrasp.h5,     569,   278,         0,            0,            0, +x  ,      1,    21,  0.004571, 0.000577   ,     1,           1,       1,   1
train_regrasp.h5,     570,   278,         1,            2,            2, +y  ,      1,    14,  0.108104, 0.912367   ,     0,           0,       1,   0
train_regrasp.h5,     571,   278,         2,            4,            4, +z  ,      1,    21,  0.004556, 0.000234   ,     1,           1,       1,   1
train_regrasp.h5,     572,   279,         0,            0,            0, +x  ,      1,    21,  0.004565, 0.000565   ,     1,           1,       1,   1
train_regrasp.h5,     573,   279,         1,            2,            2, +y  ,      1,    10,  0.208106, 1.546786   ,     0,           0,       1,   0
train_regrasp.h5,     574,   279,         2,            3,            3, -y  ,      1,    14,  0.18032 , 0.780654   ,     0,           0,       1,   0
train_regrasp.h5,     575,   279,         3,            4,            4, +z  ,      1,    12,  0.133784, 0.513315   ,     0,           0,       1,   0
train_regrasp.h5,     576,   280,         0,            0,            0, +x  ,      1,    21,  0.004506, 0.000307   ,     1,           1,       1,   1
train_regrasp.h5,     577,   280,         1,            4,            4, +z  ,      1,    11,  0.177704, 0.825012   ,     0,           0,       1,   0
train_regrasp.h5,     578,   281,         0,            0,            0, +x  ,      1,    21,  0.00458 , 0.000168   ,     1,           1,       1,   1
train_regrasp.h5,     579,   281,         1,            2,            2, +y  ,      1,    21,  0.004595, 0.0        ,     1,           1,       1,   1
train_regrasp.h5,     580,   281,         2,            3,            3, -y  ,      1,    15,  0.200163, 0.763294   ,     0,           0,       1,   0
train_regrasp.h5,     581,   281,         3,            4,            4, +z  ,      1,    10,  0.17303 , 0.699279   ,     0,           0,       1,   0
train_regrasp.h5,     582,   282,         0,            4,            4, +z  ,      1,    15,  0.091562, 0.323894   ,     0,           0,       1,   0
train_regrasp.h5,     583,   283,         0,            0,            0, +x  ,      1,    10,  0.193645, 1.107117   ,     0,           0,       1,   0
train_regrasp.h5,     584,   283,         1,            2,            2, +y  ,      1,    21,  0.004543, 9.3e-05    ,     1,           1,       1,   1
train_regrasp.h5,     585,   283,         2,            3,            3, -y  ,      1,    11,  0.153508, 1.176889   ,     0,           0,       1,   0
train_regrasp.h5,     586,   283,         3,            4,            4, +z  ,      1,    21,  0.004578, 0.000587   ,     1,           1,       1,   1
train_regrasp.h5,     587,   284,         0,            3,            3, -y  ,      1,    21,  0.004544, 0.0        ,     1,           1,       1,   1
train_regrasp.h5,     588,   285,         0,            0,            0, +x  ,      1,    21,  0.004609, 0.000788   ,     1,           1,       1,   1
train_regrasp.h5,     589,   285,         1,            3,            3, -y  ,      1,    21,  0.004508, 0.0        ,     1,           1,       1,   1
train_regrasp.h5,     590,   286,         0,            0,            0, +x  ,      1,    21,  0.004613, 0.0        ,     1,           1,       1,   1
train_regrasp.h5,     591,   286,         1,            2,            2, +y  ,      1,    21,  0.004538, 0.000286   ,     1,           1,       1,   1
train_regrasp.h5,     592,   287,         0,            0,            0, +x  ,      1,    21,  0.004568, 0.00057    ,     1,           1,       1,   1
train_regrasp.h5,     593,   287,         1,            4,            4, +z  ,      1,    21,  0.004556, 0.000672   ,     1,           1,       1,   1
train_regrasp.h5,     594,   288,         0,            0,            0, +x  ,      1,    17,  0.054617, 0.086736   ,     0,           0,       1,   0
train_regrasp.h5,     595,   288,         1,            4,            4, +z  ,      1,    21,  0.004633, 0.000321   ,     1,           1,       1,   1
train_regrasp.h5,     596,   289,         0,            0,            0, +x  ,      1,    16,  0.065707, 0.194024   ,     0,           0,       1,   0
train_regrasp.h5,     597,   289,         1,            4,            4, +z  ,      1,    21,  0.004568, 0.000102   ,     1,           1,       1,   1
train_regrasp.h5,     598,   290,         0,            0,            0, +x  ,      1,    21,  0.004533, 0.000323   ,     1,           1,       1,   1
train_regrasp.h5,     599,   290,         1,            4,            4, +z  ,      1,    21,  0.004569, 0.0        ,     1,           1,       1,   1
train_regrasp.h5,     600,   291,         0,            0,            0, +x  ,      1,    21,  0.004539, 8.4e-05    ,     1,           1,       1,   1
train_regrasp.h5,     601,   291,         1,            2,            2, +y  ,      1,    12,  0.238002, 0.952411   ,     0,           0,       1,   0
train_regrasp.h5,     602,   292,         0,            3,            3, -y  ,      1,    21,  0.004565, 0.000276   ,     1,           1,       1,   1
train_regrasp.h5,     603,   293,         0,            0,            0, +x  ,      1,    18,  0.049334, 0.02378    ,     0,           0,       1,   0
train_regrasp.h5,     604,   293,         1,            3,            3, -y  ,      1,    10,  0.075883, 1.126883   ,     0,           0,       1,   0
train_regrasp.h5,     605,   294,         0,            4,            4, +z  ,      1,    21,  0.004583, 5e-05      ,     1,           1,       1,   1
train_regrasp.h5,     606,   295,         0,            0,            0, +x  ,      1,    11,  0.089601, 1.182598   ,     0,           0,       1,   0
train_regrasp.h5,     607,   295,         1,            2,            2, +y  ,      1,    21,  0.004534, 0.0        ,     1,           1,       1,   1
train_regrasp.h5,     608,   295,         2,            4,            4, +z  ,      1,    10,  0.073763, 1.040904   ,     0,           0,       1,   0
train_regrasp.h5,     609,   297,         0,            0,            0, +x  ,      1,    21,  0.004525, 0.000345   ,     1,           1,       1,   1
train_regrasp.h5,     610,   298,         0,            0,            0, +x  ,      1,    21,  0.004573, 0.0        ,     1,           1,       1,   1
train_regrasp.h5,     611,   298,         1,            2,            2, +y  ,      1,    21,  0.004544, 0.0        ,     1,           1,       1,   1
train_regrasp.h5,     612,   298,         2,            3,            3, -y  ,      1,    21,  0.004556, 0.0        ,     1,           1,       1,   1
train_regrasp.h5,     613,   299,         0,            0,            0, +x  ,      1,    21,  0.004635, 0.000246   ,     1,           1,       1,   1
train_regrasp.h5,     614,   299,         1,            4,            4, +z  ,      1,    21,  0.004559, 0.000561   ,     1,           1,       1,   1
train_regrasp.h5,     615,   300,         0,            0,            0, +x  ,      1,    21,  0.004503, 0.00033    ,     1,           1,       1,   1
train_regrasp.h5,     616,   300,         1,            2,            2, +y  ,      1,    12,  0.222281, 1.21624    ,     0,           0,       1,   0
train_regrasp.h5,     617,   301,         0,            0,            0, +x  ,      1,    21,  0.004585, 0.000216   ,     1,           1,       1,   1
train_regrasp.h5,     618,   301,         1,            4,            4, +z  ,      1,     9,  0.224897, 1.228477   ,     0,           0,       1,   0
train_regrasp.h5,     619,   302,         0,            4,            4, +z  ,      1,    21,  0.004759, 0.000306   ,     1,           1,       1,   1
train_regrasp.h5,     620,   303,         0,            0,            0, +x  ,      1,    21,  0.004542, 0.000304   ,     1,           1,       1,   1
train_regrasp.h5,     621,   303,         1,            4,            4, +z  ,      1,    20,  0.020661, 0.000425   ,     0,           0,       1,   0
train_regrasp.h5,     622,   304,         0,            0,            0, +x  ,      1,    21,  0.00454 , 0.00044    ,     1,           1,       1,   1
train_regrasp.h5,     623,   305,         0,            0,            0, +x  ,      1,    21,  0.004569, 0.000306   ,     1,           1,       1,   1
train_regrasp.h5,     624,   305,         1,            2,            2, +y  ,      1,    21,  0.00462 , 0.000185   ,     1,           1,       1,   1
train_regrasp.h5,     625,   305,         2,            4,            4, +z  ,      1,    21,  0.004566, 0.000368   ,     1,           1,       1,   1
train_regrasp.h5,     626,   306,         0,            0,            0, +x  ,      1,    21,  0.004588, 0.000544   ,     1,           1,       1,   1
train_regrasp.h5,     627,   306,         1,            2,            2, +y  ,      1,    21,  0.004543, 0.000323   ,     1,           1,       1,   1
train_regrasp.h5,     628,   306,         2,            3,            3, -y  ,      1,    12,  0.25568 , 1.291003   ,     0,           0,       1,   0
train_regrasp.h5,     629,   306,         3,            4,            4, +z  ,      1,    21,  0.004503, 0.000228   ,     1,           1,       1,   1
train_regrasp.h5,     630,   307,         0,            0,            0, +x  ,      1,    21,  0.004561, 0.000323   ,     1,           1,       1,   1
train_regrasp.h5,     631,   307,         1,            4,            4, +z  ,      1,    21,  0.004585, 0.000594   ,     1,           1,       1,   1
train_regrasp.h5,     632,   308,         0,            0,            0, +x  ,      1,    21,  0.004518, 0.001036   ,     1,           1,       1,   1
train_regrasp.h5,     633,   308,         1,            2,            2, +y  ,      1,    21,  0.00458 , 0.0        ,     1,           1,       1,   1
train_regrasp.h5,     634,   308,         2,            3,            3, -y  ,      1,    21,  0.004457, 0.000706   ,     1,           1,       1,   1
train_regrasp.h5,     635,   309,         0,            0,            0, +x  ,      1,    21,  0.004606, 0.000451   ,     1,           1,       1,   1
train_regrasp.h5,     636,   309,         1,            2,            2, +y  ,      1,    21,  0.004631, 0.0        ,     1,           1,       1,   1
train_regrasp.h5,     637,   309,         2,            4,            4, +z  ,      1,    21,  0.004619, 0.0        ,     1,           1,       1,   1
train_regrasp.h5,     638,   310,         0,            0,            0, +x  ,      1,    13,  0.166963, 0.90953    ,     0,           0,       1,   0
train_regrasp.h5,     639,   310,         1,            4,            4, +z  ,      1,    21,  0.004594, 0.0        ,     1,           1,       1,   1
train_regrasp.h5,     640,   311,         0,            2,            2, +y  ,      1,    21,  0.004562, 0.0        ,     1,           1,       1,   1
train_regrasp.h5,     641,   312,         0,            0,            0, +x  ,      1,    14,  0.108566, 0.641564   ,     0,           0,       1,   0
train_regrasp.h5,     642,   312,         1,            3,            3, -y  ,      1,    21,  0.004547, 0.000144   ,     1,           1,       1,   1
train_regrasp.h5,     643,   312,         2,            4,            4, +z  ,      1,    21,  0.004596, 0.0        ,     1,           1,       1,   1
train_regrasp.h5,     644,   313,         0,            0,            0, +x  ,      1,    21,  0.00455 , 0.000493   ,     1,           1,       1,   1
train_regrasp.h5,     645,   313,         1,            2,            2, +y  ,      1,    21,  0.00461 , 0.000339   ,     1,           1,       1,   1
train_regrasp.h5,     646,   313,         2,            4,            4, +z  ,      1,    21,  0.004541, 0.0        ,     1,           1,       1,   1
train_regrasp.h5,     647,   314,         0,            0,            0, +x  ,      1,    21,  0.004538, 0.000672   ,     1,           1,       1,   1
train_regrasp.h5,     648,   314,         1,            2,            2, +y  ,      1,    21,  0.004531, 0.000457   ,     1,           1,       1,   1
train_regrasp.h5,     649,   314,         2,            3,            3, -y  ,      1,    21,  0.004581, 0.000413   ,     1,           1,       1,   1
train_regrasp.h5,     650,   314,         3,            4,            4, +z  ,      1,    21,  0.004621, 0.0        ,     1,           1,       1,   1
train_regrasp.h5,     651,   315,         0,            0,            0, +x  ,      1,    16,  0.054941, 0.221964   ,     0,           0,       1,   0
train_regrasp.h5,     652,   315,         1,            3,            3, -y  ,      1,    21,  0.004584, 7.1e-05    ,     1,           1,       1,   1
train_regrasp.h5,     653,   315,         2,            4,            4, +z  ,      1,    21,  0.004585, 0.000184   ,     1,           1,       1,   1
train_regrasp.h5,     654,   316,         0,            0,            0, +x  ,      1,    21,  0.004539, 0.000409   ,     1,           1,       1,   1
train_regrasp.h5,     655,   316,         1,            3,            3, -y  ,      1,    14,  0.091756, 0.49916    ,     0,           0,       1,   0
train_regrasp.h5,     656,   316,         2,            4,            4, +z  ,      1,    13,  0.10837 , 0.749572   ,     0,           0,       1,   0
train_regrasp.h5,     657,   317,         0,            0,            0, +x  ,      1,    21,  0.004613, 0.000178   ,     1,           1,       1,   1
train_regrasp.h5,     658,   317,         1,            2,            2, +y  ,      1,    21,  0.004597, 0.00052    ,     1,           1,       1,   1
train_regrasp.h5,     659,   317,         2,            4,            4, +z  ,      1,    21,  0.004523, 0.0        ,     1,           1,       1,   1
train_regrasp.h5,     660,   318,         0,            0,            0, +x  ,      1,    21,  0.00451 , 0.000476   ,     1,           1,       1,   1
train_regrasp.h5,     661,   318,         1,            3,            3, -y  ,      1,    21,  0.004579, 0.0        ,     1,           1,       1,   1
train_regrasp.h5,     662,   319,         0,            4,            4, +z  ,      1,    21,  0.004558, 0.0        ,     1,           1,       1,   1
train_regrasp.h5,     663,   320,         0,            0,            0, +x  ,      1,    21,  0.00458 , 0.0        ,     1,           1,       1,   1
train_regrasp.h5,     664,   320,         1,            2,            2, +y  ,      1,    17,  0.047802, 0.067759   ,     0,           0,       1,   0
train_regrasp.h5,     665,   320,         2,            3,            3, -y  ,      1,    21,  0.004551, 0.000135   ,     1,           1,       1,   1
train_regrasp.h5,     666,   320,         3,            4,            4, +z  ,      1,    12,  0.102553, 0.634878   ,     0,           0,       1,   0
train_regrasp.h5,     667,   321,         0,            0,            0, +x  ,      1,    21,  0.004534, 0.00043    ,     1,           1,       1,   1
train_regrasp.h5,     668,   321,         1,            2,            2, +y  ,      1,    16,  0.05019 , 0.260131   ,     0,           0,       1,   0
train_regrasp.h5,     669,   321,         2,            3,            3, -y  ,      1,    21,  0.004606, 0.0        ,     1,           1,       1,   1
train_regrasp.h5,     670,   321,         3,            4,            4, +z  ,      1,    21,  0.004512, 0.000445   ,     1,           1,       1,   1
train_regrasp.h5,     671,   322,         0,            0,            0, +x  ,      1,    21,  0.00455 , 0.000357   ,     1,           1,       1,   1
train_regrasp.h5,     672,   322,         1,            2,            2, +y  ,      1,    21,  0.004573, 0.000467   ,     1,           1,       1,   1
train_regrasp.h5,     673,   322,         2,            3,            3, -y  ,      1,    12,  0.165918, 0.942892   ,     0,           0,       1,   0
train_regrasp.h5,     674,   322,         3,            4,            4, +z  ,      1,    15,  0.06813 , 0.234457   ,     0,           0,       1,   0
train_regrasp.h5,     675,   323,         0,            0,            0, +x  ,      1,    21,  0.004391, 0.000537   ,     1,           1,       1,   1
train_regrasp.h5,     676,   323,         1,            2,            2, +y  ,      1,    21,  0.004597, 0.0        ,     1,           1,       1,   1
train_regrasp.h5,     677,   323,         2,            3,            3, -y  ,      1,    21,  0.004602, 0.0        ,     1,           1,       1,   1
train_regrasp.h5,     678,   323,         3,            4,            4, +z  ,      1,    15,  0.042167, 0.315832   ,     0,           0,       1,   0
train_regrasp.h5,     679,   324,         0,            0,            0, +x  ,      1,    21,  0.004526, 0.00014    ,     1,           1,       1,   1
train_regrasp.h5,     680,   324,         1,            2,            2, +y  ,      1,    14,  0.08705 , 0.761168   ,     0,           0,       1,   0
train_regrasp.h5,     681,   324,         2,            4,            4, +z  ,      1,    21,  0.004597, 0.000471   ,     1,           1,       1,   1
train_regrasp.h5,     682,   326,         0,            4,            4, +z  ,      1,    21,  0.0046  , 0.0005     ,     1,           1,       1,   1
train_regrasp.h5,     683,   327,         0,            0,            0, +x  ,      1,    20,  0.020609, 0.0        ,     0,           0,       1,   0
train_regrasp.h5,     684,   327,         1,            2,            2, +y  ,      1,    21,  0.004579, 0.0        ,     1,           1,       1,   1
train_regrasp.h5,     685,   328,         0,            0,            0, +x  ,      1,    21,  0.004575, 0.000648   ,     1,           1,       1,   1
train_regrasp.h5,     686,   328,         1,            2,            2, +y  ,      1,    21,  0.004594, 0.000161   ,     1,           1,       1,   1
train_regrasp.h5,     687,   328,         2,            3,            3, -y  ,      1,    21,  0.004574, 0.0        ,     1,           1,       1,   1
train_regrasp.h5,     688,   329,         0,            0,            0, +x  ,      1,    21,  0.004625, 0.00048    ,     1,           1,       1,   1
train_regrasp.h5,     689,   329,         1,            3,            3, -y  ,      1,    21,  0.004592, 0.00043    ,     1,           1,       1,   1
train_regrasp.h5,     690,   330,         0,            0,            0, +x  ,      1,    12,  0.201611, 1.102499   ,     0,           0,       1,   0
train_regrasp.h5,     691,   330,         1,            2,            2, +y  ,      1,    15,  0.076909, 0.403156   ,     0,           0,       1,   0
train_regrasp.h5,     692,   331,         0,            0,            0, +x  ,      1,    12,  0.200398, 1.119344   ,     0,           0,       1,   0
train_regrasp.h5,     693,   331,         1,            3,            3, -y  ,      1,    11,  0.215769, 1.217943   ,     0,           0,       1,   0
train_regrasp.h5,     694,   336,         0,            0,            0, +x  ,      1,    21,  0.004521, 0.000286   ,     1,           1,       1,   1
train_regrasp.h5,     695,   336,         1,            2,            2, +y  ,      1,    21,  0.004702, 0.0002     ,     1,           1,       1,   1
train_regrasp.h5,     696,   336,         2,            4,            4, +z  ,      1,    21,  0.00471 , 0.000404   ,     1,           1,       1,   1
train_regrasp.h5,     697,   337,         0,            0,            0, +x  ,      1,    18,  0.047456, 0.017292   ,     0,           0,       1,   0
train_regrasp.h5,     698,   337,         1,            2,            2, +y  ,      1,    14,  0.12402 , 0.611431   ,     0,           0,       1,   0
train_regrasp.h5,     699,   338,         0,            2,            2, +y  ,      1,    21,  0.004612, 0.000264   ,     1,           1,       1,   1
train_regrasp.h5,     700,   338,         1,            3,            3, -y  ,      1,    17,  0.052358, 0.058056   ,     0,           0,       1,   0
train_regrasp.h5,     701,   338,         2,            4,            4, +z  ,      1,    16,  0.066334, 0.135267   ,     0,           0,       1,   0
train_regrasp.h5,     702,   339,         0,            0,            0, +x  ,      1,    21,  0.272591, 0.609899   ,     0,           1,       1,   0
train_regrasp.h5,     703,   339,         1,            3,            3, -y  ,      1,    12,  0.081757, 1.020602   ,     0,           0,       1,   0
train_regrasp.h5,     704,   340,         0,            0,            0, +x  ,      1,    14,  0.138304, 0.700208   ,     0,           0,       1,   0
train_regrasp.h5,     705,   340,         1,            4,            4, +z  ,      1,    21,  0.00467 , 0.000651   ,     1,           1,       1,   1
train_regrasp.h5,     706,   341,         0,            0,            0, +x  ,      1,    21,  0.00457 , 0.000749   ,     1,           1,       1,   1
train_regrasp.h5,     707,   341,         1,            4,            4, +z  ,      1,    21,  0.00455 , 0.0        ,     1,           1,       1,   1
train_regrasp.h5,     708,   342,         0,            0,            0, +x  ,      1,    21,  0.004527, 0.000506   ,     1,           1,       1,   1
train_regrasp.h5,     709,   342,         1,            2,            2, +y  ,      1,    12,  0.135486, 1.261031   ,     0,           0,       1,   0
train_regrasp.h5,     710,   342,         2,            3,            3, -y  ,      1,    12,  0.238912, 0.901537   ,     0,           0,       1,   0
train_regrasp.h5,     711,   342,         3,            4,            4, +z  ,      1,    21,  0.004585, 0.0        ,     1,           1,       1,   1
train_regrasp.h5,     712,   343,         0,            0,            0, +x  ,      1,    10,  0.114241, 1.307414   ,     0,           0,       1,   0
train_regrasp.h5,     713,   343,         1,            4,            4, +z  ,      1,    21,  0.004571, 0.0        ,     1,           1,       1,   1
train_regrasp.h5,     714,   345,         0,            4,            4, +z  ,      1,    21,  0.00458 , 0.000372   ,     1,           1,       1,   1
train_regrasp.h5,     715,   348,         0,            0,            0, +x  ,      1,    21,  0.004535, 0.0        ,     1,           1,       1,   1
train_regrasp.h5,     716,   348,         1,            2,            2, +y  ,      1,    21,  0.004583, 0.000391   ,     1,           1,       1,   1
train_regrasp.h5,     717,   348,         2,            3,            3, -y  ,      1,    21,  0.0046  , 0.000123   ,     1,           1,       1,   1
train_regrasp.h5,     718,   348,         3,            4,            4, +z  ,      1,    21,  0.00457 , 0.000562   ,     1,           1,       1,   1
train_regrasp.h5,     719,   349,         0,            0,            0, +x  ,      1,    21,  0.004453, 0.000903   ,     1,           1,       1,   1
train_regrasp.h5,     720,   349,         1,            2,            2, +y  ,      1,    18,  0.053248, 0.003382   ,     0,           0,       1,   0
train_regrasp.h5,     721,   349,         2,            3,            3, -y  ,      1,    17,  0.047659, 0.051984   ,     0,           0,       1,   0
train_regrasp.h5,     722,   349,         3,            4,            4, +z  ,      1,    12,  0.096962, 0.628105   ,     0,           0,       1,   0
train_regrasp.h5,     723,   350,         0,            0,            0, +x  ,      1,    16,  0.072789, 0.363587   ,     0,           0,       1,   0
train_regrasp.h5,     724,   350,         1,            2,            2, +y  ,      1,    21,  0.004537, 0.000301   ,     1,           1,       1,   1
train_regrasp.h5,     725,   350,         2,            4,            4, +z  ,      1,    21,  0.004623, 0.0        ,     1,           1,       1,   1
train_regrasp.h5,     726,   351,         0,            0,            0, +x  ,      1,    21,  0.00458 , 0.000261   ,     1,           1,       1,   1
train_regrasp.h5,     727,   351,         1,            2,            2, +y  ,      1,    21,  0.004609, 0.000328   ,     1,           1,       1,   1
train_regrasp.h5,     728,   351,         2,            3,            3, -y  ,      1,    13,  0.199992, 0.799937   ,     0,           0,       1,   0
train_regrasp.h5,     729,   352,         0,            2,            2, +y  ,      1,    18,  0.054047, 0.005782   ,     0,           0,       1,   0
train_regrasp.h5,     730,   353,         0,            0,            0, +x  ,      1,    18,  0.049145, 0.013162   ,     0,           0,       1,   0
train_regrasp.h5,     731,   353,         1,            4,            4, +z  ,      1,    21,  0.004534, 0.000469   ,     1,           1,       1,   1
train_regrasp.h5,     732,   354,         0,            2,            2, +y  ,      1,    18,  0.05315 , 0.005892   ,     0,           0,       1,   0
train_regrasp.h5,     733,   355,         0,            0,            0, +x  ,      1,    18,  0.049487, 0.017788   ,     0,           0,       1,   0
train_regrasp.h5,     734,   355,         1,            2,            2, +y  ,      1,    21,  0.004606, 0.0        ,     1,           1,       1,   1
train_regrasp.h5,     735,   356,         0,            4,            4, +z  ,      1,    21,  0.004576, 0.0        ,     1,           1,       1,   1
train_regrasp.h5,     736,   357,         0,            0,            0, +x  ,      1,    14,  0.135775, 0.755109   ,     0,           0,       1,   0
train_regrasp.h5,     737,   357,         1,            2,            2, +y  ,      1,    21,  0.004613, 0.000495   ,     1,           1,       1,   1
train_regrasp.h5,     738,   357,         2,            3,            3, -y  ,      1,    21,  0.004359, 0.00049    ,     1,           1,       1,   1
train_regrasp.h5,     739,   359,         0,            0,            0, +x  ,      1,    21,  0.004563, 0.000443   ,     1,           1,       1,   1
train_regrasp.h5,     740,   359,         1,            4,            4, +z  ,      1,    21,  0.004495, 0.000311   ,     1,           1,       1,   1
train_regrasp.h5,     741,   360,         0,            0,            0, +x  ,      1,    21,  0.004545, 0.000453   ,     1,           1,       1,   1
train_regrasp.h5,     742,   360,         1,            4,            4, +z  ,      1,    15,  0.085173, 0.215955   ,     0,           0,       1,   0
train_regrasp.h5,     743,   361,         0,            0,            0, +x  ,      1,     9,  0.199676, 1.476037   ,     0,           0,       1,   0
train_regrasp.h5,     744,   361,         1,            4,            4, +z  ,      1,    21,  0.00491 , 0.000953   ,     1,           1,       1,   1
train_regrasp.h5,     745,   362,         0,            2,            2, +y  ,      1,    21,  0.004541, 0.00043    ,     1,           1,       1,   1
train_regrasp.h5,     746,   362,         1,            3,            3, -y  ,      1,    12,  0.345736, 1.260361   ,     0,           0,       1,   0
train_regrasp.h5,     747,   363,         0,            0,            0, +x  ,      1,    10,  0.193798, 1.504842   ,     0,           0,       1,   0
train_regrasp.h5,     748,   363,         1,            4,            4, +z  ,      1,    21,  0.004823, 0.000412   ,     1,           1,       1,   1
train_regrasp.h5,     749,   364,         0,            0,            0, +x  ,      1,    21,  0.004582, 0.000303   ,     1,           1,       1,   1
train_regrasp.h5,     750,   364,         1,            4,            4, +z  ,      1,    16,  0.051331, 0.166425   ,     0,           0,       1,   0
train_regrasp.h5,     751,   365,         0,            2,            2, +y  ,      1,    12,  0.290212, 1.251291   ,     0,           0,       1,   0
train_regrasp.h5,     752,   365,         1,            3,            3, -y  ,      1,    16,  0.057231, 0.164879   ,     0,           0,       1,   0
train_regrasp.h5,     753,   366,         0,            0,            0, +x  ,      1,    18,  0.046144, 0.019088   ,     0,           0,       1,   0
train_regrasp.h5,     754,   366,         1,            4,            4, +z  ,      1,    21,  0.004628, 0.000195   ,     1,           1,       1,   1
train_regrasp.h5,     755,   369,         0,            0,            0, +x  ,      1,    21,  0.004457, 0.000699   ,     1,           1,       1,   1
train_regrasp.h5,     756,   369,         1,            2,            2, +y  ,      1,    15,  0.05042 , 0.379627   ,     0,           0,       1,   0
train_regrasp.h5,     757,   369,         2,            3,            3, -y  ,      1,    15,  0.070754, 0.45071    ,     0,           0,       1,   0
train_regrasp.h5,     758,   369,         3,            4,            4, +z  ,      1,    17,  0.051343, 0.033251   ,     0,           0,       1,   0
train_regrasp.h5,     759,   370,         0,            0,            4, +x  ,      0,    21,  0.004573, 0.000263   ,     1,           1,       0,   0
train_regrasp.h5,     760,   370,         1,            2,            2, +y  ,      1,    21,  0.004597, 0.000149   ,     1,           1,       1,   1
train_regrasp.h5,     761,   370,         2,            3,            3, -y  ,      1,    13,  0.178553, 0.781862   ,     0,           0,       1,   0
train_regrasp.h5,     762,   370,         3,            4,            4, +z  ,      1,    21,  0.004676, 9.3e-05    ,     1,           1,       1,   1
train_regrasp.h5,     763,   371,         0,            0,            0, +x  ,      1,    21,  0.004506, 0.0        ,     1,           1,       1,   1
train_regrasp.h5,     764,   371,         1,            2,            2, +y  ,      1,    21,  0.004544, 0.000896   ,     1,           1,       1,   1
train_regrasp.h5,     765,   371,         2,            3,            3, -y  ,      1,    14,  0.225146, 0.656327   ,     0,           0,       1,   0
train_regrasp.h5,     766,   372,         0,            0,            0, +x  ,      1,    21,  0.004603, 0.000187   ,     1,           1,       1,   1
train_regrasp.h5,     767,   372,         1,            2,            2, +y  ,      1,    10,  0.168532, 1.344453   ,     0,           0,       1,   0
train_regrasp.h5,     768,   373,         0,            0,            0, +x  ,      1,    21,  0.004594, 0.000597   ,     1,           1,       1,   1
train_regrasp.h5,     769,   373,         1,            2,            2, +y  ,      1,    11,  0.123367, 1.206499   ,     0,           0,       1,   0
train_regrasp.h5,     770,   374,         0,            0,            0, +x  ,      1,    21,  0.004501, 0.000715   ,     1,           1,       1,   1
train_regrasp.h5,     771,   374,         1,            2,            2, +y  ,      1,    21,  0.004606, 0.000273   ,     1,           1,       1,   1
train_regrasp.h5,     772,   374,         2,            3,            3, -y  ,      1,    12,  0.274883, 1.00385    ,     0,           0,       1,   0
train_regrasp.h5,     773,   375,         0,            3,            3, -y  ,      1,    11,  0.127638, 1.231659   ,     0,           0,       1,   0
train_regrasp.h5,     774,   376,         0,            0,            0, +x  ,      1,    21,  0.004403, 0.000476   ,     1,           1,       1,   1
train_regrasp.h5,     775,   376,         1,            2,            2, +y  ,      1,    17,  0.045377, 0.069926   ,     0,           0,       1,   0
train_regrasp.h5,     776,   377,         0,            0,            0, +x  ,      1,    21,  0.004437, 0.000803   ,     1,           1,       1,   1
train_regrasp.h5,     777,   377,         1,            2,            2, +y  ,      1,    21,  0.00465 , 0.000311   ,     1,           1,       1,   1
train_regrasp.h5,     778,   377,         2,            3,            3, -y  ,      1,    21,  0.004586, 0.000365   ,     1,           1,       1,   1
train_regrasp.h5,     779,   377,         3,            4,            4, +z  ,      1,    21,  0.004601, 0.0        ,     1,           1,       1,   1
train_regrasp.h5,     780,   378,         0,            0,            0, +x  ,      1,    21,  0.00451 , 0.0        ,     1,           1,       1,   1
train_regrasp.h5,     781,   378,         1,            2,            2, +y  ,      1,    21,  0.00454 , 0.0        ,     1,           1,       1,   1
train_regrasp.h5,     782,   378,         2,            3,            3, -y  ,      1,    21,  0.004606, 0.0        ,     1,           1,       1,   1
train_regrasp.h5,     783,   379,         0,            0,            0, +x  ,      1,    21,  0.004619, 0.000135   ,     1,           1,       1,   1
train_regrasp.h5,     784,   379,         1,            2,            2, +y  ,      1,    21,  0.004598, 0.0        ,     1,           1,       1,   1
train_regrasp.h5,     785,   379,         2,            3,            2, -y  ,      0,    21,  0.004576, 7.5e-05    ,     1,           1,       0,   0
train_regrasp.h5,     786,   379,         3,            4,            4, +z  ,      1,    21,  0.004593, 0.000212   ,     1,           1,       1,   1
train_regrasp.h5,     787,   380,         0,            0,            0, +x  ,      1,    21,  0.004526, 0.0        ,     1,           1,       1,   1
train_regrasp.h5,     788,   380,         1,            2,            0, +y  ,      0,    21,  0.004529, 0.0        ,     1,           1,       0,   0
train_regrasp.h5,     789,   380,         2,            3,            3, -y  ,      1,    14,  0.173328, 0.69601    ,     0,           0,       1,   0
train_regrasp.h5,     790,   381,         0,            0,            0, +x  ,      1,    21,  0.004488, 0.000532   ,     1,           1,       1,   1
train_regrasp.h5,     791,   381,         1,            2,            2, +y  ,      1,    13,  0.086314, 0.780974   ,     0,           0,       1,   0
train_regrasp.h5,     792,   381,         2,            3,            3, -y  ,      1,    13,  0.170837, 0.898618   ,     0,           0,       1,   0
train_regrasp.h5,     793,   382,         0,            0,            2, +x  ,      0,    21,  0.004551, 0.000137   ,     1,           1,       0,   0
train_regrasp.h5,     794,   382,         1,            2,            2, +y  ,      1,    15,  0.05587 , 0.420891   ,     0,           0,       1,   0
train_regrasp.h5,     795,   382,         2,            3,            3, -y  ,      1,    10,  0.277845, 1.570652   ,     0,           0,       1,   0
train_regrasp.h5,     796,   383,         0,            0,            0, +x  ,      1,    21,  0.004519, 0.000127   ,     1,           1,       1,   1
train_regrasp.h5,     797,   383,         1,            2,            2, +y  ,      1,    21,  0.004589, 0.0        ,     1,           1,       1,   1
train_regrasp.h5,     798,   383,         2,            3,            3, -y  ,      1,    21,  0.004792, 0.0        ,     1,           1,       1,   1
train_regrasp.h5,     799,   383,         3,            4,            4, +z  ,      1,    21,  0.004656, 0.000656   ,     1,           1,       1,   1
train_regrasp.h5,     800,   384,         0,            0,            0, +x  ,      1,    21,  0.00454 , 0.00017    ,     1,           1,       1,   1
train_regrasp.h5,     801,   384,         1,            2,            2, +y  ,      1,    21,  0.00457 , 0.000421   ,     1,           1,       1,   1
train_regrasp.h5,     802,   384,         2,            3,            3, -y  ,      1,    15,  0.074992, 0.452269   ,     0,           0,       1,   0
train_regrasp.h5,     803,   385,         0,            0,            0, +x  ,      1,    21,  0.004512, 0.000426   ,     1,           1,       1,   1
train_regrasp.h5,     804,   385,         1,            2,            2, +y  ,      1,    21,  0.004609, 0.000494   ,     1,           1,       1,   1
train_regrasp.h5,     805,   385,         2,            3,            3, -y  ,      1,    14,  0.170323, 0.744653   ,     0,           0,       1,   0
train_regrasp.h5,     806,   385,         3,            4,            4, +z  ,      1,    17,  0.055368, 0.040368   ,     0,           0,       1,   0
train_regrasp.h5,     807,   386,         0,            0,            0, +x  ,      1,    21,  0.004529, 0.000376   ,     1,           1,       1,   1
train_regrasp.h5,     808,   386,         1,            2,            2, +y  ,      1,    17,  0.048897, 0.060975   ,     0,           0,       1,   0
train_regrasp.h5,     809,   386,         2,            4,            4, +z  ,      1,    21,  0.004615, 0.0        ,     1,           1,       1,   1
train_regrasp.h5,     810,   387,         0,            0,            0, +x  ,      1,    21,  0.00459 , 9.5e-05    ,     1,           1,       1,   1
train_regrasp.h5,     811,   387,         1,            2,            2, +y  ,      1,    20,  0.0207  , 0.000678   ,     0,           0,       1,   0
train_regrasp.h5,     812,   387,         2,            3,            3, -y  ,      1,    21,  0.004581, 0.000138   ,     1,           1,       1,   1
train_regrasp.h5,     813,   387,         3,            4,            4, +z  ,      1,    21,  0.00459 , 8.1e-05    ,     1,           1,       1,   1
train_regrasp.h5,     814,   388,         0,            3,            3, -y  ,      1,    21,  0.004651, 0.00043    ,     1,           1,       1,   1
train_regrasp.h5,     815,   388,         1,            4,            4, +z  ,      1,    21,  0.004539, 0.00038    ,     1,           1,       1,   1
train_regrasp.h5,     816,   390,         0,            2,            2, +y  ,      1,    20,  0.020648, 0.0        ,     0,           0,       1,   0
train_regrasp.h5,     817,   391,         0,            0,            0, +x  ,      1,    21,  0.00449 , 0.000654   ,     1,           1,       1,   1
train_regrasp.h5,     818,   392,         0,            0,            0, +x  ,      1,    21,  0.004556, 0.000147   ,     1,           1,       1,   1
train_regrasp.h5,     819,   392,         1,            2,            2, +y  ,      1,    14,  0.050652, 0.583843   ,     0,           0,       1,   0
train_regrasp.h5,     820,   392,         2,            3,            3, -y  ,      1,    21,  0.004589, 0.0        ,     1,           1,       1,   1
train_regrasp.h5,     821,   392,         3,            4,            4, +z  ,      1,    16,  0.04567 , 0.155559   ,     0,           0,       1,   0
train_regrasp.h5,     822,   393,         0,            0,            0, +x  ,      1,    21,  0.004575, 0.000398   ,     1,           1,       1,   1
train_regrasp.h5,     823,   393,         1,            2,            2, +y  ,      1,    21,  0.004712, 0.000167   ,     1,           1,       1,   1
train_regrasp.h5,     824,   393,         2,            3,            3, -y  ,      1,    16,  0.02068 , 0.206765   ,     0,           0,       1,   0
train_regrasp.h5,     825,   393,         3,            4,            4, +z  ,      1,    21,  0.004554, 0.0        ,     1,           1,       1,   1
train_regrasp.h5,     826,   394,         0,            0,            0, +x  ,      1,    21,  0.004512, 0.000532   ,     1,           1,       1,   1
train_regrasp.h5,     827,   394,         1,            2,            2, +y  ,      1,    21,  0.004621, 0.000228   ,     1,           1,       1,   1
train_regrasp.h5,     828,   394,         2,            4,            4, +z  ,      1,    21,  0.004679, 0.00034    ,     1,           1,       1,   1
train_regrasp.h5,     829,   395,         0,            0,            0, +x  ,      1,    17,  0.051289, 0.079771   ,     0,           0,       1,   0
train_regrasp.h5,     830,   395,         1,            2,            2, +y  ,      1,    14,  0.06747 , 0.621014   ,     0,           0,       1,   0
train_regrasp.h5,     831,   395,         2,            3,            3, -y  ,      1,    21,  0.00479 , 0.000753   ,     1,           1,       1,   1
train_regrasp.h5,     832,   395,         3,            4,            4, +z  ,      1,    21,  0.004614, 0.000463   ,     1,           1,       1,   1
train_regrasp.h5,     833,   397,         0,            0,            0, +x  ,      1,    21,  0.004531, 0.000554   ,     1,           1,       1,   1
train_regrasp.h5,     834,   397,         1,            2,            2, +y  ,      1,    11,  0.10345 , 1.198648   ,     0,           0,       1,   0
train_regrasp.h5,     835,   397,         2,            3,            3, -y  ,      1,    21,  0.004535, 0.0        ,     1,           1,       1,   1
train_regrasp.h5,     836,   397,         3,            4,            4, +z  ,      1,    21,  0.004584, 0.000176   ,     1,           1,       1,   1
train_regrasp.h5,     837,   400,         0,            2,            2, +y  ,      1,    11,  0.19065 , 1.139408   ,     0,           0,       1,   0
train_regrasp.h5,     838,   400,         1,            3,            3, -y  ,      1,    21,  0.004598, 0.0        ,     1,           1,       1,   1
train_regrasp.h5,     839,   401,         0,            0,            0, +x  ,      1,    11,  0.194579, 0.898368   ,     0,           0,       1,   0
train_regrasp.h5,     840,   401,         1,            2,            2, +y  ,      1,    21,  0.004561, 0.0        ,     1,           1,       1,   1
train_regrasp.h5,     841,   401,         2,            3,            3, -y  ,      1,    12,  0.232649, 1.225553   ,     0,           0,       1,   0
train_regrasp.h5,     842,   402,         0,            0,            0, +x  ,      1,    21,  0.0045  , 0.000324   ,     1,           1,       1,   1
train_regrasp.h5,     843,   402,         1,            4,            4, +z  ,      1,    21,  0.004557, 0.000422   ,     1,           1,       1,   1
train_regrasp.h5,     844,   408,         0,            0,            0, +x  ,      1,    16,  0.055071, 0.223755   ,     0,           0,       1,   0
train_regrasp.h5,     845,   408,         1,            4,            4, +z  ,      1,    21,  0.004622, 0.0        ,     1,           1,       1,   1
train_regrasp.h5,     846,   409,         0,            0,            0, +x  ,      1,    17,  0.053684, 0.065766   ,     0,           0,       1,   0
train_regrasp.h5,     847,   410,         0,            0,            0, +x  ,      1,    21,  0.004474, 0.000772   ,     1,           1,       1,   1
train_regrasp.h5,     848,   410,         1,            2,            2, +y  ,      1,    20,  0.020412, 0.000757   ,     0,           0,       1,   0
train_regrasp.h5,     849,   410,         2,            3,            3, -y  ,      1,    21,  0.004582, 0.000464   ,     1,           1,       1,   1
train_regrasp.h5,     850,   410,         3,            4,            4, +z  ,      1,    21,  0.004677, 0.00036    ,     1,           1,       1,   1
train_regrasp.h5,     851,   411,         0,            2,            2, +y  ,      1,    14,  0.152864, 0.762923   ,     0,           0,       1,   0
train_regrasp.h5,     852,   411,         1,            3,            3, -y  ,      1,    21,  0.004558, 0.000449   ,     1,           1,       1,   1
train_regrasp.h5,     853,   412,         0,            0,            0, +x  ,      1,    21,  0.00466 , 0.000336   ,     1,           1,       1,   1
train_regrasp.h5,     854,   412,         1,            3,            3, -y  ,      1,    10,  0.276434, 1.529348   ,     0,           0,       1,   0
train_regrasp.h5,     855,   412,         2,            4,            4, +z  ,      1,    21,  0.004679, 0.000469   ,     1,           1,       1,   1
train_regrasp.h5,     856,   413,         0,            0,            0, +x  ,      1,    13,  0.106596, 0.790395   ,     0,           0,       1,   0
train_regrasp.h5,     857,   413,         1,            2,            2, +y  ,      1,    21,  0.004547, 0.0        ,     1,           1,       1,   1
train_regrasp.h5,     858,   413,         2,            4,            4, +z  ,      1,    21,  0.00451 , 0.000224   ,     1,           1,       1,   1
train_regrasp.h5,     859,   414,         0,            0,            0, +x  ,      1,    17,  0.051023, 0.061068   ,     0,           0,       1,   0
train_regrasp.h5,     860,   414,         1,            2,            2, +y  ,      1,    17,  0.045413, 0.070554   ,     0,           0,       1,   0
train_regrasp.h5,     861,   414,         2,            3,            3, -y  ,      1,    21,  0.004564, 0.000386   ,     1,           1,       1,   1
train_regrasp.h5,     862,   414,         3,            4,            4, +z  ,      1,    21,  0.00457 , 0.000418   ,     1,           1,       1,   1
train_regrasp.h5,     863,   415,         0,            0,            0, +x  ,      1,    18,  0.048365, 0.014484   ,     0,           0,       1,   0
train_regrasp.h5,     864,   415,         1,            2,            2, +y  ,      1,    14,  0.065394, 0.742712   ,     0,           0,       1,   0
train_regrasp.h5,     865,   415,         2,            3,            3, -y  ,      1,    11,  0.223993, 1.531144   ,     0,           0,       1,   0
train_regrasp.h5,     866,   415,         3,            4,            4, +z  ,      1,    20,  0.021209, 0.042961   ,     0,           0,       1,   0
train_regrasp.h5,     867,   416,         0,            4,            4, +z  ,      1,    21,  0.00452 , 0.00064    ,     1,           1,       1,   1
train_regrasp.h5,     868,   419,         0,            4,            4, +z  ,      1,    21,  0.004532, 0.000222   ,     1,           1,       1,   1
train_regrasp.h5,     869,   420,         0,            0,            0, +x  ,      1,    21,  0.004536, 0.000594   ,     1,           1,       1,   1
train_regrasp.h5,     870,   420,         1,            2,            2, +y  ,      1,    13,  0.066137, 0.739153   ,     0,           0,       1,   0
train_regrasp.h5,     871,   420,         2,            3,            3, -y  ,      1,    21,  0.004598, 0.000337   ,     1,           1,       1,   1
train_regrasp.h5,     872,   420,         3,            4,            4, +z  ,      1,    13,  0.12398 , 0.5128     ,     0,           0,       1,   0
train_regrasp.h5,     873,   421,         0,            0,            0, +x  ,      1,    21,  0.004632, 0.000143   ,     1,           1,       1,   1
train_regrasp.h5,     874,   421,         1,            2,            2, +y  ,      1,    11,  0.240962, 1.353706   ,     0,           0,       1,   0
train_regrasp.h5,     875,   421,         2,            3,            3, -y  ,      1,    21,  0.004611, 0.0        ,     1,           1,       1,   1
train_regrasp.h5,     876,   421,         3,            4,            4, +z  ,      1,    21,  0.004576, 0.000281   ,     1,           1,       1,   1
train_regrasp.h5,     877,   422,         0,            0,            0, +x  ,      1,    21,  0.004541, 0.000443   ,     1,           1,       1,   1
train_regrasp.h5,     878,   422,         1,            2,            2, +y  ,      1,    21,  0.004535, 0.0        ,     1,           1,       1,   1
train_regrasp.h5,     879,   422,         2,            3,            3, -y  ,      1,    21,  0.004626, 0.000275   ,     1,           1,       1,   1
train_regrasp.h5,     880,   422,         3,            4,            4, +z  ,      1,    16,  0.03354 , 0.14567    ,     0,           0,       1,   0
train_regrasp.h5,     881,   423,         0,            0,            0, +x  ,      1,    21,  0.004549, 0.000554   ,     1,           1,       1,   1
train_regrasp.h5,     882,   423,         1,            2,            2, +y  ,      1,    21,  0.004612, 0.00013    ,     1,           1,       1,   1
train_regrasp.h5,     883,   423,         2,            3,            3, -y  ,      1,    21,  0.004623, 0.0        ,     1,           1,       1,   1
train_regrasp.h5,     884,   423,         3,            4,            4, +z  ,      1,    21,  0.004556, 0.000507   ,     1,           1,       1,   1
train_regrasp.h5,     885,   424,         0,            0,            0, +x  ,      1,    21,  0.004503, 0.000672   ,     1,           1,       1,   1
train_regrasp.h5,     886,   424,         1,            4,            4, +z  ,      1,    15,  0.082419, 0.438645   ,     0,           0,       1,   0
train_regrasp.h5,     887,   425,         0,            0,            0, +x  ,      1,    21,  0.004634, 0.000238   ,     1,           1,       1,   1
train_regrasp.h5,     888,   425,         1,            3,            3, -y  ,      1,    15,  0.08286 , 0.33936    ,     0,           0,       1,   0
train_regrasp.h5,     889,   426,         0,            2,            2, +y  ,      1,    17,  0.047778, 0.068965   ,     0,           0,       1,   0
train_regrasp.h5,     890,   426,         1,            4,            4, +z  ,      1,    21,  0.004551, 0.000146   ,     1,           1,       1,   1
train_regrasp.h5,     891,   427,         0,            0,            0, +x  ,      1,    10,  0.239997, 1.609887   ,     0,           0,       1,   0
train_regrasp.h5,     892,   427,         1,            2,            2, +y  ,      1,    21,  0.004619, 0.0        ,     1,           1,       1,   1
train_regrasp.h5,     893,   427,         2,            4,            4, +z  ,      1,    21,  0.004524, 0.000502   ,     1,           1,       1,   1
train_regrasp.h5,     894,   428,         0,            4,            4, +z  ,      1,    21,  0.004567, 0.00053    ,     1,           1,       1,   1
train_regrasp.h5,     895,   429,         0,            0,            0, +x  ,      1,    21,  0.004566, 0.0        ,     1,           1,       1,   1
train_regrasp.h5,     896,   431,         0,            4,            4, +z  ,      1,    21,  0.0047  , 0.000323   ,     1,           1,       1,   1
train_regrasp.h5,     897,   432,         0,            2,            2, +y  ,      1,    21,  0.00456 , 0.0        ,     1,           1,       1,   1
train_regrasp.h5,     898,   432,         1,            3,            3, -y  ,      1,    16,  0.083536, 0.228077   ,     0,           0,       1,   0
train_regrasp.h5,     899,   433,         0,            0,            0, +x  ,      1,    21,  0.004609, 0.000335   ,     1,           1,       1,   1
train_regrasp.h5,     900,   434,         0,            0,            0, +x  ,      1,    13,  0.125916, 1.011002   ,     0,           0,       1,   0
train_regrasp.h5,     901,   434,         1,            2,            2, +y  ,      1,    21,  0.004613, 0.0        ,     1,           1,       1,   1
train_regrasp.h5,     902,   435,         0,            2,            2, +y  ,      1,    21,  0.004647, 0.000207   ,     1,           1,       1,   1
train_regrasp.h5,     903,   435,         1,            4,            4, +z  ,      1,    21,  0.004587, 9.8e-05    ,     1,           1,       1,   1
train_regrasp.h5,     904,   436,         0,            2,            2, +y  ,      1,    21,  0.004609, 0.0        ,     1,           1,       1,   1
train_regrasp.h5,     905,   436,         1,            4,            4, +z  ,      1,    21,  0.004647, 0.00016    ,     1,           1,       1,   1
train_regrasp.h5,     906,   437,         0,            3,            3, -y  ,      1,    15,  0.118159, 0.568      ,     0,           0,       1,   0
train_regrasp.h5,     907,   438,         0,            0,            0, +x  ,      1,    10,  0.140664, 1.390434   ,     0,           0,       1,   0
train_regrasp.h5,     908,   439,         0,            0,            0, +x  ,      1,    21,  0.004469, 0.0        ,     1,           1,       1,   1
train_regrasp.h5,     909,   439,         1,            2,            2, +y  ,      1,    21,  0.004545, 0.000197   ,     1,           1,       1,   1
train_regrasp.h5,     910,   439,         2,            3,            3, -y  ,      1,    16,  0.07967 , 0.241513   ,     0,           0,       1,   0
train_regrasp.h5,     911,   440,         0,            0,            0, +x  ,      1,    21,  0.00457 , 0.0        ,     1,           1,       1,   1
train_regrasp.h5,     912,   440,         1,            2,            2, +y  ,      1,    21,  0.004694, 0.000313   ,     1,           1,       1,   1
train_regrasp.h5,     913,   440,         2,            4,            4, +z  ,      1,    21,  0.004641, 0.000696   ,     1,           1,       1,   1
train_regrasp.h5,     914,   441,         0,            0,            0, +x  ,      1,    21,  0.004483, 0.0        ,     1,           1,       1,   1
train_regrasp.h5,     915,   441,         1,            4,            4, +z  ,      1,    21,  0.00493 , 0.001419   ,     1,           1,       1,   1
train_regrasp.h5,     916,   442,         0,            0,            0, +x  ,      1,    21,  0.004594, 0.000249   ,     1,           1,       1,   1
train_regrasp.h5,     917,   442,         1,            2,            2, +y  ,      1,    21,  0.004619, 0.000752   ,     1,           1,       1,   1
train_regrasp.h5,     918,   442,         2,            4,            4, +z  ,      1,    21,  0.004587, 0.000438   ,     1,           1,       1,   1
train_regrasp.h5,     919,   443,         0,            0,            0, +x  ,      1,    21,  0.004549, 5.6e-05    ,     1,           1,       1,   1
train_regrasp.h5,     920,   443,         1,            2,            2, +y  ,      1,    21,  0.004601, 0.000312   ,     1,           1,       1,   1
train_regrasp.h5,     921,   443,         2,            3,            3, -y  ,      1,    21,  0.00459 , 0.000229   ,     1,           1,       1,   1
train_regrasp.h5,     922,   443,         3,            4,            4, +z  ,      1,    21,  0.004526, 0.0        ,     1,           1,       1,   1
train_regrasp.h5,     923,   444,         0,            2,            2, +y  ,      1,    21,  0.004619, 0.000107   ,     1,           1,       1,   1
train_regrasp.h5,     924,   445,         0,            0,            0, +x  ,      1,    21,  0.00459 , 0.0        ,     1,           1,       1,   1
train_regrasp.h5,     925,   445,         1,            2,            2, +y  ,      1,    21,  0.004575, 0.000285   ,     1,           1,       1,   1
train_regrasp.h5,     926,   445,         2,            3,            3, -y  ,      1,    21,  0.004597, 0.000308   ,     1,           1,       1,   1
train_regrasp.h5,     927,   446,         0,            0,            0, +x  ,      1,    21,  0.004823, 0.001858   ,     1,           1,       1,   1
train_regrasp.h5,     928,   446,         1,            3,            3, -y  ,      1,    21,  0.004622, 0.000248   ,     1,           1,       1,   1
train_regrasp.h5,     929,   446,         2,            4,            4, +z  ,      1,    21,  0.004673, 0.0        ,     1,           1,       1,   1
train_regrasp.h5,     930,   447,         0,            4,            4, +z  ,      1,    21,  0.004552, 0.000202   ,     1,           1,       1,   1
train_regrasp.h5,     931,   449,         0,            0,            0, +x  ,      1,    21,  0.004589, 0.0        ,     1,           1,       1,   1
train_regrasp.h5,     932,   449,         1,            2,            2, +y  ,      1,    14,  0.137931, 0.722756   ,     0,           0,       1,   0
train_regrasp.h5,     933,   449,         2,            3,            3, -y  ,      1,    14,  0.059317, 0.718332   ,     0,           0,       1,   0
train_regrasp.h5,     934,   449,         3,            4,            4, +z  ,      1,    21,  0.00456 , 0.00059    ,     1,           1,       1,   1
train_regrasp.h5,     935,   451,         0,            0,            0, +x  ,      1,    21,  0.004548, 0.000281   ,     1,           1,       1,   1
train_regrasp.h5,     936,   452,         0,            0,            0, +x  ,      1,    21,  0.004588, 0.000372   ,     1,           1,       1,   1
train_regrasp.h5,     937,   452,         1,            2,            2, +y  ,      1,    21,  0.004621, 0.0        ,     1,           1,       1,   1
train_regrasp.h5,     938,   452,         2,            3,            3, -y  ,      1,    13,  0.209763, 0.864076   ,     0,           0,       1,   0
train_regrasp.h5,     939,   452,         3,            4,            4, +z  ,      1,    21,  0.004525, 0.0        ,     1,           1,       1,   1
train_regrasp.h5,     940,   453,         0,            0,            0, +x  ,      1,    21,  0.004619, 0.00053    ,     1,           1,       1,   1
train_regrasp.h5,     941,   453,         1,            2,            2, +y  ,      1,    21,  0.004601, 0.0        ,     1,           1,       1,   1
train_regrasp.h5,     942,   453,         2,            3,            3, -y  ,      1,    21,  0.004559, 0.000261   ,     1,           1,       1,   1
train_regrasp.h5,     943,   453,         3,            4,            4, +z  ,      1,    21,  0.004516, 0.0        ,     1,           1,       1,   1
train_regrasp.h5,     944,   454,         0,            0,            0, +x  ,      1,    21,  0.004537, 0.0        ,     1,           1,       1,   1
train_regrasp.h5,     945,   454,         1,            2,            2, +y  ,      1,    21,  0.004521, 1.2e-05    ,     1,           1,       1,   1
train_regrasp.h5,     946,   454,         2,            3,            3, -y  ,      1,    21,  0.004532, 0.000394   ,     1,           1,       1,   1
train_regrasp.h5,     947,   454,         3,            4,            4, +z  ,      1,    21,  0.004542, 0.0        ,     1,           1,       1,   1
train_regrasp.h5,     948,   455,         0,            0,            2, +x  ,      0,    21,  0.004507, 0.0        ,     1,           1,       0,   0
train_regrasp.h5,     949,   455,         1,            2,            2, +y  ,      1,    21,  0.004537, 0.0        ,     1,           1,       1,   1
train_regrasp.h5,     950,   455,         2,            3,            3, -y  ,      1,    21,  0.004622, 0.0        ,     1,           1,       1,   1
train_regrasp.h5,     951,   455,         3,            4,            4, +z  ,      1,    21,  0.005843, 0.002046   ,     1,           1,       1,   1
train_regrasp.h5,     952,   456,         0,            0,            0, +x  ,      1,    21,  0.004298, 0.001817   ,     1,           1,       1,   1
train_regrasp.h5,     953,   456,         1,            2,            2, +y  ,      1,    21,  0.004565, 0.000338   ,     1,           1,       1,   1
train_regrasp.h5,     954,   456,         2,            3,            3, -y  ,      1,    21,  0.004661, 0.0        ,     1,           1,       1,   1
train_regrasp.h5,     955,   456,         3,            4,            4, +z  ,      1,    21,  0.004601, 0.000183   ,     1,           1,       1,   1
train_regrasp.h5,     956,   457,         0,            0,            0, +x  ,      1,    21,  0.004541, 0.000213   ,     1,           1,       1,   1
train_regrasp.h5,     957,   457,         1,            2,            2, +y  ,      1,    21,  0.00462 , 0.00043    ,     1,           1,       1,   1
train_regrasp.h5,     958,   457,         2,            3,            3, -y  ,      1,    21,  0.004588, 0.0        ,     1,           1,       1,   1
train_regrasp.h5,     959,   457,         3,            4,            4, +z  ,      1,    21,  0.004555, 0.000448   ,     1,           1,       1,   1
train_regrasp.h5,     960,   458,         0,            0,            0, +x  ,      1,    21,  0.004555, 0.000253   ,     1,           1,       1,   1
train_regrasp.h5,     961,   458,         1,            2,            2, +y  ,      1,    13,  0.122619, 1.097002   ,     0,           0,       1,   0
train_regrasp.h5,     962,   458,         2,            4,            4, +z  ,      1,    21,  0.004568, 0.000258   ,     1,           1,       1,   1
train_regrasp.h5,     963,   459,         0,            0,            0, +x  ,      1,    21,  0.004517, 0.000517   ,     1,           1,       1,   1
train_regrasp.h5,     964,   459,         1,            2,            2, +y  ,      1,    21,  0.004561, 0.0        ,     1,           1,       1,   1
train_regrasp.h5,     965,   459,         2,            4,            4, +z  ,      1,    21,  0.004622, 0.0        ,     1,           1,       1,   1
train_regrasp.h5,     966,   460,         0,            4,            4, +z  ,      1,    21,  0.004622, 0.0        ,     1,           1,       1,   1
train_regrasp.h5,     967,   461,         0,            0,            0, +x  ,      1,    21,  0.004554, 0.0        ,     1,           1,       1,   1
train_regrasp.h5,     968,   461,         1,            3,            3, -y  ,      1,    21,  0.004634, 0.000443   ,     1,           1,       1,   1
train_regrasp.h5,     969,   462,         0,            4,            4, +z  ,      1,    21,  0.00459 , 0.000116   ,     1,           1,       1,   1
train_regrasp.h5,     970,   464,         0,            0,            0, +x  ,      1,    21,  0.004487, 0.000392   ,     1,           1,       1,   1
train_regrasp.h5,     971,   464,         1,            2,            2, +y  ,      1,    21,  0.004625, 0.00028    ,     1,           1,       1,   1
train_regrasp.h5,     972,   464,         2,            3,            3, -y  ,      1,    14,  0.15888 , 0.753536   ,     0,           0,       1,   0
train_regrasp.h5,     973,   464,         3,            4,            4, +z  ,      1,    21,  0.004624, 0.000308   ,     1,           1,       1,   1
train_regrasp.h5,     974,   465,         0,            0,            0, +x  ,      1,    21,  0.004546, 0.0        ,     1,           1,       1,   1
train_regrasp.h5,     975,   465,         1,            3,            3, -y  ,      1,    21,  0.004504, 0.000483   ,     1,           1,       1,   1
train_regrasp.h5,     976,   465,         2,            4,            4, +z  ,      1,    21,  0.00468 , 0.000676   ,     1,           1,       1,   1
train_regrasp.h5,     977,   466,         0,            0,            0, +x  ,      1,    21,  0.004502, 0.000338   ,     1,           1,       1,   1
train_regrasp.h5,     978,   466,         1,            2,            2, +y  ,      1,    21,  0.004738, 0.000179   ,     1,           1,       1,   1
train_regrasp.h5,     979,   466,         2,            3,            3, -y  ,      1,    21,  0.004584, 0.0        ,     1,           1,       1,   1
train_regrasp.h5,     980,   466,         3,            4,            4, +z  ,      1,    21,  0.00456 , 0.0        ,     1,           1,       1,   1
train_regrasp.h5,     981,   467,         0,            0,            0, +x  ,      1,    21,  0.004571, 0.0        ,     1,           1,       1,   1
train_regrasp.h5,     982,   467,         1,            2,            2, +y  ,      1,    21,  0.004545, 0.000397   ,     1,           1,       1,   1
train_regrasp.h5,     983,   467,         2,            3,            3, -y  ,      1,    21,  0.004595, 0.0        ,     1,           1,       1,   1
train_regrasp.h5,     984,   467,         3,            4,            4, +z  ,      1,    21,  0.00454 , 0.000684   ,     1,           1,       1,   1
train_regrasp.h5,     985,   468,         0,            0,            0, +x  ,      1,    21,  0.004904, 0.001018   ,     1,           1,       1,   1
train_regrasp.h5,     986,   468,         1,            2,            2, +y  ,      1,    21,  0.00454 , 0.000528   ,     1,           1,       1,   1
train_regrasp.h5,     987,   468,         2,            3,            4, -y  ,      0,    21,  0.004582, 0.000607   ,     1,           1,       0,   0
train_regrasp.h5,     988,   468,         3,            4,            4, +z  ,      1,    21,  0.004549, 0.0        ,     1,           1,       1,   1
train_regrasp.h5,     989,   469,         0,            0,            0, +x  ,      1,    21,  0.004628, 0.000546   ,     1,           1,       1,   1
train_regrasp.h5,     990,   469,         1,            3,            3, -y  ,      1,    21,  0.004598, 0.000108   ,     1,           1,       1,   1
train_regrasp.h5,     991,   469,         2,            4,            4, +z  ,      0,    21,  0.004568, 0.000596   ,     1,           1,       0,   0
train_regrasp.h5,     992,   470,         0,            2,            2, +y  ,      1,    21,  0.004605, 0.0        ,     1,           1,       1,   1
train_regrasp.h5,     993,   470,         1,            3,            3, -y  ,      1,    21,  0.004622, 0.000529   ,     1,           1,       1,   1
train_regrasp.h5,     994,   470,         2,            4,            4, +z  ,      1,    21,  0.004581, 0.0        ,     1,           1,       1,   1
train_regrasp.h5,     995,   471,         0,            2,            2, +y  ,      1,    14,  0.164471, 0.624875   ,     0,           0,       1,   0
train_regrasp.h5,     996,   471,         1,            3,            3, -y  ,      1,    21,  0.00457 , 0.00042    ,     1,           1,       1,   1
train_regrasp.h5,     997,   471,         2,            4,            4, +z  ,      1,    21,  0.004554, 0.000515   ,     1,           1,       1,   1
train_regrasp.h5,     998,   472,         0,            0,            0, +x  ,      1,    21,  0.004505, 0.000889   ,     1,           1,       1,   1
train_regrasp.h5,     999,   472,         1,            4,            4, +z  ,      1,    21,  0.0046  , 0.0        ,     1,           1,       1,   1
train_regrasp.h5,    1000,   473,         0,            0,            0, +x  ,      1,    21,  0.004517, 0.000167   ,     1,           1,       1,   1
train_regrasp.h5,    1001,   473,         1,            4,            4, +z  ,      1,    21,  0.004567, 0.000168   ,     1,           1,       1,   1
train_regrasp.h5,    1002,   474,         0,            0,            0, +x  ,      1,    21,  0.004669, 0.0        ,     1,           1,       1,   1
train_regrasp.h5,    1003,   474,         1,            3,            3, -y  ,      1,    16,  0.080732, 0.299193   ,     0,           0,       1,   0
train_regrasp.h5,    1004,   474,         2,            4,            4, +z  ,      1,    21,  0.004566, 0.000483   ,     1,           1,       1,   1
train_regrasp.h5,    1005,   475,         0,            0,            0, +x  ,      1,    15,  0.085069, 0.458401   ,     0,           0,       1,   0
train_regrasp.h5,    1006,   480,         0,            0,            0, +x  ,      1,    21,  0.004606, 0.000704   ,     1,           1,       1,   1
train_regrasp.h5,    1007,   480,         1,            2,            2, +y  ,      1,    21,  0.004539, 0.000865   ,     1,           1,       1,   1
train_regrasp.h5,    1008,   480,         2,            4,            4, +z  ,      1,    21,  0.004544, 0.0        ,     1,           1,       1,   1
train_regrasp.h5,    1009,   481,         0,            2,            2, +y  ,      1,    14,  0.09604 , 0.694552   ,     0,           0,       1,   0
train_regrasp.h5,    1010,   481,         1,            4,            4, +z  ,      1,    21,  0.004565, 0.000421   ,     1,           1,       1,   1
train_regrasp.h5,    1011,   482,         0,            0,            0, +x  ,      1,    14,  0.057854, 0.506383   ,     0,           0,       1,   0
train_regrasp.h5,    1012,   482,         1,            2,            2, +y  ,      1,    16,  0.047536, 0.245616   ,     0,           0,       1,   0
train_regrasp.h5,    1013,   482,         2,            3,            3, -y  ,      1,    16,  0.041338, 0.220902   ,     0,           0,       1,   0
train_regrasp.h5,    1014,   482,         3,            4,            4, +z  ,      1,    15,  0.024912, 0.263991   ,     0,           0,       1,   0
train_regrasp.h5,    1015,   483,         0,            0,            0, +x  ,      1,    21,  0.004503, 0.001211   ,     1,           1,       1,   1
train_regrasp.h5,    1016,   483,         1,            3,            3, -y  ,      1,    14,  0.055526, 0.632086   ,     0,           0,       1,   0
train_regrasp.h5,    1017,   484,         0,            0,            0, +x  ,      1,    13,  0.303618, 1.019521   ,     0,           0,       1,   0
train_regrasp.h5,    1018,   484,         1,            4,            4, +z  ,      1,    21,  0.004514, 0.0        ,     1,           1,       1,   1
train_regrasp.h5,    1019,   485,         0,            0,            0, +x  ,      1,    21,  0.004628, 0.0        ,     1,           1,       1,   1
train_regrasp.h5,    1020,   485,         1,            2,            2, +y  ,      1,    21,  0.004606, 0.000581   ,     1,           1,       1,   1
train_regrasp.h5,    1021,   485,         2,            3,            3, -y  ,      1,    16,  0.051138, 0.306451   ,     0,           0,       1,   0
train_regrasp.h5,    1022,   485,         3,            4,            4, +z  ,      1,    21,  0.00456 , 0.000412   ,     1,           1,       1,   1
train_regrasp.h5,    1023,   486,         0,            0,            0, +x  ,      1,    21,  0.004553, 0.0        ,     1,           1,       1,   1
train_regrasp.h5,    1024,   486,         1,            2,            2, +y  ,      1,    17,  0.055419, 0.064552   ,     0,           0,       1,   0
train_regrasp.h5,    1025,   486,         2,            3,            3, -y  ,      1,    16,  0.032096, 0.30317    ,     0,           0,       1,   0
train_regrasp.h5,    1026,   486,         3,            4,            4, +z  ,      1,    21,  0.004567, 0.0        ,     1,           1,       1,   1
train_regrasp.h5,    1027,   487,         0,            0,            0, +x  ,      1,    21,  0.023442, 0.038577   ,     0,           1,       1,   0
train_regrasp.h5,    1028,   487,         1,            2,            2, +y  ,      1,    21,  0.00456 , 0.0        ,     1,           1,       1,   1
train_regrasp.h5,    1029,   487,         2,            3,            3, -y  ,      1,    21,  0.004629, 0.000397   ,     1,           1,       1,   1
train_regrasp.h5,    1030,   487,         3,            4,            4, +z  ,      1,    21,  0.00461 , 0.000319   ,     1,           1,       1,   1
train_regrasp.h5,    1031,   488,         0,            3,            3, -y  ,      1,    15,  0.08769 , 0.447528   ,     0,           0,       1,   0
train_regrasp.h5,    1032,   489,         0,            4,            4, +z  ,      1,    21,  0.004571, 0.0        ,     1,           1,       1,   1
train_regrasp.h5,    1033,   490,         0,            0,            0, +x  ,      1,    21,  0.004599, 0.000397   ,     1,           1,       1,   1
train_regrasp.h5,    1034,   491,         0,            0,            0, +x  ,      1,    21,  0.004564, 0.00054    ,     1,           1,       1,   1
train_regrasp.h5,    1035,   492,         0,            0,            0, +x  ,      1,    21,  0.004552, 0.0        ,     1,           1,       1,   1
train_regrasp.h5,    1036,   492,         1,            2,            2, +y  ,      1,    21,  0.004533, 0.0        ,     1,           1,       1,   1
train_regrasp.h5,    1037,   492,         2,            3,            3, -y  ,      1,    21,  0.004576, 0.000279   ,     1,           1,       1,   1
train_regrasp.h5,    1038,   492,         3,            4,            4, +z  ,      1,    21,  0.004633, 0.00047    ,     1,           1,       1,   1
train_regrasp.h5,    1039,   493,         0,            0,            0, +x  ,      1,    21,  0.004394, 0.000399   ,     1,           1,       1,   1
train_regrasp.h5,    1040,   493,         1,            2,            2, +y  ,      1,    21,  0.004604, 0.000214   ,     1,           1,       1,   1
train_regrasp.h5,    1041,   493,         2,            3,            3, -y  ,      1,    21,  0.004492, 0.000359   ,     1,           1,       1,   1
train_regrasp.h5,    1042,   493,         3,            4,            4, +z  ,      1,    14,  0.047859, 0.422832   ,     0,           0,       1,   0
train_regrasp.h5,    1043,   494,         0,            0,            0, +x  ,      1,    21,  0.004523, 0.000162   ,     1,           1,       1,   1
train_regrasp.h5,    1044,   494,         1,            2,            2, +y  ,      1,    21,  0.004589, 0.00049    ,     1,           1,       1,   1
train_regrasp.h5,    1045,   494,         2,            3,            3, -y  ,      1,    21,  0.004579, 0.000329   ,     1,           1,       1,   1
train_regrasp.h5,    1046,   494,         3,            4,            4, +z  ,      1,    21,  0.004565, 0.0        ,     1,           1,       1,   1
train_regrasp.h5,    1047,   495,         0,            0,            0, +x  ,      1,    21,  0.004606, 0.0        ,     1,           1,       1,   1
train_regrasp.h5,    1048,   495,         1,            2,            2, +y  ,      1,    21,  0.004599, 1.7e-05    ,     1,           1,       1,   1
train_regrasp.h5,    1049,   495,         2,            3,            3, -y  ,      1,    15,  0.056376, 0.405392   ,     0,           0,       1,   0
train_regrasp.h5,    1050,   495,         3,            4,            4, +z  ,      1,    21,  0.004622, 4.1e-05    ,     1,           1,       1,   1
train_regrasp.h5,    1051,   496,         0,            0,            0, +x  ,      1,    21,  0.00452 , 0.003152   ,     1,           1,       1,   1
train_regrasp.h5,    1052,   496,         1,            2,            2, +y  ,      1,    21,  0.004589, 0.000325   ,     1,           1,       1,   1
train_regrasp.h5,    1053,   496,         2,            3,            3, -y  ,      1,    21,  0.004628, 0.0        ,     1,           1,       1,   1
train_regrasp.h5,    1054,   496,         3,            4,            4, +z  ,      1,    21,  0.004556, 0.000835   ,     1,           1,       1,   1
train_regrasp.h5,    1055,   497,         0,            0,            0, +x  ,      1,    16,  0.058725, 0.238143   ,     0,           0,       1,   0
train_regrasp.h5,    1056,   497,         1,            2,            2, +y  ,      1,    21,  0.010907, 0.083176   ,     1,           1,       1,   1
train_regrasp.h5,    1057,   498,         0,            3,            3, -y  ,      1,    21,  0.004549, 0.0        ,     1,           1,       1,   1
train_regrasp.h5,    1058,   499,         0,            0,            0, +x  ,      1,    21,  0.004581, 0.000503   ,     1,           1,       1,   1
train_regrasp.h5,    1059,   499,         1,            2,            2, +y  ,      1,    21,  0.004498, 0.000523   ,     1,           1,       1,   1
train_regrasp.h5,    1060,   499,         2,            3,            3, -y  ,      1,    14,  0.213654, 0.711324   ,     0,           0,       1,   0
train_regrasp.h5,    1061,   500,         0,            4,            4, +z  ,      1,    21,  0.004624, 0.000333   ,     1,           1,       1,   1
train_regrasp.h5,    1062,   502,         0,            0,            0, +x  ,      1,    21,  0.004639, 0.000144   ,     1,           1,       1,   1
train_regrasp.h5,    1063,   502,         1,            4,            4, +z  ,      1,    21,  0.00479 , 0.000566   ,     1,           1,       1,   1
train_regrasp.h5,    1064,   503,         0,            0,            0, +x  ,      1,    21,  0.004556, 0.000415   ,     1,           1,       1,   1
train_regrasp.h5,    1065,   503,         1,            4,            4, +z  ,      1,    21,  0.004673, 0.000184   ,     1,           1,       1,   1
train_regrasp.h5,    1066,   504,         0,            0,            0, +x  ,      1,     7,  0.095414, 1.459821   ,     0,           0,       1,   0
train_regrasp.h5,    1067,   504,         1,            2,            2, +y  ,      1,    21,  0.004566, 0.000329   ,     1,           1,       1,   1
train_regrasp.h5,    1068,   504,         2,            3,            3, -y  ,      1,    14,  0.127252, 0.606585   ,     0,           0,       1,   0
train_regrasp.h5,    1069,   505,         0,            4,            4, +z  ,      1,    21,  0.004707, 0.00022    ,     1,           1,       1,   1
train_regrasp.h5,    1070,   506,         0,            0,            0, +x  ,      1,    17,  0.06432 , 0.046563   ,     0,           0,       1,   0
train_regrasp.h5,    1071,   506,         1,            2,            2, +y  ,      1,    21,  0.004562, 0.0        ,     1,           1,       1,   1
train_regrasp.h5,    1072,   506,         2,            4,            4, +z  ,      1,    21,  0.004563, 0.000344   ,     1,           1,       1,   1
train_regrasp.h5,    1073,   507,         0,            0,            0, +x  ,      1,    11,  0.027534, 1.096426   ,     0,           0,       1,   0
train_regrasp.h5,    1074,   507,         1,            2,            2, +y  ,      1,    21,  0.004525, 0.000386   ,     1,           1,       1,   1
train_regrasp.h5,    1075,   507,         2,            3,            3, -y  ,      1,    14,  0.117941, 0.542048   ,     0,           0,       1,   0
train_regrasp.h5,    1076,   508,         0,            0,            0, +x  ,      1,    21,  0.004642, 0.00093    ,     1,           1,       1,   1
train_regrasp.h5,    1077,   508,         1,            2,            2, +y  ,      1,    16,  0.064274, 0.208782   ,     0,           0,       1,   0
train_regrasp.h5,    1078,   509,         0,            0,            0, +x  ,      1,    21,  0.004528, 0.000644   ,     1,           1,       1,   1
train_regrasp.h5,    1079,   509,         1,            4,            4, +z  ,      1,    21,  0.004607, 0.000184   ,     1,           1,       1,   1
train_regrasp.h5,    1080,   510,         0,            0,            0, +x  ,      1,    21,  0.004674, 0.001223   ,     1,           1,       1,   1
train_regrasp.h5,    1081,   510,         1,            2,            2, +y  ,      1,    21,  0.00459 , 0.000377   ,     1,           1,       1,   1
train_regrasp.h5,    1082,   510,         2,            4,            4, +z  ,      1,    21,  0.005627, 0.04833    ,     1,           1,       1,   1
train_regrasp.h5,    1083,   511,         0,            0,            0, +x  ,      1,    21,  0.004638, 0.0        ,     1,           1,       1,   1
train_regrasp.h5,    1084,   511,         1,            2,            2, +y  ,      1,    21,  0.004528, 0.0        ,     1,           1,       1,   1
train_regrasp.h5,    1085,   512,         0,            0,            0, +x  ,      1,    21,  0.004466, 0.001125   ,     1,           1,       1,   1
train_regrasp.h5,    1086,   512,         1,            2,            2, +y  ,      1,    21,  0.004556, 0.0        ,     1,           1,       1,   1
train_regrasp.h5,    1087,   512,         2,            3,            3, -y  ,      1,    16,  0.054784, 0.213499   ,     0,           0,       1,   0
train_regrasp.h5,    1088,   512,         3,            4,            4, +z  ,      1,    21,  0.004565, 0.0        ,     1,           1,       1,   1
train_regrasp.h5,    1089,   514,         0,            0,            0, +x  ,      1,    21,  0.004548, 0.000593   ,     1,           1,       1,   1
train_regrasp.h5,    1090,   514,         1,            2,            2, +y  ,      1,    21,  0.0046  , 0.000109   ,     1,           1,       1,   1
train_regrasp.h5,    1091,   514,         2,            3,            3, -y  ,      1,    15,  0.093274, 0.449249   ,     0,           0,       1,   0
train_regrasp.h5,    1092,   514,         3,            4,            4, +z  ,      1,    21,  0.004557, 0.0        ,     1,           1,       1,   1
train_regrasp.h5,    1093,   515,         0,            0,            0, +x  ,      1,    21,  0.004588, 0.00054    ,     1,           1,       1,   1
train_regrasp.h5,    1094,   515,         1,            2,            2, +y  ,      1,    21,  0.004566, 0.00034    ,     1,           1,       1,   1
train_regrasp.h5,    1095,   515,         2,            3,            3, -y  ,      1,    21,  0.004531, 0.000449   ,     1,           1,       1,   1
train_regrasp.h5,    1096,   515,         3,            4,            4, +z  ,      1,    21,  0.004529, 0.000219   ,     1,           1,       1,   1
train_regrasp.h5,    1097,   516,         0,            0,            0, +x  ,      1,    13,  0.126967, 0.996464   ,     0,           0,       1,   0
train_regrasp.h5,    1098,   516,         1,            4,            4, +z  ,      1,    21,  0.004565, 0.000337   ,     1,           1,       1,   1
train_regrasp.h5,    1099,   517,         0,            0,            0, +x  ,      1,    19,  0.035797, 0.005549   ,     0,           0,       1,   0
train_regrasp.h5,    1100,   517,         1,            2,            2, +y  ,      1,    21,  0.00458 , 0.00113    ,     1,           1,       1,   1
train_regrasp.h5,    1101,   517,         2,            3,            3, -y  ,      1,    21,  0.004567, 0.000256   ,     1,           1,       1,   1
train_regrasp.h5,    1102,   518,         0,            4,            4, +z  ,      1,    21,  0.00496 , 0.004091   ,     1,           1,       1,   1
train_regrasp.h5,    1103,   519,         0,            0,            0, +x  ,      1,    21,  0.004514, 0.000327   ,     1,           1,       1,   1
train_regrasp.h5,    1104,   519,         1,            3,            3, -y  ,      1,    13,  0.112559, 0.800633   ,     0,           0,       1,   0
train_regrasp.h5,    1105,   520,         0,            0,            0, +x  ,      1,    21,  0.004569, 0.0        ,     1,           1,       1,   1
train_regrasp.h5,    1106,   520,         1,            2,            2, +y  ,      1,    13,  0.207355, 0.82868    ,     0,           0,       1,   0
train_regrasp.h5,    1107,   520,         2,            3,            3, -y  ,      1,    14,  0.043216, 0.746119   ,     0,           0,       1,   0
train_regrasp.h5,    1108,   521,         0,            0,            0, +x  ,      1,    21,  0.004633, 0.000446   ,     1,           1,       1,   1
train_regrasp.h5,    1109,   521,         1,            2,            2, +y  ,      1,    21,  0.00455 , 0.000731   ,     1,           1,       1,   1
train_regrasp.h5,    1110,   521,         2,            3,            3, -y  ,      1,    21,  0.004591, 0.0        ,     1,           1,       1,   1
train_regrasp.h5,    1111,   522,         0,            0,            0, +x  ,      1,    21,  0.004605, 0.000352   ,     1,           1,       1,   1
train_regrasp.h5,    1112,   522,         1,            2,            2, +y  ,      1,    21,  0.00463 , 0.00012    ,     1,           1,       1,   1
train_regrasp.h5,    1113,   522,         2,            3,            3, -y  ,      1,    21,  0.00459 , 0.000435   ,     1,           1,       1,   1
train_regrasp.h5,    1114,   522,         3,            4,            4, +z  ,      1,    21,  0.004557, 0.000357   ,     1,           1,       1,   1
train_regrasp.h5,    1115,   523,         0,            0,            0, +x  ,      1,    21,  0.004553, 0.00041    ,     1,           1,       1,   1
train_regrasp.h5,    1116,   523,         1,            2,            2, +y  ,      1,    21,  0.004578, 0.000398   ,     1,           1,       1,   1
train_regrasp.h5,    1117,   523,         2,            3,            3, -y  ,      1,    21,  0.004624, 0.000211   ,     1,           1,       1,   1
train_regrasp.h5,    1118,   523,         3,            4,            4, +z  ,      1,    21,  0.004591, 0.0        ,     1,           1,       1,   1
train_regrasp.h5,    1119,   524,         0,            0,            0, +x  ,      1,    13,  0.076349, 0.796855   ,     0,           0,       1,   0
train_regrasp.h5,    1120,   524,         1,            2,            3, +y  ,      0,    21,  0.004567, 0.0        ,     1,           1,       0,   0
train_regrasp.h5,    1121,   524,         2,            3,            3, -y  ,      1,    21,  0.004587, 0.0        ,     1,           1,       1,   1
train_regrasp.h5,    1122,   524,         3,            4,            4, +z  ,      1,    21,  0.004603, 0.000321   ,     1,           1,       1,   1
train_regrasp.h5,    1123,   525,         0,            0,            0, +x  ,      1,    11,  0.059847, 1.359153   ,     0,           0,       1,   0
train_regrasp.h5,    1124,   525,         1,            2,            2, +y  ,      1,    21,  0.004552, 0.00049    ,     1,           1,       1,   1
train_regrasp.h5,    1125,   525,         2,            3,            3, -y  ,      1,    21,  0.004552, 0.000214   ,     1,           1,       1,   1
train_regrasp.h5,    1126,   525,         3,            4,            4, +z  ,      1,    21,  0.004526, 0.00046    ,     1,           1,       1,   1
train_regrasp.h5,    1127,   526,         0,            0,            0, +x  ,      1,    13,  0.07677 , 0.868233   ,     0,           0,       1,   0
train_regrasp.h5,    1128,   526,         1,            2,            2, +y  ,      1,    21,  0.004522, 0.0        ,     1,           1,       1,   1
train_regrasp.h5,    1129,   526,         2,            3,            3, -y  ,      1,    21,  0.004614, 0.000129   ,     1,           1,       1,   1
train_regrasp.h5,    1130,   526,         3,            4,            4, +z  ,      1,    21,  0.004579, 0.000384   ,     1,           1,       1,   1
train_regrasp.h5,    1131,   527,         0,            0,            0, +x  ,      1,    21,  0.004632, 0.000557   ,     1,           1,       1,   1
train_regrasp.h5,    1132,   527,         1,            2,            2, +y  ,      1,    21,  0.004585, 0.000391   ,     1,           1,       1,   1
train_regrasp.h5,    1133,   527,         2,            3,            3, -y  ,      1,    21,  0.004557, 0.000229   ,     1,           1,       1,   1
train_regrasp.h5,    1134,   527,         3,            4,            4, +z  ,      1,    21,  0.004026, 0.00169    ,     1,           1,       1,   1
train_regrasp.h5,    1135,   528,         0,            0,            0, +x  ,      1,    21,  0.004565, 0.000428   ,     1,           1,       1,   1
train_regrasp.h5,    1136,   528,         1,            3,            3, -y  ,      1,    21,  0.004631, 0.0        ,     1,           1,       1,   1
train_regrasp.h5,    1137,   528,         2,            4,            4, +z  ,      1,    21,  0.004607, 0.000514   ,     1,           1,       1,   1
train_regrasp.h5,    1138,   529,         0,            3,            3, -y  ,      1,    21,  0.00459 , 0.000633   ,     1,           1,       1,   1
train_regrasp.h5,    1139,   529,         1,            4,            4, +z  ,      1,    21,  0.004508, 0.0        ,     1,           1,       1,   1
train_regrasp.h5,    1140,   530,         0,            0,            0, +x  ,      1,    21,  0.003844, 0.003266   ,     1,           1,       1,   1
train_regrasp.h5,    1141,   530,         1,            2,            2, +y  ,      1,    21,  0.004577, 0.0        ,     1,           1,       1,   1
train_regrasp.h5,    1142,   530,         2,            3,            3, -y  ,      1,    21,  0.004597, 0.000255   ,     1,           1,       1,   1
train_regrasp.h5,    1143,   530,         3,            4,            4, +z  ,      1,    21,  0.004521, 0.0        ,     1,           1,       1,   1
train_regrasp.h5,    1144,   531,         0,            0,            0, +x  ,      1,    21,  0.004577, 0.000161   ,     1,           1,       1,   1
train_regrasp.h5,    1145,   531,         1,            2,            2, +y  ,      1,    21,  0.004503, 0.000744   ,     1,           1,       1,   1
train_regrasp.h5,    1146,   531,         2,            3,            3, -y  ,      1,    21,  0.004557, 0.0        ,     1,           1,       1,   1
train_regrasp.h5,    1147,   531,         3,            4,            4, +z  ,      1,    21,  0.004514, 0.000162   ,     1,           1,       1,   1
train_regrasp.h5,    1148,   532,         0,            0,            0, +x  ,      1,    21,  0.004608, 0.000519   ,     1,           1,       1,   1
train_regrasp.h5,    1149,   532,         1,            4,            4, +z  ,      1,    14,  0.086337, 0.480339   ,     0,           0,       1,   0
train_regrasp.h5,    1150,   533,         0,            0,            0, +x  ,      1,    21,  0.004643, 0.000358   ,     1,           1,       1,   1
train_regrasp.h5,    1151,   533,         1,            2,            2, +y  ,      1,    21,  0.004548, 0.000136   ,     1,           1,       1,   1
train_regrasp.h5,    1152,   533,         2,            4,            4, +z  ,      1,    21,  0.004513, 0.0        ,     1,           1,       1,   1
train_regrasp.h5,    1153,   534,         0,            0,            0, +x  ,      1,    21,  0.004495, 0.001211   ,     1,           1,       1,   1
train_regrasp.h5,    1154,   534,         1,            2,            2, +y  ,      1,    21,  0.004577, 0.0        ,     1,           1,       1,   1
train_regrasp.h5,    1155,   534,         2,            4,            4, +z  ,      1,    10,  0.051438, 0.916822   ,     0,           0,       1,   0
train_regrasp.h5,    1156,   535,         0,            4,            4, +z  ,      1,    21,  0.004572, 0.000495   ,     1,           1,       1,   1
train_regrasp.h5,    1157,   536,         0,            0,            0, +x  ,      1,    21,  0.004532, 0.001004   ,     1,           1,       1,   1
train_regrasp.h5,    1158,   536,         1,            2,            2, +y  ,      1,    21,  0.004571, 0.000348   ,     1,           1,       1,   1
train_regrasp.h5,    1159,   536,         2,            3,            3, -y  ,      1,    14,  0.109182, 0.660577   ,     0,           0,       1,   0
train_regrasp.h5,    1160,   536,         3,            4,            4, +z  ,      1,    21,  0.004655, 0.0        ,     1,           1,       1,   1
train_regrasp.h5,    1161,   537,         0,            2,            2, +y  ,      1,    21,  0.004623, 0.000539   ,     1,           1,       1,   1
train_regrasp.h5,    1162,   537,         1,            3,            3, -y  ,      1,    21,  0.004515, 0.0        ,     1,           1,       1,   1
train_regrasp.h5,    1163,   537,         2,            4,            4, +z  ,      1,    21,  0.004537, 0.000323   ,     1,           1,       1,   1
train_regrasp.h5,    1164,   538,         0,            0,            0, +x  ,      1,    21,  0.004613, 0.000725   ,     1,           1,       1,   1
train_regrasp.h5,    1165,   538,         1,            2,            2, +y  ,      1,    21,  0.004409, 0.000272   ,     1,           1,       1,   1
train_regrasp.h5,    1166,   538,         2,            3,            3, -y  ,      1,    21,  0.004547, 0.0        ,     1,           1,       1,   1
train_regrasp.h5,    1167,   538,         3,            4,            4, +z  ,      1,    21,  0.004499, 0.000523   ,     1,           1,       1,   1
train_regrasp.h5,    1168,   539,         0,            2,            2, +y  ,      1,    21,  0.004559, 0.0        ,     1,           1,       1,   1
train_regrasp.h5,    1169,   539,         1,            3,            3, -y  ,      1,    21,  0.004525, 0.0        ,     1,           1,       1,   1
train_regrasp.h5,    1170,   539,         2,            4,            4, +z  ,      1,    21,  0.004516, 0.0        ,     1,           1,       1,   1
train_regrasp.h5,    1171,   540,         0,            3,            3, -y  ,      1,    11,  0.20089 , 1.110416   ,     0,           0,       1,   0
train_regrasp.h5,    1172,   540,         1,            4,            4, +z  ,      1,    21,  0.004523, 0.000244   ,     1,           1,       1,   1
train_regrasp.h5,    1173,   541,         0,            0,            0, +x  ,      1,    21,  0.004659, 0.000208   ,     1,           1,       1,   1
train_regrasp.h5,    1174,   541,         1,            3,            3, -y  ,      1,    21,  0.004561, 0.00029    ,     1,           1,       1,   1
train_regrasp.h5,    1175,   541,         2,            4,            4, +z  ,      1,    21,  0.004549, 0.0        ,     1,           1,       1,   1
train_regrasp.h5,    1176,   542,         0,            0,            0, +x  ,      1,    21,  0.004636, 0.001818   ,     1,           1,       1,   1
train_regrasp.h5,    1177,   542,         1,            2,            4, +y  ,      0,    21,  0.004537, 0.000683   ,     1,           1,       0,   0
train_regrasp.h5,    1178,   542,         2,            4,            4, +z  ,      1,    21,  0.004577, 0.000529   ,     1,           1,       1,   1
train_regrasp.h5,    1179,   543,         0,            4,            4, +z  ,      1,    21,  0.004542, 0.000387   ,     1,           1,       1,   1
train_regrasp.h5,    1180,   544,         0,            0,            0, +x  ,      1,     7,  0.147372, 1.937391   ,     0,           0,       1,   0
train_regrasp.h5,    1181,   544,         1,            2,            2, +y  ,      1,     9,  0.091929, 1.404914   ,     0,           0,       1,   0
train_regrasp.h5,    1182,   544,         2,            4,            4, +z  ,      1,     9,  0.08151 , 1.109084   ,     0,           0,       1,   0
train_regrasp.h5,    1183,   545,         0,            0,            0, +x  ,      1,    21,  0.004581, 0.000152   ,     1,           1,       1,   1
train_regrasp.h5,    1184,   545,         1,            2,            2, +y  ,      1,    15,  0.063131, 0.576526   ,     0,           0,       1,   0
train_regrasp.h5,    1185,   546,         0,            0,            0, +x  ,      1,    10,  0.050298, 1.172963   ,     0,           0,       1,   0
train_regrasp.h5,    1186,   546,         1,            4,            4, +z  ,      1,    21,  0.004505, 0.000324   ,     1,           1,       1,   1
train_regrasp.h5,    1187,   547,         0,            0,            0, +x  ,      1,    14,  0.199221, 0.819237   ,     0,           0,       1,   0
train_regrasp.h5,    1188,   547,         1,            2,            2, +y  ,      1,    12,  0.180244, 1.151775   ,     0,           0,       1,   0
train_regrasp.h5,    1189,   552,         0,            0,            0, +x  ,      1,    21,  0.004357, 0.001534   ,     1,           1,       1,   1
train_regrasp.h5,    1190,   553,         0,            4,            4, +z  ,      1,    21,  0.004581, 0.0        ,     1,           1,       1,   1
train_regrasp.h5,    1191,   554,         0,            0,            0, +x  ,      1,    21,  0.004666, 0.000892   ,     1,           1,       1,   1
train_regrasp.h5,    1192,   555,         0,            0,            0, +x  ,      1,    11,  0.15736 , 1.415225   ,     0,           0,       1,   0
train_regrasp.h5,    1193,   556,         0,            2,            4, +y  ,      0,    21,  0.004565, 0.000265   ,     1,           1,       0,   0
train_regrasp.h5,    1194,   556,         1,            3,            3, -y  ,      1,    21,  0.004552, 0.000238   ,     1,           1,       1,   1
train_regrasp.h5,    1195,   556,         2,            4,            4, +z  ,      1,    21,  0.004512, 0.00114    ,     1,           1,       1,   1
train_regrasp.h5,    1196,   557,         0,            0,            0, +x  ,      1,    16,  0.051592, 0.139026   ,     0,           0,       1,   0
train_regrasp.h5,    1197,   557,         1,            2,            2, +y  ,      1,    21,  0.004619, 0.000875   ,     1,           1,       1,   1
train_regrasp.h5,    1198,   557,         2,            3,            3, -y  ,      1,    17,  0.055481, 0.044636   ,     0,           0,       1,   0
train_regrasp.h5,    1199,   557,         3,            4,            4, +z  ,      1,    11,  0.10684 , 0.624458   ,     0,           0,       1,   0
train_regrasp.h5,    1200,   558,         0,            0,            0, +x  ,      1,     7,  0.167812, 1.655385   ,     0,           0,       1,   0
train_regrasp.h5,    1201,   558,         1,            2,            2, +y  ,      1,    21,  0.004586, 0.000419   ,     1,           1,       1,   1
train_regrasp.h5,    1202,   558,         2,            3,            3, -y  ,      1,    21,  0.004494, 0.000492   ,     1,           1,       1,   1
train_regrasp.h5,    1203,   558,         3,            4,            4, +z  ,      1,    21,  0.00452 , 0.00049    ,     1,           1,       1,   1
train_regrasp.h5,    1204,   559,         0,            0,            0, +x  ,      1,    10,  0.111407, 1.486802   ,     0,           0,       1,   0
train_regrasp.h5,    1205,   559,         1,            2,            2, +y  ,      1,    21,  0.004606, 0.00033    ,     1,           1,       1,   1
train_regrasp.h5,    1206,   559,         2,            3,            3, -y  ,      1,    15,  0.071977, 0.411754   ,     0,           0,       1,   0
train_regrasp.h5,    1207,   559,         3,            4,            4, +z  ,      1,    10,  0.053717, 0.911885   ,     0,           0,       1,   0
train_regrasp.h5,    1208,   561,         0,            4,            4, +z  ,      1,    21,  0.00461 , 0.000628   ,     1,           1,       1,   1
train_regrasp.h5,    1209,   563,         0,            4,            4, +z  ,      1,    21,  0.004614, 0.0        ,     1,           1,       1,   1
train_regrasp.h5,    1210,   564,         0,            0,            0, +x  ,      1,    21,  0.00453 , 0.000669   ,     1,           1,       1,   1
train_regrasp.h5,    1211,   564,         1,            3,            3, -y  ,      1,    12,  0.126628, 1.197746   ,     0,           0,       1,   0
train_regrasp.h5,    1212,   564,         2,            4,            4, +z  ,      1,    12,  0.079233, 0.728432   ,     0,           0,       1,   0
train_regrasp.h5,    1213,   565,         0,            0,            0, +x  ,      1,    21,  0.005157, 0.001288   ,     1,           1,       1,   1
train_regrasp.h5,    1214,   565,         1,            2,            2, +y  ,      1,    21,  0.004536, 0.000336   ,     1,           1,       1,   1
train_regrasp.h5,    1215,   565,         2,            3,            3, -y  ,      1,    21,  0.004542, 0.000368   ,     1,           1,       1,   1
train_regrasp.h5,    1216,   565,         3,            4,            4, +z  ,      1,    21,  0.00455 , 0.000692   ,     1,           1,       1,   1
train_regrasp.h5,    1217,   566,         0,            0,            0, +x  ,      1,    21,  0.0046  , 0.000344   ,     1,           1,       1,   1
train_regrasp.h5,    1218,   566,         1,            2,            2, +y  ,      1,    21,  0.004569, 0.0        ,     1,           1,       1,   1
train_regrasp.h5,    1219,   566,         2,            3,            3, -y  ,      1,    21,  0.004569, 0.000243   ,     1,           1,       1,   1
train_regrasp.h5,    1220,   566,         3,            4,            4, +z  ,      1,    21,  0.004463, 0.0        ,     1,           1,       1,   1
train_regrasp.h5,    1221,   567,         0,            0,            0, +x  ,      1,    21,  0.004612, 0.000229   ,     1,           1,       1,   1
train_regrasp.h5,    1222,   567,         1,            2,            2, +y  ,      1,    21,  0.004641, 0.000553   ,     1,           1,       1,   1
train_regrasp.h5,    1223,   567,         2,            3,            3, -y  ,      1,    14,  0.0405  , 0.729075   ,     0,           0,       1,   0
train_regrasp.h5,    1224,   567,         3,            4,            4, +z  ,      1,    21,  0.004526, 0.0        ,     1,           1,       1,   1
train_regrasp.h5,    1225,   568,         0,            0,            0, +x  ,      1,    21,  0.004679, 0.000202   ,     1,           1,       1,   1
train_regrasp.h5,    1226,   568,         1,            2,            2, +y  ,      1,    13,  0.127734, 0.753184   ,     0,           0,       1,   0
train_regrasp.h5,    1227,   568,         2,            3,            3, -y  ,      1,     9,  0.138075, 2.048344   ,     0,           0,       1,   0
train_regrasp.h5,    1228,   569,         0,            0,            0, +x  ,      1,    21,  0.004626, 0.0        ,     1,           1,       1,   1
train_regrasp.h5,    1229,   569,         1,            4,            4, +z  ,      1,    14,  0.043826, 0.529129   ,     0,           0,       1,   0
train_regrasp.h5,    1230,   570,         0,            0,            0, +x  ,      1,    21,  0.086156, 0.182013   ,     0,           1,       1,   0
train_regrasp.h5,    1231,   570,         1,            3,            3, -y  ,      1,    15,  0.092009, 0.454189   ,     0,           0,       1,   0
train_regrasp.h5,    1232,   570,         2,            4,            4, +z  ,      1,    18,  0.054814, 0.008321   ,     0,           0,       1,   0
train_regrasp.h5,    1233,   571,         0,            0,            0, +x  ,      1,     7,  0.094712, 1.884937   ,     0,           0,       1,   0
train_regrasp.h5,    1234,   571,         1,            3,            3, -y  ,      1,    21,  0.004556, 0.0        ,     1,           1,       1,   1
train_regrasp.h5,    1235,   572,         0,            4,            4, +z  ,      1,    13,  0.071609, 0.715173   ,     0,           0,       1,   0
train_regrasp.h5,    1236,   573,         0,            4,            4, +z  ,      1,    21,  0.004577, 0.000229   ,     1,           1,       1,   1
train_regrasp.h5,    1237,   574,         0,            2,            2, +y  ,      1,    14,  0.040197, 0.574544   ,     0,           0,       1,   0
train_regrasp.h5,    1238,   574,         1,            3,            3, -y  ,      1,    21,  0.004592, 0.000347   ,     1,           1,       1,   1
train_regrasp.h5,    1239,   575,         0,            0,            0, +x  ,      1,     7,  0.137092, 1.481899   ,     0,           0,       1,   0
train_regrasp.h5,    1240,   575,         1,            2,            2, +y  ,      1,    21,  0.004562, 0.0        ,     1,           1,       1,   1
train_regrasp.h5,    1241,   575,         2,            3,            3, -y  ,      1,    21,  0.004551, 0.0        ,     1,           1,       1,   1
train_regrasp.h5,    1242,   576,         0,            0,            0, +x  ,      1,     8,  0.16239 , 1.524359   ,     0,           0,       1,   0
train_regrasp.h5,    1243,   576,         1,            2,            2, +y  ,      1,    13,  0.074412, 0.865477   ,     0,           0,       1,   0
train_regrasp.h5,    1244,   576,         2,            3,            3, -y  ,      1,    10,  0.226255, 1.328798   ,     0,           0,       1,   0
train_regrasp.h5,    1245,   577,         0,            3,            3, -y  ,      1,    21,  0.004567, 0.000288   ,     1,           1,       1,   1
train_regrasp.h5,    1246,   578,         0,            0,            0, +x  ,      1,    18,  0.048246, 0.020566   ,     0,           0,       1,   0
train_regrasp.h5,    1247,   578,         1,            2,            2, +y  ,      1,    11,  0.144939, 0.9303     ,     0,           0,       1,   0
train_regrasp.h5,    1248,   579,         0,            0,            0, +x  ,      1,    21,  0.004618, 0.0        ,     1,           1,       1,   1
train_regrasp.h5,    1249,   579,         1,            2,            2, +y  ,      1,    16,  0.076218, 0.147395   ,     0,           0,       1,   0
train_regrasp.h5,    1250,   579,         2,            3,            3, -y  ,      1,    21,  0.004359, 0.000684   ,     1,           1,       1,   1
train_regrasp.h5,    1251,   580,         0,            0,            0, +x  ,      1,    21,  0.00452 , 0.0        ,     1,           1,       1,   1
train_regrasp.h5,    1252,   580,         1,            3,            3, -y  ,      1,    21,  0.004609, 0.0        ,     1,           1,       1,   1
train_regrasp.h5,    1253,   581,         0,            0,            0, +x  ,      1,    21,  0.004655, 0.000502   ,     1,           1,       1,   1
train_regrasp.h5,    1254,   581,         1,            3,            3, -y  ,      1,    21,  0.004507, 0.000336   ,     1,           1,       1,   1
train_regrasp.h5,    1255,   581,         2,            4,            4, +z  ,      1,    21,  0.004539, 0.0        ,     1,           1,       1,   1
train_regrasp.h5,    1256,   582,         0,            0,            0, +x  ,      1,    21,  0.00454 , 0.001467   ,     1,           1,       1,   1
train_regrasp.h5,    1257,   582,         1,            2,            2, +y  ,      1,    21,  0.004563, 0.00027    ,     1,           1,       1,   1
train_regrasp.h5,    1258,   582,         2,            3,            3, -y  ,      1,    21,  0.004578, 0.000294   ,     1,           1,       1,   1
train_regrasp.h5,    1259,   583,         0,            0,            0, +x  ,      1,    21,  0.004585, 0.000153   ,     1,           1,       1,   1
train_regrasp.h5,    1260,   583,         1,            2,            2, +y  ,      1,    11,  0.200932, 1.307791   ,     0,           0,       1,   0
train_regrasp.h5,    1261,   584,         0,            0,            0, +x  ,      1,    21,  0.004643, 0.000548   ,     1,           1,       1,   1
train_regrasp.h5,    1262,   584,         1,            4,            4, +z  ,      1,    21,  0.004535, 0.0        ,     1,           1,       1,   1
train_regrasp.h5,    1263,   585,         0,            0,            0, +x  ,      1,    10,  0.064198, 0.97954    ,     0,           0,       1,   0
train_regrasp.h5,    1264,   585,         1,            2,            2, +y  ,      1,    21,  0.00458 , 0.0        ,     1,           1,       1,   1
train_regrasp.h5,    1265,   585,         2,            3,            4, -y  ,      0,    21,  0.004571, 0.0        ,     1,           1,       0,   0
train_regrasp.h5,    1266,   585,         3,            4,            4, +z  ,      1,    21,  0.004571, 0.0        ,     1,           1,       1,   1
train_regrasp.h5,    1267,   586,         0,            0,            0, +x  ,      1,    21,  0.004571, 0.000315   ,     1,           1,       1,   1
train_regrasp.h5,    1268,   586,         1,            3,            3, -y  ,      1,    21,  0.004644, 0.000386   ,     1,           1,       1,   1
train_regrasp.h5,    1269,   586,         2,            4,            4, +z  ,      1,    14,  0.03609 , 0.327687   ,     0,           0,       1,   0
train_regrasp.h5,    1270,   587,         0,            0,            0, +x  ,      1,    21,  0.004623, 0.000485   ,     1,           1,       1,   1
train_regrasp.h5,    1271,   587,         1,            2,            2, +y  ,      1,    21,  0.004571, 0.0        ,     1,           1,       1,   1
train_regrasp.h5,    1272,   587,         2,            3,            3, -y  ,      1,    16,  0.076923, 0.207323   ,     0,           0,       1,   0
train_regrasp.h5,    1273,   587,         3,            4,            4, +z  ,      1,    21,  0.004555, 0.000487   ,     1,           1,       1,   1
train_regrasp.h5,    1274,   588,         0,            0,            0, +x  ,      1,    21,  0.004601, 0.000357   ,     1,           1,       1,   1
train_regrasp.h5,    1275,   588,         1,            4,            4, +z  ,      1,    13,  0.057805, 0.620571   ,     0,           0,       1,   0
train_regrasp.h5,    1276,   589,         0,            0,            0, +x  ,      1,    21,  0.004604, 0.00057    ,     1,           1,       1,   1
train_regrasp.h5,    1277,   590,         0,            0,            0, +x  ,      1,    21,  0.004545, 0.000262   ,     1,           1,       1,   1
train_regrasp.h5,    1278,   590,         1,            2,            2, +y  ,      1,    21,  0.004657, 0.0        ,     1,           1,       1,   1
train_regrasp.h5,    1279,   590,         2,            3,            3, -y  ,      1,    21,  0.004558, 0.0        ,     1,           1,       1,   1
train_regrasp.h5,    1280,   590,         3,            4,            4, +z  ,      1,    21,  0.004488, 0.000301   ,     1,           1,       1,   1
train_regrasp.h5,    1281,   591,         0,            0,            0, +x  ,      1,     8,  0.131564, 2.076459   ,     0,           0,       1,   0
train_regrasp.h5,    1282,   591,         1,            2,            2, +y  ,      1,    21,  0.004571, 0.000101   ,     1,           1,       1,   1
train_regrasp.h5,    1283,   591,         2,            4,            4, +z  ,      1,    11,  0.08918 , 0.821413   ,     0,           0,       1,   0
train_regrasp.h5,    1284,   592,         0,            0,            0, +x  ,      1,    21,  0.004492, 0.000644   ,     1,           1,       1,   1
train_regrasp.h5,    1285,   592,         1,            2,            2, +y  ,      1,    21,  0.004526, 0.0        ,     1,           1,       1,   1
train_regrasp.h5,    1286,   592,         2,            3,            3, -y  ,      1,    11,  0.112404, 1.145229   ,     0,           0,       1,   0
train_regrasp.h5,    1287,   592,         3,            4,            4, +z  ,      1,    21,  0.004488, 0.000468   ,     1,           1,       1,   1
train_regrasp.h5,    1288,   594,         0,            3,            3, -y  ,      1,    21,  0.004663, 0.000599   ,     1,           1,       1,   1
train_regrasp.h5,    1289,   595,         0,            0,            0, +x  ,      1,    21,  0.004574, 0.000332   ,     1,           1,       1,   1
train_regrasp.h5,    1290,   595,         1,            2,            2, +y  ,      1,    16,  0.069482, 0.334153   ,     0,           0,       1,   0
train_regrasp.h5,    1291,   595,         2,            3,            3, -y  ,      1,    21,  0.004571, 0.00016    ,     1,           1,       1,   1
train_regrasp.h5,    1292,   595,         3,            4,            4, +z  ,      0,    21,  0.004553, 0.0        ,     1,           1,       0,   0
train_regrasp.h5,    1293,   596,         0,            0,            0, +x  ,      1,     9,  0.025034, 1.040325   ,     0,           0,       1,   0
train_regrasp.h5,    1294,   596,         1,            4,            4, +z  ,      1,    21,  0.004558, 0.000394   ,     1,           1,       1,   1
train_regrasp.h5,    1295,   597,         0,            0,            0, +x  ,      1,    21,  0.004571, 0.000573   ,     1,           1,       1,   1
train_regrasp.h5,    1296,   597,         1,            2,            2, +y  ,      1,    21,  0.004491, 0.0        ,     1,           1,       1,   1
train_regrasp.h5,    1297,   597,         2,            4,            4, +z  ,      1,    12,  0.06555 , 0.625219   ,     0,           0,       1,   0
train_regrasp.h5,    1298,   598,         0,            0,            0, +x  ,      1,    21,  0.00454 , 0.000674   ,     1,           1,       1,   1
train_regrasp.h5,    1299,   598,         1,            2,            2, +y  ,      1,    21,  0.004568, 0.000115   ,     1,           1,       1,   1
train_regrasp.h5,    1300,   598,         2,            3,            3, -y  ,      1,    21,  0.004552, 0.000459   ,     1,           1,       1,   1
train_regrasp.h5,    1301,   598,         3,            4,            4, +z  ,      1,    11,  0.075967, 0.566025   ,     0,           0,       1,   0
train_regrasp.h5,    1302,   599,         0,            0,            0, +x  ,      1,     9,  0.058382, 2.153102   ,     0,           0,       1,   0
train_regrasp.h5,    1303,   599,         1,            2,            4, +y  ,      0,    21,  0.004507, 0.000384   ,     1,           1,       0,   0
train_regrasp.h5,    1304,   599,         2,            3,            4, -y  ,      0,    21,  0.004507, 0.000384   ,     1,           1,       0,   0
train_regrasp.h5,    1305,   599,         3,            4,            4, +z  ,      1,    21,  0.004615, 0.000422   ,     1,           1,       1,   1
train_regrasp.h5,    1306,   600,         0,            0,            0, +x  ,      1,    21,  0.004512, 0.000383   ,     1,           1,       1,   1
train_regrasp.h5,    1307,   600,         1,            2,            2, +y  ,      1,    21,  0.004538, 0.0        ,     1,           1,       1,   1
train_regrasp.h5,    1308,   600,         2,            4,            4, +z  ,      1,    21,  0.004528, 0.000445   ,     1,           1,       1,   1
train_regrasp.h5,    1309,   601,         0,            0,            0, +x  ,      1,    21,  0.004612, 0.000334   ,     1,           1,       1,   1
train_regrasp.h5,    1310,   601,         1,            2,            2, +y  ,      1,    21,  0.004533, 0.000428   ,     1,           1,       1,   1
train_regrasp.h5,    1311,   601,         2,            3,            3, -y  ,      1,    13,  0.129844, 0.887464   ,     0,           0,       1,   0
train_regrasp.h5,    1312,   601,         3,            4,            4, +z  ,      1,    12,  0.069122, 0.552906   ,     0,           0,       1,   0
train_regrasp.h5,    1313,   602,         0,            0,            0, +x  ,      1,    21,  0.004574, 0.000734   ,     1,           1,       1,   1
train_regrasp.h5,    1314,   602,         1,            2,            2, +y  ,      1,    21,  0.004553, 0.0        ,     1,           1,       1,   1
train_regrasp.h5,    1315,   602,         2,            3,            3, -y  ,      1,    21,  0.004564, 0.000237   ,     1,           1,       1,   1
train_regrasp.h5,    1316,   603,         0,            0,            0, +x  ,      1,    21,  0.004145, 0.001667   ,     1,           1,       1,   1
train_regrasp.h5,    1317,   603,         1,            3,            3, -y  ,      1,    21,  0.004667, 0.0        ,     1,           1,       1,   1
train_regrasp.h5,    1318,   604,         0,            2,            2, +y  ,      1,    21,  0.004626, 0.0        ,     1,           1,       1,   1
train_regrasp.h5,    1319,   604,         1,            3,            3, -y  ,      1,    21,  0.004593, 0.0        ,     1,           1,       1,   1
train_regrasp.h5,    1320,   605,         0,            0,            0, +x  ,      1,    21,  0.004648, 0.000502   ,     1,           1,       1,   1
train_regrasp.h5,    1321,   605,         1,            2,            2, +y  ,      1,    21,  0.004595, 0.0        ,     1,           1,       1,   1
train_regrasp.h5,    1322,   606,         0,            2,            2, +y  ,      1,    21,  0.004617, 0.000413   ,     1,           1,       1,   1
train_regrasp.h5,    1323,   606,         1,            4,            4, +z  ,      1,    17,  0.05466 , 0.062743   ,     0,           0,       1,   0
train_regrasp.h5,    1324,   607,         0,            0,            0, +x  ,      1,    21,  0.00463 , 0.000276   ,     1,           1,       1,   1
train_regrasp.h5,    1325,   608,         0,            0,            0, +x  ,      1,    21,  0.004583, 0.000606   ,     1,           1,       1,   1
train_regrasp.h5,    1326,   608,         1,            2,            2, +y  ,      1,    21,  0.00469 , 0.000474   ,     1,           1,       1,   1
train_regrasp.h5,    1327,   608,         2,            3,            3, -y  ,      1,    21,  0.004506, 0.0        ,     1,           1,       1,   1
train_regrasp.h5,    1328,   608,         3,            4,            4, +z  ,      1,    21,  0.004554, 0.000591   ,     1,           1,       1,   1
train_regrasp.h5,    1329,   609,         0,            0,            0, +x  ,      1,    11,  0.084345, 0.90543    ,     0,           0,       1,   0
train_regrasp.h5,    1330,   609,         1,            2,            2, +y  ,      1,    21,  0.004584, 0.000338   ,     1,           1,       1,   1
train_regrasp.h5,    1331,   609,         2,            3,            3, -y  ,      1,    21,  0.004433, 0.000537   ,     1,           1,       1,   1
train_regrasp.h5,    1332,   609,         3,            4,            4, +z  ,      1,    21,  0.004559, 0.0        ,     1,           1,       1,   1
train_regrasp.h5,    1333,   610,         0,            0,            0, +x  ,      1,    21,  0.004621, 0.00015    ,     1,           1,       1,   1
train_regrasp.h5,    1334,   610,         1,            2,            2, +y  ,      1,    12,  0.218677, 1.02616    ,     0,           0,       1,   0
train_regrasp.h5,    1335,   610,         2,            3,            3, -y  ,      1,    21,  0.004584, 0.0        ,     1,           1,       1,   1
train_regrasp.h5,    1336,   611,         0,            0,            0, +x  ,      1,    21,  0.004695, 0.002705   ,     1,           1,       1,   1
train_regrasp.h5,    1337,   611,         1,            2,            2, +y  ,      1,    11,  0.204118, 1.424703   ,     0,           0,       1,   0
train_regrasp.h5,    1338,   611,         2,            4,            4, +z  ,      1,    21,  0.004562, 0.000326   ,     1,           1,       1,   1
train_regrasp.h5,    1339,   612,         0,            4,            4, +z  ,      1,    21,  0.00456 , 0.000389   ,     1,           1,       1,   1
train_regrasp.h5,    1340,   613,         0,            0,            0, +x  ,      1,    12,  0.163778, 0.763941   ,     0,           0,       1,   0
train_regrasp.h5,    1341,   613,         1,            2,            2, +y  ,      1,    12,  0.182829, 1.010957   ,     0,           0,       1,   0
train_regrasp.h5,    1342,   614,         0,            0,            0, +x  ,      1,    16,  0.077616, 0.20756    ,     0,           0,       1,   0
train_regrasp.h5,    1343,   614,         1,            2,            2, +y  ,      1,    20,  0.020595, 0.000129   ,     0,           0,       1,   0
train_regrasp.h5,    1344,   614,         2,            3,            3, -y  ,      1,    21,  0.004594, 9.9e-05    ,     1,           1,       1,   1
train_regrasp.h5,    1345,   614,         3,            4,            4, +z  ,      1,    21,  0.004595, 0.000289   ,     1,           1,       1,   1
train_regrasp.h5,    1346,   615,         0,            4,            4, +z  ,      1,    21,  0.004587, 0.000593   ,     1,           1,       1,   1
train_regrasp.h5,    1347,   616,         0,            2,            2, +y  ,      1,    21,  0.00454 , 0.000152   ,     1,           1,       1,   1
train_regrasp.h5,    1348,   616,         1,            3,            3, -y  ,      1,    21,  0.004534, 0.0        ,     1,           1,       1,   1
train_regrasp.h5,    1349,   616,         2,            4,            4, +z  ,      1,    21,  0.004567, 0.0        ,     1,           1,       1,   1
train_regrasp.h5,    1350,   617,         0,            0,            0, +x  ,      1,    21,  0.004625, 0.000533   ,     1,           1,       1,   1
train_regrasp.h5,    1351,   617,         1,            2,            2, +y  ,      1,    21,  0.00462 , 0.00031    ,     1,           1,       1,   1
train_regrasp.h5,    1352,   617,         2,            4,            4, +z  ,      1,    21,  0.004559, 0.0        ,     1,           1,       1,   1
train_regrasp.h5,    1353,   618,         0,            0,            0, +x  ,      1,     7,  0.098633, 1.82848    ,     0,           0,       1,   0
train_regrasp.h5,    1354,   618,         1,            2,            2, +y  ,      1,    14,  0.108783, 0.784927   ,     0,           0,       1,   0
train_regrasp.h5,    1355,   619,         0,            0,            0, +x  ,      1,    17,  0.059669, 0.046066   ,     0,           0,       1,   0
train_regrasp.h5,    1356,   619,         1,            4,            4, +z  ,      1,    21,  0.004547, 0.0        ,     1,           1,       1,   1
train_regrasp.h5,    1357,   624,         0,            0,            0, +x  ,      1,    21,  0.004688, 0.000545   ,     1,           1,       1,   1
train_regrasp.h5,    1358,   624,         1,            3,            3, -y  ,      1,    10,  0.050821, 1.394701   ,     0,           0,       1,   0
train_regrasp.h5,    1359,   625,         0,            0,            0, +x  ,      1,    21,  0.004539, 0.000906   ,     1,           1,       1,   1
train_regrasp.h5,    1360,   625,         1,            2,            2, +y  ,      1,    21,  0.005089, 0.001254   ,     1,           1,       1,   1
train_regrasp.h5,    1361,   625,         2,            3,            3, -y  ,      1,    10,  0.172403, 1.555154   ,     0,           0,       1,   0
train_regrasp.h5,    1362,   625,         3,            4,            4, +z  ,      1,    20,  0.020648, 0.00043    ,     0,           0,       1,   0
train_regrasp.h5,    1363,   626,         0,            4,            4, +z  ,      1,    14,  0.040618, 0.397956   ,     0,           0,       1,   0
train_regrasp.h5,    1364,   627,         0,            0,            0, +x  ,      1,    21,  0.004596, 0.0        ,     1,           1,       1,   1
train_regrasp.h5,    1365,   627,         1,            3,            3, -y  ,      1,    14,  0.13867 , 0.635026   ,     0,           0,       1,   0
train_regrasp.h5,    1366,   627,         2,            4,            4, +z  ,      1,    14,  0.068477, 0.467157   ,     0,           0,       1,   0
train_regrasp.h5,    1367,   628,         0,            0,            0, +x  ,      1,    21,  0.004619, 0.0        ,     1,           1,       1,   1
train_regrasp.h5,    1368,   628,         1,            4,            4, +z  ,      1,    21,  0.004554, 0.00015    ,     1,           1,       1,   1
train_regrasp.h5,    1369,   629,         0,            0,            0, +x  ,      1,    21,  0.004605, 0.0        ,     1,           1,       1,   1
train_regrasp.h5,    1370,   629,         1,            2,            2, +y  ,      1,    11,  0.368167, 1.306013   ,     0,           0,       1,   0
train_regrasp.h5,    1371,   629,         2,            3,            3, -y  ,      1,    10,  0.100495, 1.373264   ,     0,           0,       1,   0
train_regrasp.h5,    1372,   629,         3,            4,            4, +z  ,      1,    19,  0.036539, 0.003841   ,     0,           0,       1,   0
train_regrasp.h5,    1373,   630,         0,            0,            0, +x  ,      1,     9,  0.247863, 1.355728   ,     0,           0,       1,   0
train_regrasp.h5,    1374,   630,         1,            2,            2, +y  ,      1,    21,  0.004563, 0.000134   ,     1,           1,       1,   1
train_regrasp.h5,    1375,   630,         2,            3,            3, -y  ,      1,    21,  0.004607, 0.0        ,     1,           1,       1,   1
train_regrasp.h5,    1376,   630,         3,            4,            4, +z  ,      1,    21,  0.004556, 0.000295   ,     1,           1,       1,   1
train_regrasp.h5,    1377,   631,         0,            0,            0, +x  ,      1,    21,  0.004597, 0.000618   ,     1,           1,       1,   1
train_regrasp.h5,    1378,   631,         1,            2,            2, +y  ,      1,    21,  0.004581, 0.000354   ,     1,           1,       1,   1
train_regrasp.h5,    1379,   631,         2,            3,            3, -y  ,      1,    11,  0.072712, 1.026439   ,     0,           0,       1,   0
train_regrasp.h5,    1380,   631,         3,            4,            4, +z  ,      1,    21,  0.004558, 0.0        ,     1,           1,       1,   1
train_regrasp.h5,    1381,   634,         0,            4,            4, +z  ,      1,    21,  0.004603, 0.000506   ,     1,           1,       1,   1
train_regrasp.h5,    1382,   636,         0,            0,            0, +x  ,      1,    21,  0.004555, 0.000237   ,     1,           1,       1,   1
train_regrasp.h5,    1383,   636,         1,            2,            2, +y  ,      1,    21,  0.004576, 0.000302   ,     1,           1,       1,   1
train_regrasp.h5,    1384,   636,         2,            3,            3, -y  ,      1,    16,  0.049307, 0.297132   ,     0,           0,       1,   0
train_regrasp.h5,    1385,   636,         3,            4,            4, +z  ,      1,    21,  0.004549, 0.00018    ,     1,           1,       1,   1
train_regrasp.h5,    1386,   637,         0,            0,            0, +x  ,      1,    21,  0.004563, 0.000519   ,     1,           1,       1,   1
train_regrasp.h5,    1387,   637,         1,            2,            2, +y  ,      1,    18,  0.047639, 0.014507   ,     0,           0,       1,   0
train_regrasp.h5,    1388,   637,         2,            3,            3, -y  ,      1,    21,  0.004572, 0.000366   ,     1,           1,       1,   1
train_regrasp.h5,    1389,   637,         3,            4,            4, +z  ,      1,    13,  0.10444 , 0.562742   ,     0,           0,       1,   0
train_regrasp.h5,    1390,   638,         0,            0,            0, +x  ,      1,    21,  0.004455, 0.0        ,     1,           1,       1,   1
train_regrasp.h5,    1391,   638,         1,            2,            2, +y  ,      1,    21,  0.004596, 0.000209   ,     1,           1,       1,   1
train_regrasp.h5,    1392,   638,         2,            4,            4, +z  ,      1,    21,  0.004562, 0.000125   ,     1,           1,       1,   1
train_regrasp.h5,    1393,   639,         0,            0,            0, +x  ,      1,    21,  0.004636, 0.000581   ,     1,           1,       1,   1
train_regrasp.h5,    1394,   639,         1,            2,            2, +y  ,      1,    21,  0.004485, 0.0        ,     1,           1,       1,   1
train_regrasp.h5,    1395,   639,         2,            4,            4, +z  ,      1,    21,  0.004518, 0.000286   ,     1,           1,       1,   1
train_regrasp.h5,    1396,   641,         0,            3,            3, -y  ,      1,    11,  0.183798, 1.278499   ,     0,           0,       1,   0
train_regrasp.h5,    1397,   641,         1,            4,            4, +z  ,      1,    21,  0.004593, 0.000541   ,     1,           1,       1,   1
train_regrasp.h5,    1398,   642,         0,            0,            0, +x  ,      1,    21,  0.004556, 0.0        ,     1,           1,       1,   1
train_regrasp.h5,    1399,   642,         1,            2,            0, +y  ,      1,    21,  0.004596, 0.0        ,     1,           1,       0,   0
train_regrasp.h5,    1400,   642,         2,            4,            4, +z  ,      1,    15,  0.070607, 0.409472   ,     0,           0,       1,   0
train_regrasp.h5,    1401,   643,         0,            2,            2, +y  ,      1,    18,  0.052479, 0.004602   ,     0,           0,       1,   0
train_regrasp.h5,    1402,   643,         1,            3,            3, -y  ,      1,    21,  0.004693, 0.000389   ,     1,           1,       1,   1
train_regrasp.h5,    1403,   643,         2,            4,            4, +z  ,      1,    21,  0.004509, 0.000287   ,     1,           1,       1,   1
train_regrasp.h5,    1404,   644,         0,            0,            0, +x  ,      1,    21,  0.004583, 0.00038    ,     1,           1,       1,   1
train_regrasp.h5,    1405,   644,         1,            4,            4, +z  ,      1,    21,  0.00459 , 0.000355   ,     1,           1,       1,   1
train_regrasp.h5,    1406,   645,         0,            4,            4, +z  ,      1,    21,  0.004522, 0.0        ,     1,           1,       1,   1
train_regrasp.h5,    1407,   646,         0,            0,            0, +x  ,      1,    21,  0.004577, 0.0        ,     1,           1,       1,   1
train_regrasp.h5,    1408,   647,         0,            4,            4, +z  ,      1,    12,  0.098282, 0.688547   ,     0,           0,       1,   0
train_regrasp.h5,    1409,   648,         0,            0,            0, +x  ,      1,    21,  0.004539, 0.000372   ,     1,           1,       1,   1
train_regrasp.h5,    1410,   648,         1,            4,            4, +z  ,      1,    21,  0.004612, 0.000319   ,     1,           1,       1,   1
train_regrasp.h5,    1411,   649,         0,            0,            0, +x  ,      1,    21,  0.004588, 0.000384   ,     1,           1,       1,   1
train_regrasp.h5,    1412,   650,         0,            0,            0, +x  ,      1,    16,  0.111131, 0.364302   ,     0,           0,       1,   0
train_regrasp.h5,    1413,   650,         1,            4,            4, +z  ,      1,    21,  0.004559, 0.0        ,     1,           1,       1,   1
train_regrasp.h5,    1414,   651,         0,            0,            0, +x  ,      1,    21,  0.004505, 0.0        ,     1,           1,       1,   1
train_regrasp.h5,    1415,   651,         1,            4,            4, +z  ,      1,    21,  0.00452 , 0.000466   ,     1,           1,       1,   1
train_regrasp.h5,    1416,   652,         0,            4,            4, +z  ,      1,    21,  0.004633, 0.0        ,     1,           1,       1,   1
train_regrasp.h5,    1417,   653,         0,            4,            4, +z  ,      1,    21,  0.004509, 0.000471   ,     1,           1,       1,   1
train_regrasp.h5,    1418,   654,         0,            0,            0, +x  ,      1,    21,  0.004539, 0.000407   ,     1,           1,       1,   1
train_regrasp.h5,    1419,   654,         1,            4,            4, +z  ,      1,    21,  0.004503, 0.000559   ,     1,           1,       1,   1
train_regrasp.h5,    1420,   655,         0,            2,            2, +y  ,      1,    21,  0.004554, 0.000182   ,     1,           1,       1,   1
train_regrasp.h5,    1421,   655,         1,            4,            4, +z  ,      1,    21,  0.004605, 0.0        ,     1,           1,       1,   1
train_regrasp.h5,    1422,   656,         0,            0,            0, +x  ,      1,    21,  0.004687, 0.000917   ,     1,           1,       1,   1
train_regrasp.h5,    1423,   656,         1,            2,            2, +y  ,      1,    13,  0.122383, 0.905239   ,     0,           0,       1,   0
train_regrasp.h5,    1424,   656,         2,            3,            3, -y  ,      1,    21,  0.004551, 0.0        ,     1,           1,       1,   1
train_regrasp.h5,    1425,   656,         3,            4,            4, +z  ,      1,    15,  0.064668, 0.329406   ,     0,           0,       1,   0
train_regrasp.h5,    1426,   657,         0,            0,            0, +x  ,      1,    21,  0.00506 , 0.004354   ,     1,           1,       1,   1
train_regrasp.h5,    1427,   657,         1,            2,            2, +y  ,      1,    21,  0.004501, 0.000275   ,     1,           1,       1,   1
train_regrasp.h5,    1428,   657,         2,            3,            3, -y  ,      1,    21,  0.00459 , 0.0        ,     1,           1,       1,   1
train_regrasp.h5,    1429,   657,         3,            4,            4, +z  ,      1,    16,  0.037735, 0.146035   ,     0,           0,       1,   0
train_regrasp.h5,    1430,   658,         0,            0,            0, +x  ,      1,    21,  0.004556, 0.000735   ,     1,           1,       1,   1
train_regrasp.h5,    1431,   658,         1,            2,            2, +y  ,      1,    21,  0.004545, 0.0        ,     1,           1,       1,   1
train_regrasp.h5,    1432,   658,         2,            4,            4, +z  ,      1,    21,  0.004518, 0.000361   ,     1,           1,       1,   1
train_regrasp.h5,    1433,   659,         0,            0,            0, +x  ,      1,    21,  0.004859, 0.001562   ,     1,           1,       1,   1
train_regrasp.h5,    1434,   659,         1,            2,            2, +y  ,      1,    21,  0.004626, 0.0        ,     1,           1,       1,   1
train_regrasp.h5,    1435,   659,         2,            3,            3, -y  ,      1,    21,  0.004561, 0.000307   ,     1,           1,       1,   1
train_regrasp.h5,    1436,   659,         3,            4,            4, +z  ,      1,    21,  0.004551, 0.0        ,     1,           1,       1,   1
train_regrasp.h5,    1437,   660,         0,            0,            0, +x  ,      1,    21,  0.004485, 0.000501   ,     1,           1,       1,   1
train_regrasp.h5,    1438,   660,         1,            2,            2, +y  ,      1,    16,  0.044222, 0.315521   ,     0,           0,       1,   0
train_regrasp.h5,    1439,   661,         0,            0,            0, +x  ,      1,    21,  0.004555, 0.001146   ,     1,           1,       1,   1
train_regrasp.h5,    1440,   661,         1,            2,            2, +y  ,      1,    17,  0.061053, 0.066173   ,     0,           0,       1,   0
train_regrasp.h5,    1441,   662,         0,            2,            2, +y  ,      1,    14,  0.094826, 0.615076   ,     0,           0,       1,   0
train_regrasp.h5,    1442,   662,         1,            3,            3, -y  ,      1,    21,  0.004591, 0.0        ,     1,           1,       1,   1
train_regrasp.h5,    1443,   662,         2,            4,            4, +z  ,      1,    21,  0.004628, 0.0        ,     1,           1,       1,   1
train_regrasp.h5,    1444,   663,         0,            0,            0, +x  ,      1,    21,  0.004609, 0.000473   ,     1,           1,       1,   1
train_regrasp.h5,    1445,   663,         1,            2,            2, +y  ,      1,    21,  0.004592, 0.000403   ,     1,           1,       1,   1
train_regrasp.h5,    1446,   663,         2,            3,            3, -y  ,      1,    12,  0.110677, 1.050017   ,     0,           0,       1,   0
train_regrasp.h5,    1447,   664,         0,            0,            0, +x  ,      1,    21,  0.004486, 0.000558   ,     1,           1,       1,   1
train_regrasp.h5,    1448,   664,         1,            2,            2, +y  ,      1,    21,  0.00463 , 0.0        ,     1,           1,       1,   1
train_regrasp.h5,    1449,   664,         2,            3,            3, -y  ,      1,    21,  0.004566, 0.000268   ,     1,           1,       1,   1
train_regrasp.h5,    1450,   665,         0,            0,            0, +x  ,      1,    21,  0.004641, 0.000754   ,     1,           1,       1,   1
train_regrasp.h5,    1451,   665,         1,            2,            2, +y  ,      1,    21,  0.004593, 0.000373   ,     1,           1,       1,   1
train_regrasp.h5,    1452,   665,         2,            3,            3, -y  ,      1,    11,  0.165213, 1.309474   ,     0,           0,       1,   0
train_regrasp.h5,    1453,   665,         3,            4,            4, +z  ,      1,    21,  0.004554, 0.000772   ,     1,           1,       1,   1
train_regrasp.h5,    1454,   666,         0,            0,            0, +x  ,      1,    21,  0.004589, 0.0        ,     1,           1,       1,   1
train_regrasp.h5,    1455,   666,         1,            2,            2, +y  ,      1,    15,  0.105166, 0.363214   ,     0,           0,       1,   0
train_regrasp.h5,    1456,   666,         2,            3,            3, -y  ,      1,    14,  0.060831, 0.638438   ,     0,           0,       1,   0
train_regrasp.h5,    1457,   667,         0,            0,            0, +x  ,      1,    21,  0.004559, 0.0        ,     1,           1,       1,   1
train_regrasp.h5,    1458,   667,         1,            2,            2, +y  ,      1,    21,  0.004581, 0.0        ,     1,           1,       1,   1
train_regrasp.h5,    1459,   667,         2,            3,            3, -y  ,      1,    14,  0.097232, 0.671847   ,     0,           0,       1,   0
train_regrasp.h5,    1460,   667,         3,            4,            4, +z  ,      1,    21,  0.004578, 0.0        ,     1,           1,       1,   1
train_regrasp.h5,    1461,   668,         0,            0,            0, +x  ,      1,    21,  0.004621, 0.000257   ,     1,           1,       1,   1
train_regrasp.h5,    1462,   668,         1,            2,            2, +y  ,      1,    21,  0.00465 , 0.000709   ,     1,           1,       1,   1
train_regrasp.h5,    1463,   668,         2,            3,            3, -y  ,      1,    13,  0.110203, 0.892047   ,     0,           0,       1,   0
train_regrasp.h5,    1464,   668,         3,            4,            4, +z  ,      1,    21,  0.004531, 0.000244   ,     1,           1,       1,   1
train_regrasp.h5,    1465,   669,         0,            0,            0, +x  ,      1,    21,  0.004617, 0.000853   ,     1,           1,       1,   1
train_regrasp.h5,    1466,   669,         1,            3,            3, -y  ,      1,    21,  0.00469 , 0.000578   ,     1,           1,       1,   1
train_regrasp.h5,    1467,   669,         2,            4,            4, +z  ,      1,    21,  0.004454, 0.000514   ,     1,           1,       1,   1
train_regrasp.h5,    1468,   670,         0,            0,            0, +x  ,      1,    17,  0.062133, 0.047902   ,     0,           0,       1,   0
train_regrasp.h5,    1469,   670,         1,            2,            2, +y  ,      1,    21,  0.004604, 0.0        ,     1,           1,       1,   1
train_regrasp.h5,    1470,   670,         2,            3,            3, -y  ,      1,    11,  0.197068, 1.307425   ,     0,           0,       1,   0
train_regrasp.h5,    1471,   671,         0,            0,            0, +x  ,      1,    17,  0.055392, 0.083972   ,     0,           0,       1,   0
train_regrasp.h5,    1472,   671,         1,            2,            2, +y  ,      1,    21,  0.004582, 0.0        ,     1,           1,       1,   1
train_regrasp.h5,    1473,   671,         2,            3,            3, -y  ,      1,    15,  0.079703, 0.475812   ,     0,           0,       1,   0
train_regrasp.h5,    1474,   672,         0,            0,            0, +x  ,      1,    21,  0.004752, 0.000878   ,     1,           1,       1,   1
train_regrasp.h5,    1475,   672,         1,            2,            2, +y  ,      1,    21,  0.004583, 0.0        ,     1,           1,       1,   1
train_regrasp.h5,    1476,   672,         2,            3,            3, -y  ,      1,    21,  0.004555, 0.002368   ,     1,           1,       1,   1
train_regrasp.h5,    1477,   672,         3,            4,            4, +z  ,      1,    21,  0.00456 , 0.000403   ,     1,           1,       1,   1
train_regrasp.h5,    1478,   673,         0,            0,            0, +x  ,      1,    21,  0.004577, 0.000141   ,     1,           1,       1,   1
train_regrasp.h5,    1479,   673,         1,            2,            2, +y  ,      1,    16,  0.045323, 0.248174   ,     0,           0,       1,   0
train_regrasp.h5,    1480,   673,         2,            3,            3, -y  ,      1,    21,  0.004588, 0.000431   ,     1,           1,       1,   1
train_regrasp.h5,    1481,   673,         3,            4,            4, +z  ,      1,    21,  0.0048  , 0.000441   ,     1,           1,       1,   1
train_regrasp.h5,    1482,   674,         0,            0,            0, +x  ,      1,    21,  0.004537, 0.000266   ,     1,           1,       1,   1
train_regrasp.h5,    1483,   674,         1,            2,            2, +y  ,      1,    21,  0.004602, 0.000398   ,     1,           1,       1,   1
train_regrasp.h5,    1484,   674,         2,            3,            3, -y  ,      1,    14,  0.167687, 0.590472   ,     0,           0,       1,   0
train_regrasp.h5,    1485,   674,         3,            4,            4, +z  ,      1,    21,  0.004604, 0.0        ,     1,           1,       1,   1
train_regrasp.h5,    1486,   675,         0,            0,            0, +x  ,      1,    21,  0.004549, 0.0005     ,     1,           1,       1,   1
train_regrasp.h5,    1487,   675,         1,            2,            2, +y  ,      1,    21,  0.004435, 0.000467   ,     1,           1,       1,   1
train_regrasp.h5,    1488,   675,         2,            3,            3, -y  ,      1,    21,  0.004633, 0.0        ,     1,           1,       1,   1
train_regrasp.h5,    1489,   675,         3,            4,            4, +z  ,      1,    21,  0.004529, 0.000146   ,     1,           1,       1,   1
train_regrasp.h5,    1490,   676,         0,            2,            2, +y  ,      1,    17,  0.05308 , 0.055278   ,     0,           0,       1,   0
train_regrasp.h5,    1491,   676,         1,            3,            3, -y  ,      1,    21,  0.00458 , 0.000265   ,     1,           1,       1,   1
train_regrasp.h5,    1492,   676,         2,            4,            4, +z  ,      1,    21,  0.0046  , 0.0        ,     1,           1,       1,   1
train_regrasp.h5,    1493,   677,         0,            2,            2, +y  ,      1,    21,  0.00496 , 0.000166   ,     1,           1,       1,   1
train_regrasp.h5,    1494,   677,         1,            4,            4, +z  ,      1,    20,  0.020632, 0.0        ,     0,           0,       1,   0
train_regrasp.h5,    1495,   678,         0,            4,            4, +z  ,      1,    21,  0.004534, 0.000582   ,     1,           1,       1,   1
train_regrasp.h5,    1496,   679,         0,            3,            3, -y  ,      1,    21,  0.004634, 0.000146   ,     1,           1,       1,   1
train_regrasp.h5,    1497,   679,         1,            4,            4, +z  ,      1,    21,  0.004632, 0.0        ,     1,           1,       1,   1
train_regrasp.h5,    1498,   680,         0,            0,            0, +x  ,      1,    21,  0.004593, 0.000302   ,     1,           1,       1,   1
train_regrasp.h5,    1499,   680,         1,            2,            2, +y  ,      1,    21,  0.004514, 0.000255   ,     1,           1,       1,   1
train_regrasp.h5,    1500,   680,         2,            3,            3, -y  ,      1,    10,  0.146131, 1.619517   ,     0,           0,       1,   0
train_regrasp.h5,    1501,   680,         3,            4,            4, +z  ,      1,    21,  0.004549, 7.7e-05    ,     1,           1,       1,   1
train_regrasp.h5,    1502,   681,         0,            0,            0, +x  ,      1,    21,  0.00453 , 0.000676   ,     1,           1,       1,   1
train_regrasp.h5,    1503,   681,         1,            2,            2, +y  ,      1,    21,  0.004563, 0.0        ,     1,           1,       1,   1
train_regrasp.h5,    1504,   681,         2,            3,            3, -y  ,      1,    16,  0.019371, 0.231276   ,     1,           0,       1,   1
train_regrasp.h5,    1505,   681,         3,            4,            4, +z  ,      1,    21,  0.00456 , 0.00037    ,     1,           1,       1,   1
train_regrasp.h5,    1506,   682,         0,            0,            0, +x  ,      1,    21,  0.004581, 0.000494   ,     1,           1,       1,   1
train_regrasp.h5,    1507,   682,         1,            2,            2, +y  ,      1,    14,  0.049112, 0.638414   ,     0,           0,       1,   0
train_regrasp.h5,    1508,   682,         2,            3,            3, -y  ,      1,    21,  0.004538, 8.3e-05    ,     1,           1,       1,   1
train_regrasp.h5,    1509,   682,         3,            4,            4, +z  ,      1,    21,  0.004534, 0.000656   ,     1,           1,       1,   1
train_regrasp.h5,    1510,   683,         0,            0,            0, +x  ,      1,    21,  0.004658, 0.000575   ,     1,           1,       1,   1
train_regrasp.h5,    1511,   683,         1,            2,            2, +y  ,      1,    21,  0.00456 , 0.00045    ,     1,           1,       1,   1
train_regrasp.h5,    1512,   683,         2,            3,            3, -y  ,      1,    13,  0.070045, 0.956028   ,     0,           0,       1,   0
train_regrasp.h5,    1513,   683,         3,            4,            4, +z  ,      1,    19,  0.036245, 0.001293   ,     0,           0,       1,   0
train_regrasp.h5,    1514,   685,         0,            0,            0, +x  ,      1,    21,  0.004568, 0.000287   ,     1,           1,       1,   1
train_regrasp.h5,    1515,   685,         1,            3,            3, -y  ,      1,    21,  0.004539, 0.0        ,     1,           1,       1,   1
train_regrasp.h5,    1516,   685,         2,            4,            4, +z  ,      1,    21,  0.004873, 0.03739    ,     1,           1,       1,   1
train_regrasp.h5,    1517,   686,         0,            0,            0, +x  ,      1,    21,  0.004564, 0.0002     ,     1,           1,       1,   1
train_regrasp.h5,    1518,   686,         1,            2,            2, +y  ,      1,    15,  0.069569, 0.368131   ,     0,           0,       1,   0
train_regrasp.h5,    1519,   686,         2,            4,            4, +z  ,      1,    21,  0.012819, 0.067691   ,     1,           1,       1,   1
train_regrasp.h5,    1520,   687,         0,            0,            0, +x  ,      1,    21,  0.004553, 0.000521   ,     1,           1,       1,   1
train_regrasp.h5,    1521,   687,         1,            2,            2, +y  ,      1,    21,  0.004557, 0.000284   ,     1,           1,       1,   1
train_regrasp.h5,    1522,   687,         2,            4,            4, +z  ,      1,    21,  0.004529, 0.000591   ,     1,           1,       1,   1
train_regrasp.h5,    1523,   688,         0,            0,            0, +x  ,      1,    16,  0.091027, 0.322784   ,     0,           0,       1,   0
train_regrasp.h5,    1524,   688,         1,            2,            2, +y  ,      1,    13,  0.129358, 1.071798   ,     0,           0,       1,   0
train_regrasp.h5,    1525,   688,         2,            3,            3, -y  ,      1,    21,  0.004583, 0.000255   ,     1,           1,       1,   1
train_regrasp.h5,    1526,   689,         0,            0,            0, +x  ,      1,    14,  0.182059, 0.722045   ,     0,           0,       1,   0
train_regrasp.h5,    1527,   689,         1,            2,            2, +y  ,      1,    11,  0.2421  , 1.422542   ,     0,           0,       1,   0
train_regrasp.h5,    1528,   689,         2,            3,            3, -y  ,      1,    16,  0.0384  , 0.282416   ,     0,           0,       1,   0
train_regrasp.h5,    1529,   690,         0,            0,            0, +x  ,      1,    21,  0.004592, 0.000158   ,     1,           1,       1,   1
train_regrasp.h5,    1530,   690,         1,            2,            2, +y  ,      1,    12,  0.162848, 1.206411   ,     0,           0,       1,   0
train_regrasp.h5,    1531,   690,         2,            3,            3, -y  ,      1,    13,  0.140886, 0.854596   ,     0,           0,       1,   0
train_regrasp.h5,    1532,   691,         0,            0,            0, +x  ,      1,    21,  0.004556, 0.0        ,     1,           1,       1,   1
train_regrasp.h5,    1533,   691,         1,            2,            2, +y  ,      1,    13,  0.140702, 0.969124   ,     0,           0,       1,   0
train_regrasp.h5,    1534,   691,         2,            3,            3, -y  ,      1,    21,  0.004585, 0.000368   ,     1,           1,       1,   1
train_regrasp.h5,    1535,   696,         0,            0,            0, +x  ,      1,    17,  0.057068, 0.042042   ,     0,           0,       1,   0
train_regrasp.h5,    1536,   696,         1,            2,            2, +y  ,      1,    21,  0.004423, 0.000553   ,     1,           1,       1,   1
train_regrasp.h5,    1537,   697,         0,            0,            0, +x  ,      1,    21,  0.004859, 0.000916   ,     1,           1,       1,   1
train_regrasp.h5,    1538,   697,         1,            3,            3, -y  ,      1,    21,  0.004534, 0.0        ,     1,           1,       1,   1
train_regrasp.h5,    1539,   697,         2,            4,            4, +z  ,      1,    18,  0.046648, 0.01402    ,     0,           0,       1,   0
train_regrasp.h5,    1540,   698,         0,            0,            0, +x  ,      1,    21,  0.004577, 0.000408   ,     1,           1,       1,   1
train_regrasp.h5,    1541,   698,         1,            2,            2, +y  ,      1,    20,  0.020698, 0.000325   ,     0,           0,       1,   0
train_regrasp.h5,    1542,   698,         2,            4,            4, +z  ,      1,    21,  0.004714, 0.000332   ,     1,           1,       1,   1
train_regrasp.h5,    1543,   699,         0,            0,            0, +x  ,      1,    11,  0.060251, 1.106854   ,     0,           0,       1,   0
train_regrasp.h5,    1544,   699,         1,            2,            2, +y  ,      1,    21,  0.004595, 0.0        ,     1,           1,       1,   1
train_regrasp.h5,    1545,   699,         2,            4,            4, +z  ,      1,    21,  0.004581, 0.0        ,     1,           1,       1,   1
train_regrasp.h5,    1546,   700,         0,            0,            0, +x  ,      1,    21,  0.004454, 0.000564   ,     1,           1,       1,   1
train_regrasp.h5,    1547,   700,         1,            2,            2, +y  ,      1,    12,  0.169395, 0.892901   ,     0,           0,       1,   0
train_regrasp.h5,    1548,   700,         2,            3,            4, -y  ,      0,    21,  0.004555, 0.000575   ,     1,           1,       0,   0
train_regrasp.h5,    1549,   700,         3,            4,            4, +z  ,      1,    21,  0.0046  , 0.000127   ,     1,           1,       1,   1
train_regrasp.h5,    1550,   701,         0,            0,            0, +x  ,      1,    14,  0.083345, 0.521808   ,     0,           0,       1,   0
train_regrasp.h5,    1551,   701,         1,            2,            2, +y  ,      1,    21,  0.004579, 0.0        ,     1,           1,       1,   1
train_regrasp.h5,    1552,   701,         2,            3,            3, -y  ,      1,    21,  0.004546, 0.0        ,     1,           1,       1,   1
train_regrasp.h5,    1553,   701,         3,            4,            4, +z  ,      1,    14,  0.090015, 0.372817   ,     0,           0,       1,   0
train_regrasp.h5,    1554,   702,         0,            0,            0, +x  ,      1,    21,  0.004586, 0.000648   ,     1,           1,       1,   1
train_regrasp.h5,    1555,   702,         1,            2,            2, +y  ,      1,    16,  0.051241, 0.215455   ,     0,           0,       1,   0
train_regrasp.h5,    1556,   702,         2,            3,            3, -y  ,      1,    10,  0.081331, 1.083878   ,     0,           0,       1,   0
train_regrasp.h5,    1557,   702,         3,            4,            4, +z  ,      1,    21,  0.004496, 0.0        ,     1,           1,       1,   1
train_regrasp.h5,    1558,   703,         0,            0,            0, +x  ,      1,    11,  0.137811, 0.982489   ,     0,           0,       1,   0
train_regrasp.h5,    1559,   703,         1,            2,            2, +y  ,      1,    21,  0.004599, 0.000221   ,     1,           1,       1,   1
train_regrasp.h5,    1560,   703,         2,            3,            3, -y  ,      1,    14,  0.060102, 0.585443   ,     0,           0,       1,   0
train_regrasp.h5,    1561,   703,         3,            4,            4, +z  ,      1,    21,  0.004585, 0.000211   ,     1,           1,       1,   1
train_regrasp.h5,    1562,   704,         0,            4,            4, +z  ,      1,    18,  0.048634, 0.008921   ,     0,           0,       1,   0
train_regrasp.h5,    1563,   705,         0,            4,            4, +z  ,      1,    12,  0.064087, 0.663887   ,     0,           0,       1,   0
train_regrasp.h5,    1564,   708,         0,            0,            0, +x  ,      1,    21,  0.004541, 0.000503   ,     1,           1,       1,   1
train_regrasp.h5,    1565,   708,         1,            2,            2, +y  ,      1,    21,  0.00451 , 0.0        ,     1,           1,       1,   1
train_regrasp.h5,    1566,   708,         2,            3,            3, -y  ,      1,    21,  0.004559, 0.0        ,     1,           1,       1,   1
train_regrasp.h5,    1567,   708,         3,            4,            4, +z  ,      1,    13,  0.097808, 0.572802   ,     0,           0,       1,   0
train_regrasp.h5,    1568,   709,         0,            0,            0, +x  ,      1,    21,  0.004558, 0.0        ,     1,           1,       1,   1
train_regrasp.h5,    1569,   709,         1,            2,            2, +y  ,      1,    21,  0.004569, 0.000455   ,     1,           1,       1,   1
train_regrasp.h5,    1570,   709,         2,            3,            3, -y  ,      1,    13,  0.059301, 0.800668   ,     0,           0,       1,   0
train_regrasp.h5,    1571,   709,         3,            4,            4, +z  ,      1,    21,  0.004579, 0.0        ,     1,           1,       1,   1
train_regrasp.h5,    1572,   710,         0,            0,            0, +x  ,      1,    21,  0.004576, 0.000377   ,     1,           1,       1,   1
train_regrasp.h5,    1573,   710,         1,            2,            2, +y  ,      1,    15,  0.051944, 0.447744   ,     0,           0,       1,   0
train_regrasp.h5,    1574,   710,         2,            3,            3, -y  ,      1,    21,  0.004539, 0.0        ,     1,           1,       1,   1
train_regrasp.h5,    1575,   710,         3,            4,            4, +z  ,      1,    21,  0.00473 , 0.000183   ,     1,           1,       1,   1
train_regrasp.h5,    1576,   711,         0,            0,            0, +x  ,      1,    21,  0.004537, 0.0        ,     1,           1,       1,   1
train_regrasp.h5,    1577,   711,         1,            2,            2, +y  ,      1,    21,  0.004543, 0.0        ,     1,           1,       1,   1
train_regrasp.h5,    1578,   711,         2,            3,            3, -y  ,      1,    14,  0.174296, 0.644563   ,     0,           0,       1,   0
train_regrasp.h5,    1579,   711,         3,            4,            4, +z  ,      1,    21,  0.004527, 0.000105   ,     1,           1,       1,   1
train_regrasp.h5,    1580,   712,         0,            0,            0, +x  ,      1,    21,  0.004692, 0.001496   ,     1,           1,       1,   1
train_regrasp.h5,    1581,   712,         1,            3,            3, -y  ,      1,    13,  0.116587, 0.846721   ,     0,           0,       1,   0
train_regrasp.h5,    1582,   713,         0,            2,            2, +y  ,      1,    21,  0.004573, 0.0        ,     1,           1,       1,   1
train_regrasp.h5,    1583,   713,         1,            3,            3, -y  ,      1,    16,  0.041074, 0.254088   ,     0,           0,       1,   0
train_regrasp.h5,    1584,   713,         2,            4,            4, +z  ,      1,    21,  0.004776, 0.0        ,     1,           1,       1,   1
train_regrasp.h5,    1585,   714,         0,            0,            0, +x  ,      1,    18,  0.052011, 0.014475   ,     0,           0,       1,   0
train_regrasp.h5,    1586,   714,         1,            3,            3, -y  ,      1,    19,  0.037112, 0.001426   ,     0,           0,       1,   0
train_regrasp.h5,    1587,   714,         2,            4,            4, +z  ,      1,    21,  0.004601, 0.0        ,     1,           1,       1,   1
train_regrasp.h5,    1588,   715,         0,            3,            3, -y  ,      1,    21,  0.004527, 0.000787   ,     1,           1,       1,   1
train_regrasp.h5,    1589,   716,         0,            2,            2, +y  ,      1,    21,  0.004545, 0.000311   ,     1,           1,       1,   1
train_regrasp.h5,    1590,   716,         1,            3,            3, -y  ,      1,    21,  0.004546, 0.0        ,     1,           1,       1,   1
train_regrasp.h5,    1591,   717,         0,            2,            2, +y  ,      1,    18,  0.048111, 0.015447   ,     0,           0,       1,   0
train_regrasp.h5,    1592,   717,         1,            3,            3, -y  ,      1,    14,  0.165356, 0.672264   ,     0,           0,       1,   0
train_regrasp.h5,    1593,   718,         0,            0,            0, +x  ,      1,    21,  0.004512, 0.000629   ,     1,           1,       1,   1
train_regrasp.h5,    1594,   718,         1,            3,            3, -y  ,      1,    21,  0.004641, 0.000325   ,     1,           1,       1,   1
train_regrasp.h5,    1595,   719,         0,            4,            4, +z  ,      1,    21,  0.004538, 0.0        ,     1,           1,       1,   1
