iter,buffer,beta,ei_hi,ei_lo,roll_succ,roll_len,roll_ret,critic_loss,q_mean,target_mean,actor_loss,pg_loss,bc_loss,grip_loss,aux_c,aux_a,lam,n_expert,roll_min_pos,roll_close,roll_skip,roll_miss,roll_timeout,roll_fail,exp_kept,exp_succ,eval_min_pos,eval_min_rot,eval_close,eval_miss,eval_timeout,eval_fail,q_pi,a_absmean,grip_logit,buf_pos,eval_succ,best_succ
0,335,0.5,24,22,0.0,30.0,0.0,0.008567992597818375,0.3379928171634674,0.34174421429634094,0.548891544342041,-0.10000000894069672,0.051506996154785156,0.5405178666114807,0.0027048923075199127,0.010719425044953823,0.33942848443984985,64,0.0078,0.0,5,0,5,1,5,0.6,,,,,,,0.2946128845214844,0.6543405652046204,2.1380763053894043,0.00896,,-1.0
1,704,0.4921,24,22,0.0,30.0,0.0,0.008707835339009762,0.36187225580215454,0.3738616406917572,0.38829031586647034,-0.0996473878622055,0.04960516095161438,0.3823210299015045,0.00563628226518631,0.012812667526304722,0.32089993357658386,64,0.0189,0.0,4,0,3,0,9,1.0,,,,,,,0.3105247914791107,0.6489722728729248,1.9668636322021484,0.01705,,-1.0
2,1061,0.4841,24,22,0.25,29.0,0.25,0.008666085079312325,0.38273125886917114,0.35107487440109253,0.3484745919704437,-0.09955466538667679,0.03516099229454994,0.37290334701538086,0.0042612371034920216,0.009607840329408646,0.2970077395439148,64,0.0211,1.0,4,3,0,0,8,0.875,,,,,,,0.33519214391708374,0.6991323232650757,1.8772387504577637,0.01885,,-1.0
3,1520,0.4762,24,22,0.1667,30.0,0.1667,0.0031577160116285086,0.3622106909751892,0.3645811080932617,0.46459951996803284,-0.09993649274110794,0.03721724450588226,0.4867969751358032,0.004012822639197111,0.006609109230339527,0.27450254559516907,64,0.0077,0.167,1,0,5,0,9,0.889,,,,,,,0.3640640377998352,0.7005863189697266,1.982867956161499,0.01908,,-1.0
4,1944,0.4683,24,21,0.3,30.0,0.3,0.004932888317853212,0.3851224184036255,0.3788175880908966,0.3523154556751251,-0.09931370615959167,0.04602813348174095,0.35458993911743164,0.004606457892805338,0.00996587797999382,0.32465967535972595,64,0.0098,0.3,2,0,6,1,4,1.0,,,,,,,0.3059009611606598,0.6875845789909363,2.0539262294769287,0.01852,,-1.0
5,2367,0.4603,24,21,0.0,29.62,0.0,0.003640514798462391,0.3175676465034485,0.31422752141952515,0.41230151057243347,-0.09910028427839279,0.017201397567987442,0.47340282797813416,0.005057653412222862,0.007192310411483049,0.3563368618488312,64,0.0121,0.0,2,0,7,1,6,0.833,,,,,,,0.2781084477901459,0.7452141642570496,2.0156118869781494,0.01732,,-1.0
6,2811,0.4524,24,21,0.4286,29.71,0.4286,0.00544852064922452,0.32563287019729614,0.31596803665161133,0.42453354597091675,-0.09999999403953552,0.05909070000052452,0.40200042724609375,0.005813129246234894,0.008703385479748249,0.29438912868499756,64,0.0194,0.571,1,1,3,0,8,0.875,,,,,,,0.33968645334243774,0.6302962303161621,2.0450520515441895,0.01814,,-1.0
7,3264,0.4444,24,21,0.0,30.0,0.0,0.002193450927734375,0.3015515208244324,0.30861037969589233,0.31981849670410156,-0.09833487868309021,0.0313577726483345,0.3529928922653198,0.002479336690157652,0.004889853298664093,0.35094761848449707,64,0.0173,0.0,1,0,3,0,12,0.75,0.2311,0.8564,0.104,5,42,1,0.2801981568336487,0.6065382957458496,2.0478577613830566,0.01838,0.0,0.0
8,3711,0.4365,24,21,0.0,29.25,0.0,0.004017683211714029,0.28461387753486633,0.288500040769577,0.3836626410484314,-0.09921055287122726,0.03439781814813614,0.40990424156188965,0.0025690533220767975,0.00834660418331623,0.4313574433326721,64,0.0095,0.0,1,0,7,1,7,0.714,,,,,,,0.22999614477157593,0.6353778839111328,2.104050874710083,0.01752,,0.0
9,4163,0.4286,24,21,0.0,30.0,0.0,0.006765041034668684,0.3428882956504822,0.34150293469429016,0.34823906421661377,-0.09931540489196777,0.02883283421397209,0.38552868366241455,0.003039018251001835,0.008720194920897484,0.4264194071292877,64,0.0074,0.0,1,0,11,0,4,0.5,,,,,,,0.23290544748306274,0.5987751483917236,2.0763015747070312,0.01609,,0.0
10,4619,0.4206,24,21,0.1429,29.86,0.1429,0.0069027552381157875,0.24842342734336853,0.2410893440246582,0.36479219794273376,-0.09895320981740952,0.03147956356406212,0.39580726623535156,0.006882810033857822,0.009958024136722088,0.4092590808868408,64,0.0206,0.286,1,1,5,0,8,0.875,,,,,,,0.24178624153137207,0.6084646582603455,1.811669945716858,0.01624,,0.0
11,4981,0.4127,24,21,0.1429,30.0,0.1429,0.005106362514197826,0.2354055941104889,0.22370916604995728,0.6062250137329102,-0.09978022426366806,0.03784086927771568,0.6266509294509888,0.0054286932572722435,0.007345151621848345,0.4383668601512909,64,0.0102,0.143,4,0,6,0,5,0.6,,,,,,,0.22761806845664978,0.6768921613693237,2.1358397006988525,0.01586,,0.0
12,5316,0.4048,24,20,0.0,30.0,0.0,0.004753908142447472,0.2574760317802429,0.25691694021224976,0.4348093867301941,-0.09804452210664749,0.03243512660264969,0.4643465280532837,0.0035442535299807787,0.007274245377629995,0.42624741792678833,64,0.0092,0.0,5,0,6,0,5,0.8,,,,,,,0.23001787066459656,0.5937400460243225,1.9805994033813477,0.01561,,0.0
13,5678,0.3968,24,20,0.1429,29.71,0.1429,0.0043096947483718395,0.2857191562652588,0.28532326221466064,0.3594719171524048,-0.09822092950344086,0.04020500183105469,0.37360483407974243,0.0021686905529350042,0.007356042508035898,0.5347878336906433,64,0.0276,0.143,4,0,6,0,5,0.8,,,,,,,0.18366335332393646,0.71748948097229,2.144810676574707,0.0155,,0.0
14,6074,0.3889,24,20,0.0,30.0,0.0,0.0037909001111984253,0.27435868978500366,0.2676631212234497,0.31832146644592285,-0.09702464938163757,0.01945490576326847,0.3730899691581726,0.0035499383229762316,0.006692626513540745,0.5157806277275085,64,0.0237,0.0,3,0,7,0,6,0.833,0.1834,0.8198,0.0,0,47,1,0.18811224400997162,0.6035293340682983,2.1389479637145996,0.01531,0.0,0.0
15,6433,0.381,24,20,0.0,30.0,0.0,0.004451238550245762,0.28237637877464294,0.2799151837825775,0.33151406049728394,-0.09773606806993484,0.03614937141537666,0.3551575243473053,0.004389898851513863,0.003587746061384678,0.6213392615318298,64,0.0211,0.0,4,0,5,0,7,0.571,,,,,,,0.15729902684688568,0.5731706023216248,2.038027763366699,0.01508,,0.0
16,6793,0.373,24,20,0.0,28.0,0.0,0.0045727454125881195,0.27770310640335083,0.2673608660697937,0.4395751655101776,-0.0979367047548294,0.03409960865974426,0.46670442819595337,0.004946918226778507,0.005216408055275679,0.49871763586997986,64,0.0062,0.0,4,0,3,1,8,1.0,,,,,,,0.19637706875801086,0.6015197038650513,2.069410800933838,0.01546,,0.0
17,7192,0.3651,24,20,0.25,30.0,0.25,0.004914101678878069,0.25786328315734863,0.2708585560321808,0.3235325813293457,-0.09671825915575027,0.02053624391555786,0.37498873472213745,0.002573826117441058,0.0083791958168149,0.6257226467132568,64,0.0161,0.25,3,0,3,0,9,1.0,,,,,,,0.15457049012184143,0.5243122577667236,2.106597900390625,0.01599,,0.0
18,7612,0.3571,24,20,0.0,30.0,0.0,0.004141949117183685,0.21251139044761658,0.21018262207508087,0.43737176060676575,-0.09883883595466614,0.05261584371328354,0.4283515214920044,0.002308017574250698,0.005254833493381739,0.44557109475135803,64,0.0164,0.0,2,0,7,0,7,0.857,,,,,,,0.2218250334262848,0.7059043645858765,1.9802473783493042,0.0159,,0.0
19,8068,0.3492,24,19,0.2222,30.0,0.2222,0.007314402610063553,0.21563765406608582,0.21422943472862244,0.32522037625312805,-0.09956194460391998,0.04217838495969772,0.3369845151901245,0.002444586018100381,0.0068820505402982235,0.5630313754081726,64,0.0175,0.222,1,0,7,0,6,1.0,,,,,,,0.17683196067810059,0.6568107604980469,2.1314101219177246,0.01599,,0.0
20,8523,0.3413,24,19,0.0,30.0,0.0,0.006212116684764624,0.24988511204719543,0.244442880153656,0.3071158826351166,-0.0978282243013382,0.024506624788045883,0.3538166880607605,0.007410050369799137,0.00422832602635026,0.6311319470405579,64,0.0167,0.0,1,0,9,0,6,0.833,,,,,,,0.15500439703464508,0.6297200918197632,2.148375988006592,0.01572,,0.0
21,8951,0.3333,24,19,0.0,30.0,0.0,0.0066021461971104145,0.268934965133667,0.26742446422576904,0.8314963579177856,-0.09846274554729462,0.06183305382728577,0.8024958968162537,0.002175352768972516,0.007594216149300337,0.5291743278503418,64,0.0106,0.0,2,0,5,0,9,0.889,0.1351,0.8062,0.0,0,48,0,0.18606862425804138,0.6254093647003174,2.1278090476989746,0.01586,0.0,0.0
22,9341,0.3254,24,19,0.0,29.38,0.0,0.005747438874095678,0.2435944527387619,0.25266408920288086,0.33874768018722534,-0.09894557297229767,0.026171287521719933,0.3822798728942871,0.003363080322742462,0.006141612306237221,0.7426295876502991,64,0.0259,0.0,3,0,6,2,5,0.8,,,,,,,0.13323678076267242,0.6262533068656921,1.9669067859649658,0.01563,,0.0
23,9736,0.3175,24,19,0.1429,29.86,0.1429,0.008352406322956085,0.24533295631408691,0.23176315426826477,0.6365248560905457,-0.09807617217302322,0.03228098154067993,0.664597749710083,0.0027874859515577555,0.010882672853767872,0.5886481404304504,64,0.0271,0.143,3,0,6,0,6,0.833,,,,,,,0.16661255061626434,0.6383518576622009,2.1470396518707275,0.01561,,0.0
24,10133,0.3095,24,19,0.0,30.0,0.0,0.004147879779338837,0.2230258584022522,0.21317924559116364,0.657624363899231,-0.09811720252037048,0.03782740607857704,0.6751598119735718,0.002201214199885726,0.009853801690042019,0.553604781627655,64,0.0078,0.0,3,0,6,0,7,0.857,,,,,,,0.17723330855369568,0.6011313199996948,1.8814938068389893,0.01559,,0.0
25,10561,0.3016,24,19,0.0,30.0,0.0,0.005826788023114204,0.2456580251455307,0.24459023773670197,0.5043309926986694,-0.09588238596916199,0.03482776880264282,0.527782678604126,0.004032602999359369,0.0055503505282104015,0.566095769405365,64,0.0194,0.0,2,0,5,0,9,0.889,,,,,,,0.16937485337257385,0.5939645767211914,2.0412757396698,0.01572,,0.0
26,10984,0.2937,24,19,0.0,29.89,0.0,0.005124133080244064,0.2701426148414612,0.2652982473373413,0.3725433945655823,-0.09830629080533981,0.024791216477751732,0.4174899160861969,0.001672645565122366,0.0075546745210886,0.5414120554924011,64,0.0219,0.222,2,2,7,0,5,0.6,,,,,,,0.18157386779785156,0.7027348875999451,2.0259900093078613,0.01539,,0.0
27,11441,0.2857,24,18,0.25,30.0,0.25,0.004330263938754797,0.29846224188804626,0.2806985378265381,0.3889843821525574,-0.09940330684185028,0.04201669618487358,0.3983977437019348,0.0027466954197734594,0.011913138441741467,0.5755636096000671,64,0.0137,0.25,1,0,6,0,7,0.857,,,,,,,0.1727060228586197,0.5935204029083252,2.108611583709717,0.01547,,0.0
28,11870,0.2778,24,18,0.0,30.0,0.0,0.0032306467182934284,0.22572128474712372,0.22203433513641357,0.32702457904815674,-0.09852539747953415,0.03268059343099594,0.35567110776901245,0.0026158401742577553,0.009035355411469936,0.5889535546302795,64,0.0271,0.0,2,0,5,0,9,1.0,0.1806,0.778,0.062,2,44,1,0.1672889143228531,0.6547460556030273,2.1087262630462646,0.01567,0.0208,0.0208
29,12235,0.2698,24,18,0.0,30.0,0.0,0.0032908599823713303,0.2886011600494385,0.30086880922317505,0.3295512795448303,-0.09693872928619385,0.025548163801431656,0.37172824144363403,0.0018273198511451483,0.007330904249101877,0.7598430514335632,64,0.0117,0.0,4,0,7,0,5,1.0,,,,,,,0.1275773048400879,0.685563325881958,2.052596092224121,0.01561,,0.0208
30,12662,0.2619,24,18,0.1429,30.0,0.1429,0.005146523006260395,0.2453661561012268,0.25862619280815125,0.5418215394020081,-0.09876153618097305,0.021212253719568253,0.5965029001235962,0.001719504245556891,0.00331129040569067,0.5652346014976501,64,0.0124,0.143,2,0,5,1,7,1.0,,,,,,,0.17472662031650543,0.6405565738677979,1.9259694814682007,0.01572,,0.0208
31,13058,0.254,24,18,0.0,30.0,0.0,0.004447706043720245,0.24749070405960083,0.27016809582710266,0.5038378238677979,-0.09725971519947052,0.039628833532333374,0.5164499282836914,0.0018538590520620346,0.010779816657304764,0.6034333109855652,64,0.035,0.0,3,0,5,0,8,0.875,,,,,,,0.16117723286151886,0.6823222041130066,2.0846498012542725,0.01578,,0.0208
32,13547,0.246,24,18,0.1667,29.83,0.1667,0.008817650377750397,0.20339320600032806,0.1966908574104309,0.2786388099193573,-0.09770148247480392,0.0172037985175848,0.3363742530345917,0.005702279508113861,0.01111691165715456,0.6622259020805359,64,0.0228,0.333,0,1,4,0,10,0.8,,,,,,,0.14753498136997223,0.6189321279525757,2.1577491760253906,0.01587,,0.0208
33,13969,0.2381,24,18,0.0,29.8,0.0,0.008195977658033371,0.23311291635036469,0.2265719771385193,0.34953805804252625,-0.09971655905246735,0.03679453954100609,0.37223565578460693,0.0031985710375010967,0.0068597993813455105,0.6970697045326233,64,0.0426,0.0,2,0,9,1,4,0.75,,,,,,,0.14305105805397034,0.6522002220153809,2.085886001586914,0.01561,,0.0208
34,14395,0.2302,24,17,0.1429,29.86,0.1429,0.003959674388170242,0.23050574958324432,0.22357521951198578,0.33117395639419556,-0.09754826128482819,0.02478778176009655,0.3750278055667877,0.002466080244630575,0.00823769997805357,0.5703446269035339,64,0.0234,0.143,2,0,6,0,7,1.0,,,,,,,0.17103388905525208,0.6650407314300537,2.1144626140594482,0.0157,,0.0208
35,14823,0.2222,24,17,0.1667,30.0,0.1667,0.004995550960302353,0.21946755051612854,0.1984270066022873,0.2937719225883484,-0.09731823951005936,0.029288295656442642,0.3298628628253937,0.0023240738082677126,0.00530143640935421,0.9598919153213501,64,0.0337,0.167,2,0,4,1,8,0.875,0.1691,0.8039,0.021,1,46,1,0.10138458013534546,0.6617527008056641,2.155061721801758,0.01579,0.0,0.0208
36,15281,0.2143,24,17,0.0,30.0,0.0,0.002843415830284357,0.21467137336730957,0.2079557478427887,0.2849433124065399,-0.09778928756713867,0.02471492998301983,0.3276490867137909,0.001666013733483851,0.011307314969599247,0.7597337961196899,64,0.0229,0.0,1,0,6,0,9,0.889,,,,,,,0.12871521711349487,0.5998170375823975,2.1716809272766113,0.01584,,0.0208
37,15735,0.2063,24,17,0.2,30.0,0.2,0.006524228025227785,0.20332321524620056,0.20335859060287476,0.3869819641113281,-0.09851491451263428,0.04724401235580444,0.38859260082244873,0.0026946598663926125,0.004832503851503134,0.5731620788574219,64,0.0223,0.2,1,0,8,0,5,0.6,,,,,,,0.17187967896461487,0.5607255697250366,2.0805537700653076,0.0157,,0.0208
38,16156,0.1984,24,17,0.1667,30.0,0.1667,0.005140135996043682,0.23178870975971222,0.22521688044071198,0.44031065702438354,-0.09732640534639359,0.03809617832303047,0.45813196897506714,0.002930899616330862,0.006625467445701361,0.7302088141441345,64,0.0271,0.167,2,0,5,0,8,0.75,,,,,,,0.13328570127487183,0.5990379452705383,2.133739471435547,0.01572,,0.0208
39,16613,0.1905,24,17,0.0,30.0,0.0,0.0039793746545910835,0.2256639003753662,0.22553864121437073,0.43452560901641846,-0.09453511983156204,0.028802454471588135,0.46872764825820923,0.001740806270390749,0.005456315819174051,0.7588036060333252,64,0.0208,0.0,1,0,7,0,8,0.875,,,,,,,0.12458443641662598,0.595813512802124,2.0179009437561035,0.01571,,0.0208
40,17034,0.1825,24,17,0.0,30.0,0.0,0.00396753940731287,0.24965472519397736,0.25836819410324097,0.3245357275009155,-0.09498396515846252,0.021507686004042625,0.372480571269989,0.0020454025361686945,0.008047536946833134,0.6589247584342957,64,0.0279,0.0,2,0,7,1,6,0.833,,,,,,,0.14414995908737183,0.6345838308334351,2.126209259033203,0.01562,,0.0208
41,17431,0.1746,24,17,0.0,30.0,0.0,0.0033213389106094837,0.22827239334583282,0.23435930907726288,0.3330271244049072,-0.0965978354215622,0.020562585443258286,0.38640135526657104,0.001209980109706521,0.004196899011731148,0.7379521727561951,64,0.0257,0.0,3,0,6,0,7,1.0,,,,,,,0.13089986145496368,0.6938961744308472,2.1433427333831787,0.01566,,0.0208
42,17826,0.1667,24,16,0.0,30.0,0.0,0.0038717009592801332,0.1785030961036682,0.17130163311958313,0.39942970871925354,-0.09583032131195068,0.05963745713233948,0.3728318512439728,0.0013849294045940042,0.006306528579443693,1.0064316987991333,64,0.0319,0.0,3,0,7,1,5,1.0,0.132,0.755,0.042,2,44,2,0.09521791338920593,0.6099379062652588,2.123924970626831,0.0156,0.0,0.0208
43,18192,0.1587,24,16,0.1667,30.0,0.1667,0.003845806000754237,0.23687657713890076,0.23761717975139618,0.3045441210269928,-0.09525490552186966,0.03572451323270798,0.32600539922714233,0.0016665314324200153,0.004689212888479233,1.0017774105072021,64,0.0165,0.167,4,0,5,0,6,1.0,,,,,,,0.09508590400218964,0.6517452001571655,2.190822124481201,0.01567,,0.0208
44,18612,0.1508,24,16,0.0,29.83,0.0,0.0029849563725292683,0.24434974789619446,0.24819649755954742,0.3456198275089264,-0.09619497507810593,0.02230982482433319,0.3944314122200012,0.0021717611234635115,0.005527513567358255,0.8066710829734802,64,0.0234,0.083,2,1,9,2,2,1.0,,,,,,,0.11924931406974792,0.6034258604049683,2.011744260787964,0.01542,,0.0208
45,19100,0.1429,24,16,0.0,30.0,0.0,0.007245897781103849,0.22809559106826782,0.22753611207008362,0.34797146916389465,-0.09045010060071945,0.02024446427822113,0.39476680755615234,0.006576151587069035,0.0063316733576357365,0.9383730292320251,64,0.0291,0.0,0,0,7,1,8,0.875,,,,,,,0.09639034420251846,0.7197861075401306,2.0557641983032227,0.01539,,0.0208
46,19584,0.1349,24,16,0.3333,30.0,0.3333,0.004981520585715771,0.22898699343204498,0.24431119859218597,0.33958664536476135,-0.09559565037488937,0.02947625145316124,0.37341129779815674,0.001948665245436132,0.005637016613036394,0.765695333480835,64,0.0285,0.417,0,1,7,0,4,1.0,,,,,,,0.12484815716743469,0.5974568724632263,2.109114646911621,0.01542,,0.0208
47,20009,0.127,24,16,0.0,30.0,0.0,0.004794496111571789,0.22725915908813477,0.21420437097549438,0.29719868302345276,-0.09815622121095657,0.032878726720809937,0.3272601366043091,0.0048847985453903675,0.00467463256791234,0.7223679423332214,64,0.0355,0.0,2,0,9,0,5,1.0,,,,,,,0.1358812004327774,0.68585604429245,2.1914143562316895,0.01534,,0.0208
48,20433,0.119,24,16,0.1667,29.83,0.1667,0.0031362806912511587,0.22010640799999237,0.2159247249364853,0.2651897668838501,-0.09642373770475388,0.016860511153936386,0.3253726065158844,0.0015298136277124286,0.005039727780967951,1.0301108360290527,64,0.0186,0.167,2,0,5,0,8,0.75,,,,,,,0.09360520541667938,0.6389235258102417,2.2103185653686523,0.01537,,0.0208
49,20831,0.1111,24,15,0.0,30.0,0.0,0.004567684605717659,0.16420724987983704,0.16279669106006622,0.3255506753921509,-0.09556931257247925,0.022106414660811424,0.37378692626953125,0.002731457818299532,0.006240508984774351,0.6983338594436646,64,0.0206,0.0,3,0,5,0,8,1.0,0.125,0.6797,0.062,2,45,0,0.13685333728790283,0.5801549553871155,2.0758984088897705,0.01546,0.0208,0.0208
50,21262,0.1032,24,15,0.0,30.0,0.0,0.005681837908923626,0.2044975757598877,0.20269381999969482,0.4413868486881256,-0.09609473496675491,0.06730155646800995,0.3957861363887787,0.0016443381318822503,0.014184640720486641,0.9592666625976562,64,0.0174,0.0,2,0,3,0,11,0.909,,,,,,,0.10017520189285278,0.6673542857170105,2.0055465698242188,0.01561,,0.0208
51,21614,0.0952,24,15,0.0,30.0,0.0,0.0037010805681347847,0.2575537860393524,0.26957106590270996,0.5087952613830566,-0.09173377603292465,0.053539715707302094,0.4897569417953491,0.0016603447729721665,0.00738531444221735,0.653474748134613,64,0.0381,0.0,4,0,5,0,7,0.714,,,,,,,0.1403784453868866,0.6330722570419312,1.9046448469161987,0.01559,,0.0208
52,22067,0.0873,24,15,0.0,30.0,0.0,0.0035795746371150017,0.23583078384399414,0.2375013679265976,0.3186691403388977,-0.09263718873262405,0.040291815996170044,0.32805922627449036,0.0011467768345028162,0.005326916929334402,1.0399360656738281,64,0.0457,0.0,1,0,7,0,8,0.75,,,,,,,0.08907969295978546,0.65289306640625,2.14251446723938,0.01554,,0.0208
53,22511,0.0794,24,15,0.0,28.9,0.0,0.0032118894159793854,0.1879192292690277,0.1910153180360794,0.4831472635269165,-0.09688591212034225,0.0407220683991909,0.4941789507865906,0.0012420113198459148,0.008820169605314732,0.9246919751167297,64,0.041,0.0,1,0,8,2,5,1.0,,,,,,,0.10477641224861145,0.6771700382232666,1.8388322591781616,0.01546,,0.0208
54,22936,0.0714,24,15,0.125,29.88,0.125,0.004529411904513836,0.19302286207675934,0.18729394674301147,0.688511312007904,-0.09234286844730377,0.026426954194903374,0.7251218557357788,0.001884500845335424,0.00575682008638978,0.7956845164299011,64,0.0384,0.125,2,0,7,0,6,0.833,,,,,,,0.11605462431907654,0.6762589812278748,1.9740748405456543,0.01543,,0.0208
55,23241,0.0635,24,15,0.0,30.0,0.0,0.004748926497995853,0.2780851721763611,0.27172043919563293,0.3657704293727875,-0.0949457511305809,0.046306878328323364,0.3642173409461975,0.0012193224392831326,0.007770203985273838,1.0212876796722412,64,0.049,0.0,6,0,5,0,5,0.8,,,,,,,0.0929667055606842,0.6680368185043335,1.9875668287277222,0.0154,,0.0208
56,23637,0.0556,24,15,0.1429,30.0,0.1429,0.003356090746819973,0.23528987169265747,0.24109968543052673,0.3055242598056793,-0.0930851548910141,0.034903451800346375,0.32570573687553406,0.0022750699426978827,0.006193603854626417,0.8314469456672668,64,0.0375,0.143,3,0,6,0,6,1.0,0.1113,0.7144,0.271,13,35,0,0.11195561289787292,0.6429721117019653,2.1649041175842285,0.01544,0.0,0.0208
57,24002,0.0476,24,14,0.1667,29.83,0.1667,0.0023613309022039175,0.199135884642601,0.21123546361923218,0.4051972031593323,-0.09681931138038635,0.05537710711359978,0.3878649175167084,0.0016428242670372128,0.006794723216444254,0.9288031458854675,64,0.0428,0.333,4,1,3,1,6,1.0,,,,,,,0.10424093157052994,0.5684760212898254,2.039699077606201,0.0155,,0.0208
58,24461,0.0397,24,14,0.1667,30.0,0.1667,0.0033036682289093733,0.25260376930236816,0.24613390862941742,0.3707762658596039,-0.0945771187543869,0.02228558622300625,0.41754481196403503,0.0013865622458979487,0.006474766414612532,0.8182849884033203,64,0.0371,0.333,1,1,4,0,9,0.889,,,,,,,0.11557967960834503,0.7042341232299805,2.06455135345459,0.01558,,0.0208
59,24873,0.0317,24,14,0.0,29.0,0.0,0.0024525863118469715,0.25765347480773926,0.25730612874031067,0.5161524415016174,-0.08863023668527603,0.08988188207149506,0.4208851158618927,0.0012236256152391434,0.008267697878181934,0.875762403011322,64,0.063,0.0,2,0,9,2,3,1.0,,,,,,,0.10120351612567902,0.6634381413459778,2.0655856132507324,0.01544,,0.0208
60,25301,0.0238,24,14,0.0,30.0,0.0,0.004293990321457386,0.1713232547044754,0.16202470660209656,0.3310166001319885,-0.09575238078832626,0.023933440446853638,0.37293386459350586,0.002707716543227434,0.011936498805880547,1.0313504934310913,64,0.0458,0.0,2,0,6,0,8,1.0,,,,,,,0.0928417444229126,0.6988336443901062,2.0468297004699707,0.01549,,0.0208
61,25665,0.0159,24,14,0.0,29.4,0.0,0.00328469043597579,0.23973135650157928,0.2434002161026001,0.35528048872947693,-0.09838417172431946,0.03985217213630676,0.3713546395301819,0.0018919163849204779,0.005211328621953726,0.8406085968017578,64,0.0483,0.0,4,0,4,1,7,0.857,,,,,,,0.11703921854496002,0.6999372243881226,2.1509525775909424,0.01551,,0.0208
62,26121,0.0079,24,14,0.0,29.88,0.0,0.003843211568892002,0.20777402818202972,0.20345938205718994,0.3532029390335083,-0.09457951784133911,0.03720509260892868,0.37158694863319397,0.0016028385143727064,0.0035706902854144573,0.9176792502403259,64,0.0607,0.0,1,0,7,1,7,1.0,,,,,,,0.10306379199028015,0.6567124128341675,2.089566230773926,0.0155,,0.0208
63,26547,0.0,24,14,0.0,29.86,0.0,0.002821585163474083,0.21509695053100586,0.2254014015197754,0.45885950326919556,-0.09572471678256989,0.03955439478158951,0.4725896418094635,0.001454800134524703,0.00577156338840723,0.6876599192619324,64,0.0438,0.0,2,0,6,1,7,1.0,0.0966,0.7655,0.167,5,38,2,0.13920357823371887,0.6887843012809753,1.9838230609893799,0.01552,0.0625,0.0625
64,26974,0.0,24,13,0.0,30.0,0.0,0.0030413505155593157,0.1927555799484253,0.19557076692581177,0.3406928479671478,-0.08940482139587402,0.0506293922662735,0.3254685699939728,0.0010949029820039868,0.006740600802004337,1.2185887098312378,64,0.0454,0.0,2,0,6,1,7,1.0,,,,,,,0.07336752116680145,0.6152981519699097,2.2020082473754883,0.01553,,0.0625
65,27338,0.0,24,13,0.0,30.0,0.0,0.002648682566359639,0.22613541781902313,0.2158866822719574,0.40677323937416077,-0.09756150841712952,0.0611703023314476,0.37940454483032227,0.00104834686499089,0.005179218482226133,0.8996405601501465,64,0.055,0.0,4,0,8,0,4,1.0,,,,,,,0.10844498872756958,0.609192967414856,2.0649538040161133,0.01547,,0.0625
66,27794,0.0,24,13,0.2222,30.0,0.2222,0.002108103595674038,0.2247908115386963,0.22828532755374908,0.3832126259803772,-0.08785039186477661,0.054528843611478806,0.3570365309715271,0.0017737626330927014,0.009937599301338196,1.3354480266571045,64,0.0478,0.222,1,0,7,0,6,1.0,,,,,,,0.06578345596790314,0.6938834190368652,2.081476926803589,0.01551,,0.0625
67,28254,0.0,24,13,0.0,30.0,0.0,0.0036276699975132942,0.1906386911869049,0.1955784410238266,0.5033135414123535,-0.0905749648809433,0.11037515103816986,0.3715727627277374,0.0013967844424769282,0.003130876924842596,0.8977449536323547,64,0.0482,0.0,1,0,5,0,10,1.0,,,,,,,0.10089164972305298,0.6812832355499268,2.04453182220459,0.01561,,0.0625
68,28709,0.0,24,13,0.0,29.89,0.0,0.002786124823614955,0.18417829275131226,0.17740021646022797,0.7325701117515564,-0.09550321102142334,0.07737597078084946,0.6697189211845398,0.0013878695899620652,0.007204878609627485,0.9336904883384705,64,0.0371,0.111,1,1,8,0,6,1.0,,,,,,,0.1022857278585434,0.6776518225669861,2.1038599014282227,0.01557,,0.0625
69,29168,0.0,24,13,0.0,30.0,0.0,0.002450820989906788,0.17706038057804108,0.17853423953056335,0.391867458820343,-0.08314593881368637,0.02742205187678337,0.4175603687763214,0.0016553730238229036,0.005217863712459803,1.1375592947006226,64,0.0486,0.0,1,0,6,0,9,0.889,,,,,,,0.073091521859169,0.6054012775421143,2.0653655529022217,0.0156,,0.0625
70,29639,0.0,24,13,0.0,29.14,0.0,0.0037001194432377815,0.2375720888376236,0.23348596692085266,0.4076234996318817,-0.09726287424564362,0.06046753749251366,0.3819931149482727,0.0012063570320606232,0.003916372079402208,1.3074519634246826,64,0.056,0.143,0,1,5,1,9,0.667,0.1262,0.6686,0.271,9,34,1,0.07439116388559341,0.7043408155441284,2.056736469268799,0.01555,0.0833,0.0833
71,30130,0.0,24,13,0.0,30.0,0.0,0.0028702616691589355,0.2825608551502228,0.2817922532558441,0.5224788784980774,-0.09041187167167664,0.09611477702856064,0.4174262583255768,0.001358300680294633,0.006469835992902517,1.641573190689087,64,0.0591,0.0,0,0,5,0,11,1.0,,,,,,,0.05507635697722435,0.6438368558883667,2.087775230407715,0.01567,,0.0833
72,30556,0.0,24,12,0.1667,29.67,0.1667,0.002439693082123995,0.20234796404838562,0.18953865766525269,0.314920574426651,-0.10000000149011612,0.020129118114709854,0.37120306491851807,0.0016713420627638698,0.006918564438819885,0.982929527759552,64,0.0402,0.167,2,0,4,1,8,1.0,,,,,,,0.10173669457435608,0.6654772758483887,2.1141324043273926,0.01574,,0.0833
73,30983,0.0,24,12,0.0,30.0,0.0,0.0018755057826638222,0.19718512892723083,0.19832976162433624,0.8573200702667236,-0.09547583013772964,0.05481937527656555,0.8399442434310913,0.00223819469101727,0.006425831932574511,0.8033795356750488,64,0.0404,0.0,2,0,7,0,7,1.0,,,,,,,0.11884275823831558,0.7005652189254761,1.886109471321106,0.01575,,0.0833
74,31440,0.0,24,12,0.0,30.0,0.0,0.0035546226426959038,0.15790635347366333,0.15165798366069794,0.3960014581680298,-0.08980018645524979,0.03299543261528015,0.41760653257369995,0.0013697424437850714,0.0044084894470870495,1.0749033689498901,64,0.0741,0.0,1,0,8,0,7,0.857,,,,,,,0.08354255557060242,0.6599170565605164,1.9945433139801025,0.01571,,0.0833
75,31925,0.0,24,12,0.0,30.0,0.0,0.0030994080007076263,0.1852775514125824,0.18971799314022064,0.3755032420158386,-0.08629769086837769,0.06605242937803268,0.32621055841445923,0.001464062137529254,0.0069709718227386475,1.53338623046875,64,0.0666,0.0,0,0,9,2,5,1.0,,,,,,,0.05627916380763054,0.6405779123306274,2.1957602500915527,0.01563,,0.0833
76,32383,0.0,24,12,0.2857,30.0,0.2857,0.00243734335526824,0.24237778782844543,0.24505433440208435,0.9560419321060181,-0.09371249377727509,0.05499837547540665,0.9360171556472778,0.002084549516439438,0.00748110469430685,0.9324855804443359,64,0.03,0.429,1,1,4,0,8,0.75,,,,,,,0.1004975363612175,0.7361377477645874,2.075117826461792,0.01566,,0.0833
77,32747,0.0,24,12,0.0,30.0,0.0,0.002671613357961178,0.1850433647632599,0.1884772777557373,0.33455801010131836,-0.09710612893104553,0.029073242098093033,0.3718786835670471,0.0015128725208342075,0.0032779499888420105,1.151195764541626,64,0.0678,0.0,4,0,8,0,4,0.75,0.1263,0.7764,0.062,2,42,3,0.08435240387916565,0.7514550089836121,2.1120147705078125,0.01557,0.0208,0.0833
78,33202,0.0,24,12,0.1667,29.33,0.1667,0.0031406362541019917,0.1945664882659912,0.18637602031230927,0.6426843404769897,-0.09164910018444061,0.03192455321550369,0.6672917008399963,0.0017458461225032806,0.00638530682772398,1.3532975912094116,64,0.0532,0.167,1,0,4,1,9,1.0,,,,,,,0.06772279739379883,0.6186375021934509,2.134777545928955,0.01566,,0.0833
79,33560,0.0,24,11,0.0,27.5,0.0,0.0020928215235471725,0.2205415666103363,0.2245594561100006,0.3620864748954773,-0.08929575979709625,0.061746418476104736,0.32546260952949524,0.001682885573245585,0.004853618331253529,1.57306706905365,64,0.0727,0.0,4,0,3,1,8,0.875,,,,,,,0.05676538869738579,0.6562871932983398,2.222942352294922,0.0157,,0.0833
80,34002,0.0,24,11,0.0,30.0,0.0,0.0019296614918857813,0.2141188234090805,0.2081482708454132,0.43964698910713196,-0.09921322762966156,0.03619571030139923,0.46281883120536804,0.0009997166926041245,0.0072999498806893826,0.8360757231712341,64,0.0581,0.0,1,0,7,0,8,0.75,,,,,,,0.11866535991430283,0.7012683749198914,2.0030903816223145,0.01568,,0.0833
81,34427,0.0,24,11,0.125,29.88,0.125,0.002226228592917323,0.17353874444961548,0.1703089326620102,0.34676215052604675,-0.09787020087242126,0.03504956141114235,0.3712976574897766,0.00157204142306,0.0064711794257164,0.9130196571350098,64,0.0485,0.125,2,0,6,1,6,1.0,,,,,,,0.1071939691901207,0.7422112822532654,2.119892120361328,0.01569,,0.0833
82,34871,0.0,24,11,0.1,28.9,0.1,0.0026707048527896404,0.2359466552734375,0.23572109639644623,0.3019055724143982,-0.08855512738227844,0.03004544787108898,0.3262183666229248,0.0010359372245147824,0.008302857168018818,1.1875075101852417,64,0.0526,0.2,1,1,6,2,5,0.8,,,,,,,0.07457227259874344,0.6873573064804077,2.1382930278778076,0.01563,,0.0833
83,35292,0.0,24,11,0.1111,29.56,0.1111,0.0024048197083175182,0.16369599103927612,0.1600775420665741,0.3534909784793854,-0.0951419547200203,0.037465985864400864,0.3714568018913269,0.0022205347195267677,0.004488305654376745,1.1993345022201538,64,0.0457,0.111,2,0,7,1,5,1.0,,,,,,,0.07932895421981812,0.7416242361068726,2.121232032775879,0.01561,,0.0833
84,35746,0.0,24,11,0.0,29.75,0.0,0.001652080682106316,0.1662520170211792,0.1647903472185135,0.40970584750175476,-0.09441635012626648,0.06523291766643524,0.371890127658844,0.0015067385975271463,0.0035324874334037304,0.9032646417617798,64,0.054,0.0,1,0,7,1,7,0.857,0.1104,0.7124,0.062,1,45,0,0.10452789813280106,0.7105816602706909,2.1058006286621094,0.01558,0.0417,0.0833
85,36232,0.0,24,11,0.0,30.0,0.0,0.002135553630068898,0.24141208827495575,0.2477037012577057,0.39965322613716125,-0.09644109010696411,0.08371519297361374,0.32546138763427734,0.0014376837061718106,0.006405051331967115,1.3941103219985962,64,0.0496,0.0,0,0,10,0,6,0.833,,,,,,,0.0691775232553482,0.6945217847824097,2.231217861175537,0.01551,,0.0833
86,36679,0.0,24,11,0.0,30.0,0.0,0.0020354364532977343,0.2068307250738144,0.2010781466960907,0.9210100769996643,-0.09006030857563019,0.02335532382130623,0.9619442224502563,0.0011742692440748215,0.004831019788980484,1.4085613489151,64,0.0683,0.0,1,0,5,1,9,0.889,,,,,,,0.06393779814243317,0.5875726938247681,2.048734426498413,0.01554,,0.0833
87,37137,0.0,24,10,0.3333,29.83,0.3333,0.003842479083687067,0.23664237558841705,0.2274913787841797,0.37085986137390137,-0.09748201072216034,0.03643937036395073,0.392902672290802,0.002296605845913291,0.005120903253555298,0.9923825263977051,64,0.0567,0.333,1,0,4,0,9,1.0,,,,,,,0.09823027998209,0.6622816324234009,2.060025691986084,0.01564,,0.0833
88,37564,0.0,24,10,0.0,30.0,0.0,0.0026949227321892977,0.18306228518486023,0.1723175048828125,0.4463626444339752,-0.09211093187332153,0.07023468613624573,0.3952844738960266,0.0010737114353105426,0.005439443979412317,1.0978425741195679,64,0.0467,0.0,2,0,7,0,7,1.0,,,,,,,0.0839017778635025,0.6321017146110535,2.066215991973877,0.01565,,0.0833
89,37985,0.0,24,10,0.0909,29.82,0.0909,0.004112971015274525,0.24754053354263306,0.2508130371570587,0.41738855838775635,-0.08916431665420532,0.04365887492895126,0.41688042879104614,0.0022730156779289246,0.0047093722969293594,1.0202158689498901,64,0.0522,0.182,2,1,9,0,3,1.0,,,,,,,0.0873974859714508,0.5962429046630859,2.0362539291381836,0.01559,,0.0833
90,38385,0.0,24,10,0.0,30.0,0.0,0.003382587805390358,0.21158254146575928,0.21302354335784912,0.32791632413864136,-0.09212018549442291,0.04442257806658745,0.3283303380012512,0.0019258952233940363,0.005722034722566605,1.3298511505126953,64,0.0805,0.0,3,0,3,0,10,1.0,,,,,,,0.06927105784416199,0.723578929901123,2.1486682891845703,0.01568,,0.0833
91,38783,0.0,24,10,0.0,30.0,0.0,0.0015918249264359474,0.17521557211875916,0.16927579045295715,0.3805140554904938,-0.09315355122089386,0.07273038476705551,0.3261595368385315,0.0012855640379711986,0.004094589967280626,1.2014495134353638,64,0.0472,0.0,3,0,5,0,8,0.875,0.0936,0.6634,0.188,5,37,2,0.07753430306911469,0.6912702322006226,2.1872143745422363,0.0157,0.0833,0.0833
92,39267,0.0,24,10,0.0909,29.91,0.0909,0.003122734371572733,0.21471649408340454,0.21606874465942383,0.4578404426574707,-0.09122179448604584,0.11024534702301025,0.3254823684692383,0.002249372424557805,0.006178393494337797,1.3944753408432007,64,0.0423,0.182,0,1,9,0,5,1.0,,,,,,,0.06541657447814941,0.7823156714439392,2.1800930500030518,0.01566,,0.0833
93,39662,0.0,24,10,0.1429,29.86,0.1429,0.004391705617308617,0.21167205274105072,0.20524248480796814,0.3353915810585022,-0.09728109836578369,0.028642019256949425,0.3721451759338379,0.0015282540116459131,0.006486923433840275,1.010799765586853,64,0.0549,0.286,3,1,4,1,6,1.0,,,,,,,0.09624171257019043,0.6429653167724609,2.1036062240600586,0.01568,,0.0833
94,39963,0.0,24,9,0.25,29.88,0.25,0.002746765036135912,0.19439882040023804,0.19950050115585327,0.3512900471687317,-0.0922083929181099,0.034413356333971024,0.3711851239204407,0.0016753977397456765,0.006973202805966139,1.3073614835739136,64,0.0338,0.25,6,0,5,1,2,1.0,,,,,,,0.07053014636039734,0.620561957359314,2.118570566177368,0.01566,,0.0833
95,40421,0.0,24,9,0.1429,30.0,0.1429,0.002807696582749486,0.19454026222229004,0.18770426511764526,0.4433566927909851,-0.09754060208797455,0.06077934801578522,0.4172351360321045,0.001833673333749175,0.004206882789731026,1.0096853971481323,64,0.0301,0.143,1,0,6,0,8,1.0,,,,,,,0.09660494327545166,0.7364107966423035,2.049370288848877,0.01571,,0.0833
96,40873,0.0,24,9,0.1429,29.29,0.1429,0.0026565606240183115,0.24632784724235535,0.2382117509841919,0.4610561728477478,-0.09899856150150299,0.09322717040777206,0.3712835907936096,0.0015130877727642655,0.004633612465113401,1.0942398309707642,64,0.0379,0.286,1,1,4,1,8,0.875,,,,,,,0.09047245979309082,0.7149249911308289,2.1562280654907227,0.01573,,0.0833
97,41322,0.0,24,9,0.2,29.4,0.2,0.00240223272703588,0.23419199883937836,0.23704120516777039,0.3382573127746582,-0.09058192372322083,0.026952868327498436,0.37130025029182434,0.0009385236771777272,0.007266533095389605,1.3790104389190674,64,0.0397,0.4,1,1,3,0,10,0.7,,,,,,,0.0656861737370491,0.5764420032501221,2.1152091026306152,0.01575,,0.0833
98,41718,0.0,24,9,0.1667,29.83,0.1667,0.0015379484975710511,0.22630226612091064,0.2144491821527481,0.40337029099464417,-0.0954236388206482,0.03909137845039368,0.41687875986099243,0.000991850858554244,0.007464802823960781,1.0636733770370483,64,0.0286,0.167,3,0,4,1,7,1.0,0.108,0.6265,0.104,5,43,0,0.08971141278743744,0.6305582523345947,2.0331482887268066,0.0158,0.0,0.0833
99,42083,0.0,24,9,0.1429,30.0,0.1429,0.00402709050104022,0.1759074330329895,0.17610099911689758,0.43374255299568176,-0.09978516399860382,0.0515141636133194,0.4272844195365906,0.001072219922207296,0.0064299944788217545,0.9511222243309021,64,0.0507,0.143,4,0,6,0,5,1.0,,,,,,,0.10491307824850082,0.7157646417617798,2.089200735092163,0.0158,,0.0833
100,42467,0.0,24,9,0.0,28.62,0.0,0.0025937058962881565,0.21095509827136993,0.21642756462097168,0.3088172972202301,-0.08567038178443909,0.033209629356861115,0.32637524604797363,0.001469898852519691,0.0033863219432532787,1.679632544517517,64,0.053,0.125,3,1,5,2,5,0.8,,,,,,,0.05100543051958084,0.666864275932312,2.2028164863586426,0.01575,,0.0833
101,42830,0.0,24,9,0.0,30.0,0.0,0.00152637530118227,0.19907890260219574,0.18623322248458862,0.4852360188961029,-0.0990319475531578,0.08260221779346466,0.417598694562912,0.0013721738941967487,0.0029296663124114275,0.7832288146018982,64,0.0534,0.0,4,0,9,0,3,1.0,,,,,,,0.12644062936306,0.7348437309265137,2.0728542804718018,0.01569,,0.0833
102,43284,0.0,24,8,0.0,29.9,0.0,0.0019238325767219067,0.1923581063747406,0.20151469111442566,0.3841612637042999,-0.08027787506580353,0.046705212444067,0.36724960803985596,0.0017301011830568314,0.007558243349194527,1.278319001197815,64,0.0448,0.2,1,2,7,1,5,1.0,,,,,,,0.06279955804347992,0.7986546754837036,2.076110363006592,0.01564,,0.0833
103,43711,0.0,24,8,0.1667,29.83,0.1667,0.0015928205102682114,0.23119983077049255,0.22592097520828247,0.37000638246536255,-0.09648174792528152,0.046340759843587875,0.3714412450790405,0.0012519382871687412,0.004730711225420237,1.4008277654647827,64,0.0409,0.333,2,1,3,1,8,0.875,,,,,,,0.06887481361627579,0.7910668849945068,2.0968403816223145,0.01567,,0.0833
104,44137,0.0,24,8,0.0,29.86,0.0,0.0021957485005259514,0.22249996662139893,0.22346067428588867,0.2991887927055359,-0.09551548212766647,0.033183276653289795,0.32560107111930847,0.0007652064086869359,0.005473291035741568,1.1185312271118164,64,0.079,0.143,2,1,5,1,7,0.857,,,,,,,0.08539366722106934,0.6332511901855469,2.1941354274749756,0.01566,,0.0833
105,44565,0.0,24,8,0.2,30.0,0.2,0.0013854260323569179,0.21405774354934692,0.21097789704799652,0.32048049569129944,-0.09367179125547409,0.020628726109862328,0.37128329277038574,0.0013293654192239046,0.003223072038963437,0.9689461588859558,64,0.0455,0.2,2,0,4,0,9,0.778,0.0973,0.6409,0.104,5,40,3,0.096673883497715,0.7046477794647217,2.1225037574768066,0.01568,0.0,0.0833
106,45024,0.0,24,8,0.5,30.0,0.5,0.001687600277364254,0.21618777513504028,0.21855396032333374,0.4719173312187195,-0.09704954922199249,0.07493899017572403,0.41735661029815674,0.0010433472925797105,0.0034646030981093645,0.9540644884109497,64,0.0437,0.5,1,0,3,0,9,1.0,,,,,,,0.10172221064567566,0.7107152938842773,2.050398349761963,0.01579,,0.0833
107,45452,0.0,24,8,0.0,30.0,0.0,0.002194862812757492,0.1990547627210617,0.1972701996564865,0.42407193779945374,-0.08923879265785217,0.04549076780676842,0.41867393255233765,0.002042710315436125,0.007310483139008284,0.9788963198661804,64,0.0315,0.0,2,0,6,0,8,0.625,,,,,,,0.09116266667842865,0.7039577960968018,2.086763381958008,0.01575,,0.0833
108,45876,0.0,24,8,0.2857,29.57,0.2857,0.0013533375458791852,0.20218978822231293,0.2061796635389328,0.4748207926750183,-0.09241452813148499,0.07305686920881271,0.41845911741256714,0.0011522409040480852,0.0053249322809278965,0.8690446019172668,64,0.0333,0.286,2,0,5,0,7,1.0,,,,,,,0.10634036362171173,0.7377560138702393,2.028256416320801,0.0158,,0.0833
109,46182,0.0,24,7,0.0,30.0,0.0,0.004233964253216982,0.15479694306850433,0.15921683609485626,0.4630358815193176,-0.0920221209526062,0.09035428613424301,0.3715207576751709,0.002717631636187434,0.005657298024743795,1.219887375831604,64,0.0499,0.0,6,0,3,1,6,0.833,,,,,,,0.07543493807315826,0.6315142512321472,2.1220591068267822,0.01581,,0.0833
110,46673,0.0,24,7,0.0,30.0,0.0,0.0022710298653692007,0.19983094930648804,0.19761613011360168,0.44260483980178833,-0.09503829479217529,0.03633767366409302,0.4631800055503845,0.0013784893089905381,0.003575553884729743,0.9304494261741638,64,0.0336,0.0,0,0,5,0,11,0.909,,,,,,,0.10214236378669739,0.732151210308075,1.968444585800171,0.01585,,0.0833
111,47030,0.0,24,7,0.0,28.5,0.0,0.0017696048598736525,0.21530693769454956,0.2073504626750946,0.37175193428993225,-0.09714952856302261,0.07037445902824402,0.3261743485927582,0.0010683636646717787,0.0039563653990626335,1.558019995689392,64,0.0554,0.167,4,1,3,2,6,1.0,,,,,,,0.06235448271036148,0.7658182978630066,2.1493895053863525,0.01586,,0.0833
112,47425,0.0,24,7,0.0,30.0,0.0,0.0031639300286769867,0.20862889289855957,0.21135638654232025,0.39292001724243164,-0.09352211654186249,0.0534265860915184,0.376752108335495,0.0016129144933074713,0.005673712585121393,1.377761960029602,64,0.0475,0.0,3,0,7,0,6,0.833,0.0877,0.6324,0.021,1,46,1,0.06787972897291183,0.7393345236778259,2.1144752502441406,0.01584,0.0,0.0833
113,47852,0.0,24,7,0.1667,29.83,0.1667,0.002599854953587055,0.25475385785102844,0.25689610838890076,0.45564931631088257,-0.0890202522277832,0.04793038219213486,0.44756945967674255,0.0015627460088580847,0.0024786994326859713,1.266867995262146,64,0.0338,0.5,2,2,2,1,8,0.875,,,,,,,0.07026798278093338,0.6855131983757019,2.068704605102539,0.01586,,0.0833
114,48341,0.0,24,7,0.1667,30.0,0.1667,0.0015299567021429539,0.24471880495548248,0.24054497480392456,0.4549861252307892,-0.09204460680484772,0.040590666234493256,0.46323615312576294,0.0009244762477464974,0.005226465407758951,0.9261689186096191,64,0.0377,0.167,0,0,5,0,10,0.9,,,,,,,0.09938208758831024,0.755224883556366,2.0166704654693604,0.01591,,0.0833
115,48821,0.0,24,7,0.0,29.4,0.0,0.0020610373467206955,0.20108425617218018,0.1999027132987976,0.4294925928115845,-0.09901796281337738,0.031406231224536896,0.46279215812683105,0.0015787385636940598,0.005811886861920357,0.9421470761299133,64,0.0636,0.0,0,0,7,3,6,1.0,,,,,,,0.10509820282459259,0.623241126537323,1.9821326732635498,0.01587,,0.0833
116,49245,0.0,24,7,0.25,29.75,0.25,0.0018647715914994478,0.13183844089508057,0.13328690826892853,0.3553374707698822,-0.09386689960956573,0.03758050501346588,0.3714168965816498,0.0016560453223064542,0.0052529191598296165,1.8349796533584595,64,0.05,0.25,2,0,2,1,10,0.7,,,,,,,0.05115418881177902,0.5910607576370239,2.131402015686035,0.0159,,0.0833
117,49727,0.0,24,6,0.2857,30.0,0.2857,0.0028866371139883995,0.21405328810214996,0.2033957988023758,0.3158665895462036,-0.09707234799861908,0.04175532981753349,0.3258117139339447,0.0014658300206065178,0.007233134470880032,1.1059370040893555,64,0.026,0.429,0,1,4,0,9,0.778,,,,,,,0.08777384459972382,0.8144868612289429,2.129516124725342,0.01593,,0.0833
118,50177,0.0,24,6,0.0,29.12,0.0,0.002877658698707819,0.2162684202194214,0.22430692613124847,0.38040176033973694,-0.09637424349784851,0.02807047590613365,0.4186694622039795,0.0010772658279165626,0.003931143321096897,0.8627843260765076,64,0.0474,0.0,1,0,5,3,7,1.0,,,,,,,0.11170142889022827,0.614987313747406,2.057875633239746,0.01592,,0.0833
119,50592,0.0,24,6,0.1429,30.0,0.1429,0.0017724500503391027,0.2577459216117859,0.2630651593208313,0.5170735716819763,-0.09321379661560059,0.049105506390333176,0.5096609592437744,0.0009570865659043193,0.0048307874239981174,1.042035460472107,64,0.0371,0.286,2,1,4,1,7,0.857,0.0881,0.607,0.062,2,45,0,0.08945357799530029,0.6814613342285156,1.9643547534942627,0.01593,0.0208,0.0833
120,51076,0.0,24,6,0.1,29.8,0.1,0.0031428607180714607,0.16856235265731812,0.16156932711601257,0.42172813415527344,-0.07839067280292511,0.03966987878084183,0.4178732931613922,0.0014915147330611944,0.005811527371406555,1.7166398763656616,64,0.0379,0.4,0,3,5,1,6,0.833,,,,,,,0.045665182173252106,0.6093139052391052,2.082699775695801,0.0159,,0.0833
121,51530,0.0,24,6,0.0,29.62,0.0,0.004582292400300503,0.1632639467716217,0.1684439331293106,0.5384419560432434,-0.08613726496696472,0.044115908443927765,0.5343447923660278,0.0024569714441895485,0.004005143418908119,1.333183765411377,64,0.0488,0.0,1,0,7,1,7,0.857,,,,,,,0.06461019814014435,0.7294437885284424,2.0564544200897217,0.01587,,0.0833
122,51977,0.0,24,6,0.3,29.2,0.3,0.002396944910287857,0.19644519686698914,0.19589130580425262,0.517285168170929,-0.09702674299478531,0.09703397750854492,0.4171047508716583,0.0018508591456338763,0.006278438493609428,0.9940223693847656,64,0.0453,0.5,1,2,4,1,5,0.8,,,,,,,0.0976102203130722,0.817028284072876,2.003039836883545,0.01587,,0.0833
123,52403,0.0,24,6,0.1667,30.0,0.1667,0.003918895032256842,0.24294453859329224,0.2529605031013489,0.3490470051765442,-0.0885375365614891,0.05310791730880737,0.329000324010849,0.0009474224643781781,0.00473678857088089,1.3753186464309692,64,0.0519,0.167,2,0,5,0,8,0.625,,,,,,,0.06437601894140244,0.671809196472168,2.1458165645599365,0.01586,,0.0833
124,52860,0.0,24,5,0.125,30.0,0.125,0.002553827129304409,0.19501321017742157,0.19266365468502045,0.329837828874588,-0.09375379234552383,0.036075085401535034,0.34962260723114014,0.0013424588833004236,0.00363767403177917,1.607399344444275,64,0.037,0.25,1,1,6,0,7,1.0,,,,,,,0.05832638218998909,0.6808001399040222,2.1262893676757812,0.01587,,0.0833
125,53246,0.0,24,5,0.0,29.0,0.0,0.0023210288491100073,0.235130175948143,0.2475193440914154,0.4959085285663605,-0.08684681355953217,0.044299833476543427,0.49172890186309814,0.0013795377453789115,0.0048535605892539024,1.091241478919983,64,0.0508,0.0,3,0,5,2,6,0.667,,,,,,,0.07958532869815826,0.6650801301002502,2.131823778152466,0.01583,,0.0833
126,53516,0.0,24,5,0.125,29.88,0.125,0.0018927697092294693,0.17422011494636536,0.1793801188468933,0.401540607213974,-0.09146235138177872,0.036518216133117676,0.41794145107269287,0.0011739205801859498,0.004050163552165031,1.1374008655548096,64,0.0319,0.125,7,0,3,4,1,1.0,0.0745,0.681,0.125,3,39,3,0.08041347563266754,0.6826475858688354,2.048449993133545,0.01579,0.0625,0.0833
127,53932,0.0,24,5,0.2727,29.36,0.2727,0.0020436218474060297,0.20415782928466797,0.20587106049060822,0.34769129753112793,-0.0910528153181076,0.03242635726928711,0.37155014276504517,0.0014036603970453143,0.00468253530561924,1.521950364112854,64,0.0357,0.273,2,0,6,2,3,1.0,,,,,,,0.059826403856277466,0.701077938079834,2.106755018234253,0.01578,,0.0833
128,54330,0.0,24,5,0.2,30.0,0.2,0.0019541059155017138,0.20270435512065887,0.2080521583557129,0.35348984599113464,-0.08615373075008392,0.03136065602302551,0.3738830089569092,0.0015795804793015122,0.006078534759581089,1.6337717771530151,64,0.0317,0.2,3,0,4,0,8,1.0,,,,,,,0.05273302644491196,0.7981489896774292,2.1738343238830566,0.01583,,0.0833
129,54758,0.0,24,5,0.0,30.0,0.0,0.001887703314423561,0.20505110919475555,0.20153328776359558,0.35974547266960144,-0.08917798846960068,0.03612431883811951,0.37474870681762695,0.0012836294481530786,0.003852270543575287,1.0229336023330688,64,0.0235,0.0,2,0,5,1,8,0.75,,,,,,,0.08717867732048035,0.6917012929916382,2.146395683288574,0.01582,,0.0833
130,55177,0.0,24,5,0.0,29.5,0.0,0.003049291670322418,0.23263701796531677,0.23968173563480377,0.4511001706123352,-0.09617579728364944,0.06256654113531113,0.41711002588272095,0.0012918880674988031,0.010065761394798756,0.9940075278282166,64,0.0414,0.0,2,0,7,3,4,1.0,,,,,,,0.09675560891628265,0.8392329216003418,2.0563101768493652,0.01577,,0.0833
131,55570,0.0,24,5,0.2857,29.57,0.2857,0.0020927381701767445,0.18479162454605103,0.18429023027420044,0.40683603286743164,-0.07608459144830704,0.030662983655929565,0.41886913776397705,0.0011847034329548478,0.0054510426707565784,1.8993929624557495,64,0.0341,0.286,3,0,3,2,6,1.0,,,,,,,0.04005732387304306,0.728864312171936,2.10878324508667,0.0158,,0.0833
132,55995,0.0,24,4,0.0,29.71,0.0,0.001333880820311606,0.2200142741203308,0.22440384328365326,0.2671123743057251,-0.08841753005981445,0.013817369006574154,0.32629144191741943,0.001611089799553156,0.003207435365766287,1.3826372623443604,64,0.0362,0.0,2,0,5,2,7,1.0,,,,,,,0.06394846737384796,0.5965518355369568,2.135742425918579,0.0158,,0.0833
133,56445,0.0,24,4,0.125,29.12,0.125,0.0018586714286357164,0.18526539206504822,0.18520525097846985,0.4135347902774811,-0.08809579908847809,0.04033459350466728,0.41744381189346313,0.0016169740119948983,0.007035187445580959,0.8759534955024719,64,0.0465,0.125,1,0,5,2,7,0.429,0.0743,0.6429,0.229,6,33,4,0.10057131201028824,0.920035719871521,2.077144145965576,0.01575,0.1042,0.1042
134,56899,0.0,24,4,0.1,29.9,0.1,0.0031962955836206675,0.2094002366065979,0.20896299183368683,0.4048026204109192,-0.09573358297348022,0.062044620513916016,0.37226471304893494,0.003474373836070299,0.008364475332200527,0.8956893086433411,64,0.0658,0.2,1,1,8,0,5,1.0,,,,,,,0.10688257962465286,0.6593499183654785,2.10569429397583,0.01573,,0.1042
135,57383,0.0,24,4,0.3333,29.78,0.3333,0.002410710323601961,0.19459106028079987,0.1936219334602356,0.2907456159591675,-0.0967157706618309,0.029295211657881737,0.32568758726119995,0.001244117389433086,0.006366746500134468,1.4411170482635498,64,0.0503,0.444,0,1,4,1,7,0.429,,,,,,,0.06711167097091675,0.6664354205131531,2.191199779510498,0.0157,,0.1042
136,57779,0.0,24,4,0.1429,30.0,0.1429,0.00474450271576643,0.1486101746559143,0.14704036712646484,0.42572417855262756,-0.09195594489574432,0.026522677391767502,0.46265554428100586,0.0012846512254327536,0.003958442248404026,0.9428855776786804,64,0.0304,0.143,3,0,6,0,6,1.0,,,,,,,0.09752609580755234,0.6551408767700195,1.9679839611053467,0.01572,,0.1042
137,58173,0.0,24,4,0.125,29.88,0.125,0.0032216268591582775,0.17817501723766327,0.17944616079330444,0.41308796405792236,-0.08839689940214157,0.06264075636863708,0.3734460473060608,0.0022483819629997015,0.005514591932296753,1.9182138442993164,64,0.035,0.125,3,0,7,0,5,0.8,,,,,,,0.04608292132616043,0.7794507741928101,2.149834632873535,0.01569,,0.1042
138,58596,0.0,24,4,0.1,29.9,0.1,0.004433784168213606,0.17337192595005035,0.16959676146507263,0.5484232902526855,-0.09327179193496704,0.07053710520267487,0.49903392791748047,0.0013100446667522192,0.0031738285906612873,1.268022894859314,64,0.0304,0.2,2,1,8,0,4,0.75,,,,,,,0.07355687022209167,0.8049050569534302,1.998732328414917,0.01565,,0.1042
139,59022,0.0,24,3,0.1667,29.67,0.1667,0.003413503523916006,0.16715282201766968,0.1651441901922226,0.5693613886833191,-0.08614795655012131,0.07231241464614868,0.5085271596908569,0.0019707109313458204,0.004714734852313995,1.0321974754333496,64,0.0342,0.167,2,0,4,1,8,0.75,,,,,,,0.083460733294487,0.6700975298881531,1.9234623908996582,0.01566,,0.1042
140,59478,0.0,24,3,0.0,29.8,0.0,0.0032445364631712437,0.18841087818145752,0.19617894291877747,0.33035987615585327,-0.09075199067592621,0.04235657677054405,0.33436694741249084,0.0013457749737426639,0.0040635354816913605,1.642283320426941,64,0.0326,0.2,1,1,4,0,10,0.8,0.0714,0.6692,0.208,6,35,3,0.055259644985198975,0.668445348739624,2.0665817260742188,0.01567,0.0833,0.1042
141,59932,0.0,24,3,0.0,29.62,0.0,0.002804598305374384,0.19599665701389313,0.19042932987213135,0.5228185653686523,-0.09161823242902756,0.051328785717487335,0.5088483095169067,0.001155735575594008,0.00586185697466135,0.6713528037071228,64,0.0309,0.125,1,1,6,1,7,1.0,,,,,,,0.1364680826663971,0.6765279769897461,1.9153974056243896,0.01567,,0.1042
142,60322,0.0,24,3,0.25,30.0,0.25,0.0033717064652591944,0.23072803020477295,0.2279052436351776,0.3693966567516327,-0.09127874672412872,0.020624754950404167,0.41712966561317444,0.0017833639867603779,0.004592502489686012,0.9387871623039246,64,0.0285,0.25,3,0,3,0,9,0.778,,,,,,,0.09723050892353058,0.7079393863677979,2.068194627761841,0.0157,,0.1042
143,60747,0.0,24,3,0.0,29.88,0.0,0.0017755568260326982,0.14415930211544037,0.14429575204849243,0.3502877354621887,-0.07144465297460556,0.04605705663561821,0.3261585235595703,0.001389618730172515,0.006919523235410452,1.837325096130371,64,0.0347,0.0,2,0,7,1,6,0.833,,,,,,,0.038885146379470825,0.7426853179931641,2.21252179145813,0.01567,,0.1042
144,61201,0.0,24,3,0.0,29.62,0.0,0.0020713305566459894,0.17255836725234985,0.1656847596168518,0.4385146498680115,-0.09560241550207138,0.05597960948944092,0.41777607798576355,0.0017074064817279577,0.008763556368649006,0.9592729806900024,64,0.0434,0.125,1,1,5,2,7,1.0,,,,,,,0.09966132044792175,0.7446302175521851,2.0487990379333496,0.01567,,0.1042
145,61649,0.0,24,3,0.125,29.25,0.125,0.0024113731924444437,0.15267407894134521,0.16429147124290466,0.7271938920021057,-0.08253797888755798,0.07888762652873993,0.6483151912689209,0.001177275669761002,0.007282844744622707,1.145905613899231,64,0.0344,0.25,1,1,4,2,7,0.714,,,,,,,0.07202859967947006,0.7927910685539246,1.8345506191253662,0.01565,,0.1042
146,62046,0.0,24,3,0.0,29.8,0.0,0.0026160876732319593,0.19521759450435638,0.19476856291294098,0.524513840675354,-0.09673277288675308,0.11495061218738556,0.3891964256763458,0.001180045772343874,0.004297962877899408,1.353702425956726,64,0.0514,0.2,3,1,3,1,8,1.0,,,,,,,0.07145792990922928,0.7581689357757568,2.073460102081299,0.01568,,0.1042
147,62499,0.0,24,2,0.0,29.8,0.0,0.002664931584149599,0.14016461372375488,0.14348694682121277,0.3873518407344818,-0.09202424436807632,0.0757765993475914,0.32591819763183594,0.0012970479438081384,0.0038094110786914825,1.431511640548706,64,0.0465,0.0,1,0,9,1,5,1.0,0.0797,0.6827,0.229,6,34,3,0.06428466737270355,0.8192612528800964,2.207580089569092,0.01565,0.1042,0.1042
148,62927,0.0,24,2,0.1667,30.0,0.1667,0.002944323467090726,0.12060410529375076,0.12577909231185913,0.4525863230228424,-0.08871283382177353,0.05959876626729965,0.41932809352874756,0.0017835311591625214,0.005547039210796356,1.1141029596328735,64,0.0337,0.333,2,1,4,0,8,0.75,,,,,,,0.0796271413564682,0.8243659734725952,2.1035337448120117,0.01565,,0.1042
149,63350,0.0,24,2,0.2222,29.78,0.2222,0.0029569920152425766,0.1823420226573944,0.19046345353126526,0.4032817780971527,-0.08630474656820297,0.06881801038980484,0.34892529249191284,0.0015698487404733896,0.006050380878150463,1.5552845001220703,64,0.0387,0.222,2,0,6,1,5,1.0,,,,,,,0.05549129098653793,0.7458983659744263,2.1128883361816406,0.01566,,0.1042
150,63741,0.0,24,2,0.1429,29.29,0.1429,0.0018408802570775151,0.17527586221694946,0.17380069196224213,0.4413546025753021,-0.09348467737436295,0.04526828974485397,0.4422447085380554,0.0012157175224274397,0.004116005264222622,0.9896132349967957,64,0.0482,0.143,3,0,5,1,6,0.833,,,,,,,0.09446587413549423,0.7246958613395691,1.9797264337539673,0.01566,,0.1042
151,64169,0.0,24,2,0.0,30.0,0.0,0.0023980997502803802,0.2287660837173462,0.2181326448917389,0.41968023777008057,-0.09118689596652985,0.045191194862127304,0.41708904504776,0.0023508190643042326,0.006791430525481701,0.9532821774482727,64,0.0474,0.0,2,0,6,0,8,0.625,,,,,,,0.09565572440624237,0.7038830518722534,2.032776355743408,0.01563,,0.1042
152,64596,0.0,24,2,0.0,30.0,0.0,0.002895863726735115,0.14873546361923218,0.14351102709770203,0.3350977599620819,-0.08910556882619858,0.024639209732413292,0.3724191188812256,0.0013830645475536585,0.005011584144085646,1.3518284559249878,64,0.0402,0.0,2,0,7,0,7,1.0,,,,,,,0.06591485440731049,0.71214359998703,2.1396398544311523,0.01564,,0.1042
153,65086,0.0,24,2,0.0,30.0,0.0,0.0025903023779392242,0.19706383347511292,0.19688737392425537,0.44477272033691406,-0.09781399369239807,0.06169074773788452,0.41701561212539673,0.0021439569536596537,0.0043792338110506535,1.0147417783737183,64,0.0303,0.0,0,0,6,0,10,0.9,,,,,,,0.09639298915863037,0.7513245344161987,2.083155393600464,0.01566,,0.1042
154,65538,0.0,24,2,0.125,29.75,0.125,0.0016781374579295516,0.1704065352678299,0.16858617961406708,0.4222630262374878,-0.09153436124324799,0.0477534681558609,0.4169166088104248,0.0013187217991799116,0.002747682621702552,0.9806761741638184,64,0.0378,0.125,1,0,7,0,7,0.714,0.0754,0.6185,0.125,2,37,5,0.0933380126953125,0.7036873698234558,2.0399324893951416,0.01564,0.0833,0.1042
155,65956,0.0,24,2,0.1667,28.33,0.1667,0.0017936188960447907,0.17405393719673157,0.1706470400094986,0.44728437066078186,-0.08956727385520935,0.05839232727885246,0.4176158308982849,0.0012454916723072529,0.004902305081486702,0.9715567827224731,64,0.0338,0.167,2,0,4,1,8,1.0,,,,,,,0.09218943119049072,0.7520763278007507,2.028954029083252,0.01568,,0.1042
156,66323,0.0,24,2,0.0,30.0,0.0,0.001389630837365985,0.18841353058815002,0.19322258234024048,0.45598292350769043,-0.08994422107934952,0.08635412156581879,0.37151119112968445,0.001150736934505403,0.0034154343884438276,1.5379961729049683,64,0.0168,0.0,4,0,5,0,7,1.0,,,,,,,0.05848143249750137,0.8321310877799988,2.105750799179077,0.0157,,0.1042
157,66770,0.0,24,2,0.1429,30.0,0.1429,0.0021736666094511747,0.17658303678035736,0.17921680212020874,0.6302884817123413,-0.08424847573041916,0.09254338592290878,0.5274935960769653,0.001102943322621286,0.003913210239261389,1.3668245077133179,64,0.0326,0.143,1,0,6,0,8,0.75,,,,,,,0.06163810193538666,0.7803614139556885,2.184386730194092,0.0157,,0.1042
158,67249,0.0,24,2,0.2,29.3,0.2,0.0031260529067367315,0.2164953649044037,0.22285693883895874,0.35095712542533875,-0.09400179982185364,0.03628147020936012,0.3711044490337372,0.0013870164984837174,0.0025831121020019054,1.2133302688598633,64,0.0377,0.2,0,0,7,1,6,1.0,,,,,,,0.0774742066860199,0.7509476542472839,2.1091389656066895,0.0157,,0.1042
159,67631,0.0,24,2,0.0,28.33,0.0,0.002146637300029397,0.19007454812526703,0.18816699087619781,0.4744090139865875,-0.08921198546886444,0.06922196596860886,0.4231243133544922,0.0015959806041792035,0.004105501342564821,0.8689941763877869,64,0.0323,0.0,3,0,2,1,10,0.8,,,,,,,0.10266120731830597,0.8530817031860352,2.027501106262207,0.01573,,0.1042
160,67996,0.0,24,2,0.0,29.83,0.0,0.002643322106450796,0.16667519509792328,0.16578546166419983,0.4673643112182617,-0.09820516407489777,0.04991937801241875,0.46338745951652527,0.002329996321350336,0.004686509724706411,0.7849803566932678,64,0.0322,0.0,4,0,5,1,6,1.0,,,,,,,0.12510524690151215,0.7672743201255798,1.9787629842758179,0.01574,,0.1042
161,68485,0.0,24,2,0.0,30.0,0.0,0.002045948524028063,0.167811781167984,0.1705920398235321,0.45042842626571655,-0.09195587038993835,0.08402536809444427,0.3712666928768158,0.0017286106012761593,0.006133725866675377,1.5782006978988647,64,0.0339,0.0,0,0,7,0,9,0.778,0.0777,0.6354,0.125,3,38,4,0.05826627463102341,0.7669200301170349,2.1416990756988525,0.01573,0.0625,0.1042
162,68943,0.0,24,2,0.4286,30.0,0.4286,0.002656338270753622,0.19573569297790527,0.1982402354478836,0.43014639616012573,-0.09394461661577225,0.028911516070365906,0.4633800983428955,0.0012968935770913959,0.005775774363428354,0.9691441655158997,64,0.0231,0.429,1,0,4,0,8,1.0,,,,,,,0.09693564474582672,0.7122790217399597,1.9782129526138306,0.01578,,0.1042
163,69367,0.0,24,2,0.0,30.0,0.0,0.0015182294882833958,0.1670682281255722,0.16368748247623444,0.3838168680667877,-0.08010557293891907,0.06771606206893921,0.3253829777240753,0.0013792210957035422,0.006214661058038473,1.6459598541259766,64,0.0304,0.0,2,0,7,0,7,0.857,,,,,,,0.04866799712181091,0.6984504461288452,2.210564613342285,0.01577,,0.1042
164,69767,0.0,24,2,0.0,30.0,0.0,0.0022381057497113943,0.18550316989421844,0.1920492947101593,0.32521170377731323,-0.09409880638122559,0.045900456607341766,0.3254910111427307,0.001517652184702456,0.00403716042637825,1.366489052772522,64,0.0305,0.0,3,0,3,0,10,1.0,,,,,,,0.06886173784732819,0.6475364565849304,2.1872365474700928,0.01582,,0.1042
165,70162,0.0,24,2,0.0,30.0,0.0,0.0028347535990178585,0.18612495064735413,0.1889229714870453,0.37046167254447937,-0.08741806447505951,0.01780775748193264,0.4190247654914856,0.0012168129906058311,0.0064788805320858955,1.4350653886795044,64,0.0332,0.0,3,0,7,0,6,0.833,,,,,,,0.060915738344192505,0.7538479566574097,2.0395779609680176,0.01581,,0.1042
166,70528,0.0,24,2,0.0,30.0,0.0,0.0016753162490203977,0.20938080549240112,0.21398410201072693,0.3428367078304291,-0.09650525450706482,0.03274223953485489,0.37149107456207275,0.0010126957204192877,0.00473277922719717,1.271003246307373,64,0.0367,0.0,4,0,4,2,6,1.0,,,,,,,0.07592840492725372,0.6007954478263855,2.1249818801879883,0.01581,,0.1042
167,70925,0.0,24,2,0.25,29.75,0.25,0.002688482403755188,0.19960831105709076,0.19157545268535614,0.39436987042427063,-0.09039085358381271,0.07842414826154709,0.3254569172859192,0.0025402226019650698,0.004911026451736689,1.2917574644088745,64,0.0193,0.25,3,0,3,0,9,0.889,,,,,,,0.06997509300708771,0.7949139475822449,2.1878485679626465,0.01585,,0.1042
168,71317,0.0,24,2,0.1111,29.78,0.1111,0.0019974526949226856,0.20490601658821106,0.19759240746498108,1.208569049835205,-0.09477078169584274,0.12081240117549896,1.0592529773712158,0.0017428714781999588,0.004924164153635502,1.1323894262313843,64,0.0395,0.111,3,0,5,3,4,1.0,0.072,0.5986,0.104,2,42,1,0.08369097858667374,0.838570773601532,2.0729780197143555,0.01583,0.0625,0.1042
169,71685,0.0,24,2,0.25,30.0,0.25,0.0022942235227674246,0.18798553943634033,0.1883850395679474,0.5231398344039917,-0.09521901607513428,0.09958764165639877,0.41690918803215027,0.0013449529651552439,0.004548764321953058,1.0159803628921509,64,0.0217,0.25,4,0,3,0,8,1.0,,,,,,,0.09372131526470184,0.8061442375183105,2.0656843185424805,0.01588,,0.1042
170,72171,0.0,24,2,0.3,30.0,0.3,0.0016912724822759628,0.16348330676555634,0.15964853763580322,0.450082004070282,-0.08313678950071335,0.07974868267774582,0.3716578185558319,0.0015963446348905563,0.004127191845327616,1.0763355493545532,64,0.038,0.3,0,0,7,0,6,1.0,,,,,,,0.07724058628082275,0.8069157600402832,2.1250085830688477,0.01589,,0.1042
171,72567,0.0,24,2,0.0,30.0,0.0,0.004743480123579502,0.18286915123462677,0.1984274685382843,0.3460920751094818,-0.08937898278236389,0.030593618750572205,0.37133148312568665,0.001508596702478826,0.005904697347432375,1.228515625,64,0.0446,0.143,3,1,6,0,6,1.0,,,,,,,0.07275363802909851,0.7324821352958679,2.1083226203918457,0.01589,,0.1042
172,73022,0.0,24,2,0.125,29.75,0.125,0.002955199684947729,0.216779887676239,0.22219723463058472,0.4041321873664856,-0.0938623696565628,0.038942690938711166,0.41739484667778015,0.0017755337757989764,0.005428650416433811,1.298742651939392,64,0.0372,0.125,1,0,6,1,7,1.0,,,,,,,0.07227171957492828,0.8137142658233643,1.981797695159912,0.0159,,0.1042
173,73380,0.0,24,2,0.0,29.0,0.0,0.0022105188108980656,0.21577025949954987,0.20846368372440338,0.46900564432144165,-0.09572852402925491,0.0726914256811142,0.41713473200798035,0.0008942133863456547,0.004433175548911095,0.8435048460960388,64,0.0527,0.0,4,0,4,3,5,1.0,,,,,,,0.11348900198936462,0.7016858458518982,2.041914463043213,0.01589,,0.1042
174,73836,0.0,24,2,0.125,29.88,0.125,0.0018735481426119804,0.1718958467245102,0.16674192249774933,0.4333784282207489,-0.08546099811792374,0.049104124307632446,0.4171033501625061,0.0016341066220775247,0.007055630441755056,1.2812055349349976,64,0.0315,0.25,1,1,5,1,7,1.0,,,,,,,0.06670358777046204,0.6746971011161804,2.08322811126709,0.0159,,0.1042
175,74170,0.0,24,2,0.0,30.0,0.0,0.0025401844177395105,0.17792153358459473,0.16656604409217834,0.42706596851348877,-0.09263135492801666,0.048708584159612656,0.41898876428604126,0.0011885614367201924,0.006582807749509811,1.032786250114441,64,0.0313,0.0,5,0,7,0,4,1.0,0.0835,0.5322,0.083,1,38,6,0.08969073742628098,0.7082948684692383,2.073028087615967,0.01588,0.0625,0.1042
176,74567,0.0,24,2,0.1667,30.0,0.1667,0.0036152757238596678,0.16894111037254333,0.17467495799064636,0.4859585165977478,-0.08739149570465088,0.054096221923828125,0.4633057415485382,0.0012891526566818357,0.0037036549765616655,1.3219064474105835,64,0.0163,0.167,3,0,4,1,7,0.857,,,,,,,0.06611019372940063,0.7875669002532959,1.9669287204742432,0.01589,,0.1042
177,75022,0.0,24,2,0.0,30.0,0.0,0.0022871512919664383,0.17540839314460754,0.17518183588981628,0.42329540848731995,-0.085726797580719,0.06692639738321304,0.37182310223579407,0.0016139487270265818,0.006692599970847368,0.9888179898262024,64,0.0311,0.0,1,0,10,0,5,0.8,,,,,,,0.08669624477624893,0.7158945798873901,2.1281046867370605,0.01585,,0.1042
178,75385,0.0,24,2,0.1667,29.5,0.1667,0.0021217530593276024,0.17625485360622406,0.17929033935070038,0.38082602620124817,-0.08169496059417725,0.04419201239943504,0.3715013265609741,0.0011536447564139962,0.005271246191114187,1.1976739168167114,64,0.0295,0.167,4,0,3,2,6,0.833,,,,,,,0.06821136176586151,0.8963438272476196,2.1611671447753906,0.01585,,0.1042
179,75802,0.0,24,2,0.3,29.5,0.3,0.004646219313144684,0.18132711946964264,0.19512540102005005,0.3987952470779419,-0.07961028069257736,0.028859253972768784,0.41778892278671265,0.001040143077261746,0.005796175450086594,1.4134172201156616,64,0.0413,0.3,2,0,6,1,4,0.75,,,,,,,0.056324683129787445,0.7015063166618347,2.0462398529052734,0.01584,,0.1042
180,76201,0.0,24,2,0.0,30.0,0.0,0.001361378002911806,0.22936603426933289,0.23357707262039185,0.6260764002799988,-0.09123162925243378,0.06185680627822876,0.5915773510932922,0.0010913769947364926,0.004034204874187708,0.9949778914451599,64,0.0459,0.25,3,1,3,0,9,1.0,,,,,,,0.09169211983680725,0.6330870389938354,1.9650204181671143,0.01588,,0.1042
181,76691,0.0,24,2,0.0,30.0,0.0,0.0021278054919093847,0.17715862393379211,0.17960509657859802,0.3408670127391815,-0.09283939003944397,0.0531340092420578,0.325335830450058,0.0017998417606577277,0.00420509185642004,1.2103451490402222,64,0.0334,0.0,0,0,5,1,10,1.0,,,,,,,0.07670488953590393,0.7330362200737,2.194314479827881,0.01591,,0.1042
182,77028,0.0,24,2,0.0,30.0,0.0,0.0018419104162603617,0.20540541410446167,0.20345397293567657,0.5852776169776917,-0.08985023200511932,0.07930144667625427,0.5151311159133911,0.0014101375127211213,0.002787720412015915,1.0301121473312378,64,0.03,0.0,5,0,4,0,7,1.0,0.0778,0.6281,0.062,2,42,3,0.08722373843193054,0.8087563514709473,1.9043782949447632,0.01593,0.0208,0.1042
183,77454,0.0,24,2,0.1429,30.0,0.1429,0.00384678621776402,0.22144155204296112,0.21734890341758728,0.43944573402404785,-0.09033270180225372,0.04305817931890488,0.44135427474975586,0.0009861913276836276,0.00461561419069767,1.1451431512832642,64,0.0411,0.143,2,0,6,0,7,0.857,,,,,,,0.0788833275437355,0.7481366991996765,1.9820278882980347,0.01593,,0.1042
184,77867,0.0,24,2,0.2727,29.91,0.2727,0.005513077136129141,0.18771779537200928,0.17657923698425293,0.39761897921562195,-0.06778208911418915,0.046399861574172974,0.371139794588089,0.0031087130773812532,0.00292309676297009,1.330659031867981,64,0.0531,0.364,2,1,6,1,3,0.667,,,,,,,0.05093873664736748,0.7146015167236328,2.1401174068450928,0.01591,,0.1042
185,78314,0.0,24,2,0.0,30.0,0.0,0.0018004246521741152,0.17916089296340942,0.1823432743549347,0.4200550317764282,-0.07469909638166428,0.08336570113897324,0.3255138397216797,0.0014318748144432902,0.005017729941755533,2.0253427028656006,64,0.0359,0.0,1,0,5,1,9,0.778,,,,,,,0.036882203072309494,0.7127604484558105,2.2128617763519287,0.01591,,0.1042
186,78743,0.0,24,2,0.0,30.0,0.0,0.002206500619649887,0.21090546250343323,0.21370196342468262,0.4720296859741211,-0.08324133604764938,0.04431414604187012,0.4631493389606476,0.0015387077583000064,0.006986777763813734,0.8720885515213013,64,0.0372,0.0,2,0,5,0,9,0.778,,,,,,,0.09545055031776428,0.7233797907829285,1.988713264465332,0.01591,,0.1042
187,79203,0.0,24,2,0.2,30.0,0.2,0.002140961354598403,0.1919505000114441,0.19108805060386658,0.3974374234676361,-0.07495041936635971,0.04950827360153198,0.3716966211795807,0.0009767735609784722,0.0033493656665086746,2.263108253479004,64,0.033,0.2,1,0,4,0,10,0.9,,,,,,,0.0331183560192585,0.7372044920921326,2.137510299682617,0.01595,,0.1042
188,79567,0.0,24,2,0.1429,30.0,0.1429,0.002660095691680908,0.213380828499794,0.21771790087223053,0.3411020040512085,-0.08616563677787781,0.04928115755319595,0.3268444240093231,0.0010816020658239722,0.003721822053194046,1.1956281661987305,64,0.0319,0.286,4,1,4,1,5,0.6,,,,,,,0.0720672458410263,0.7135871648788452,2.1782538890838623,0.01592,,0.1042
189,79936,0.0,24,2,0.3333,30.0,0.3333,0.0019717602990567684,0.2408231645822525,0.23465874791145325,0.4825137257575989,-0.09285914897918701,0.12243639677762985,0.3283326029777527,0.000941437145229429,0.004334934055805206,1.5189865827560425,64,0.0219,0.333,4,0,2,0,9,0.778,0.08,0.5979,0.104,2,42,1,0.06113230809569359,0.8548147082328796,2.1227498054504395,0.01595,0.0625,0.1042
190,80325,0.0,24,2,0.0,29.6,0.0,0.00214383564889431,0.15546917915344238,0.14133648574352264,0.6529926061630249,-0.0869750902056694,0.11416928470134735,0.5092967748641968,0.0010451842099428177,0.00466468371450901,0.6690225601196289,64,0.0364,0.0,3,0,8,2,3,0.667,,,,,,,0.1300032138824463,1.1446677446365356,1.8899116516113281,0.0159,,0.1042
191,80711,0.0,24,2,0.0,28.88,0.0,0.0013040772173553705,0.22079254686832428,0.22052490711212158,0.4022994935512543,-0.09314499795436859,0.03823219984769821,0.4169445335865021,0.0010342956520617008,0.004071112256497145,0.7930304408073425,64,0.0464,0.0,3,0,7,1,5,1.0,,,,,,,0.11745449900627136,0.7442182302474976,2.028036594390869,0.01588,,0.1042
192,81136,0.0,24,2,0.125,30.0,0.125,0.002129965927451849,0.23272228240966797,0.23095053434371948,0.4280191659927368,-0.08917219191789627,0.02580401301383972,0.46307578682899475,0.001187486108392477,0.005015052389353514,0.8653674125671387,64,0.021,0.125,2,0,6,1,6,0.833,,,,,,,0.10304546356201172,0.6075690984725952,1.9850666522979736,0.01587,,0.1042
193,81551,0.0,24,2,0.0,30.0,0.0,0.0013863400090485811,0.20831668376922607,0.2131594717502594,0.2927858829498291,-0.07267818599939346,0.018105264753103256,0.32537704706192017,0.0010153506882488728,0.007753029465675354,2.2854878902435303,64,0.0398,0.0,2,0,6,0,8,0.5,,,,,,,0.03179985657334328,0.6376043558120728,2.205775260925293,0.01584,,0.1042
194,81962,0.0,24,2,0.125,29.12,0.125,0.0034166143741458654,0.24302569031715393,0.2538864314556122,0.3580542206764221,-0.09275951981544495,0.0391373410820961,0.37134629487991333,0.0011463360860943794,0.0023854896426200867,0.9645006060600281,64,0.0487,0.125,2,0,4,3,6,0.833,,,,,,,0.09617362171411514,0.6398220062255859,2.1016669273376465,0.01584,,0.1042
195,82386,0.0,24,2,0.125,29.75,0.125,0.0027512817177921534,0.21582776308059692,0.20974218845367432,0.37925687432289124,-0.08969011902809143,0.04744366556406021,0.37115779519081116,0.0010809724917635322,0.005803787615150213,1.6412137746810913,64,0.0358,0.125,2,0,5,2,6,1.0,,,,,,,0.05464864522218704,0.7079150080680847,2.130221366882324,0.01584,,0.1042
196,82721,0.0,24,2,0.2,29.8,0.2,0.002448531799018383,0.1762455701828003,0.18594607710838318,0.41877686977386475,-0.08850742131471634,0.0650506466627121,0.3752444386482239,0.0009040278964675963,0.0038771124090999365,1.187253475189209,64,0.0385,0.2,5,0,4,0,6,1.0,0.0758,0.5278,0.083,3,42,2,0.07454803586006165,0.8608755469322205,2.0804336071014404,0.01586,0.0208,0.1042
197,83120,0.0,24,2,0.0,30.0,0.0,0.002372568240389228,0.18750761449337006,0.1791861653327942,0.3834551274776459,-0.0977514386177063,0.05360791087150574,0.37107688188552856,0.0015392961213365197,0.0058277202770113945,1.5423721075057983,64,0.0345,0.0,3,0,4,0,9,1.0,,,,,,,0.06337734311819077,0.6898869872093201,2.1257972717285156,0.01589,,0.1042
198,83541,0.0,24,2,0.0,29.38,0.0,0.0020799250341951847,0.205204039812088,0.20893354713916779,0.45920488238334656,-0.08876154571771622,0.04154178500175476,0.46306660771369934,0.0010675450321286917,0.0036325128749012947,1.311008334159851,64,0.0318,0.0,2,0,6,2,6,1.0,,,,,,,0.06770478934049606,0.727053165435791,1.9659481048583984,0.01588,,0.1042
199,83995,0.0,24,2,0.1111,29.78,0.1111,0.0021283156238496304,0.15387117862701416,0.1450473815202713,0.47721680998802185,-0.09440240263938904,0.05207672342658043,0.46495306491851807,0.0016806875355541706,0.0050254021771252155,1.048635482788086,64,0.0479,0.111,1,0,7,1,6,1.0,,,,,,,0.09002403914928436,0.7742142677307129,2.0177178382873535,0.01588,,0.1042
200,84389,0.0,24,2,0.0,29.71,0.0,0.002340881619602442,0.20840942859649658,0.2195681482553482,0.38441821932792664,-0.07292124629020691,0.05253753811120987,0.3487272262573242,0.0010670289630070329,0.00707428902387619,2.0533621311187744,64,0.0402,0.0,3,0,5,2,6,0.833,,,,,,,0.035513099282979965,0.7765964269638062,2.118187189102173,0.01587,,0.1042
201,84847,0.0,24,2,0.3333,29.83,0.3333,0.0027181871701031923,0.20152617990970612,0.2098497450351715,0.38158634305000305,-0.08939739316701889,0.048692479729652405,0.37139418721199036,0.0017636256525292993,0.0044091674499213696,1.476858139038086,64,0.0359,0.5,1,1,3,0,9,1.0,,,,,,,0.06053214892745018,0.7051435708999634,2.1451778411865234,0.01591,,0.1042
202,85259,0.0,24,2,0.1429,29.86,0.1429,0.0021582022309303284,0.14459416270256042,0.13585960865020752,0.46639734506607056,-0.08114521205425262,0.06404194980859756,0.41716569662094116,0.0013863099738955498,0.004585898946970701,1.2934911251068115,64,0.0252,0.143,2,0,5,1,7,0.714,,,,,,,0.062733493745327,0.6665952205657959,2.056722402572632,0.0159,,0.1042
203,85716,0.0,24,2,0.0,30.0,0.0,0.00212798360735178,0.24514685571193695,0.2440902143716812,0.40804412961006165,-0.08219999819993973,0.0351395457983017,0.4171389043331146,0.0009939668234437704,0.005652227438986301,1.7369492053985596,64,0.0438,0.125,1,1,7,0,7,1.0,0.0848,0.5565,0.062,2,43,2,0.04732435196638107,0.6609734892845154,2.0509281158447266,0.0159,0.0208,0.1042
204,86140,0.0,24,2,0.0,30.0,0.0,0.006463263183832169,0.19906587898731232,0.20771430432796478,0.33714309334754944,-0.08316178619861603,0.04595446586608887,0.32559263706207275,0.0011536210076883435,0.005606583785265684,1.562888503074646,64,0.0274,0.0,2,0,7,1,6,0.667,,,,,,,0.0532103106379509,0.8333885669708252,2.18768310546875,0.01587,,0.1042
205,86583,0.0,24,2,0.0,28.8,0.0,0.0022187898866832256,0.1846887171268463,0.18839731812477112,0.44349831342697144,-0.0574193149805069,0.06326242536306381,0.37120211124420166,0.0014631921658292413,0.006381304934620857,1.7931228876113892,64,0.0397,0.0,1,0,7,3,5,1.0,,,,,,,0.032021962106227875,0.8815461993217468,2.1235947608947754,0.01585,,0.1042
206,87039,0.0,24,2,0.5556,30.0,0.5556,0.0016667356248944998,0.2141435593366623,0.22360923886299133,0.38084709644317627,-0.08828478306531906,0.047676946967840195,0.3713383674621582,0.0009879365097731352,0.0048792362213134766,1.4197949171066284,64,0.0184,0.556,1,0,3,1,6,0.833,,,,,,,0.06218136101961136,0.7357751727104187,2.1582326889038086,0.01588,,0.1042
207,87485,0.0,24,2,0.1429,30.0,0.1429,0.002349283080548048,0.22585277259349823,0.2272752821445465,0.46314138174057007,-0.08812037110328674,0.041341304779052734,0.46377959847450256,0.0008261220646090806,0.009599091485142708,1.0321638584136963,64,0.0229,0.143,1,0,6,0,8,0.875,,,,,,,0.0853743925690651,0.7661070227622986,1.9994622468948364,0.01589,,0.1042
208,87945,0.0,24,2,0.0,30.0,0.0,0.0021238187327980995,0.18455567955970764,0.19322845339775085,0.4885517656803131,-0.0750013068318367,0.07220926880836487,0.41682904958724976,0.0020047989673912525,0.00461096316576004,1.5645155906677246,64,0.0409,0.0,1,0,5,0,10,1.0,,,,,,,0.0479389950633049,0.6987383365631104,2.0413424968719482,0.01592,,0.1042
209,88340,0.0,24,2,0.0,30.0,0.0,0.003292796202003956,0.19433879852294922,0.2037513554096222,0.5130025744438171,-0.09007544815540314,0.0911896675825119,0.41716253757476807,0.0009707566350698471,0.007072271779179573,0.9010061621665955,64,0.0364,0.125,3,1,7,0,5,1.0,,,,,,,0.09997206181287766,0.8443214297294617,2.043422222137451,0.0159,,0.1042
210,88799,0.0,24,2,0.0,30.0,0.0,0.004233106039464474,0.21312764286994934,0.203683003783226,0.28371909260749817,-0.09153050184249878,0.022896891459822655,0.3254978060722351,0.0014910136815160513,0.007916008122265339,1.522821307182312,64,0.0487,0.167,1,1,5,0,9,0.778,0.0653,0.5701,0.083,2,39,5,0.06010586768388748,0.7633906602859497,2.1682944297790527,0.0159,0.0417,0.1042
211,89224,0.0,24,2,0.0,30.0,0.0,0.001568119740113616,0.2017776072025299,0.20246483385562897,0.3156106173992157,-0.08771312236785889,0.03761449456214905,0.3255692720413208,0.001253849477507174,0.005050964653491974,1.5268146991729736,64,0.0385,0.0,2,0,8,1,5,1.0,,,,,,,0.05744843930006027,0.7033771276473999,2.1838788986206055,0.01588,,0.1042
212,89620,0.0,24,2,0.2857,30.0,0.2857,0.001973893493413925,0.20278432965278625,0.2022172510623932,0.49842268228530884,-0.0810125395655632,0.09063176810741425,0.39598482847213745,0.0014453637413680553,0.0043737092055380344,1.6601336002349854,64,0.0273,0.286,3,0,5,0,6,0.833,,,,,,,0.048798806965351105,0.8329105377197266,2.134268283843994,0.01589,,0.1042
213,90018,0.0,24,2,0.2,30.0,0.2,0.0024298958014696836,0.20054927468299866,0.19203495979309082,0.40123268961906433,-0.09405037760734558,0.03806179016828537,0.4172831177711487,0.0014100492699071765,0.003752785036340356,1.3200514316558838,64,0.0202,0.4,3,1,3,0,8,0.875,,,,,,,0.07124751806259155,0.6920930743217468,2.0502805709838867,0.01591,,0.1042
214,90435,0.0,24,2,0.1,30.0,0.1,0.0035475941840559244,0.18825224041938782,0.19668102264404297,0.4877236485481262,-0.0859837457537651,0.054040662944316864,0.46285784244537354,0.0014717603335157037,0.0055364263243973255,1.1442357301712036,64,0.0344,0.1,2,0,9,0,4,0.75,,,,,,,0.07514513283967972,0.6894530057907104,1.9877817630767822,0.01588,,0.1042
215,90859,0.0,24,2,0.2,29.2,0.2,0.0025215744972229004,0.20442087948322296,0.20694378018379211,0.44483473896980286,-0.09406158328056335,0.059822242707014084,0.41694027185440063,0.002246756572276354,0.004623096901923418,1.5439413785934448,64,0.0394,0.2,2,0,3,1,9,0.667,,,,,,,0.060923025012016296,0.6384584307670593,2.029473304748535,0.01588,,0.1042
216,91257,0.0,24,2,0.2,30.0,0.2,0.001516050542704761,0.2071792632341385,0.19984164834022522,0.5454672574996948,-0.09163890779018402,0.06297361105680466,0.509030818939209,0.0009061833843588829,0.004256200511008501,0.9250323176383972,64,0.0344,0.2,3,0,4,0,8,0.875,,,,,,,0.0990656316280365,0.7190561294555664,1.9228322505950928,0.0159,,0.1042
217,91679,0.0,24,2,0.0,30.0,0.0,0.0023202637676149607,0.23137372732162476,0.23164986073970795,0.35228899121284485,-0.08365827798843384,0.05434456095099449,0.3252427577972412,0.002203834243118763,0.004030782729387283,1.8083879947662354,64,0.0351,0.0,2,0,5,0,9,0.667,0.0646,0.5852,0.083,3,41,3,0.04626123979687691,0.6638015508651733,2.1901187896728516,0.01589,0.0208,0.1042
218,92102,0.0,24,2,0.0,30.0,0.0,0.0021112863905727863,0.2032458633184433,0.19990083575248718,0.3737044632434845,-0.07988984882831573,0.04025721549987793,0.37114328145980835,0.0013682914432138205,0.003873150097206235,1.118176817893982,64,0.0242,0.0,2,0,2,2,10,0.8,,,,,,,0.07144652307033539,0.8092250227928162,2.1150622367858887,0.01591,,0.1042
219,92529,0.0,24,2,0.0,30.0,0.0,0.002604058478027582,0.18586689233779907,0.18672014772891998,0.4476868212223053,-0.07120468467473984,0.07288366556167603,0.3717164993286133,0.001437805243767798,0.002815339947119355,1.7483919858932495,64,0.0264,0.0,2,0,7,0,7,1.0,,,,,,,0.04072581231594086,0.7883660793304443,2.155055284500122,0.01591,,0.1042
220,92952,0.0,24,2,0.1667,29.17,0.1667,0.002793309511616826,0.19714778661727905,0.20064260065555573,0.5071771144866943,-0.0868833065032959,0.06367328017950058,0.46531179547309875,0.0012491499073803425,0.002804208779707551,0.8672776222229004,64,0.0494,0.167,2,0,4,1,8,0.875,,,,,,,0.10017935186624527,0.7477425932884216,1.96493661403656,0.01592,,0.1042
221,93373,0.0,24,2,0.0,29.38,0.0,0.00308533338829875,0.17863121628761292,0.18500711023807526,0.37945085763931274,-0.08686258643865585,0.06938467919826508,0.3259370028972626,0.0017993433866649866,0.003214155090972781,1.2607957124710083,64,0.0306,0.0,2,0,6,2,6,0.833,,,,,,,0.06889505684375763,0.6692633628845215,2.1738052368164062,0.0159,,0.1042
222,93815,0.0,24,2,0.2,28.8,0.2,0.001934881554916501,0.18628378212451935,0.18527236580848694,0.35968101024627686,-0.0942544937133789,0.05653148144483566,0.339688777923584,0.0016428439412266016,0.0023675074335187674,1.46440589427948,64,0.0303,0.2,1,0,1,3,10,0.8,,,,,,,0.06436364352703094,0.7470835447311401,2.168653964996338,0.01592,,0.1042
223,94129,0.0,24,2,0.25,29.12,0.25,0.0016590612940490246,0.15971875190734863,0.15520760416984558,0.3857361674308777,-0.09632086008787155,0.03125099837779999,0.4167739748954773,0.0010755023686215281,0.005562098231166601,0.944706916809082,64,0.0409,0.25,5,0,5,1,3,0.667,,,,,,,0.10195846110582352,0.7448167204856873,2.066384792327881,0.01591,,0.1042
224,94525,0.0,24,2,0.1429,30.0,0.1429,0.017448579892516136,0.19041386246681213,0.20684796571731567,0.4413427412509918,-0.08854935318231583,0.09764336794614792,0.3304876685142517,0.0013131563318893313,0.008235391229391098,1.5779566764831543,64,0.0184,0.143,3,0,5,1,6,1.0,0.0727,0.5534,0.292,3,28,6,0.05611646547913551,0.7441051006317139,2.1879053115844727,0.01592,0.2292,0.2292
225,94949,0.0,24,2,0.2222,30.0,0.2222,0.001868824940174818,0.1326993703842163,0.13227061927318573,0.36576154828071594,-0.0828424021601677,0.060633376240730286,0.32588285207748413,0.001288744737394154,0.0029086845461279154,1.352148175239563,64,0.0348,0.222,2,0,6,1,5,0.8,,,,,,,0.061267249286174774,0.8260321617126465,2.184516668319702,0.01591,,0.2292
226,95313,0.0,24,2,0.125,30.0,0.125,0.0017577173421159387,0.1901387870311737,0.19320929050445557,0.4922312796115875,-0.08778166770935059,0.03425157070159912,0.5085078477859497,0.001593551249243319,0.0060039302334189415,0.8412127494812012,64,0.0189,0.125,4,0,7,0,4,1.0,,,,,,,0.10435131937265396,0.9266976118087769,1.9236829280853271,0.01591,,0.2292
227,95710,0.0,24,2,0.3333,30.0,0.3333,0.002201410010457039,0.14346495270729065,0.14396533370018005,0.3652642071247101,-0.08657486736774445,0.035646483302116394,0.37772732973098755,0.001485710614360869,0.005637588445097208,1.398940920829773,64,0.0469,0.333,3,0,4,0,7,1.0,,,,,,,0.061886005103588104,0.7432166934013367,2.10372257232666,0.01593,,0.2292
228,96103,0.0,24,2,0.2,29.0,0.2,0.0011714911088347435,0.15291255712509155,0.15532681345939636,0.32239049673080444,-0.08692711591720581,0.041083693504333496,0.32538580894470215,0.001374889980070293,0.0035288301296532154,1.472751259803772,64,0.0343,0.2,3,0,3,1,8,0.875,,,,,,,0.05902361869812012,0.7392339706420898,2.2036046981811523,0.01595,,0.2292
229,96574,0.0,24,2,0.0,29.44,0.0,0.002256881445646286,0.1488431990146637,0.14174526929855347,0.45864424109458923,-0.09232819825410843,0.06595867872238159,0.4177311658859253,0.0021613489370793104,0.002647816203534603,0.9903778433799744,64,0.0476,0.111,0,1,5,3,7,0.857,,,,,,,0.09322522580623627,0.6634304523468018,2.051271677017212,0.01594,,0.2292
230,96972,0.0,24,2,0.0,30.0,0.0,0.0019491177517920732,0.1798035055398941,0.17616531252861023,0.3224625885486603,-0.07504685968160629,0.034790560603141785,0.3253719210624695,0.0016231148038059473,0.005112845450639725,1.833542823791504,64,0.0328,0.0,3,0,4,0,9,0.667,,,,,,,0.040929973125457764,0.8048734664916992,2.1928749084472656,0.01593,,0.2292
231,97450,0.0,24,2,0.0,30.0,0.0,0.0027188765816390514,0.17288896441459656,0.16235367953777313,0.5648768544197083,-0.09289520233869553,0.09617067873477936,0.46304285526275635,0.0011368513805791736,0.004775586538016796,1.2088375091552734,64,0.0327,0.0,0,0,7,0,9,0.778,0.0683,0.4787,0.042,0,44,2,0.07684672623872757,0.7199041843414307,1.9730406999588013,0.01593,0.0417,0.2292
232,97817,0.0,24,2,0.0,30.0,0.0,0.002115144394338131,0.2305147647857666,0.22844402492046356,0.4602930247783661,-0.09138815104961395,0.04314833879470825,0.4631396234035492,0.0017468833830207586,0.004489696118980646,0.787146270275116,64,0.0397,0.0,4,0,4,0,8,0.75,,,,,,,0.11610058695077896,0.7323346138000488,1.980903148651123,0.01593,,0.2292
233,98181,0.0,24,2,0.1429,29.86,0.1429,0.0020707552321255207,0.21993930637836456,0.21703413128852844,0.37870919704437256,-0.09394316375255585,0.04896192252635956,0.3725056052207947,0.0010906127281486988,0.004445801023393869,1.2021455764770508,64,0.0275,0.143,4,0,6,0,5,1.0,,,,,,,0.07814624905586243,0.8463925123214722,2.1197938919067383,0.01593,,0.2292
234,98637,0.0,24,2,0.1429,29.71,0.1429,0.002987808547914028,0.2298136204481125,0.2366388440132141,0.4897802770137787,-0.08727212250232697,0.05627087876200676,0.4625684916973114,0.002079860307276249,0.0038843073416501284,0.9746646881103516,64,0.034,0.143,1,0,5,1,8,1.0,,,,,,,0.08954066783189774,0.7721996307373047,2.0007379055023193,0.01595,,0.2292
235,99065,0.0,24,2,0.0,30.0,0.0,0.0012566822115331888,0.1428861916065216,0.14556583762168884,0.3403490483760834,-0.09555815160274506,0.031206931918859482,0.3722964823246002,0.0013499545166268945,0.002393703907728195,1.2784241437911987,64,0.0307,0.0,2,0,4,1,9,0.778,,,,,,,0.07474683225154877,0.6475217342376709,2.097259044647217,0.01595,,0.2292
236,99521,0.0,24,2,0.2222,30.0,0.2222,0.003442439716309309,0.16906802356243134,0.16031697392463684,0.3515847325325012,-0.09239794313907623,0.027493596076965332,0.3871973156929016,0.0017378177726641297,0.0035962939728051424,1.2104647159576416,64,0.0318,0.222,1,0,7,0,6,1.0,,,,,,,0.07633262872695923,0.6199936270713806,2.0800201892852783,0.01596,,0.2292
237,99947,0.0,24,2,0.2,30.0,0.2,0.0018750393064692616,0.14860650897026062,0.15215779840946198,0.3375943899154663,-0.08740732073783875,0.02503291890025139,0.37172931432724,0.00152417435310781,0.006413080729544163,1.44589102268219,64,0.0312,0.4,2,1,3,0,9,0.889,,,,,,,0.06045221909880638,0.7007240056991577,2.0613436698913574,0.01598,,0.2292
238,100000,0.0,24,2,0.1429,29.86,0.1429,0.0029697048012167215,0.17322023212909698,0.18127918243408203,0.3583964407444,-0.08982851356267929,0.014822915196418762,0.41716644167900085,0.0010828388622030616,0.0028253935743123293,1.335601806640625,64,0.0341,0.143,2,0,5,1,7,1.0,0.0661,0.5588,0.292,6,32,2,0.06725695729255676,0.6451781988143921,2.0489320755004883,0.01602,0.1667,0.2292
239,100000,0.0,24,2,0.0,30.0,0.0,0.007834300398826599,0.17054735124111176,0.15396669507026672,0.3416905403137207,-0.0671321451663971,0.04086486995220184,0.3254995346069336,0.0013377000577747822,0.0031867932993918657,1.7437940835952759,64,0.0279,0.143,2,1,6,0,7,1.0,,,,,,,0.038497745990753174,0.8222178220748901,2.195498466491699,0.01598,,0.2292
240,100000,0.0,24,2,0.2,29.9,0.2,0.0018168834503740072,0.1818486601114273,0.1841239035129547,0.34844961762428284,-0.09551669657230377,0.03549978882074356,0.3712226450443268,0.0013883934589102864,0.0034882037434726954,1.1758356094360352,64,0.0336,0.2,3,0,7,1,3,0.667,,,,,,,0.08123302459716797,0.7416938543319702,2.1396536827087402,0.01592,,0.2292
241,100000,0.0,24,2,0.0,29.88,0.0,0.0019288696348667145,0.17159907519817352,0.16937005519866943,0.45185208320617676,-0.09590497612953186,0.038427527993917465,0.46920984983444214,0.0014498364180326462,0.003384287701919675,0.7210095524787903,64,0.0579,0.0,1,0,6,2,7,0.857,,,,,,,0.13301485776901245,0.7867131233215332,1.9943703413009644,0.01592,,0.2292
242,100000,0.0,24,2,0.0,30.0,0.0,0.0030387328006327152,0.1538163125514984,0.1535816788673401,0.344900906085968,-0.08154734969139099,0.026763519272208214,0.37128177285194397,0.0010880713816732168,0.003278909018263221,1.3864104747772217,64,0.0231,0.0,3,0,2,0,11,0.909,,,,,,,0.05881905555725098,0.7120320796966553,2.154639720916748,0.01596,,0.2292
243,100000,0.0,24,2,0.1429,30.0,0.1429,0.0021345741115510464,0.21319031715393066,0.22450518608093262,0.42348793148994446,-0.09157554060220718,0.07097785174846649,0.37137895822525024,0.0015914661344140768,0.0034576188772916794,1.3014696836471558,64,0.0328,0.143,2,0,6,0,7,0.857,,,,,,,0.07036317139863968,0.7138237953186035,2.099454641342163,0.01596,,0.2292
244,100000,0.0,24,2,0.125,29.5,0.125,0.0025999234057962894,0.18820717930793762,0.18269656598567963,0.3940930962562561,-0.08267296850681305,0.051264189183712006,0.3711353540420532,0.0011701502371579409,0.006204685661941767,1.2221754789352417,64,0.0271,0.125,3,0,5,2,5,1.0,,,,,,,0.06764410436153412,0.6882838606834412,2.122004508972168,0.01594,,0.2292
245,100000,0.0,24,2,0.0,29.67,0.0,0.0025465397629886866,0.18765948712825775,0.1880168318748474,0.3363487422466278,-0.08851481974124908,0.04873138666152954,0.3257181644439697,0.0010273003717884421,0.0033652179408818483,1.4169930219650269,64,0.0223,0.0,0,0,5,1,10,0.9,0.0597,0.4954,0.062,1,44,1,0.062466662377119064,0.7716193199157715,2.1939826011657715,0.01594,0.0417,0.2292
246,100000,0.0,24,2,0.2,30.0,0.2,0.002115868031978607,0.19057273864746094,0.18531078100204468,0.3884318768978119,-0.09336218982934952,0.03127395361661911,0.4170182943344116,0.001136412494815886,0.004455765709280968,1.390071988105774,64,0.0294,0.4,2,1,2,1,9,0.778,,,,,,,0.06716357171535492,0.7044527530670166,2.0585453510284424,0.01597,,0.2292
247,100000,0.0,24,2,0.2,29.8,0.2,0.0018349362071603537,0.1899133324623108,0.19076427817344666,0.3810846507549286,-0.09284168481826782,0.05032167583703995,0.37125128507614136,0.0015918264398351312,0.004063452128320932,1.1082578897476196,64,0.0291,0.2,1,0,4,0,10,0.9,,,,,,,0.08377264440059662,0.7426535487174988,2.1371641159057617,0.01605,,0.2292
248,100000,0.0,24,2,0.0,30.0,0.0,0.003342854091897607,0.2253817319869995,0.22785794734954834,0.2896786034107208,-0.08354777097702026,0.022974302992224693,0.3255055844783783,0.00170517445076257,0.0035444023087620735,1.4547783136367798,64,0.0277,0.0,5,0,4,0,7,1.0,,,,,,,0.05742989107966423,0.6828557848930359,2.1893889904022217,0.01605,,0.2292
249,100000,0.0,24,2,0.2,30.0,0.2,0.0028319242410361767,0.20005473494529724,0.20133724808692932,0.591997504234314,-0.09353405237197876,0.15546195209026337,0.37128138542175293,0.002237566513940692,0.006652579642832279,1.3743385076522827,64,0.0326,0.2,1,0,4,0,10,0.8,,,,,,,0.06805750727653503,0.7696811556816101,2.1239430904388428,0.01609,,0.2292
250,100000,0.0,24,2,0.1667,30.0,0.1667,0.0045208800584077835,0.19317412376403809,0.18314571678638458,0.37926754355430603,-0.0864420086145401,0.04535423964262009,0.3712504506111145,0.0016681806882843375,0.007501217070966959,1.319149374961853,64,0.0179,0.167,5,0,5,0,5,1.0,,,,,,,0.06552859395742416,0.9094959497451782,2.117048501968384,0.01611,,0.2292
251,100000,0.0,24,2,0.2,30.0,0.2,0.0019950123969465494,0.20277707278728485,0.19676473736763,0.4619022309780121,-0.08512140810489655,0.06326553225517273,0.4188874363899231,0.0011581232538446784,0.0032102756667882204,1.2584694623947144,64,0.023,0.2,3,0,3,1,8,0.5,,,,,,,0.0676388293504715,0.6693267822265625,2.056220293045044,0.0161,,0.2292
252,100000,0.0,24,2,0.0,30.0,0.0,0.001936888205818832,0.18832994997501373,0.1770181655883789,0.6387305855751038,-0.09304901957511902,0.07358244061470032,0.5825210809707642,0.0009935556445270777,0.004187243990600109,1.1975555419921875,64,0.0191,0.0,3,0,4,0,9,0.667,0.0539,0.4932,0.083,1,42,2,0.07769912481307983,0.8826707601547241,2.172903060913086,0.01612,0.0625,0.2292
253,100000,0.0,24,2,0.0,30.0,0.0,0.003409565659239888,0.2437686026096344,0.24299296736717224,0.39483779668807983,-0.09222547709941864,0.05071335285902023,0.3834790885448456,0.0006646480760537088,0.004314958117902279,0.8517870903015137,64,0.0297,0.0,2,0,4,0,10,1.0,,,,,,,0.10827291011810303,0.7477027773857117,2.0702133178710938,0.01616,,0.2292
254,100000,0.0,24,2,0.0,30.0,0.0,0.0034946673549711704,0.1787337064743042,0.19371530413627625,0.47512269020080566,-0.08518241345882416,0.0702718049287796,0.4167935252189636,0.002070568036288023,0.005935900844633579,0.8410467505455017,64,0.0388,0.286,3,2,5,0,6,0.833,,,,,,,0.10128143429756165,0.7320823669433594,2.0514159202575684,0.01611,,0.2292
255,100000,0.0,24,2,0.0,29.88,0.0,0.00206299452111125,0.2630687952041626,0.27387532591819763,0.3759869337081909,-0.08815822005271912,0.04523180425167084,0.3710857629776001,0.0012970127863809466,0.0051915934309363365,1.4239706993103027,64,0.0234,0.125,2,1,6,1,6,0.667,,,,,,,0.06191013753414154,0.7679303884506226,2.133882522583008,0.01607,,0.2292
256,100000,0.0,24,2,0.2,29.8,0.2,0.0016239960677921772,0.17650946974754333,0.16849446296691895,0.3720111846923828,-0.09647485613822937,0.07060965150594711,0.32565444707870483,0.0018608311656862497,0.0032246210612356663,1.0276143550872803,64,0.0388,0.2,2,0,3,1,9,1.0,,,,,,,0.09388235211372375,0.7832851409912109,2.1977267265319824,0.01611,,0.2292
257,100000,0.0,24,2,0.2222,29.22,0.2222,0.001621166244149208,0.1990232914686203,0.20112819969654083,0.330313503742218,-0.0961056500673294,0.0266120545566082,0.37103593349456787,0.001456035883165896,0.004318262916058302,1.2313356399536133,64,0.0335,0.333,3,1,5,1,4,0.75,,,,,,,0.0780499130487442,0.6810786128044128,2.13259220123291,0.01608,,0.2292
258,100000,0.0,24,2,0.1667,30.0,0.1667,0.0022467579692602158,0.1451566368341446,0.14388802647590637,0.277316153049469,-0.0903199091553688,0.019954627379775047,0.32626375555992126,0.000982085708528757,0.002926094690337777,1.987025499343872,64,0.0371,0.167,2,0,5,0,8,1.0,,,,,,,0.045454829931259155,0.7123610377311707,2.195070266723633,0.01613,,0.2292
259,100000,0.0,24,2,0.1429,30.0,0.1429,0.0024402174167335033,0.14852000772953033,0.14452627301216125,0.4476670026779175,-0.088741734623909,0.0586359016597271,0.4167669117450714,0.0010661224368959665,0.004740085918456316,1.1468589305877686,64,0.0238,0.143,1,0,6,0,8,1.0,0.0625,0.5054,0.104,2,38,5,0.07737807184457779,0.7424072623252869,2.0791780948638916,0.01614,0.0625,0.2292
260,100000,0.0,24,2,0.25,30.0,0.25,0.0014880007365718484,0.23266661167144775,0.2374463677406311,0.3690676987171173,-0.09082970023155212,0.042987093329429626,0.37122660875320435,0.0014332737773656845,0.005393185652792454,1.1999460458755493,64,0.0239,0.25,1,0,3,0,11,1.0,,,,,,,0.07569482177495956,0.7868250608444214,2.1301960945129395,0.0162,,0.2292
261,100000,0.0,24,2,0.0,30.0,0.0,0.0017846166156232357,0.1719960719347,0.1682339310646057,0.5250102877616882,-0.07749045640230179,0.06676178425550461,0.46672865748405457,0.001241048681549728,0.004497013054788113,0.9400033950805664,64,0.03,0.0,1,0,4,1,10,0.7,,,,,,,0.08243635296821594,0.7347930669784546,1.9610157012939453,0.01621,,0.2292
262,100000,0.0,24,2,0.0,30.0,0.0,0.0016177855432033539,0.16470670700073242,0.1649288386106491,0.3036932349205017,-0.0788472443819046,0.027635622769594193,0.32549411058425903,0.001376817817799747,0.0035502356477081776,2.0064852237701416,64,0.0235,0.0,0,0,5,0,11,0.818,,,,,,,0.03929620236158371,0.7084769010543823,2.1836767196655273,0.01621,,0.2292
263,100000,0.0,24,2,0.0,30.0,0.0,0.0018245296087116003,0.21561181545257568,0.21609121561050415,0.39088085293769836,-0.08276396244764328,0.04859031364321709,0.3745981454849243,0.0006647068657912314,0.003732108511030674,1.641244888305664,64,0.0315,0.0,1,0,4,2,9,1.0,,,,,,,0.05042755603790283,0.6147286891937256,2.1576156616210938,0.01626,,0.2292
264,100000,0.0,24,2,0.125,29.62,0.125,0.0020100069232285023,0.16166211664676666,0.15506193041801453,0.43608054518699646,-0.08801566809415817,0.02957908809185028,0.46366745233535767,0.0012873751111328602,0.0025412081740796566,1.0704190731048584,64,0.04,0.125,1,0,6,1,7,1.0,,,,,,,0.08222543448209763,0.717708945274353,1.9990886449813843,0.01626,,0.2292
265,100000,0.0,24,2,0.0,29.67,0.0,0.0023091998882591724,0.20164179801940918,0.20478275418281555,0.3830147385597229,-0.09455901384353638,0.02936207316815853,0.4173387289047241,0.0012801534030586481,0.0030217578168958426,0.954559326171875,64,0.035,0.0,3,0,5,1,7,0.857,,,,,,,0.09906038641929626,0.7230067253112793,2.0589685440063477,0.01625,,0.2292
266,100000,0.0,24,2,0.1429,29.57,0.1429,0.0029259203001856804,0.18018251657485962,0.1865989863872528,0.4612935483455658,-0.09061223268508911,0.08965978026390076,0.37108278274536133,0.0011061109835281968,0.0030068494379520416,1.6065877676010132,64,0.0308,0.143,1,0,5,1,8,0.875,0.0671,0.5053,0.083,3,40,4,0.05640042573213577,0.724919319152832,2.1246490478515625,0.01626,0.0208,0.2292
267,100000,0.0,24,2,0.0,29.38,0.0,0.0013348613865673542,0.17928723990917206,0.17150545120239258,0.4990214705467224,-0.08375081419944763,0.05914406105875969,0.46288174390792847,0.001269743894226849,0.0032048134598881006,1.5948021411895752,64,0.0366,0.125,0,1,6,1,8,0.875,,,,,,,0.05251486599445343,0.7634827494621277,1.9957871437072754,0.01624,,0.2292
268,100000,0.0,24,2,0.1111,30.0,0.1111,0.0024921507574617863,0.1795068383216858,0.17931661009788513,0.38993528485298157,-0.08783888071775436,0.05165012180805206,0.3721158504486084,0.0014757650205865502,0.004716154653578997,1.219395399093628,64,0.0341,0.111,1,0,8,0,6,0.833,,,,,,,0.07203478366136551,0.681786060333252,2.0906567573547363,0.01621,,0.2292
269,100000,0.0,24,2,0.2,29.0,0.2,0.0016726672183722258,0.17615202069282532,0.17896349728107452,0.408176988363266,-0.09039105474948883,0.06177232787013054,0.3711376190185547,0.0014181698206812143,0.007771536707878113,1.2743009328842163,64,0.0467,0.2,4,0,3,1,7,1.0,,,,,,,0.07093383371829987,0.7260028719902039,2.091291666030884,0.01623,,0.2292
270,100000,0.0,24,2,0.1667,30.0,0.1667,0.0018174482975155115,0.167425274848938,0.1676342934370041,0.41628578305244446,-0.08623886108398438,0.06398256123065948,0.37148547172546387,0.0014519368996843696,0.006148099899291992,1.364043116569519,64,0.021,0.167,2,0,5,0,8,0.875,,,,,,,0.0632229745388031,0.6730332374572754,2.136007308959961,0.01628,,0.2292
271,100000,0.0,24,2,0.0,29.5,0.0,0.0015575977740809321,0.15859435498714447,0.15903669595718384,0.3357482850551605,-0.09014444053173065,0.04929187148809433,0.3253404498100281,0.002242464805021882,0.003937062341719866,1.2293424606323242,64,0.0334,0.0,1,0,5,1,9,0.889,,,,,,,0.07332736253738403,0.732306957244873,2.197967052459717,0.01627,,0.2292
272,100000,0.0,24,2,0.0,30.0,0.0,0.003077106550335884,0.19586533308029175,0.18272137641906738,0.44420018792152405,-0.06276773661375046,0.039735257625579834,0.4253809154033661,0.0021378311794251204,0.004233016166836023,1.7902370691299438,64,0.0177,0.0,2,0,4,0,10,0.9,,,,,,,0.035061128437519073,0.7258228063583374,2.007859230041504,0.01628,,0.2292
273,100000,0.0,24,2,0.2857,29.86,0.2857,0.0015791847836226225,0.12791979312896729,0.12507200241088867,0.31091126799583435,-0.08166944980621338,0.0315268449485302,0.327975869178772,0.0015623238869011402,0.00310229929164052,1.4381489753723145,64,0.0318,0.286,1,0,5,0,8,1.0,0.0652,0.4696,0.188,1,35,4,0.056787893176078796,0.7877008318901062,2.166783332824707,0.01631,0.1667,0.2292
274,100000,0.0,24,2,0.2222,29.67,0.2222,0.002555759157985449,0.15831591188907623,0.1623823642730713,0.40854695439338684,-0.08255317062139511,0.08157803863286972,0.32547852396965027,0.0011678197188302875,0.004931044299155474,1.1153587102890015,64,0.0373,0.222,3,0,6,1,4,0.75,,,,,,,0.07401490211486816,0.8965123891830444,2.1882522106170654,0.0163,,0.2292
275,100000,0.0,24,2,0.1429,30.0,0.1429,0.0019808646757155657,0.17275643348693848,0.1816064417362213,0.320873498916626,-0.08675234019756317,0.03987523168325424,0.32553213834762573,0.0014888910809531808,0.004686476197093725,1.8105446100234985,64,0.0225,0.143,2,0,5,1,7,1.0,,,,,,,0.047915056347846985,0.8020365238189697,2.1978273391723633,0.01632,,0.2292
276,100000,0.0,24,2,0.0,30.0,0.0,0.0027156027499586344,0.16127708554267883,0.1713835448026657,0.49258244037628174,-0.09033726155757904,0.059124063700437546,0.46269458532333374,0.001346234348602593,0.003953986801207066,1.0781420469284058,64,0.0198,0.0,2,0,6,0,8,0.75,,,,,,,0.08378975838422775,0.7557749152183533,1.9992356300354004,0.01632,,0.2292
277,100000,0.0,24,2,0.6,30.0,0.6,0.003197884187102318,0.2214851677417755,0.2187267690896988,0.3714715838432312,-0.08905363082885742,0.06692177802324295,0.32552793622016907,0.0011981502175331116,0.002307412913069129,2.22479510307312,64,0.0407,0.6,3,0,2,0,8,0.625,,,,,,,0.040027789771556854,0.7186924815177917,2.1810450553894043,0.01634,,0.2292
278,100000,0.0,24,2,0.25,30.0,0.25,0.0035179341211915016,0.22134804725646973,0.2272047996520996,0.41990262269973755,-0.09656770527362823,0.07159041613340378,0.3714478611946106,0.0020000606309622526,0.0036832450423389673,1.194325566291809,64,0.0234,0.25,1,0,3,0,11,0.909,,,,,,,0.08085542917251587,0.8373496532440186,2.1403696537017822,0.01638,,0.2292
279,100000,0.0,24,2,0.0,30.0,0.0,0.001054363208822906,0.16586798429489136,0.1663718819618225,0.35544919967651367,-0.08636180311441422,0.05234964191913605,0.33460456132888794,0.0011123389704152942,0.0050143226981163025,1.679121971130371,64,0.0104,0.167,1,1,5,0,9,1.0,,,,,,,0.051432717591524124,0.6595740914344788,2.143169641494751,0.01641,,0.2292
280,100000,0.0,24,2,0.0,30.0,0.0,0.001790703390724957,0.18725921213626862,0.18017537891864777,0.35882696509361267,-0.08427694439888,0.034816205501556396,0.37123972177505493,0.0016860131872817874,0.004463553428649902,1.1980432271957397,64,0.0245,0.0,1,0,8,0,7,0.857,0.0542,0.4732,0.188,3,38,1,0.07034550607204437,0.6826252341270447,2.140652656555176,0.0164,0.125,0.2292
281,100000,0.0,24,2,0.1,29.4,0.1,0.0033600260503590107,0.16828666627407074,0.16762907803058624,0.4291013181209564,-0.0850590318441391,0.04690799117088318,0.4182468056678772,0.001600420568138361,0.0041951402090489864,1.6484349966049194,64,0.0379,0.1,0,0,7,2,6,0.667,,,,,,,0.05159987136721611,0.6761760115623474,2.0487821102142334,0.01641,,0.2292
282,100000,0.0,24,2,0.0,28.86,0.0,0.0032776494044810534,0.1932889223098755,0.1875959038734436,0.3639342486858368,-0.09250497072935104,0.04123830795288086,0.37137696146965027,0.001405202317982912,0.0051713245920836926,1.3694473505020142,64,0.0386,0.0,2,0,5,2,7,1.0,,,,,,,0.06754912436008453,0.7849291563034058,2.105595588684082,0.01643,,0.2292
283,100000,0.0,24,2,0.2,30.0,0.2,0.0015212957514449954,0.19819852709770203,0.19172194600105286,0.37379980087280273,-0.0891740471124649,0.021777719259262085,0.41709133982658386,0.001201133942231536,0.004654152784496546,0.9330582022666931,64,0.0254,0.2,3,0,8,0,3,1.0,,,,,,,0.09557180106639862,0.7903555631637573,2.0651588439941406,0.01641,,0.2292
284,100000,0.0,24,2,0.0,29.83,0.0,0.0021322788670659065,0.1954789161682129,0.19462701678276062,0.38590338826179504,-0.09814589470624924,0.05534108728170395,0.3716936707496643,0.0011535246158018708,0.003346889279782772,1.0929754972457886,64,0.0489,0.0,3,0,5,1,7,0.857,,,,,,,0.08979697525501251,0.8545306921005249,2.1298279762268066,0.01643,,0.2292
285,100000,0.0,24,2,0.1667,29.67,0.1667,0.002108312211930752,0.17011089622974396,0.18236291408538818,0.38093066215515137,-0.08644792437553406,0.07000645995140076,0.3254375457763672,0.0011116943787783384,0.0038562417030334473,1.3544024229049683,64,0.0314,0.167,2,0,4,1,8,0.75,,,,,,,0.06382735818624496,0.7524819374084473,2.176713228225708,0.01643,,0.2292
286,100000,0.0,24,2,0.125,30.0,0.125,0.0016480139456689358,0.1849757432937622,0.1952456533908844,0.3351762890815735,-0.07503154873847961,0.03946981579065323,0.3273334503173828,0.0011609119828790426,0.007869454100728035,2.3721344470977783,64,0.025,0.125,2,0,7,0,6,0.833,,,,,,,0.031630393117666245,0.6884852647781372,2.174626350402832,0.01639,,0.2292
287,100000,0.0,24,2,0.1,30.0,0.1,0.00205813511274755,0.16626319289207458,0.16671495139598846,0.45814117789268494,-0.09626476466655731,0.04511579871177673,0.4626494348049164,0.001287049730308354,0.003049761988222599,0.6924681067466736,64,0.0329,0.2,2,1,8,0,4,1.0,0.0552,0.4229,0.188,3,37,2,0.13901689648628235,0.7972511649131775,1.9973243474960327,0.01634,0.125,0.2292
288,100000,0.0,24,2,0.0,30.0,0.0,0.0022077106405049562,0.19006416201591492,0.18975740671157837,0.3582227826118469,-0.08004534989595413,0.032330069690942764,0.3710997402667999,0.0011825516121461987,0.005016532260924578,1.5377386808395386,64,0.0431,0.143,1,1,6,0,8,0.875,,,,,,,0.05205393582582474,0.738593578338623,2.1206214427948,0.01636,,0.2292
289,100000,0.0,24,2,0.1429,29.29,0.1429,0.0020305286161601543,0.16164043545722961,0.15002456307411194,0.3603125810623169,-0.0865493193268776,0.03657691925764084,0.37204229831695557,0.0014604746829718351,0.003331527579575777,1.5794270038604736,64,0.0589,0.143,2,0,5,1,7,1.0,,,,,,,0.05479791760444641,0.6506955623626709,2.110166549682617,0.01638,,0.2292
290,100000,0.0,24,2,0.2857,30.0,0.2857,0.0009942466858774424,0.20653636753559113,0.20977187156677246,0.36815446615219116,-0.09401993453502655,0.0440283864736557,0.37193411588668823,0.0009427528129890561,0.004367002751678228,1.5799616575241089,64,0.0177,0.286,4,0,5,0,5,1.0,,,,,,,0.05950773134827614,0.7572311162948608,2.1360859870910645,0.0164,,0.2292
291,100000,0.0,24,2,0.0,30.0,0.0,0.0020137126557528973,0.21317189931869507,0.22698473930358887,0.39096882939338684,-0.09494315087795258,0.05616940185427666,0.37134337425231934,0.0013352318201214075,0.00445964839309454,1.1159552335739136,64,0.0258,0.0,4,0,7,1,4,0.75,,,,,,,0.0850779190659523,0.8152068853378296,2.1543478965759277,0.01638,,0.2292
292,100000,0.0,24,2,0.0,30.0,0.0,0.0016837914008647203,0.18780729174613953,0.19061347842216492,0.3694442808628082,-0.09518706798553467,0.022654583677649498,0.4168800413608551,0.0011371861910447478,0.0048843128606677055,0.7604091167449951,64,0.0288,0.0,3,0,8,0,5,1.0,,,,,,,0.1251787543296814,0.6294912099838257,2.075981378555298,0.01639,,0.2292
293,100000,0.0,24,2,0.1429,30.0,0.1429,0.0016312017105519772,0.1587686538696289,0.1627684235572815,0.3141840994358063,-0.09320604056119919,0.038786374032497406,0.3275150954723358,0.0010518088238313794,0.004604577086865902,1.7488473653793335,64,0.04,0.143,1,0,5,1,8,0.75,,,,,,,0.05329569801688194,0.7868873476982117,2.181760311126709,0.01637,,0.2292
294,100000,0.0,24,2,0.0,30.0,0.0,0.0016537719639018178,0.2012450098991394,0.2007124125957489,0.42804068326950073,-0.08897487819194794,0.04911324009299278,0.4168555438518524,0.001168770482763648,0.0038670795038342476,1.0951197147369385,64,0.0472,0.0,2,0,5,0,9,0.889,0.0544,0.4787,0.083,2,38,6,0.08124671131372452,0.6881625056266785,2.0533287525177,0.01637,0.0417,0.2292
295,100000,0.0,24,2,0.0,29.88,0.0,0.0020897183567285538,0.20214703679084778,0.20037522912025452,0.41165804862976074,-0.09279701113700867,0.04252554103732109,0.41739416122436523,0.0014168022898957133,0.004019643180072308,1.1123594045639038,64,0.0266,0.0,1,0,7,1,7,0.857,,,,,,,0.08342359215021133,0.7300173044204712,2.0474605560302734,0.01636,,0.2292
296,100000,0.0,24,2,0.0,29.5,0.0,0.0022332724183797836,0.17125444114208221,0.17156171798706055,0.38859298825263977,-0.0772065669298172,0.04620535671710968,0.3711438775062561,0.0011574047384783626,0.00448997225612402,1.1417133808135986,64,0.0466,0.0,1,0,6,2,7,0.714,,,,,,,0.06762342154979706,0.7723495960235596,2.125823497772217,0.01637,,0.2292
297,100000,0.0,24,2,0.2857,29.57,0.2857,0.000990808941423893,0.19422101974487305,0.19568270444869995,0.4093397259712219,-0.08007407188415527,0.05802053213119507,0.3711100220680237,0.0009846208849921823,0.00452541233971715,1.4861811399459839,64,0.0257,0.429,0,1,2,2,9,0.778,,,,,,,0.05387907475233078,0.6622911691665649,2.134915828704834,0.01637,,0.2292
298,100000,0.0,24,2,0.0,30.0,0.0,0.0019473606953397393,0.2120371162891388,0.21421518921852112,0.5413975119590759,-0.07744355499744415,0.08149214833974838,0.4535787105560303,0.0012812784407287836,0.00455601466819644,1.6943053007125854,64,0.025,0.0,1,0,8,0,7,1.0,,,,,,,0.04570814594626427,0.6804890036582947,2.169945240020752,0.01638,,0.2292
299,100000,0.0,24,2,0.2,30.0,0.2,0.0017476901412010193,0.194437175989151,0.19506162405014038,0.5938363075256348,-0.08404127508401871,0.11535655707120895,0.4453369677066803,0.0010459524346515536,0.0036550024524331093,1.1378988027572632,64,0.0272,0.2,2,0,4,0,9,0.778,,,,,,,0.07385654747486115,0.9725558757781982,2.1025853157043457,0.01637,,0.2292
300,100000,0.0,24,2,0.0,29.5,0.0,0.002156561240553856,0.199595108628273,0.19577860832214355,0.3821232318878174,-0.09372342377901077,0.02855176106095314,0.4167065918445587,0.0014151999494060874,0.004073070827871561,1.2433257102966309,64,0.0305,0.0,1,0,6,2,7,0.857,,,,,,,0.07538123428821564,0.6495629549026489,2.0695905685424805,0.01636,,0.2292
301,100000,0.0,24,2,0.0,30.0,0.0,0.00124081049580127,0.18519678711891174,0.1791245937347412,0.35278651118278503,-0.08866647630929947,0.03405129909515381,0.3715396225452423,0.0011135345557704568,0.003621532814577222,1.0226019620895386,64,0.0285,0.0,2,0,7,1,6,1.0,0.059,0.4581,0.104,1,42,1,0.0867067351937294,0.7450687289237976,2.10728120803833,0.01636,0.0833,0.2292
302,100000,0.0,24,2,0.125,29.38,0.125,0.0023864582180976868,0.2384433150291443,0.2355157881975174,0.494171679019928,-0.0945315808057785,0.1075858324766159,0.37137508392333984,0.0010262973373755813,0.004313011188060045,0.9267287254333496,64,0.0376,0.125,3,0,6,1,5,0.2,,,,,,,0.10200566798448563,0.7293744087219238,2.1132521629333496,0.01634,,0.2292
303,100000,0.0,24,2,0.6667,30.0,0.6667,0.0018994433339685202,0.1922319233417511,0.1816341131925583,0.4333447217941284,-0.09643391519784927,0.07807847857475281,0.37178483605384827,0.0012855347013100982,0.003673657076433301,0.904930591583252,64,0.033,0.667,3,0,1,0,10,0.8,,,,,,,0.10656499117612839,0.6558670997619629,2.1330296993255615,0.01636,,0.2292
304,100000,0.0,24,2,0.4,30.0,0.4,0.0015828865580260754,0.1950749307870865,0.19436928629875183,0.35930344462394714,-0.09477216005325317,0.06331175565719604,0.3256409764289856,0.001266603241674602,0.0036222285125404596,1.4454901218414307,64,0.0233,0.4,1,0,3,0,10,1.0,,,,,,,0.06556403636932373,0.8381614089012146,2.1778371334075928,0.01639,,0.2292
305,100000,0.0,24,2,0.0,30.0,0.0,0.0013199886307120323,0.18904361128807068,0.1835690289735794,0.3561513423919678,-0.08913752436637878,0.05818965286016464,0.3254678547382355,0.001375023741275072,0.006883399561047554,2.0336673259735107,64,0.0401,0.0,3,0,5,0,8,0.875,,,,,,,0.04383092746138573,0.7535673975944519,2.2065858840942383,0.01642,,0.2292
306,100000,0.0,24,2,0.1111,30.0,0.1111,0.0016509077977389097,0.23192089796066284,0.22220593690872192,0.6731502413749695,-0.09790676087141037,0.13031375408172607,0.5086254477500916,0.001481732353568077,0.0036081154830753803,0.8705148696899414,64,0.0367,0.111,2,0,8,0,5,1.0,,,,,,,0.11246995627880096,0.8272241353988647,1.9202661514282227,0.01639,,0.2292
307,100000,0.0,24,2,0.0,30.0,0.0,0.0017622536979615688,0.17047208547592163,0.16134724020957947,0.2874160408973694,-0.09134872257709503,0.025861915200948715,0.32545748353004456,0.0010342315072193742,0.0031669167801737785,1.2071326971054077,64,0.0399,0.0,2,0,5,1,8,0.875,,,,,,,0.0756741315126419,0.6358283758163452,2.2062900066375732,0.01639,,0.2292
308,100000,0.0,24,2,0.0,29.6,0.0,0.0019165786216035485,0.16884970664978027,0.16667166352272034,0.39294224977493286,-0.09275826066732407,0.032972995191812515,0.41749057173728943,0.0009099131566472352,0.004527936689555645,1.1011096239089966,64,0.0411,0.0,3,0,7,3,3,0.667,0.0578,0.4668,0.021,0,44,3,0.08424071222543716,0.6083248257637024,2.030630588531494,0.01633,0.0208,0.2292
309,100000,0.0,24,2,0.3333,30.0,0.3333,0.003328572493046522,0.22154662013053894,0.21822169423103333,0.3582697808742523,-0.09653748571872711,0.04108849912881851,0.37142854928970337,0.0015928163193166256,0.0024034427478909492,1.2084589004516602,64,0.0183,0.333,2,0,2,0,11,0.818,,,,,,,0.07988479733467102,0.7213410139083862,2.1345410346984863,0.01634,,0.2292
310,100000,0.0,24,2,0.0,30.0,0.0,0.0022184730041772127,0.2049158215522766,0.20668521523475647,0.46800148487091064,-0.07535802572965622,0.08409066498279572,0.37199831008911133,0.0017894231714308262,0.006359735503792763,0.935599148273468,64,0.0256,0.0,2,0,6,0,8,0.75,,,,,,,0.08054520189762115,0.8380577564239502,2.137267589569092,0.01633,,0.2292
311,100000,0.0,24,2,0.0,30.0,0.0,0.0025726277381181717,0.19681021571159363,0.19600889086723328,0.39183709025382996,-0.08554725348949432,0.05192192643880844,0.3718183636665344,0.0012156147276982665,0.0034442755859345198,1.3450180292129517,64,0.03,0.0,3,0,5,1,7,1.0,,,,,,,0.06360305100679398,0.7504043579101562,2.1209702491760254,0.01633,,0.2292
312,100000,0.0,24,2,0.0,28.75,0.0,0.0019437998998910189,0.21090593934059143,0.20380741357803345,0.45268842577934265,-0.09446857869625092,0.018319331109523773,0.5081992745399475,0.001263196230866015,0.0046381233260035515,0.9913627505302429,64,0.0261,0.0,1,0,5,3,7,1.0,,,,,,,0.0952916294336319,0.7171473503112793,1.921010136604309,0.01636,,0.2292
313,100000,0.0,24,2,0.1667,30.0,0.1667,0.0013459835899993777,0.1902693212032318,0.18545332551002502,0.31590035557746887,-0.09285181015729904,0.017927689477801323,0.37104612588882446,0.0014524456346407533,0.003701331326738,1.2001709938049316,64,0.0315,0.167,4,0,4,1,6,1.0,,,,,,,0.07736548036336899,0.619097888469696,2.134561061859131,0.0164,,0.2292
314,100000,0.0,24,2,0.25,30.0,0.25,0.002063181484118104,0.21812447905540466,0.22320201992988586,0.44480252265930176,-0.09220823645591736,0.036174047738313675,0.46299272775650024,0.001183504587970674,0.0033398878294974566,1.138457179069519,64,0.0294,0.375,2,1,5,0,6,0.667,,,,,,,0.08099403232336044,0.6784150004386902,1.9812235832214355,0.0164,,0.2292
315,100000,0.0,24,2,0.0,29.5,0.0,0.0022018454037606716,0.24641872942447662,0.25426632165908813,0.49312636256217957,-0.09405740350484848,0.06146077439188957,0.4624244272708893,0.0015477595152333379,0.0036756007466465235,0.8566617965698242,64,0.0487,0.0,1,0,8,2,5,1.0,0.062,0.4746,0.062,2,44,1,0.10979525744915009,0.6435826420783997,1.992146372795105,0.01637,0.0208,0.2292
316,100000,0.0,24,2,0.2,29.9,0.2,0.0033698673360049725,0.19422167539596558,0.18635791540145874,0.44604963064193726,-0.0909523069858551,0.05929034575819969,0.4170975983142853,0.0013619379606097937,0.002647251356393099,1.3482986688613892,64,0.0232,0.2,2,0,7,1,4,1.0,,,,,,,0.06745709478855133,0.7144967317581177,2.0673274993896484,0.01633,,0.2292
317,100000,0.0,24,2,0.0,30.0,0.0,0.001789536327123642,0.18195798993110657,0.17295166850090027,0.36625784635543823,-0.09139245003461838,0.019368620589375496,0.4173467457294464,0.00139635952655226,0.0031326364260166883,1.0803732872009277,64,0.0353,0.0,1,0,7,0,8,0.875,,,,,,,0.08459340035915375,0.6753419637680054,2.0748939514160156,0.01633,,0.2292
318,100000,0.0,24,2,0.0,30.0,0.0,0.0014256552094593644,0.21701432764530182,0.22214043140411377,0.346352756023407,-0.09363411366939545,0.04665563628077507,0.344703733921051,0.0008106313762255013,0.003943758551031351,1.1297553777694702,64,0.0235,0.0,1,0,5,0,10,0.6,,,,,,,0.08287999033927917,0.7782947421073914,2.135195732116699,0.01632,,0.2292
319,100000,0.0,24,2,0.2222,30.0,0.2222,0.0018141663167625666,0.23270806670188904,0.2207077592611313,0.44915950298309326,-0.09517328441143036,0.06286920607089996,0.41674309968948364,0.0016664532013237476,0.003702496411278844,0.9922313094139099,64,0.0414,0.333,2,1,6,0,5,1.0,,,,,,,0.0959184318780899,0.7352193593978882,2.0403599739074707,0.01634,,0.2292
320,100000,0.0,24,2,0.0,30.0,0.0,0.0022769514471292496,0.20668862760066986,0.21002012491226196,0.3939692974090576,-0.08698125183582306,0.0532778725028038,0.3720524311065674,0.0012084037298336625,0.004684729501605034,1.3560800552368164,64,0.0236,0.0,5,0,8,0,3,1.0,,,,,,,0.06414168328046799,0.8778035640716553,2.0934908390045166,0.01636,,0.2292
321,100000,0.0,24,2,0.0,30.0,0.0,0.0014578485861420631,0.16877807676792145,0.17246492207050323,0.5851438045501709,-0.0975642204284668,0.15448066592216492,0.37113067507743835,0.0011346187675371766,0.005232055671513081,1.1976686716079712,64,0.0361,0.0,2,0,9,0,5,1.0,,,,,,,0.08146177232265472,0.7157196998596191,2.138104200363159,0.01634,,0.2292
322,100000,0.0,24,2,0.0,29.4,0.0,0.002382743638008833,0.21517492830753326,0.21274879574775696,0.3141573667526245,-0.07921040058135986,0.03295578062534332,0.32567113637924194,0.001094855135306716,0.003570158500224352,2.2314674854278564,64,0.0386,0.0,0,0,8,2,6,1.0,0.0519,0.4714,0.062,2,41,4,0.03549700230360031,0.8458992838859558,2.2260422706604004,0.01633,0.0208,0.2292
323,100000,0.0,24,2,0.125,30.0,0.125,0.0015093190595507622,0.17834538221359253,0.18170645833015442,0.49625006318092346,-0.0887906402349472,0.08309930562973022,0.4167681336402893,0.0010859780013561249,0.004147927742451429,1.2128894329071045,64,0.0213,0.125,4,0,7,0,4,1.0,,,,,,,0.0732058733701706,0.8541698455810547,2.06762957572937,0.01634,,0.2292
324,100000,0.0,24,2,0.0,29.0,0.0,0.0013063282240182161,0.18851350247859955,0.1846800148487091,0.4298272430896759,-0.08711026608943939,0.0943194329738617,0.3258587718009949,0.001109593198634684,0.0048797703348100185,1.7478874921798706,64,0.0566,0.0,5,0,2,1,8,0.875,,,,,,,0.04983745142817497,0.7640894651412964,2.2017159461975098,0.01634,,0.2292
325,100000,0.0,24,2,0.1429,30.0,0.1429,0.0024562771432101727,0.2068779170513153,0.1996026337146759,0.45165494084358215,-0.08992369472980499,0.038341209292411804,0.4628567099571228,0.001931782579049468,0.004079054109752178,0.9829705357551575,64,0.0295,0.143,2,0,5,1,7,1.0,,,,,,,0.09148157387971878,0.8403880000114441,1.9789893627166748,0.01631,,0.2292
326,100000,0.0,24,2,0.0,30.0,0.0,0.003713746089488268,0.20346403121948242,0.19603508710861206,0.44201940298080444,-0.09506137669086456,0.05855093523859978,0.41732120513916016,0.0008860801463015378,0.0053154402412474155,1.0374047756195068,64,0.0327,0.0,3,0,5,0,8,0.75,,,,,,,0.09163382649421692,0.7654069662094116,2.0651695728302,0.01631,,0.2292
327,100000,0.0,24,2,0.0,30.0,0.0,0.0015977430157363415,0.1895408034324646,0.1949290931224823,0.45323359966278076,-0.08609963953495026,0.06017246097326279,0.41725659370422363,0.0013353282120078802,0.0034634226467460394,1.310434341430664,64,0.0298,0.0,1,0,5,1,9,1.0,,,,,,,0.0657031312584877,0.6872038841247559,2.0349206924438477,0.01635,,0.2292
328,100000,0.0,24,2,0.0,28.5,0.0,0.003548709210008383,0.2341638207435608,0.24294525384902954,0.5288265943527222,-0.08607222139835358,0.0978718250989914,0.41708359122276306,0.0009824491571635008,0.004143152851611376,0.9410932660102844,64,0.0523,0.0,2,0,4,2,8,0.75,,,,,,,0.09145981073379517,0.9312852621078491,2.067789077758789,0.01631,,0.2292
329,100000,0.0,24,2,0.0,30.0,0.0,0.0017504037823528051,0.19380757212638855,0.19870290160179138,0.6070557832717896,-0.08608540892601013,0.09119391441345215,0.5087922811508179,0.0013350641820579767,0.003922277595847845,0.8653870820999146,64,0.0215,0.0,2,0,6,0,8,0.875,0.0553,0.487,0.042,2,44,2,0.09947618842124939,0.8431314826011658,1.8976025581359863,0.01631,0.0,0.2292
330,100000,0.0,24,2,0.0,29.67,0.0,0.0018787552835419774,0.15805821120738983,0.1531887650489807,0.46521520614624023,-0.06165849044919014,0.07715709507465363,0.37122035026550293,0.00174871482886374,0.0026782499626278877,2.6456637382507324,64,0.0331,0.0,2,0,5,1,8,0.875,,,,,,,0.023305490612983704,0.7558066248893738,2.131411075592041,0.01632,,0.2292
331,100000,0.0,24,2,0.0,30.0,0.0,0.0013933085137978196,0.21998243033885956,0.2174292355775833,0.38796061277389526,-0.09485016018152237,0.031045150011777878,0.41783249378204346,0.0012375714723020792,0.005775925703346729,1.2468135356903076,64,0.038,0.0,0,0,3,1,12,0.917,,,,,,,0.07607404887676239,0.7188422083854675,2.046236038208008,0.01635,,0.2292
332,100000,0.0,24,2,0.0,30.0,0.0,0.0018232782604172826,0.17236709594726562,0.161526620388031,0.3723646104335785,-0.08330640941858292,0.06397432088851929,0.3252846598625183,0.0011151188518851995,0.004875402431935072,1.6796048879623413,64,0.0399,0.143,1,1,6,0,8,0.875,,,,,,,0.0495988093316555,0.6790594458580017,2.1907386779785156,0.01635,,0.2292
333,100000,0.0,24,2,0.1,29.4,0.1,0.0012777599040418863,0.19928337633609772,0.19945600628852844,0.4048609435558319,-0.0952950119972229,0.08620356768369675,0.3255830705165863,0.0012674833415076137,0.004331529140472412,1.146046757698059,64,0.0415,0.2,1,1,5,3,5,0.8,,,,,,,0.08315105736255646,0.8821542263031006,2.2280547618865967,0.0163,,0.2292
334,100000,0.0,24,2,0.1429,30.0,0.1429,0.0014947712188586593,0.21533679962158203,0.21261852979660034,0.3655437231063843,-0.09679602086544037,0.021598324179649353,0.41682958602905273,0.0008764800732024014,0.004626976326107979,0.7456586956977844,64,0.0226,0.143,3,0,6,0,6,1.0,,,,,,,0.12981277704238892,0.6598300337791443,2.0711610317230225,0.01631,,0.2292
335,100000,0.0,24,2,0.0,30.0,0.0,0.0010909270495176315,0.19974341988563538,0.200431227684021,0.3302031457424164,-0.07264115661382675,0.03766406327486038,0.3258659243583679,0.0008605182520113885,0.003300510812550783,2.3283872604370117,64,0.0441,0.0,0,0,3,2,11,1.0,,,,,,,0.031198058277368546,0.780982494354248,2.1750683784484863,0.01633,,0.2292
336,100000,0.0,24,2,0.2222,29.67,0.2222,0.002074337797239423,0.20835593342781067,0.21658211946487427,0.4045675992965698,-0.09746383130550385,0.04143653064966202,0.4172086715698242,0.0010693379445001483,0.003899410367012024,1.2309021949768066,64,0.034,0.222,3,0,5,2,4,1.0,0.061,0.4674,0.083,3,42,2,0.07918081432580948,0.5768470764160156,2.078873634338379,0.01632,0.0208,0.2292
337,100000,0.0,24,2,0.0,30.0,0.0,0.004474090412259102,0.22849932312965393,0.2173861265182495,0.3120756447315216,-0.0816798061132431,0.03296011686325073,0.32556039094924927,0.0015781538095325232,0.004549672361463308,1.4418178796768188,64,0.0319,0.0,3,0,8,0,5,1.0,,,,,,,0.05665057152509689,0.8789403438568115,2.1861252784729004,0.01631,,0.2292
338,100000,0.0,24,2,0.0,30.0,0.0,0.0013830331154167652,0.17787756025791168,0.1778789609670639,0.36596164107322693,-0.08995559066534042,0.04024699330329895,0.37383028864860535,0.0010847708908841014,0.0031859027221798897,1.19633948802948,64,0.0263,0.0,3,0,5,0,8,1.0,,,,,,,0.07519236207008362,0.7409814596176147,2.1213598251342773,0.01637,,0.2292
339,100000,0.0,24,2,0.1667,30.0,0.1667,0.0015166467055678368,0.17792785167694092,0.1728079915046692,0.3839455246925354,-0.08891277015209198,0.049229688942432404,0.372606098651886,0.0010715097887441516,0.0035856093745678663,1.4150222539901733,64,0.0385,0.167,2,0,4,1,8,1.0,,,,,,,0.06283488869667053,0.7176656723022461,2.118825912475586,0.01639,,0.2292
340,100000,0.0,24,2,0.0,30.0,0.0,0.0021767308935523033,0.14689865708351135,0.15024931728839874,0.4456739127635956,-0.08263082057237625,0.077959805727005,0.37114495038986206,0.0015094937989488244,0.002480299212038517,1.3141114711761475,64,0.0223,0.0,3,0,7,0,6,0.833,,,,,,,0.06287960708141327,0.8262628316879272,2.144625186920166,0.0164,,0.2292
341,100000,0.0,24,2,0.2,29.4,0.2,0.003045341232791543,0.21335113048553467,0.21475635468959808,0.7074490189552307,-0.09678128361701965,0.04853568971157074,0.7044649720191956,0.0016422182088717818,0.005387903191149235,0.7078309655189514,64,0.0423,0.2,3,0,3,1,8,1.0,,,,,,,0.1367293745279312,0.6837565302848816,1.7382404804229736,0.01644,,0.2292
342,100000,0.0,24,2,0.0,29.89,0.0,0.001248875050805509,0.1456771343946457,0.14835527539253235,0.5903070569038391,-0.09552562236785889,0.04706261679530144,0.5900111794471741,0.0011240370804443955,0.003392541781067848,0.5991043448448181,64,0.0336,0.111,1,1,8,0,6,0.667,,,,,,,0.15944738686084747,0.7036595344543457,1.7490506172180176,0.0164,,0.2292
343,100000,0.0,24,2,0.0,30.0,0.0,0.0018146713264286518,0.1992843598127365,0.20761370658874512,0.4798581302165985,-0.07646849006414413,0.0910126194357872,0.37142547965049744,0.0011368326377123594,0.005751762073487043,1.8705666065216064,64,0.0257,0.0,2,0,4,0,10,0.9,0.0575,0.4359,0.083,2,42,2,0.04087985306978226,0.7424940466880798,2.145251989364624,0.01638,0.0417,0.2292
344,100000,0.0,24,2,0.0,30.0,0.0,0.002129503758624196,0.22260494530200958,0.22530706226825714,0.4561714231967926,-0.09166111797094345,0.06478573381900787,0.4168229103088379,0.0009743584669195116,0.002876360435038805,1.1424583196640015,64,0.0224,0.0,2,0,7,0,7,0.857,,,,,,,0.08023147284984589,0.6780236959457397,2.0543441772460938,0.01636,,0.2292
345,100000,0.0,24,2,0.0,30.0,0.0,0.002418281976133585,0.20715725421905518,0.2066367119550705,0.44002360105514526,-0.0872039869427681,0.030122146010398865,0.46367147564888,0.0013516969047486782,0.006623642519116402,0.7533298134803772,64,0.0435,0.111,1,1,8,0,6,1.0,,,,,,,0.11575804650783539,0.6745761632919312,1.9980086088180542,0.01633,,0.2292
346,100000,0.0,24,2,0.0,30.0,0.0,0.0014032359467819333,0.18570907413959503,0.18006254732608795,0.4866415560245514,-0.09768927842378616,0.05971771478652954,0.4630995988845825,0.0008965065353550017,0.003591604996472597,0.864090085029602,64,0.0298,0.0,2,0,6,0,8,0.75,,,,,,,0.11305449903011322,0.7796237468719482,2.016191244125366,0.01632,,0.2292
347,100000,0.0,24,2,0.0,29.12,0.0,0.004622234962880611,0.18238705396652222,0.18883799016475677,0.6664276123046875,-0.09519046545028687,0.14799785614013672,0.4640685021877289,0.001426207018084824,0.003107742639258504,0.8221815228462219,64,0.0505,0.0,3,0,5,3,5,1.0,,,,,,,0.11577791720628738,0.8517746925354004,1.9662508964538574,0.0163,,0.2292
348,100000,0.0,24,2,0.0,29.83,0.0,0.002192615531384945,0.20281286537647247,0.20534320175647736,0.4563608169555664,-0.09220549464225769,0.08757482469081879,0.3711801767349243,0.0010415964061394334,0.004472945351153612,1.187354564666748,64,0.0384,0.0,2,0,5,1,8,0.875,,,,,,,0.07765623927116394,0.7497476935386658,2.1145803928375244,0.01628,,0.2292
349,100000,0.0,24,2,0.0,30.0,0.0,0.0012950387317687273,0.20321053266525269,0.20666471123695374,0.4194341003894806,-0.0818435549736023,0.041009604930877686,0.41687995195388794,0.0013811074895784259,0.004756958689540625,2.3529653549194336,64,0.0171,0.0,2,0,8,0,6,0.667,,,,,,,0.03478315472602844,0.7232005596160889,2.0568041801452637,0.01627,,0.2292
350,100000,0.0,24,2,0.0,30.0,0.0,0.004269680008292198,0.18467940390110016,0.19416487216949463,0.3900606334209442,-0.0906715989112854,0.05321693420410156,0.3723195791244507,0.0010958047350868583,0.003957545850425959,1.2195595502853394,64,0.0331,0.0,2,0,7,0,7,0.714,0.0578,0.4288,0.021,0,42,5,0.07434782385826111,0.7318309545516968,2.1118216514587402,0.01624,0.0208,0.2292
351,100000,0.0,24,2,0.0,30.0,0.0,0.0016584086697548628,0.19750121235847473,0.19918671250343323,0.3455657362937927,-0.08534730970859528,0.05154363811016083,0.32596272230148315,0.0012358439853414893,0.0037261166144162416,1.4116837978363037,64,0.0333,0.0,5,0,4,0,7,0.571,,,,,,,0.06045781075954437,0.8843898773193359,2.1696033477783203,0.01622,,0.2292
352,100000,0.0,24,2,0.0,29.88,0.0,0.0020428616553545,0.14280101656913757,0.13561642169952393,0.32420051097869873,-0.08534767478704453,0.0408775620162487,0.3252626657485962,0.001601241179741919,0.005060763098299503,2.029395580291748,64,0.0236,0.0,1,0,6,2,7,0.571,,,,,,,0.04205571487545967,0.73430335521698,2.184955596923828,0.01619,,0.2292
353,100000,0.0,24,2,0.2,29.4,0.2,0.005092082545161247,0.20360703766345978,0.21507415175437927,0.42300355434417725,-0.095219686627388,0.07225466519594193,0.3710545301437378,0.0008188509964384139,0.005318750161677599,1.5482943058013916,64,0.0459,0.2,1,0,3,1,10,0.8,,,,,,,0.06149973347783089,0.7671558260917664,2.1192355155944824,0.01621,,0.2292
354,100000,0.0,24,2,0.0,29.71,0.0,0.0009796227095648646,0.16800449788570404,0.16433727741241455,0.362613707780838,-0.08123961091041565,0.034770186990499496,0.3724144697189331,0.0009806763846427202,0.00379694951698184,1.454993486404419,64,0.0376,0.0,2,0,5,2,7,0.857,,,,,,,0.05583503842353821,0.7934787273406982,2.0929384231567383,0.0162,,0.2292
355,100000,0.0,24,2,0.2,29.8,0.2,0.0016205417923629284,0.20705941319465637,0.20623958110809326,0.3445158004760742,-0.08350071310997009,0.04774468392133713,0.3305029273033142,0.0010547720594331622,0.004048442468047142,2.1392037868499756,64,0.056,0.2,3,0,3,1,8,0.875,,,,,,,0.039033547043800354,0.7075800895690918,2.1849164962768555,0.01621,,0.2292
356,100000,0.0,24,2,0.0,30.0,0.0,0.0019191026221960783,0.20946569740772247,0.2039569914340973,0.4402202367782593,-0.08719082921743393,0.05211837217211723,0.4209400415420532,0.0017630383372306824,0.004468558821827173,1.3965529203414917,64,0.0198,0.0,4,0,5,0,7,0.857,,,,,,,0.06243288516998291,0.7548251152038574,2.0935635566711426,0.0162,,0.2292
357,100000,0.0,24,2,0.0,29.83,0.0,0.0012064912589266896,0.1977691948413849,0.194446861743927,0.38844767212867737,-0.09597388654947281,0.055444151163101196,0.3710339367389679,0.0013400157913565636,0.004998642019927502,1.185746192932129,64,0.0331,0.0,3,0,5,1,7,1.0,0.0574,0.4488,0.062,2,42,3,0.0809396505355835,0.8258764743804932,2.1088216304779053,0.0162,0.0208,0.2292
358,100000,0.0,24,2,0.1429,30.0,0.1429,0.0009792072232812643,0.2132132351398468,0.21110278367996216,0.5561673641204834,-0.08484897762537003,0.06178533285856247,0.5153740644454956,0.0009892721427604556,0.004143248777836561,1.1642102003097534,64,0.0254,0.143,5,0,6,0,4,0.75,,,,,,,0.07288114726543427,0.7198222875595093,1.9502924680709839,0.0162,,0.2292
359,100000,0.0,24,2,0.0,30.0,0.0,0.0013710911152884364,0.22364303469657898,0.2239483743906021,0.3332575857639313,-0.07839518785476685,0.018614519387483597,0.37105411291122437,0.0010177885415032506,0.006739272270351648,1.6968024969100952,64,0.0274,0.0,4,0,2,1,9,1.0,,,,,,,0.046201713383197784,0.718871533870697,2.132131338119507,0.01623,,0.2292
360,100000,0.0,24,2,0.0,30.0,0.0,0.0012357246596366167,0.1898140013217926,0.1836332529783249,0.38285472989082336,-0.09125010669231415,0.027599027380347252,0.4169921875,0.0012617756146937609,0.003829187946394086,1.6871824264526367,64,0.0239,0.0,2,0,7,0,7,0.857,,,,,,,0.05408431589603424,0.7954373359680176,2.0504350662231445,0.01624,,0.2292
361,100000,0.0,24,2,0.0,30.0,0.0,0.002899720799177885,0.18006624281406403,0.19147008657455444,0.3217695951461792,-0.06813782453536987,0.03112141788005829,0.32604581117630005,0.0011839509243145585,0.0032375727314502,2.5890138149261475,64,0.0441,0.125,3,1,7,0,5,1.0,,,,,,,0.026318060234189034,0.7867128849029541,2.17857027053833,0.01625,,0.2292
362,100000,0.0,24,2,0.0,29.43,0.0,0.001827859552577138,0.22316372394561768,0.2238069772720337,0.5268100500106812,-0.08233173191547394,0.0722568929195404,0.46272629499435425,0.001034353394061327,0.003803360043093562,1.190379023551941,64,0.0371,0.0,2,0,4,3,7,1.0,,,,,,,0.06916429847478867,0.8936828374862671,2.0153648853302,0.01623,,0.2292
363,100000,0.0,24,2,0.0,30.0,0.0,0.0022613932378590107,0.16118226945400238,0.15618166327476501,0.3392373323440552,-0.09145636111497879,0.05175168439745903,0.3253411650657654,0.0012086653150618076,0.0036983538884669542,2.0914299488067627,64,0.0148,0.0,6,0,4,0,6,0.833,,,,,,,0.04372910410165787,0.7912454605102539,2.199561357498169,0.01623,,0.2292
364,100000,0.0,24,2,0.0,29.57,0.0,0.0035967715084552765,0.24804365634918213,0.2451569139957428,0.34666773676872253,-0.08266197144985199,0.05083141475915909,0.32540345191955566,0.0013105671387165785,0.004526876844465733,2.062039613723755,64,0.0227,0.0,2,0,5,2,7,0.857,0.0595,0.4786,0.042,0,40,6,0.04008748382329941,0.8214015364646912,2.2146151065826416,0.01625,0.0417,0.2292
365,100000,0.0,24,2,0.0,30.0,0.0,0.0015258388593792915,0.1806635856628418,0.1769164651632309,0.5228085517883301,-0.09445662051439285,0.07637690752744675,0.46261224150657654,0.00118195207323879,0.0037981930654495955,0.9199007153511047,64,0.0236,0.0,2,0,6,0,8,1.0,,,,,,,0.10268131643533707,0.7159253358840942,1.9765491485595703,0.01629,,0.2292
366,100000,0.0,24,2,0.2,30.0,0.2,0.005015717353671789,0.2179323434829712,0.21650953590869904,0.3567897081375122,-0.09614989161491394,0.06254807859659195,0.32589808106422424,0.0009048136998899281,0.0038907441776245832,1.4714441299438477,64,0.0547,0.2,4,0,3,1,7,1.0,,,,,,,0.06534388661384583,0.711504340171814,2.192547559738159,0.01631,,0.2292
367,100000,0.0,24,2,0.0,30.0,0.0,0.0012095863930881023,0.17187893390655518,0.16680805385112762,0.3791140019893646,-0.08690103888511658,0.0694991797208786,0.3253399729728699,0.0008551564533263445,0.0033534280955791473,1.5579900741577148,64,0.0357,0.0,5,0,4,0,7,0.857,,,,,,,0.0557776615023613,0.7309283018112183,2.2159130573272705,0.01628,,0.2292
368,100000,0.0,24,2,0.0,30.0,0.0,0.0010065097594633698,0.16861549019813538,0.17060942947864532,0.3652171492576599,-0.0940089002251625,0.020165342837572098,0.4168594777584076,0.0009068319923244417,0.004071793053299189,1.0640753507614136,64,0.0404,0.0,1,0,8,0,7,0.714,,,,,,,0.08834797143936157,0.6759111881256104,2.0677995681762695,0.01628,,0.2292
369,100000,0.0,24,2,0.0,29.8,0.0,0.0012950084637850523,0.21696040034294128,0.21038861572742462,0.4789479076862335,-0.09385997802019119,0.07532107084989548,0.4203052520751953,0.0008521979907527566,0.003720988752320409,1.1690696477890015,64,0.0385,0.0,3,0,4,1,8,1.0,,,,,,,0.08028604090213776,0.7661141157150269,2.012937545776367,0.01631,,0.2292
370,100000,0.0,24,2,0.0,30.0,0.0,0.0011411712039262056,0.21195171773433685,0.2123776525259018,0.4655994474887848,-0.09443415701389313,0.07024014741182327,0.41683435440063477,0.0009537939331494272,0.005437930580228567,1.0540903806686401,64,0.0421,0.0,0,0,6,1,9,0.778,,,,,,,0.08958828449249268,0.8620595932006836,2.0690345764160156,0.0163,,0.2292
371,100000,0.0,24,2,0.0,29.8,0.0,0.0012917739804834127,0.24200692772865295,0.2455940693616867,0.3526688814163208,-0.07664541155099869,0.05089358612895012,0.32543134689331055,0.0008776207687333226,0.004191545769572258,1.8707531690597534,64,0.0338,0.2,2,1,3,1,9,0.778,0.0617,0.4067,0.062,0,41,4,0.040970347821712494,0.7727450132369995,2.203540802001953,0.01632,0.0625,0.2292
372,100000,0.0,24,2,0.0,30.0,0.0,0.0016574716428294778,0.16211345791816711,0.15981540083885193,0.35806313157081604,-0.06744135916233063,0.049221958965063095,0.3253031373023987,0.0015156809240579605,0.003514857729896903,3.503087282180786,64,0.0464,0.0,3,0,7,0,6,1.0,,,,,,,0.019251976162195206,0.6575223207473755,2.1788594722747803,0.01633,,0.2292
373,100000,0.0,24,2,0.1,29.8,0.1,0.0015488136559724808,0.2112969160079956,0.20837363600730896,0.3495412766933441,-0.09426386654376984,0.03540731966495514,0.3711375296115875,0.001686949864961207,0.003705901326611638,1.4328956604003906,64,0.0383,0.1,4,0,8,1,2,1.0,,,,,,,0.06578557193279266,0.6940857768058777,2.132270336151123,0.01631,,0.2292
374,100000,0.0,24,2,0.0,30.0,0.0,0.0019445745274424553,0.18527360260486603,0.1842087209224701,0.3598500192165375,-0.09695116430521011,0.04173965007066727,0.3710672855377197,0.001729011652059853,0.004509232006967068,1.404494047164917,64,0.0291,0.0,2,0,4,2,8,0.625,,,,,,,0.06902924180030823,0.7327370643615723,2.1307549476623535,0.01631,,0.2292
375,100000,0.0,24,2,0.4,30.0,0.4,0.0011597037082538009,0.14409558475017548,0.1473778486251831,0.5702009201049805,-0.08398854732513428,0.053465090692043304,0.545551598072052,0.0009741582325659692,0.0034154022578150034,1.1266275644302368,64,0.0438,0.4,3,0,2,1,8,1.0,,,,,,,0.07454863935709,0.7359700202941895,2.1261727809906006,0.01633,,0.2292
376,100000,0.0,24,2,0.0,29.67,0.0,0.002022678032517433,0.2164684534072876,0.2173948585987091,0.5035275220870972,-0.09545839577913284,0.06610487401485443,0.46447595953941345,0.0015840909909456968,0.0046004378236830235,1.019131064414978,64,0.0417,0.0,1,0,4,2,9,0.889,,,,,,,0.0936664566397667,0.7195050120353699,1.9619007110595703,0.01636,,0.2292
377,100000,0.0,24,2,0.0,30.0,0.0,0.0018466261681169271,0.16710948944091797,0.1847541481256485,0.35555264353752136,-0.07866975665092468,0.0535154789686203,0.32522672414779663,0.0012070216471329331,0.003929411992430687,2.1018199920654297,64,0.0378,0.143,2,1,6,0,7,0.857,,,,,,,0.03742935508489609,0.8010146021842957,2.2022101879119873,0.01638,,0.2292
378,100000,0.0,24,2,0.0,30.0,0.0,0.0013733081286773086,0.22839701175689697,0.22736400365829468,0.36276599764823914,-0.09004814922809601,0.040049463510513306,0.37131017446517944,0.0009086793288588524,0.0028100870549678802,1.4188588857650757,64,0.0248,0.0,3,0,3,0,10,0.9,0.0587,0.4882,0.042,0,41,5,0.0634651929140091,0.7554140090942383,2.1467580795288086,0.0164,0.0417,0.2292
379,100000,0.0,24,2,0.0,30.0,0.0,0.00207668449729681,0.1923038512468338,0.19061844050884247,0.4599006474018097,-0.09050017595291138,0.0635809451341629,0.42179083824157715,0.001150220399722457,0.002896198071539402,1.2233991622924805,64,0.0223,0.0,4,0,6,0,6,0.667,,,,,,,0.0739743635058403,0.66667240858078,2.0185065269470215,0.01639,,0.2292
380,100000,0.0,24,2,0.0,29.0,0.0,0.0015494456747546792,0.17096465826034546,0.17151427268981934,0.37707480788230896,-0.08903630077838898,0.04646126553416252,0.3712044358253479,0.0009656317997723818,0.003968280274420977,1.3284410238265991,64,0.0373,0.0,2,0,2,1,11,0.818,,,,,,,0.0670231506228447,0.7648665308952332,2.1551833152770996,0.01641,,0.2292
381,100000,0.0,24,2,0.0,29.88,0.0,0.0020805192179977894,0.16205641627311707,0.15360486507415771,0.41402700543403625,-0.09053263068199158,0.04308029264211655,0.41672593355178833,0.0009401643765158951,0.003346269251778722,1.3792365789413452,64,0.0331,0.0,2,0,7,1,6,0.667,,,,,,,0.0656396672129631,0.6272560358047485,2.0530805587768555,0.01634,,0.2292
382,100000,0.0,24,2,0.0,30.0,0.0,0.0062574236653745174,0.16905903816223145,0.17850756645202637,0.4037471115589142,-0.08322092890739441,0.03388025984168053,0.4175785183906555,0.0011247132206335664,0.00325799104757607,1.8146650791168213,64,0.0318,0.0,3,0,10,0,3,1.0,,,,,,,0.04586021229624748,0.6962665915489197,2.0904200077056885,0.01633,,0.2292
383,100000,0.0,24,2,0.0,30.0,0.0,0.002603893168270588,0.16572169959545135,0.16100694239139557,0.35353782773017883,-0.08508415520191193,0.03267378360033035,0.3709624409675598,0.0012565249344334006,0.004623936954885721,2.974043130874634,64,0.023,0.0,1,0,6,1,8,0.875,,,,,,,0.028608916327357292,0.7424370646476746,2.149055004119873,0.01633,,0.2292
384,100000,0.0,24,2,0.0,29.67,0.0,0.0010197855299338698,0.15344375371932983,0.154669851064682,0.36700913310050964,-0.08687112480401993,0.040733322501182556,0.37096288800239563,0.0009238606435246766,0.0029014316387474537,1.6368144750595093,64,0.0299,0.0,3,0,4,2,7,1.0,,,,,,,0.05307328701019287,0.6995888948440552,2.1343088150024414,0.01635,,0.2292
385,100000,0.0,24,2,0.0,30.0,0.0,0.0014578482368960977,0.14410698413848877,0.13676582276821136,0.47857657074928284,-0.09210614114999771,0.02982325479388237,0.5088703632354736,0.0011023783590644598,0.004331628791987896,1.2493884563446045,64,0.0411,0.0,2,0,3,2,9,0.889,0.0574,0.3914,0.062,3,41,4,0.07372097671031952,0.7280861735343933,1.913943886756897,0.01636,0.0,0.2292
386,100000,0.0,24,2,0.0,30.0,0.0,0.001053385902196169,0.20683163404464722,0.2053549885749817,0.47469979524612427,-0.09336903691291809,0.09679372608661652,0.37239718437194824,0.0006584741640836,0.004168378654867411,0.9856850504875183,64,0.0261,0.0,1,0,6,0,9,1.0,,,,,,,0.09472502022981644,0.8500661253929138,2.095041275024414,0.01641,,0.2292
387,100000,0.0,24,2,0.0,30.0,0.0,0.0013566788984462619,0.21883350610733032,0.22828003764152527,0.28374409675598145,-0.08344748616218567,0.01992477849125862,0.3259265720844269,0.0008402182720601559,0.002830938436090946,1.6657898426055908,64,0.0264,0.0,2,0,6,0,8,0.875,,,,,,,0.0500948429107666,0.6752676963806152,2.181980609893799,0.01639,,0.2292
388,100000,0.0,24,2,0.0,30.0,0.0,0.002987003419548273,0.18468186259269714,0.18876530230045319,0.4717661142349243,-0.09250415116548538,0.07242745906114578,0.41697946190834045,0.0012623316142708063,0.004871767479926348,1.4616286754608154,64,0.0389,0.0,2,0,4,1,9,0.778,,,,,,,0.06328841298818588,0.7375723123550415,2.073915481567383,0.0164,,0.2292
389,100000,0.0,24,2,0.0,29.38,0.0,0.0013772821985185146,0.18130098283290863,0.17494989931583405,0.43937891721725464,-0.09277777373790741,0.05639569088816643,0.41691744327545166,0.0011848871363326907,0.004895745776593685,1.3172909021377563,64,0.0474,0.0,4,0,6,2,4,1.0,,,,,,,0.07043074071407318,0.6310290098190308,2.0336928367614746,0.01639,,0.2292
390,100000,0.0,24,2,0.0,30.0,0.0,0.0016140121733769774,0.1838502436876297,0.1644142121076584,0.2822575271129608,-0.09599585831165314,0.02520018443465233,0.3252071738243103,0.0008272338309325278,0.005291710142046213,1.4879252910614014,64,0.0249,0.0,1,0,4,0,11,0.727,,,,,,,0.064516581594944,0.6741173267364502,2.194084882736206,0.01639,,0.2292
391,100000,0.0,24,2,0.0,30.0,0.0,0.001631876453757286,0.1752522587776184,0.16872715950012207,0.4279177188873291,-0.098122239112854,0.05344615504145622,0.4168034791946411,0.0018045856850221753,0.00468832440674305,1.2240467071533203,64,0.0319,0.0,3,0,6,0,7,1.0,,,,,,,0.0801621749997139,0.6596450805664062,2.0405075550079346,0.01643,,0.2292
392,100000,0.0,24,2,0.0,30.0,0.0,0.001919593196362257,0.20076054334640503,0.19764608144760132,0.39205464720726013,-0.08879277855157852,0.054002098739147186,0.3711071014404297,0.000795984931755811,0.003472291398793459,1.6480919122695923,64,0.0267,0.0,2,0,5,1,8,0.75,0.0635,0.4302,0.083,2,44,0,0.053876109421253204,0.7551113963127136,2.13360595703125,0.01641,0.0417,0.2292
393,100000,0.0,24,2,0.1429,30.0,0.1429,0.0015384901780635118,0.19122348725795746,0.19265839457511902,0.3820265531539917,-0.08464764803647995,0.046594247221946716,0.37117213010787964,0.0013663992285728455,0.004627168644219637,1.1444486379623413,64,0.0521,0.143,2,0,6,0,7,0.857,,,,,,,0.07396368682384491,0.795372486114502,2.1440987586975098,0.0164,,0.2292
394,100000,0.0,24,2,0.0,30.0,0.0,0.005091453902423382,0.18213963508605957,0.18699565529823303,0.32229727506637573,-0.07121691852807999,0.03353593125939369,0.32528144121170044,0.0014477039221674204,0.0023217801935970783,2.265331745147705,64,0.0222,0.0,3,0,9,0,4,0.75,,,,,,,0.031437743455171585,0.6774565577507019,2.2127795219421387,0.01636,,0.2292
395,100000,0.0,24,2,0.0,30.0,0.0,0.0011140990536659956,0.1812227964401245,0.18425890803337097,0.43007320165634155,-0.08894681185483932,0.027387306094169617,0.46249324083328247,0.0011497014202177525,0.0035043524112552404,1.794480562210083,64,0.0202,0.0,4,0,5,1,6,1.0,,,,,,,0.04956688731908798,0.6416939496994019,2.000922918319702,0.01635,,0.2292
396,100000,0.0,24,2,0.0,29.4,0.0,0.0013807652285322547,0.20128674805164337,0.20545336604118347,0.4377390742301941,-0.07002346962690353,0.061837345361709595,0.3819239139556885,0.0008959981496445835,0.004327891860157251,2.121605157852173,64,0.0308,0.0,4,0,4,1,7,0.571,,,,,,,0.03300495073199272,0.7856014966964722,2.074382781982422,0.01632,,0.2292
397,100000,0.0,24,2,0.0,29.71,0.0,0.0043449122458696365,0.2106730341911316,0.1979140341281891,0.3965187966823578,-0.09288480877876282,0.058199018239974976,0.3710324764251709,0.0012252863962203264,0.003946196753531694,1.5825303792953491,64,0.044,0.143,2,1,5,1,7,0.857,,,,,,,0.05869385600090027,0.7603763341903687,2.132071018218994,0.01632,,0.2292
398,100000,0.0,24,2,0.0,29.43,0.0,0.0016885388176888227,0.20736169815063477,0.2034015953540802,0.3600137531757355,-0.07603223621845245,0.0315806120634079,0.3709574341773987,0.0011407408164814115,0.0038547085132449865,2.3189589977264404,64,0.0365,0.0,1,0,5,2,8,1.0,,,,,,,0.032787226140499115,0.7116540670394897,2.143455743789673,0.01632,,0.2292
399,100000,0.0,24,2,0.0,30.0,0.0,0.0021297584753483534,0.17300181090831757,0.17242547869682312,0.33833077549934387,-0.09288597851991653,0.02579670399427414,0.3783349096775055,0.0016724510351195931,0.002576900878921151,1.1756396293640137,64,0.0292,0.0,1,0,7,0,8,0.875,0.0547,0.3685,0.125,4,41,1,0.07900889217853546,0.6247727274894714,2.078392505645752,0.0163,0.0417,0.2292
400,100000,0.0,24,2,0.0,29.33,0.0,0.0013751599472016096,0.19399011135101318,0.18964973092079163,0.5250898003578186,-0.08848614990711212,0.09514378011226654,0.4204416275024414,0.0016339215217158198,0.005693498533219099,1.3373883962631226,64,0.0312,0.0,0,0,8,1,7,1.0,,,,,,,0.06616339087486267,0.8894850611686707,2.0773305892944336,0.0163,,0.2292
401,100000,0.0,24,2,0.0,30.0,0.0,0.0011834511533379555,0.20071280002593994,0.20074348151683807,0.3981276750564575,-0.09048334509134293,0.05808806046843529,0.371247261762619,0.0010906000388786197,0.0023752220440655947,2.1639959812164307,64,0.0191,0.0,2,0,6,0,8,0.875,,,,,,,0.04181308299303055,0.7458004951477051,2.1354870796203613,0.0163,,0.2292
402,100000,0.0,24,2,0.1,30.0,0.1,0.0017809055279940367,0.20228445529937744,0.19439885020256042,0.35990384221076965,-0.09393659234046936,0.039906419813632965,0.37196409702301025,0.001048170030117035,0.004126945976167917,1.481646180152893,64,0.029,0.1,4,0,9,0,2,1.0,,,,,,,0.06340014934539795,0.8207052946090698,2.098832130432129,0.01624,,0.2292
403,100000,0.0,24,2,0.0,30.0,0.0,0.0014498609816655517,0.14192792773246765,0.13937433063983917,0.48024633526802063,-0.08833111077547073,0.05105942487716675,0.4648948907852173,0.0017980632837861776,0.003127367002889514,0.9555930495262146,64,0.0322,0.0,2,0,5,0,9,1.0,,,,,,,0.09243591129779816,0.7217516303062439,1.9665091037750244,0.01626,,0.2292
404,100000,0.0,24,2,0.1429,29.86,0.1429,0.0008701812475919724,0.22326600551605225,0.22956985235214233,0.48623746633529663,-0.09099040925502777,0.0339500866830349,0.508091151714325,0.0010274826781824231,0.00247310777194798,1.4012677669525146,64,0.0329,0.286,0,1,4,1,9,1.0,,,,,,,0.06493434309959412,0.7250646352767944,1.9178974628448486,0.01626,,0.2292
405,100000,0.0,24,2,0.0,29.4,0.0,0.002386239590123296,0.24459069967269897,0.23954984545707703,0.40741798281669617,-0.08804552257061005,0.03790755197405815,0.41756752133369446,0.0011852352181449533,0.00416179746389389,1.2267613410949707,64,0.0382,0.0,2,0,4,1,9,0.778,,,,,,,0.07177070528268814,0.7364349365234375,2.020585298538208,0.01628,,0.2292
406,100000,0.0,24,2,0.0,30.0,0.0,0.0016876528970897198,0.20634019374847412,0.20193731784820557,0.43123361468315125,-0.08889316022396088,0.05040612816810608,0.4167085886001587,0.0010894319275394082,0.005211882293224335,1.8425467014312744,64,0.0202,0.0,4,0,8,0,4,1.0,0.0547,0.3571,0.083,3,37,7,0.04824472963809967,0.7488704919815063,2.051424741744995,0.01625,0.0208,0.2292
407,100000,0.0,24,2,0.0,30.0,0.0,0.0007381899049505591,0.20313191413879395,0.20337852835655212,0.3466959297657013,-0.07709255814552307,0.047764115035533905,0.3264298141002655,0.0007348404033109546,0.0036608714144676924,2.7339723110198975,64,0.0228,0.0,1,0,6,0,9,0.889,,,,,,,0.0281980037689209,0.7608547210693359,2.1775286197662354,0.01625,,0.2292
408,100000,0.0,24,2,0.1111,28.89,0.1111,0.00120858708396554,0.15338505804538727,0.1564277708530426,0.4623209834098816,-0.08525364845991135,0.0874096155166626,0.3711084723472595,0.001121169188991189,0.0032938814256340265,1.0614360570907593,64,0.0353,0.111,0,0,7,1,7,0.857,,,,,,,0.08031915128231049,0.7562880516052246,2.132805824279785,0.01622,,0.2292
409,100000,0.0,24,2,0.1667,29.33,0.1667,0.002284095622599125,0.15056879818439484,0.15448135137557983,0.6024956703186035,-0.0917801558971405,0.11411607265472412,0.4634290933609009,0.0010559947695583105,0.0052292197942733765,1.4404925107955933,64,0.0364,0.167,2,0,4,1,8,0.75,,,,,,,0.06371442973613739,0.8393186330795288,1.9756748676300049,0.0162,,0.2292
410,100000,0.0,24,2,0.0,30.0,0.0,0.0016072087455540895,0.19067619740962982,0.18511953949928284,0.3462931215763092,-0.0886320024728775,0.030809028074145317,0.3709818720817566,0.0010179386008530855,0.004650391638278961,1.65395987033844,64,0.0306,0.0,1,0,9,0,6,1.0,,,,,,,0.05358775705099106,0.6989651918411255,2.122472047805786,0.01619,,0.2292
411,100000,0.0,24,2,0.0,30.0,0.0,0.0016149424482136965,0.14625591039657593,0.14409172534942627,0.378030002117157,-0.0961647555232048,0.027349432930350304,0.41754576563835144,0.0015355771174654365,0.0039002117700874805,1.605967402458191,64,0.0374,0.0,1,0,6,0,9,0.556,,,,,,,0.05987963825464249,0.7045415639877319,2.045138359069824,0.01616,,0.2292
412,100000,0.0,24,2,0.0,30.0,0.0,0.0016626659780740738,0.17803552746772766,0.16949456930160522,0.37785884737968445,-0.09114709496498108,0.048138078302145004,0.37103429436683655,0.0013307352783158422,0.0033909857738763094,1.3654539585113525,64,0.0302,0.0,5,0,9,0,2,1.0,,,,,,,0.06675223261117935,0.7830821871757507,2.1054537296295166,0.01614,,0.2292
413,100000,0.0,24,2,0.0,30.0,0.0,0.0014809248968958855,0.16737869381904602,0.16798894107341766,0.5738903880119324,-0.0934545025229454,0.07862561196088791,0.5086880922317505,0.0011596998665481806,0.0028112255968153477,1.0440558195114136,64,0.0308,0.0,1,0,9,0,6,0.833,0.0549,0.4184,0.021,1,43,4,0.08951102942228317,0.7837855815887451,1.904937505722046,0.01611,0.0,0.2292
414,100000,0.0,24,2,0.0,29.43,0.0,0.0010126795386895537,0.1871635913848877,0.18751201033592224,0.32706791162490845,-0.09005102515220642,0.02227054163813591,0.3711135983467102,0.0009480973822064698,0.002928518457338214,1.949595332145691,64,0.0311,0.0,3,0,6,1,6,1.0,,,,,,,0.046189598739147186,0.7550711631774902,2.1423068046569824,0.01611,,0.2292
415,100000,0.0,24,2,0.0,29.86,0.0,0.0010147033026441932,0.19967509806156158,0.19892920553684235,0.386879026889801,-0.08843215554952621,0.051148444414138794,0.37150511145591736,0.0007499631610698998,0.00301840016618371,1.4249070882797241,64,0.0271,0.0,3,0,6,1,6,1.0,,,,,,,0.062061700969934464,0.7569217681884766,2.176117420196533,0.0161,,0.2292
416,100000,0.0,24,2,0.125,30.0,0.125,0.0012720099184662104,0.1823263317346573,0.18139983713626862,0.42438140511512756,-0.09776365011930466,0.05145750567317009,0.41767024993896484,0.001005080877803266,0.0031195837073028088,1.4322603940963745,64,0.0371,0.125,1,0,7,0,7,0.857,,,,,,,0.06825829297304153,0.8072631359100342,1.9931153059005737,0.01614,,0.2292
417,100000,0.0,24,2,0.0,29.29,0.0,0.0018988796509802341,0.1930813193321228,0.2019590586423874,0.4935748875141144,-0.0945107564330101,0.10757144540548325,0.3711574673652649,0.0017250538803637028,0.0035705596674233675,1.2526211738586426,64,0.0326,0.0,1,0,5,2,8,0.75,,,,,,,0.07545039057731628,0.8953896760940552,2.128472328186035,0.01612,,0.2292
418,100000,0.0,24,2,0.0,28.57,0.0,0.0006616077735088766,0.17066000401973724,0.1764916181564331,0.31494277715682983,-0.07529935240745544,0.031165001913905144,0.32590335607528687,0.0007597591611556709,0.004017530474811792,1.8208826780319214,64,0.0238,0.143,4,1,5,1,5,0.6,,,,,,,0.041353218257427216,0.7560951709747314,2.1876230239868164,0.01611,,0.2292
419,100000,0.0,24,2,0.0,30.0,0.0,0.0011714809807017446,0.2587825059890747,0.2609609365463257,0.47879984974861145,-0.09296154975891113,0.05384182184934616,0.462471604347229,0.000780316477175802,0.003212290583178401,0.7819344997406006,64,0.0285,0.0,3,0,5,0,8,1.0,,,,,,,0.11888661980628967,0.7314587831497192,1.9937554597854614,0.0161,,0.2292
420,100000,0.0,24,2,0.0,30.0,0.0,0.00188831752166152,0.1685439795255661,0.16662389039993286,0.42503660917282104,-0.09480292350053787,0.07212188839912415,0.3710474967956543,0.0011012026807293296,0.009096530266106129,1.98586106300354,64,0.0278,0.0,3,0,7,1,5,1.0,0.0524,0.4022,0.0,0,46,2,0.047738950699567795,0.8316445350646973,2.13547945022583,0.01607,0.0,0.2292
421,100000,0.0,24,2,0.0,30.0,0.0,0.0015666914405301213,0.2058543562889099,0.1968235969543457,0.4142053425312042,-0.09602930396795273,0.045669667422771454,0.4166817367076874,0.0011295045260339975,0.0044271633960306644,1.281022548675537,64,0.0745,0.0,1,0,3,0,12,0.833,,,,,,,0.07496300339698792,0.7738000750541687,2.0708580017089844,0.01607,,0.2292
422,100000,0.0,24,2,0.0,30.0,0.0,0.002006059978157282,0.1519376039505005,0.14389866590499878,0.4345285892486572,-0.09356897324323654,0.07767505943775177,0.37118130922317505,0.0010934554738923907,0.0031322811264544725,1.6394035816192627,64,0.0291,0.0,3,0,7,0,6,0.667,,,,,,,0.05707500874996185,0.7167646288871765,2.121351718902588,0.01605,,0.2292
423,100000,0.0,24,2,0.0,29.71,0.0,0.0019034768920391798,0.18748608231544495,0.17821255326271057,0.4001557528972626,-0.09397187829017639,0.03707830235362053,0.4167628288269043,0.0010073751909658313,0.0064164018258452415,1.191752552986145,64,0.0297,0.0,2,0,6,1,7,0.571,,,,,,,0.0788518413901329,0.787503182888031,2.0862605571746826,0.01603,,0.2292
424,100000,0.0,24,2,0.0,30.0,0.0,0.002039752434939146,0.15786951780319214,0.14921975135803223,0.38303202390670776,-0.07496239989995956,0.042529426515102386,0.371516615152359,0.002019415842369199,0.00283791427500546,2.4319655895233154,64,0.0286,0.0,0,0,8,0,8,0.875,,,,,,,0.030823789536952972,0.6554991006851196,2.0802860260009766,0.01602,,0.2292
425,100000,0.0,24,2,0.0,30.0,0.0,0.0009940961608663201,0.18227501213550568,0.1827632486820221,0.4353841245174408,-0.09354635328054428,0.03232675790786743,0.4625677764415741,0.0009359573596157134,0.0034183678217232227,1.1303924322128296,64,0.0375,0.0,4,0,5,0,7,1.0,,,,,,,0.08275564014911652,0.5954192876815796,1.9991226196289062,0.01605,,0.2292
426,100000,0.0,24,2,0.1667,30.0,0.1667,0.0011492935009300709,0.2439669817686081,0.24193648993968964,0.38992300629615784,-0.08331692963838577,0.04646199941635132,0.3768483102321625,0.0011056249495595694,0.006935251876711845,2.184070587158203,64,0.0383,0.167,2,0,5,0,8,0.75,,,,,,,0.03814754635095596,0.6393357515335083,2.0950145721435547,0.01603,,0.2292
427,100000,0.0,24,2,0.0,30.0,0.0,0.0021911889780312777,0.19678395986557007,0.19043618440628052,0.640075147151947,-0.08324778079986572,0.03995859995484352,0.6417120099067688,0.0007515100878663361,0.003387440461665392,2.095033645629883,64,0.0317,0.0,3,0,6,0,7,0.857,0.0517,0.328,0.0,0,45,3,0.03973577171564102,0.7746734619140625,2.143439292907715,0.01603,0.0,0.2292
428,100000,0.0,24,2,0.0,30.0,0.0,0.0010695854434743524,0.2496117204427719,0.24947726726531982,0.4027937352657318,-0.09248559921979904,0.03844557702541351,0.4166868031024933,0.0007764309993945062,0.00340275838971138,1.605894684791565,64,0.0345,0.0,1,0,7,0,8,0.75,,,,,,,0.05759131908416748,0.7810457944869995,2.0644752979278564,0.01599,,0.2292
429,100000,0.0,24,2,0.0,29.36,0.0,0.0012444015592336655,0.17276698350906372,0.1734732687473297,0.3281441330909729,-0.06749218702316284,0.0344468429684639,0.32524776458740234,0.0011100085685029626,0.0029897878412157297,2.590653896331787,64,0.025,0.0,0,0,9,2,5,0.4,,,,,,,0.026052184402942657,0.5949302315711975,2.2119481563568115,0.01599,,0.2292
430,100000,0.0,24,2,0.0,30.0,0.0,0.0015016854740679264,0.21860741078853607,0.22540730237960815,0.41598841547966003,-0.09069161117076874,0.044366247951984406,0.4166703224182129,0.0011275127762928605,0.002554425038397312,1.3188910484313965,64,0.0152,0.0,1,0,6,0,9,0.889,,,,,,,0.06876353174448013,0.7942060232162476,2.0702085494995117,0.016,,0.2292
431,100000,0.0,24,2,0.0,30.0,0.0,0.001106389332562685,0.14724525809288025,0.15022777020931244,0.4156861901283264,-0.08285272866487503,0.06249062344431877,0.37101978063583374,0.0012790869222953916,0.005075828172266483,1.615745186805725,64,0.0179,0.0,4,0,6,0,6,1.0,,,,,,,0.051278337836265564,0.8453995585441589,2.1250414848327637,0.01601,,0.2292
432,100000,0.0,24,2,0.0,30.0,0.0,0.0012943486217409372,0.22735948860645294,0.22822853922843933,0.39578142762184143,-0.08267520368099213,0.05269245430827141,0.37095874547958374,0.0008387308334931731,0.004225971642881632,1.8226709365844727,64,0.0188,0.0,2,0,8,0,6,1.0,,,,,,,0.04535936564207077,0.7128903269767761,2.109846591949463,0.01604,,0.2292
433,100000,0.0,24,2,0.0,29.33,0.0,0.00154431804548949,0.24728073179721832,0.23880457878112793,0.42050740122795105,-0.09498777240514755,0.025325393304228783,0.46289968490600586,0.0012278418289497495,0.0038893946912139654,1.2135117053985596,64,0.0484,0.0,4,0,4,2,6,1.0,,,,,,,0.07827511429786682,0.7656861543655396,1.9979721307754517,0.01604,,0.2292
434,100000,0.0,24,2,0.0,30.0,0.0,0.0018463293090462685,0.19544687867164612,0.18777750432491302,0.37246015667915344,-0.0928686261177063,0.04436112567782402,0.3739493787288666,0.0007111204322427511,0.005314269103109837,1.7519340515136719,64,0.0216,0.0,3,0,6,0,7,0.857,0.0581,0.4134,0.021,0,45,2,0.05300919711589813,0.6837606430053711,2.1158382892608643,0.01603,0.0208,0.2292
435,100000,0.0,24,2,0.0,30.0,0.0,0.0018348675221204758,0.17246827483177185,0.1689395159482956,0.3414362668991089,-0.06525693833827972,0.03808010742068291,0.3281422257423401,0.0013582137180492282,0.00478151673451066,3.3755509853363037,64,0.026,0.0,2,0,6,0,8,0.875,,,,,,,0.01933223381638527,0.741765022277832,2.1722636222839355,0.01602,,0.2292
436,100000,0.0,24,2,0.125,30.0,0.125,0.0008967275498434901,0.16621476411819458,0.1664530634880066,0.3325249254703522,-0.07523341476917267,0.04025918245315552,0.32533377408981323,0.0009263961110264063,0.003812347073107958,2.8849782943725586,64,0.0263,0.125,2,0,7,0,6,0.833,,,,,,,0.02607763558626175,0.7480471134185791,2.1931042671203613,0.016,,0.2292
437,100000,0.0,24,2,0.0,30.0,0.0,0.0013350095832720399,0.1732780635356903,0.17148363590240479,0.44576677680015564,-0.09257301688194275,0.0368427149951458,0.46257284283638,0.0009012759546749294,0.0041630202904343605,1.123033881187439,64,0.0313,0.0,3,0,5,0,8,0.875,,,,,,,0.08243118226528168,0.6791765093803406,1.9733611345291138,0.016,,0.2292
438,100000,0.0,24,2,0.1667,30.0,0.1667,0.0017397853080183268,0.1714436411857605,0.16873322427272797,0.3495112359523773,-0.07084152102470398,0.023992545902729034,0.3710559606552124,0.0012316408101469278,0.0026233794633299112,1.67611563205719,64,0.0178,0.167,2,0,5,0,8,0.5,,,,,,,0.04226529225707054,0.7146334648132324,2.127469539642334,0.01599,,0.2292
439,100000,0.0,24,2,0.0,30.0,0.0,0.001880475552752614,0.1867409348487854,0.17756876349449158,0.49617716670036316,-0.08866894245147705,0.03752238303422928,0.508217453956604,0.0011841901578009129,0.003167808521538973,1.0031828880310059,64,0.0335,0.0,1,0,8,0,7,1.0,,,,,,,0.0883876159787178,0.7486388087272644,1.9242942333221436,0.01598,,0.2292
440,100000,0.0,24,2,0.0,29.88,0.0,0.0009896549163386226,0.16113898158073425,0.16424201428890228,0.3776026964187622,-0.08910641819238663,0.04722962900996208,0.3709172308444977,0.001024507568217814,0.0026652636006474495,1.3311866521835327,64,0.024,0.0,4,0,7,1,4,0.75,,,,,,,0.06693758070468903,0.794761598110199,2.142319679260254,0.01593,,0.2292
441,100000,0.0,24,2,0.0,30.0,0.0,0.0010703725274652243,0.144316166639328,0.1417260318994522,0.559423565864563,-0.09522081166505814,0.02999323233962059,0.5930848121643066,0.0008568510529585183,0.0031461503822356462,2.807065725326538,64,0.0335,0.0,1,0,7,1,7,1.0,0.0606,0.4133,0.104,2,42,1,0.03392183408141136,0.6298930644989014,2.1892735958099365,0.01593,0.0625,0.2292
442,100000,0.0,24,2,0.1667,30.0,0.1667,0.0014201673911884427,0.1729748547077179,0.1695461869239807,0.3797841966152191,-0.09307128190994263,0.02699439786374569,0.4170982837677002,0.0013517332263290882,0.003536846023052931,1.3281221389770508,64,0.0385,0.167,3,0,5,0,7,0.714,,,,,,,0.07007735222578049,0.7290422320365906,2.040752410888672,0.01593,,0.2292
443,100000,0.0,24,2,0.0,29.67,0.0,0.0017656838754191995,0.24117638170719147,0.22823655605316162,0.4281596541404724,-0.09622909128665924,0.053221337497234344,0.4166567325592041,0.0012208931148052216,0.0025786699261516333,1.143998384475708,64,0.0327,0.0,3,0,5,1,7,1.0,,,,,,,0.08411645144224167,0.7937488555908203,2.0704495906829834,0.01596,,0.2292
444,100000,0.0,24,2,0.125,30.0,0.125,0.0010077040642499924,0.23715966939926147,0.23846973478794098,0.4147839844226837,-0.09062269330024719,0.043552201241254807,0.4167996942996979,0.0008921846747398376,0.0030051220674067736,1.0451219081878662,64,0.0282,0.125,2,0,7,0,6,1.0,,,,,,,0.08671016246080399,0.7056331634521484,2.0600109100341797,0.01599,,0.2292
445,100000,0.0,24,2,0.0,30.0,0.0,0.0018802597187459469,0.14881053566932678,0.14742279052734375,0.5870196223258972,-0.0854083001613617,0.05093247815966606,0.5686913728713989,0.0010398110607638955,0.0037431593518704176,1.917146921157837,64,0.0238,0.0,3,0,7,0,6,1.0,,,,,,,0.04454968869686127,0.6709175109863281,2.1052746772766113,0.01597,,0.2292
446,100000,0.0,24,2,0.0,29.8,0.0,0.0008669174276292324,0.2267029881477356,0.22652624547481537,0.37374478578567505,-0.09656864404678345,0.04872601479291916,0.37107986211776733,0.0009833808289840817,0.0035630646161735058,1.4164379835128784,64,0.0304,0.0,3,0,4,1,8,0.875,,,,,,,0.06817710399627686,0.678835391998291,2.1267189979553223,0.01595,,0.2292
447,100000,0.0,24,2,0.0,29.71,0.0,0.0012845456367358565,0.17414610087871552,0.17904150485992432,0.31122177839279175,-0.081147201359272,0.032602936029434204,0.32527297735214233,0.000861965527292341,0.0037802697625011206,2.19392728805542,64,0.0352,0.0,1,0,6,1,8,0.75,,,,,,,0.03698718547821045,0.7541047930717468,2.1959187984466553,0.01593,,0.2292
448,100000,0.0,24,2,0.0,30.0,0.0,0.0012081721797585487,0.19631296396255493,0.19350102543830872,0.4840095043182373,-0.09526358544826508,0.07986581325531006,0.41717058420181274,0.0011016175849363208,0.004741798620671034,1.4589369297027588,64,0.0218,0.0,3,0,7,1,5,1.0,0.0598,0.385,0.042,2,46,0,0.06529657542705536,0.6731580495834351,2.0651888847351074,0.01591,0.0,0.2292
449,100000,0.0,24,2,0.0,30.0,0.0,0.0013871961273252964,0.24388575553894043,0.25041934847831726,0.3914421796798706,-0.08687353134155273,0.05284995958209038,0.3710022568702698,0.0008518215036019683,0.003227055538445711,1.7283912897109985,64,0.0234,0.167,2,1,5,0,8,0.75,,,,,,,0.05026264861226082,0.7758862972259521,2.1442718505859375,0.01591,,0.2292
450,100000,0.0,24,2,0.0,30.0,0.0,0.0010636001825332642,0.18646475672721863,0.1821291595697403,0.5053656101226807,-0.0864163190126419,0.08567951619625092,0.4176967144012451,0.001174415578134358,0.005452407989650965,1.5457205772399902,64,0.0285,0.0,1,0,9,0,6,0.833,,,,,,,0.05590681731700897,0.8842591643333435,2.050541400909424,0.0159,,0.2292
451,100000,0.0,24,2,0.0,30.0,0.0,0.0011086147278547287,0.19433262944221497,0.19179248809814453,0.3834455609321594,-0.0895886942744255,0.02723592147231102,0.41681909561157227,0.0013196957297623158,0.0034866093192249537,1.6443350315093994,64,0.0146,0.0,3,0,6,0,7,1.0,,,,,,,0.054483238607645035,0.7288941144943237,2.026017904281616,0.01591,,0.2292
452,100000,0.0,24,2,0.0,29.8,0.0,0.0017328152898699045,0.20183804631233215,0.2092106193304062,0.3713187575340271,-0.08488047122955322,0.0419832319021225,0.3710052967071533,0.0011029938468709588,0.002454927423968911,1.4266307353973389,64,0.0381,0.0,2,0,4,1,9,0.778,,,,,,,0.059497151523828506,0.6244319677352905,2.120238780975342,0.01591,,0.2292
453,100000,0.0,24,2,0.0,29.38,0.0,0.0014731255359947681,0.1754646599292755,0.1755284070968628,0.3580760359764099,-0.08891791850328445,0.036566607654094696,0.37149152159690857,0.0010453094728291035,0.004738420248031616,1.6690549850463867,64,0.0305,0.0,0,0,6,2,8,0.75,,,,,,,0.05327440798282623,0.6905587911605835,2.1247596740722656,0.0159,,0.2292
454,100000,0.0,24,2,0.0,29.89,0.0,0.001447361777536571,0.2079450488090515,0.20772936940193176,0.32237669825553894,-0.08635474741458893,0.017835333943367004,0.3709239363670349,0.0009168473188765347,0.004273729398846626,1.4823185205459595,64,0.0216,0.0,3,0,8,1,4,0.75,,,,,,,0.05825653672218323,0.5983806848526001,2.1315746307373047,0.01588,,0.2292
455,100000,0.0,24,2,0.0,29.88,0.0,0.0018298636423423886,0.23510758578777313,0.24405956268310547,0.45416730642318726,-0.09045760333538055,0.06275373697280884,0.4166821837425232,0.0007901501376181841,0.004870509263128042,1.1859627962112427,64,0.0363,0.125,3,1,6,1,5,1.0,0.0676,0.3693,0.062,1,44,1,0.07627356052398682,0.6435611248016357,2.0707249641418457,0.01584,0.0417,0.2292
456,100000,0.0,24,2,0.0,30.0,0.0,0.0008282099151983857,0.20708630979061127,0.2062883824110031,0.3941948711872101,-0.09350450336933136,0.03472548723220825,0.41679632663726807,0.0006750416941940784,0.002904146211221814,1.7480716705322266,64,0.0281,0.0,3,0,4,0,9,1.0,,,,,,,0.053490087389945984,0.7583713531494141,2.0685739517211914,0.01587,,0.2292
457,100000,0.0,24,2,0.1667,30.0,0.1667,0.0008565777097828686,0.24136337637901306,0.2418752908706665,0.35959506034851074,-0.09564384818077087,0.01829921267926693,0.4168519675731659,0.000851253280416131,0.0035770300310105085,0.9834803938865662,64,0.0343,0.167,1,0,4,1,9,0.889,,,,,,,0.09725038707256317,0.6579694151878357,2.0563552379608154,0.01587,,0.2292
458,100000,0.0,24,2,0.0,30.0,0.0,0.0012645663227885962,0.21812856197357178,0.22359482944011688,0.5208587050437927,-0.08765751123428345,0.04578332602977753,0.514367938041687,0.0007937403279356658,0.005163321737200022,1.6476147174835205,64,0.0363,0.0,1,0,9,0,6,0.667,,,,,,,0.05320267379283905,0.8370939493179321,2.103940486907959,0.01584,,0.2292
459,100000,0.0,24,2,0.0,29.57,0.0,0.0013930103741586208,0.19670507311820984,0.1954142153263092,0.3610817492008209,-0.09180501848459244,0.06252504885196686,0.3252146244049072,0.0008951216586865485,0.005244067404419184,2.305649757385254,64,0.0383,0.0,2,0,6,1,7,1.0,,,,,,,0.03981741890311241,0.7192691564559937,2.2061753273010254,0.01582,,0.2292
460,100000,0.0,24,2,0.0,30.0,0.0,0.000898421392776072,0.1933886706829071,0.18932688236236572,0.37850111722946167,-0.09506585448980331,0.0731520876288414,0.3253239393234253,0.0008307980024255812,0.0038776795845478773,2.195020914077759,64,0.0347,0.0,3,0,6,0,7,0.571,,,,,,,0.0433097705245018,0.7688243389129639,2.188044786453247,0.01583,,0.2292
461,100000,0.0,24,2,0.0,30.0,0.0,0.0015793925849720836,0.18673759698867798,0.17884370684623718,0.42203688621520996,-0.09289030730724335,0.04356740415096283,0.4251289367675781,0.0012739162193611264,0.00532687921077013,1.9535855054855347,64,0.0198,0.0,4,0,3,0,9,0.889,,,,,,,0.04754862189292908,0.6792925596237183,2.04475474357605,0.01584,,0.2292
462,100000,0.0,24,2,0.0,30.0,0.0,0.0012040686560794711,0.2131722867488861,0.21202334761619568,0.6414397358894348,-0.09374149888753891,0.15804487466812134,0.41708189249038696,0.0007633233326487243,0.0040191044099628925,1.0346778631210327,64,0.0201,0.0,3,0,8,0,5,1.0,0.0635,0.4412,0.062,1,42,3,0.09059970080852509,0.952927827835083,2.067997932434082,0.01584,0.0417,0.2292
463,100000,0.0,24,2,0.0,29.33,0.0,0.0013941754586994648,0.14717453718185425,0.14134177565574646,0.3423766493797302,-0.08774593472480774,0.028654079884290695,0.3709779977798462,0.0011561228893697262,0.0036728614941239357,2.47190523147583,64,0.0767,0.0,2,0,5,1,8,0.625,,,,,,,0.03549728915095329,0.743022620677948,2.1355457305908203,0.0158,,0.2292
464,100000,0.0,24,2,0.0,30.0,0.0,0.0019163652323186398,0.180870920419693,0.17664721608161926,0.3774963319301605,-0.0811615139245987,0.06595605611801147,0.3252180218696594,0.002611725125461817,0.003055406967177987,2.938049554824829,64,0.0247,0.0,1,0,7,0,8,0.75,,,,,,,0.027624284848570824,0.6821197271347046,2.1945176124572754,0.0158,,0.2292
465,100000,0.0,24,2,0.0,30.0,0.0,0.0011072715278714895,0.1532260775566101,0.15129810571670532,0.4735020697116852,-0.07399599254131317,0.08708213269710541,0.3713840842247009,0.0010900084162130952,0.003899418283253908,2.069298505783081,64,0.0269,0.0,4,0,4,0,8,0.875,,,,,,,0.03575897216796875,0.7981793284416199,2.091172218322754,0.01582,,0.2292
466,100000,0.0,24,2,0.0,29.67,0.0,0.0014992712531238794,0.2098914533853531,0.21316875517368317,0.3985200524330139,-0.07869507372379303,0.0509515181183815,0.37335437536239624,0.0007653297507204115,0.0039154221303761005,1.4301483631134033,64,0.0595,0.0,4,0,2,1,9,1.0,,,,,,,0.05502581223845482,0.7159843444824219,2.099797248840332,0.01581,,0.2292
467,100000,0.0,24,2,0.0,30.0,0.0,0.0017560936976224184,0.1918369084596634,0.18046340346336365,0.3692503273487091,-0.08967417478561401,0.04268302768468857,0.3710215091705322,0.0010253561194986105,0.00507382582873106,1.845102310180664,64,0.0275,0.0,1,0,8,0,7,1.0,,,,,,,0.0486011877655983,0.7596020698547363,2.11857271194458,0.0158,,0.2292
468,100000,0.0,24,2,0.0,29.83,0.0,0.002188039943575859,0.18849629163742065,0.19431346654891968,0.3074941635131836,-0.0794202983379364,0.02966153621673584,0.3253386616706848,0.0011709477985277772,0.00450543500483036,2.4209892749786377,64,0.0337,0.0,0,0,5,1,10,0.8,,,,,,,0.03280489519238472,0.681328296661377,2.1828956604003906,0.01582,,0.2292
469,100000,0.0,24,2,0.0,30.0,0.0,0.0026012840680778027,0.18198248744010925,0.17377477884292603,0.4386691749095917,-0.09533098340034485,0.0349944569170475,0.46264705061912537,0.0016854932764545083,0.0027284182142466307,1.3133773803710938,64,0.0307,0.0,3,0,7,1,5,0.8,0.0547,0.3334,0.146,4,36,5,0.0725846067070961,0.6004428267478943,1.9875352382659912,0.0158,0.0625,0.2292
470,100000,0.0,24,2,0.0,29.12,0.0,0.0013577735517174006,0.1520960032939911,0.1523759663105011,0.5170819759368896,-0.0657404363155365,0.08184558153152466,0.41681015491485596,0.001000499352812767,0.004642272833734751,1.1956764459609985,64,0.0305,0.125,3,1,6,1,5,0.8,,,,,,,0.054981790482997894,0.8308942317962646,2.0716514587402344,0.01578,,0.2292
471,100000,0.0,24,2,0.0,30.0,0.0,0.0013911230489611626,0.17285224795341492,0.17652535438537598,0.38432037830352783,-0.0887639969587326,0.04973595589399338,0.37116724252700806,0.0008507578168064356,0.004890455398708582,1.5832599401474,64,0.0433,0.0,1,0,9,0,6,0.833,,,,,,,0.056064069271087646,0.8961277008056641,2.1068994998931885,0.01576,,0.2292
472,100000,0.0,24,2,0.0,30.0,0.0,0.0014662430621683598,0.18253470957279205,0.1754227876663208,0.4648791253566742,-0.09273837506771088,0.04498661682009697,0.46652835607528687,0.0010617872467264533,0.0022318491246551275,1.3302147388458252,64,0.0344,0.0,1,0,8,0,7,1.0,,,,,,,0.06971684843301773,0.6648743152618408,1.995936393737793,0.01576,,0.2292
473,100000,0.0,24,2,0.0,30.0,0.0,0.0016357058193534613,0.1614917814731598,0.1533733308315277,0.41392770409584045,-0.07271623611450195,0.07986631244421005,0.3252461552619934,0.0010410837130621076,0.003330312203615904,4.472416877746582,64,0.0275,0.0,6,0,5,0,5,0.8,,,,,,,0.01625882461667061,0.7182153463363647,2.2115120887756348,0.01574,,0.2292
474,100000,0.0,24,2,0.0,30.0,0.0,0.001635473920032382,0.20204263925552368,0.19999778270721436,0.48442375659942627,-0.09429571032524109,0.052751749753952026,0.4719533324241638,0.0014405486872419715,0.00252525950782001,1.078487753868103,64,0.0321,0.0,2,0,8,0,6,0.833,,,,,,,0.08743326365947723,0.6862916946411133,1.9426887035369873,0.0157,,0.2292
475,100000,0.0,24,2,0.1111,29.78,0.1111,0.001342259580269456,0.16745330393314362,0.16422802209854126,0.4108269512653351,-0.08981457352638245,0.04110543057322502,0.4170463979244232,0.0014168631751090288,0.00276849209330976,1.368323802947998,64,0.0437,0.111,1,0,6,2,6,1.0,,,,,,,0.06563839316368103,0.7659668326377869,2.0611703395843506,0.01571,,0.2292
476,100000,0.0,24,2,0.0,30.0,0.0,0.0012078743893653154,0.20720595121383667,0.20184339582920074,0.3948037326335907,-0.08703118562698364,0.03142620623111725,0.41725319623947144,0.0009610292036086321,0.003458603983744979,1.9655077457427979,64,0.0393,0.0,3,0,7,0,6,1.0,0.063,0.3948,0.042,1,37,9,0.04427924007177353,0.729790210723877,2.0694942474365234,0.01569,0.0208,0.2292
477,100000,0.0,24,2,0.1429,30.0,0.1429,0.0021999527234584093,0.16149824857711792,0.15196090936660767,0.38094207644462585,-0.08198180794715881,0.044556181877851486,0.37112104892730713,0.000744324759580195,0.0053809029050171375,2.0181636810302734,64,0.02,0.143,2,0,5,1,7,1.0,,,,,,,0.04062197357416153,0.7240144610404968,2.1303513050079346,0.01568,,0.2292
478,100000,0.0,24,2,0.0,29.25,0.0,0.002594742923974991,0.18387630581855774,0.19808322191238403,0.35219520330429077,-0.08768781274557114,0.03260944411158562,0.3718562722206116,0.0010312438244000077,0.005615723319351673,1.6618150472640991,64,0.0334,0.0,0,0,7,1,8,0.75,,,,,,,0.052766285836696625,0.8255578279495239,2.1080429553985596,0.01567,,0.2292
479,100000,0.0,24,2,0.0,29.8,0.0,0.0014125138986855745,0.15777495503425598,0.16149640083312988,0.43002310395240784,-0.07386177033185959,0.06526748836040497,0.3711119294166565,0.0010069586569443345,0.0044759237207472324,2.2923049926757812,64,0.0336,0.0,2,0,9,1,4,1.0,,,,,,,0.032221611589193344,0.6952940821647644,2.129350185394287,0.01565,,0.2292
480,100000,0.0,24,2,0.0,30.0,0.0,0.00206720526330173,0.1559152603149414,0.15742070972919464,0.362989604473114,-0.09354912489652634,0.0420723557472229,0.37110376358032227,0.0009666885016486049,0.002580515341833234,2.141202449798584,64,0.0323,0.0,4,0,4,1,7,0.857,,,,,,,0.043689996004104614,0.7416609525680542,2.1073029041290283,0.01567,,0.2292
481,100000,0.0,24,2,0.0,30.0,0.0,0.0008792476146481931,0.1710348129272461,0.17789489030838013,0.43499889969825745,-0.08843232691287994,0.029556341469287872,0.4626970887184143,0.0007043845253065228,0.003242905717343092,1.3086005449295044,64,0.0421,0.0,3,0,6,0,7,0.857,,,,,,,0.0675777867436409,0.649526059627533,1.979332685470581,0.01564,,0.2292
482,100000,0.0,24,2,0.0,30.0,0.0,0.0010435342555865645,0.21011283993721008,0.2059558928012848,0.38666832447052,-0.08451719582080841,0.04905596002936363,0.37106260657310486,0.0008107864414341748,0.0040220231749117374,2.4772861003875732,64,0.0278,0.0,1,0,4,0,11,1.0,,,,,,,0.034116849303245544,0.8319402933120728,2.1620564460754395,0.01568,,0.2292
483,100000,0.0,24,2,0.0,30.0,0.0,0.0010463311336934566,0.21885821223258972,0.2182397097349167,0.44328251481056213,-0.09498275816440582,0.05981018394231796,0.4167545437812805,0.001003808923996985,0.003780726343393326,1.3419326543807983,64,0.0193,0.0,1,0,9,0,6,0.833,0.0489,0.3339,0.083,2,42,2,0.07078056782484055,0.724352240562439,2.0374515056610107,0.01565,0.0417,0.2292
484,100000,0.0,24,2,0.0,30.0,0.0,0.0030693120788782835,0.15590018033981323,0.15227636694908142,0.4342212378978729,-0.08466390520334244,0.05021922290325165,0.4167196750640869,0.001426235307008028,0.0034540065098553896,2.4914357662200928,64,0.0265,0.0,6,0,5,0,5,0.4,,,,,,,0.03398197144269943,0.7276158332824707,2.0631611347198486,0.0156,,0.2292
485,100000,0.0,24,2,0.0,29.88,0.0,0.0010217527160421014,0.1329745650291443,0.13416332006454468,0.3823353946208954,-0.06680713593959808,0.038240108639001846,0.3714764714241028,0.0011681547621265054,0.0023716462310403585,1.8979952335357666,64,0.0181,0.0,1,0,7,1,7,1.0,,,,,,,0.03519878908991814,0.721847414970398,2.149038791656494,0.01559,,0.2292
486,100000,0.0,24,2,0.0,28.86,0.0,0.0016643662238493562,0.1756017953157425,0.1782642900943756,0.418515682220459,-0.08846019953489304,0.06685550510883331,0.3714340329170227,0.0009994052816182375,0.0036616867873817682,2.4257543087005615,64,0.0476,0.0,3,0,4,3,6,0.833,,,,,,,0.036467090249061584,1.051479697227478,2.1340274810791016,0.01558,,0.2292
487,100000,0.0,24,2,0.0,30.0,0.0,0.0009540475439280272,0.20585331320762634,0.213093101978302,0.3537677824497223,-0.08085358142852783,0.03097175806760788,0.37101465463638306,0.0010248065227642655,0.003326346632093191,1.8692305088043213,64,0.0327,0.0,1,0,9,0,6,1.0,,,,,,,0.04325501620769501,0.6808995604515076,2.1219124794006348,0.01553,,0.2292
488,100000,0.0,24,2,0.0,29.0,0.0,0.0015436088433489203,0.21748079359531403,0.20883981883525848,0.330556720495224,-0.08155156672000885,0.042260512709617615,0.32599127292633057,0.0013537354534491897,0.003192013828083873,2.2418999671936035,64,0.046,0.0,1,0,4,3,8,0.875,,,,,,,0.036376096308231354,0.9196170568466187,2.1872849464416504,0.01552,,0.2292
489,100000,0.0,24,2,0.0,30.0,0.0,0.0008447117288596928,0.19287830591201782,0.19692787528038025,0.3314817547798157,-0.0856136754155159,0.044936247169971466,0.325308233499527,0.0007673944928683341,0.003829449415206909,3.229175329208374,64,0.0274,0.0,4,0,6,0,6,1.0,,,,,,,0.026512550190091133,0.7966024279594421,2.193251848220825,0.0155,,0.2292
490,100000,0.0,24,2,0.0,30.0,0.0,0.0012630256824195385,0.17819054424762726,0.17850027978420258,0.43952256441116333,-0.07500114291906357,0.04792125150561333,0.4167521297931671,0.000844324822537601,0.003858173033222556,1.89715576171875,64,0.0378,0.0,2,0,2,3,9,1.0,0.051,0.3549,0.042,1,41,5,0.03953346610069275,0.7694634795188904,2.0669097900390625,0.01553,0.0208,0.2292
491,100000,0.0,24,2,0.0,30.0,0.0,0.0012795820366591215,0.17832060158252716,0.173971489071846,0.3290598392486572,-0.09569411724805832,0.025894638150930405,0.371306449174881,0.0013721502618864179,0.0033164590131491423,1.499210238456726,64,0.0298,0.0,4,0,5,0,7,0.857,,,,,,,0.0638296827673912,0.6392027735710144,2.14139461517334,0.01554,,0.2292
492,100000,0.0,24,2,0.0,29.4,0.0,0.0006919161533005536,0.16080120205879211,0.15995723009109497,0.3583287298679352,-0.08752764761447906,0.036639805883169174,0.37091490626335144,0.0010966045083478093,0.0033237317111343145,3.37735915184021,64,0.0259,0.0,1,0,4,1,10,1.0,,,,,,,0.025916002690792084,0.6452094316482544,2.118525505065918,0.01553,,0.2292
493,100000,0.0,24,2,0.0,30.0,0.0,0.0014259840827435255,0.16410526633262634,0.168185293674469,0.48392775654792786,-0.09020212292671204,0.07733921706676483,0.41674140095710754,0.00105596415232867,0.005420114379376173,1.6341524124145508,64,0.0367,0.0,4,0,6,0,6,0.833,,,,,,,0.05519810691475868,0.7633346915245056,2.055072784423828,0.01553,,0.2292
494,100000,0.0,24,2,0.0,30.0,0.0,0.001189578790217638,0.17930932343006134,0.16933009028434753,0.6044644713401794,-0.08928517997264862,0.16019359230995178,0.37114888429641724,0.0012570046819746494,0.004427226725965738,2.5961833000183105,64,0.0173,0.0,3,0,6,1,6,1.0,,,,,,,0.03439093753695488,0.8819303512573242,2.1329150199890137,0.01555,,0.2292
495,100000,0.0,24,2,0.0,29.8,0.0,0.0007497937767766416,0.1604919135570526,0.16528195142745972,0.44218650460243225,-0.08297598361968994,0.05257304757833481,0.41872701048851013,0.0008169480133801699,0.002578814048320055,2.0606963634490967,64,0.0423,0.0,2,0,4,1,9,0.778,,,,,,,0.040265996009111404,0.6874681711196899,2.0595054626464844,0.01555,,0.2292
496,100000,0.0,24,2,0.25,30.0,0.25,0.0009257628698833287,0.18135343492031097,0.18183018267154694,0.4921400547027588,-0.09091013669967651,0.059460949152708054,0.4624074101448059,0.0008758407784625888,0.0034417626447975636,1.1632448434829712,64,0.024,0.25,4,0,3,0,8,0.875,,,,,,,0.07815219461917877,0.8050500750541687,1.9886456727981567,0.01554,,0.2292
497,100000,0.0,24,2,0.0,30.0,0.0,0.0018294486217200756,0.1762680560350418,0.1802891194820404,0.41403287649154663,-0.06962940841913223,0.07826296985149384,0.3255087435245514,0.0012694398174062371,0.0032551786862313747,5.273505687713623,64,0.0223,0.0,2,0,7,0,7,0.857,0.06,0.3232,0.021,1,43,4,0.013203627429902554,0.6735238432884216,2.1841816902160645,0.01555,0.0,0.2292
498,100000,0.0,24,2,0.0,29.67,0.0,0.0013324404135346413,0.16788461804389954,0.1704036444425583,0.4028104841709137,-0.07467535883188248,0.05261051654815674,0.37106797099113464,0.001108338008634746,0.0023936473298817873,1.4616197347640991,64,0.0319,0.0,2,0,8,1,5,1.0,,,,,,,0.05109083279967308,0.8057039976119995,2.1496739387512207,0.01551,,0.2292
499,100000,0.0,24,2,0.0,30.0,0.0,0.0014345418894663453,0.1700526773929596,0.1731860339641571,0.43308722972869873,-0.053561754524707794,0.056704889982938766,0.3710133731365204,0.0007959313807077706,0.004451647866517305,4.4095659255981445,64,0.0341,0.0,2,0,5,0,9,0.667,,,,,,,0.012146718800067902,0.7438198924064636,2.1368613243103027,0.01547,,0.2292
