iter,buffer,beta,ei_hi,ei_lo,roll_succ,roll_len,roll_ret,critic_loss,q_mean,target_mean,actor_loss,pg_loss,bc_loss,grip_loss,aux_c,aux_a,lam,n_expert,roll_min_pos,roll_close,roll_skip,roll_miss,roll_timeout,roll_fail,exp_kept,exp_succ,eval_min_pos,eval_min_rot,eval_close,eval_miss,eval_timeout,eval_fail,q_pi,a_absmean,grip_logit,buf_pos,eval_succ,best_succ
0,332,0.5,24,22,0.5,29.5,0.5,0.009138821624219418,0.3657462000846863,0.35512086749076843,0.4233604967594147,-0.09999999403953552,0.058676864951848984,0.3974156379699707,0.010081348940730095,0.017182210460305214,0.2469480037689209,64,0.0209,0.667,5,1,2,0,5,0.6,,,,,,,0.4049435257911682,0.7027831077575684,2.0537612438201904,0.01807,,-1.0
1,701,0.4921,24,22,0.0,30.0,0.0,0.005693104118108749,0.4270778298377991,0.405548632144928,0.5042295455932617,-0.09999999403953552,0.08568321168422699,0.4248714745044708,0.006224999204277992,0.015983309596776962,0.2612079083919525,64,0.0246,0.0,4,0,3,0,9,1.0,,,,,,,0.38283678889274597,0.7328023910522461,2.163698434829712,0.0214,,-1.0
2,1061,0.4841,24,22,0.0,29.75,0.0,0.007711932994425297,0.39619511365890503,0.40714532136917114,0.4473102390766144,-0.10000000149011612,0.05879055708646774,0.42187243700027466,0.008428548462688923,0.0157134011387825,0.28298041224479675,64,0.0123,0.0,4,0,3,1,8,0.875,,,,,,,0.35338136553764343,0.651887059211731,2.090717315673828,0.02074,,-1.0
3,1520,0.4762,24,22,0.1667,30.0,0.1667,0.004862743429839611,0.3807716369628906,0.37677648663520813,0.7058996558189392,-0.10000000149011612,0.06081966683268547,0.6730049252510071,0.007731414400041103,0.022510813549160957,0.2726154029369354,64,0.0062,0.167,1,0,5,0,9,0.889,,,,,,,0.3668171167373657,0.7011529803276062,1.934800624847412,0.02039,,-1.0
4,1944,0.4683,24,21,0.4,30.0,0.4,0.006774053908884525,0.3558294177055359,0.35156840085983276,0.39731791615486145,-0.09985721111297607,0.027886852622032166,0.4303204417228699,0.004641043487936258,0.02216198854148388,0.26140305399894714,64,0.014,0.4,2,0,6,0,4,1.0,,,,,,,0.3820047676563263,0.6900959014892578,2.12899112701416,0.02006,,-1.0
5,2367,0.4603,24,21,0.0,29.62,0.0,0.005598433315753937,0.3255643844604492,0.33345478773117065,0.40420493483543396,-0.09999634325504303,0.04963786527514458,0.3960797190666199,0.006496662274003029,0.01769166626036167,0.311613529920578,64,0.0141,0.0,2,0,7,1,6,0.833,,,,,,,0.3208985924720764,0.7635871767997742,2.042872667312622,0.01859,,-1.0
6,2811,0.4524,24,21,0.5714,29.71,0.5714,0.005146372597664595,0.3392370641231537,0.32355934381484985,0.4645543098449707,-0.0999431163072586,0.034336090087890625,0.49000221490859985,0.004618758335709572,0.011646058410406113,0.29524436593055725,64,0.0217,0.571,1,0,3,0,8,0.875,,,,,,,0.33850979804992676,0.6030280590057373,2.025608539581299,0.01957,,-1.0
7,3264,0.4444,24,21,0.6667,30.0,0.6667,0.006084419786930084,0.33956629037857056,0.3610273599624634,0.37364447116851807,-0.09993050247430801,0.048720359802246094,0.36322396993637085,0.006499819457530975,0.025820571929216385,0.27836284041404724,64,0.0157,0.667,1,0,1,0,12,0.75,0.1628,0.7018,0.0,0,48,0,0.35899367928504944,0.6563204526901245,2.0799479484558105,0.02022,0.0,0.0
8,3711,0.4365,24,21,0.0,29.25,0.0,0.004204417113214731,0.32745102047920227,0.338713675737381,0.4706730246543884,-0.10000000894069672,0.02389807626605034,0.5114400386810303,0.0031291458290070295,0.02287367917597294,0.33147531747817993,64,0.0098,0.0,1,0,7,1,7,0.714,,,,,,,0.30168160796165466,0.6308393478393555,1.872807502746582,0.01913,,0.0
9,4163,0.4286,24,21,0.0909,30.0,0.0909,0.008788030594587326,0.33801722526550293,0.33434629440307617,0.426545649766922,-0.09975485503673553,0.028421781957149506,0.4627387225627899,0.008759117685258389,0.013436426408588886,0.3154541850090027,64,0.0084,0.091,1,0,10,0,4,0.5,,,,,,,0.3162260949611664,0.685945451259613,2.0553207397460938,0.01778,,0.0
10,4620,0.4206,24,21,0.0,30.0,0.0,0.007553041912615299,0.343646764755249,0.3455061912536621,0.36556535959243774,-0.09999999403953552,0.025339748710393906,0.40540578961372375,0.0038590244948863983,0.01896011456847191,0.3175114095211029,64,0.0102,0.0,1,0,6,1,8,0.875,,,,,,,0.31494930386543274,0.6368163824081421,2.0538275241851807,0.01753,,0.0
11,4982,0.4127,24,21,0.5714,30.0,0.5714,0.006313404068350792,0.3540462255477905,0.3391595482826233,0.3495911657810211,-0.09993580728769302,0.038715653121471405,0.36166447401046753,0.0038102029357105494,0.020862387493252754,0.36310550570487976,64,0.0107,0.571,4,0,3,0,5,0.6,,,,,,,0.27522528171539307,0.6460838317871094,2.016193389892578,0.01766,,0.0
12,5317,0.4048,24,20,0.3333,30.0,0.3333,0.004761073738336563,0.32093968987464905,0.31695544719696045,0.5922709703445435,-0.09978954493999481,0.03552066907286644,0.6118643879890442,0.0029536178335547447,0.018309537321329117,0.39112070202827454,64,0.0098,0.333,5,0,4,0,5,0.8,,,,,,,0.25513747334480286,0.5865777730941772,1.9564545154571533,0.01768,,0.0
13,5681,0.3968,24,20,0.0,30.0,0.0,0.003743675071746111,0.2835118770599365,0.2756720781326294,0.33994296193122864,-0.09953514486551285,0.02069532684981823,0.39248478412628174,0.0029830194544047117,0.011205327697098255,0.3120087683200836,64,0.0168,0.0,4,0,7,0,5,0.8,,,,,,,0.31901395320892334,0.6891777515411377,2.133880138397217,0.01725,,0.0
14,6077,0.3889,24,20,0.0,30.0,0.0,0.0066491588950157166,0.3656945526599884,0.3638375699520111,0.5121707320213318,-0.09975501894950867,0.025280138477683067,0.5523452758789062,0.004924440290778875,0.018040405586361885,0.32618534564971924,64,0.0278,0.0,3,0,7,0,6,0.833,0.1077,0.7472,0.0,0,46,2,0.30582311749458313,0.6667342185974121,2.024853229522705,0.01695,0.0,0.0
15,6436,0.381,24,20,0.0,30.0,0.0,0.007643020711839199,0.315377414226532,0.32778507471084595,0.5642272233963013,-0.09984955191612244,0.027734532952308655,0.5982887744903564,0.007247496861964464,0.020637914538383484,0.37094616889953613,64,0.018,0.0,4,0,5,0,7,0.571,,,,,,,0.26917532086372375,0.5428453683853149,2.008162498474121,0.01663,,0.0
16,6796,0.373,24,20,0.0,28.0,0.0,0.006714828312397003,0.30096548795700073,0.29921919107437134,0.4202463626861572,-0.09948030114173889,0.045924119651317596,0.421805202960968,0.003315672744065523,0.012146450579166412,0.37133729457855225,64,0.0063,0.0,4,0,3,1,8,1.0,,,,,,,0.26789742708206177,0.6089043021202087,2.026402711868286,0.01692,,0.0
17,7191,0.3651,24,20,0.25,29.0,0.25,0.007752649020403624,0.2840251922607422,0.2741011679172516,0.5619017481803894,-0.09980421513319016,0.027373021468520164,0.5984236598014832,0.004801313392817974,0.01707260124385357,0.38187918066978455,64,0.0201,0.25,3,0,2,1,9,1.0,,,,,,,0.26135021448135376,0.5942786931991577,1.9201462268829346,0.01738,,0.0
18,7611,0.3571,24,20,0.0,30.0,0.0,0.01027686707675457,0.3019055724143982,0.3057698905467987,0.34865105152130127,-0.0995405986905098,0.04430417716503143,0.35161304473876953,0.0027321786619722843,0.015940511599183083,0.5414488911628723,64,0.0162,0.0,2,0,7,0,7,0.857,,,,,,,0.18384116888046265,0.6678723096847534,2.089812755584717,0.01721,,0.0
19,8067,0.3492,24,19,0.3333,30.0,0.3333,0.008733747527003288,0.36182454228401184,0.38938108086586,0.4108965992927551,-0.09781299531459808,0.03367069363594055,0.4348750114440918,0.004074896685779095,0.012986451387405396,0.5523033738136292,64,0.0182,0.333,1,0,6,0,6,1.0,,,,,,,0.17710012197494507,0.6038290858268738,2.0355749130249023,0.01735,,0.0
20,8522,0.3413,24,19,0.1111,30.0,0.1111,0.00872392114251852,0.328403115272522,0.316550612449646,0.45399153232574463,-0.09889842569828033,0.052427709102630615,0.43670985102653503,0.0022515603341162205,0.022649435326457024,0.43275365233421326,64,0.0158,0.111,1,0,8,0,6,0.833,,,,,,,0.2285328358411789,0.6916353106498718,1.973259449005127,0.01713,,0.0
21,8948,0.3333,24,19,0.2,29.6,0.2,0.00414838083088398,0.2517724335193634,0.24837413430213928,0.3897579610347748,-0.0997065007686615,0.03685899078845978,0.4100685715675354,0.004218542017042637,0.011355814523994923,0.4109462797641754,64,0.0201,0.2,2,0,4,0,9,0.889,0.1313,0.7959,0.042,2,46,0,0.2426265925168991,0.6352412700653076,2.0410780906677246,0.01732,0.0,0.0
22,9338,0.3254,24,19,0.25,29.38,0.25,0.005425281822681427,0.2897704243659973,0.29621315002441406,0.3919673264026642,-0.09874952584505081,0.036141376942396164,0.41325151920318604,0.003305095015093684,0.010365215130150318,0.5121033787727356,64,0.027,0.25,3,0,5,1,5,0.8,,,,,,,0.19283123314380646,0.6587976217269897,2.1476430892944336,0.01724,,0.0
23,9734,0.3175,24,19,0.0,30.0,0.0,0.0028756381943821907,0.24153465032577515,0.24327725172042847,0.33590763807296753,-0.09902426600456238,0.028931740671396255,0.371357798576355,0.0024765932466834784,0.01142125204205513,0.3903237581253052,64,0.0339,0.0,3,0,7,0,6,0.833,,,,,,,0.2536977529525757,0.6109089851379395,2.1510002613067627,0.01705,,0.0
24,10131,0.3095,24,19,0.0,30.0,0.0,0.005537552759051323,0.273290753364563,0.2719748318195343,0.3417862057685852,-0.09919187426567078,0.03181016072630882,0.3701792061328888,0.002081479411572218,0.014357117004692554,0.48117613792419434,64,0.0088,0.0,3,0,6,0,7,0.857,,,,,,,0.20614464581012726,0.6202641725540161,1.9841399192810059,0.01698,,0.0
25,10559,0.3016,24,19,0.0,30.0,0.0,0.003793279640376568,0.24951866269111633,0.23878958821296692,0.5201486945152283,-0.09838064014911652,0.03661135584115982,0.5409322381019592,0.002320163883268833,0.008748727850615978,0.49897679686546326,64,0.0188,0.0,2,0,5,0,9,0.889,,,,,,,0.19716474413871765,0.5927540063858032,2.0299673080444336,0.01705,,0.0
26,10983,0.2937,24,19,0.3333,30.0,0.3333,0.012518201023340225,0.2709374725818634,0.25555726885795593,0.3668302893638611,-0.09934641420841217,0.029855266213417053,0.40073704719543457,0.004487828351557255,0.011458266526460648,0.3661273121833801,64,0.0219,0.333,2,0,6,0,5,0.6,,,,,,,0.2713438868522644,0.5825433731079102,2.016268730163574,0.01694,,0.0
27,11440,0.2857,24,18,0.25,30.0,0.25,0.007885551080107689,0.30940911173820496,0.33056506514549255,0.3744482398033142,-0.09993210434913635,0.02085086703300476,0.42491063475608826,0.0036395047791302204,0.015535969287157059,0.3949049413204193,64,0.0161,0.25,1,0,6,0,7,0.857,,,,,,,0.25305357575416565,0.6221004724502563,2.0575623512268066,0.01696,,0.0
28,11869,0.2778,24,18,0.0,30.0,0.0,0.004481726326048374,0.2981976568698883,0.2898845672607422,0.3209512531757355,-0.09952281415462494,0.02630901336669922,0.36369597911834717,0.0016723435837775469,0.008320150896906853,0.3897213339805603,64,0.0256,0.0,2,0,5,0,9,1.0,0.1523,0.6784,0.021,1,47,0,0.2553691565990448,0.5703459978103638,2.157379150390625,0.0171,0.0,0.0
29,12234,0.2698,24,18,0.1429,30.0,0.1429,0.003105786396190524,0.29846110939979553,0.298237681388855,0.5970476865768433,-0.0996655821800232,0.02030588686466217,0.6489795446395874,0.001725963200442493,0.014243874698877335,0.33582067489624023,64,0.0128,0.143,4,0,6,0,5,1.0,,,,,,,0.29678216576576233,0.5856425166130066,2.02978515625,0.01708,,0.0
30,12661,0.2619,24,18,0.0,30.0,0.0,0.005093175917863846,0.3109763264656067,0.3172878623008728,0.3333939015865326,-0.09871182590723038,0.026488428935408592,0.37509894371032715,0.0017131316708400846,0.008059886284172535,0.5074062347412109,64,0.0123,0.0,2,0,6,1,7,1.0,,,,,,,0.19454199075698853,0.6517025828361511,2.1193594932556152,0.01706,,0.0
31,13057,0.254,24,18,0.0,30.0,0.0,0.004253788851201534,0.2580147981643677,0.2659406065940857,0.4544884264469147,-0.09925021976232529,0.05075342580676079,0.447746604681015,0.0018493951065465808,0.008970354683697224,0.562981367111206,64,0.038,0.0,3,0,5,0,8,0.875,,,,,,,0.1762939691543579,0.5493393540382385,1.8935441970825195,0.01708,,0.0
32,13547,0.246,24,18,0.1667,30.0,0.1667,0.004101301543414593,0.2776823043823242,0.2694636583328247,0.3504643142223358,-0.09890572726726532,0.03244178742170334,0.3759431838989258,0.0028828182257711887,0.0170865748077631,0.39142292737960815,64,0.0246,0.167,0,0,5,0,10,0.8,,,,,,,0.25268250703811646,0.7292859554290771,2.087052583694458,0.01713,,0.0
33,13969,0.2381,24,18,0.4,29.8,0.4,0.004465259611606598,0.26392170786857605,0.2691402733325958,0.3832497298717499,-0.0995514988899231,0.02770833484828472,0.41951483488082886,0.003586567472666502,0.015739457681775093,0.4338529109954834,64,0.0413,0.4,2,0,5,1,4,0.75,,,,,,,0.22945910692214966,0.663988471031189,1.962477207183838,0.01711,,0.0
34,14395,0.2302,24,17,0.2857,29.86,0.2857,0.0060235257260501385,0.2550830543041229,0.25248637795448303,0.4624267816543579,-0.09947483986616135,0.04631521552801132,0.4632570147514343,0.002039353596046567,0.012028345838189125,0.5778694748878479,64,0.0273,0.286,2,0,5,0,7,1.0,,,,,,,0.1721406728029251,0.599918007850647,2.0525355339050293,0.01723,,0.0
35,14823,0.2222,24,17,0.0,30.0,0.0,0.006238863803446293,0.2749418616294861,0.28824537992477417,0.26868218183517456,-0.09783443063497543,0.015052847564220428,0.33005326986312866,0.0017076466465368867,0.012715306133031845,0.4919041693210602,64,0.0208,0.0,2,0,6,0,8,0.875,0.1036,0.6706,0.042,2,44,2,0.19888919591903687,0.6607507467269897,2.1666603088378906,0.0172,0.0,0.0
36,15279,0.2143,24,17,0.0,29.67,0.0,0.0036633601412177086,0.23762044310569763,0.2308405339717865,0.3959309756755829,-0.09989961981773376,0.053777989000082016,0.38133251667022705,0.002056342549622059,0.01388419046998024,0.5142931938171387,64,0.0332,0.0,1,0,5,1,9,0.889,,,,,,,0.19424644112586975,0.6396254301071167,2.0593152046203613,0.01721,,0.0
37,15733,0.2063,24,17,0.0,30.0,0.0,0.006256941705942154,0.25513434410095215,0.241364985704422,0.4107074737548828,-0.09582291543483734,0.040323302149772644,0.4227105677127838,0.0028109997510910034,0.0063464464619755745,0.5846557021141052,64,0.0212,0.0,1,0,10,0,5,0.6,,,,,,,0.1638963222503662,0.6633477807044983,2.0204217433929443,0.01691,,0.0
38,16154,0.1984,24,17,0.1667,30.0,0.1667,0.0035407859832048416,0.2687765657901764,0.2726714611053467,0.7451182007789612,-0.09805174171924591,0.08349721133708954,0.6687928438186646,0.001817618147470057,0.01476540882140398,0.6006984114646912,64,0.0343,0.167,2,0,5,0,8,0.75,,,,,,,0.1632295548915863,0.6381456851959229,2.0025782585144043,0.0169,,0.0
39,16611,0.1905,24,17,0.0,30.0,0.0,0.005765508394688368,0.25104963779449463,0.24221815168857574,0.4510088264942169,-0.09992089867591858,0.030238721519708633,0.48500803112983704,0.0017877282807603478,0.010888520628213882,0.6504231691360474,64,0.0193,0.0,1,0,7,0,8,0.875,,,,,,,0.15362444519996643,0.5808467864990234,2.0368528366088867,0.01686,,0.0
40,17032,0.1825,24,17,0.125,30.0,0.125,0.006933609023690224,0.23320093750953674,0.23715569078922272,0.281806081533432,-0.09887756407260895,0.022361114621162415,0.3309563994407654,0.0016166827408596873,0.01001006830483675,0.5604075193405151,64,0.0195,0.125,2,0,7,0,6,0.833,,,,,,,0.17643865942955017,0.5792081356048584,2.2498083114624023,0.01679,,0.0
41,17428,0.1746,24,17,0.3333,29.83,0.3333,0.005230795592069626,0.2559952735900879,0.2528514862060547,0.6173325777053833,-0.09993313252925873,0.03632887452840805,0.6404829621315002,0.00196076394058764,0.008249962702393532,0.4954460561275482,64,0.0148,0.333,3,0,4,0,7,1.0,,,,,,,0.20170335471630096,0.7027270197868347,1.986354112625122,0.01693,,0.0
42,17823,0.1667,24,16,0.0,30.0,0.0,0.00426089484244585,0.24942044913768768,0.2505944073200226,0.3533223867416382,-0.09979884326457977,0.03330345079302788,0.3807753920555115,0.002234668703749776,0.011477873660624027,0.617559015750885,64,0.0342,0.0,3,0,7,1,5,1.0,0.1362,0.7037,0.0,0,47,1,0.16160210967063904,0.6261074542999268,2.0751655101776123,0.01683,0.0,0.0
43,18189,0.1587,24,16,0.0,30.0,0.0,0.006337579805403948,0.2426999807357788,0.23794788122177124,0.39757490158081055,-0.09950413554906845,0.04866787791252136,0.397193968296051,0.0013678086688742042,0.005098655354231596,0.5881619453430176,64,0.0179,0.0,4,0,6,0,6,1.0,,,,,,,0.16917812824249268,0.6027212142944336,2.044795513153076,0.01682,,0.0
44,18608,0.1508,24,16,0.0833,29.75,0.0833,0.00498826103284955,0.21472853422164917,0.20811626315116882,0.477965772151947,-0.09986843168735504,0.027569517493247986,0.5140289664268494,0.0016956563340499997,0.01733243837952614,0.46924716234207153,64,0.0261,0.25,2,2,8,1,2,1.0,,,,,,,0.2128269225358963,0.6523186564445496,1.9773852825164795,0.01661,,0.0
45,19096,0.1429,24,16,0.0,30.0,0.0,0.004828125704079866,0.23319308459758759,0.23116075992584229,0.7451071739196777,-0.09897170215845108,0.04660738632082939,0.7431013584136963,0.0011405283585190773,0.015525413677096367,0.583159327507019,64,0.034,0.0,0,0,8,0,8,0.875,,,,,,,0.16971640288829803,0.6845047473907471,2.181969165802002,0.01655,,0.0
46,19576,0.1349,24,16,0.25,29.67,0.25,0.0027012762147933245,0.3241839110851288,0.32670384645462036,0.4332607090473175,-0.0984145849943161,0.04326314479112625,0.43888622522354126,0.0014516754308715463,0.012525570578873158,0.6198227405548096,64,0.0304,0.25,0,0,8,1,4,1.0,,,,,,,0.1587786078453064,0.5334197878837585,1.8051596879959106,0.0165,,0.0
47,20001,0.127,24,16,0.1111,30.0,0.1111,0.006654426921159029,0.27222999930381775,0.2861434817314148,0.358359158039093,-0.09879858791828156,0.063894122838974,0.32623690366744995,0.0018382197013124824,0.0062651485204696655,0.8904493451118469,64,0.043,0.111,2,0,8,0,5,1.0,,,,,,,0.11095362901687622,0.5485760569572449,2.1355652809143066,0.01645,,0.0
48,20426,0.119,24,16,0.0,30.0,0.0,0.003439907915890217,0.28438815474510193,0.2909599244594574,0.6414557099342346,-0.0989016517996788,0.04833107441663742,0.6390740871429443,0.001427333801984787,0.009242258965969086,0.6053116917610168,64,0.0182,0.0,2,0,6,0,8,0.75,,,,,,,0.16338960826396942,0.6374039649963379,2.1325507164001465,0.0164,,0.0
49,20824,0.1111,24,15,0.2,30.0,0.2,0.003699877765029669,0.30154669284820557,0.2983059883117676,0.5966652035713196,-0.09999999403953552,0.05575420707464218,0.5809832811355591,0.0014897179789841175,0.008346989750862122,0.5497130751609802,64,0.0188,0.4,3,1,3,0,8,1.0,0.1172,0.6167,0.021,0,44,3,0.1819130778312683,0.6364997029304504,2.068028450012207,0.01652,0.0208,0.0208
50,21255,0.1032,24,15,0.0,30.0,0.0,0.0030782469548285007,0.21578602492809296,0.22032850980758667,0.2984904646873474,-0.09699844568967819,0.019044023007154465,0.3522605299949646,0.0020386427640914917,0.010280690155923367,0.6245624423027039,64,0.0194,0.0,2,0,3,0,11,0.909,,,,,,,0.15530624985694885,0.625572144985199,2.1296825408935547,0.01665,,0.0208
51,21607,0.0952,24,15,0.0,30.0,0.0,0.0034760762937366962,0.20977482199668884,0.20853564143180847,0.32489970326423645,-0.09971387684345245,0.030404120683670044,0.35900336503982544,0.00294212787412107,0.009603908285498619,0.4878365993499756,64,0.0331,0.0,4,0,5,0,7,0.714,,,,,,,0.2044001668691635,0.7333084344863892,2.062206506729126,0.01661,,0.0208
52,22060,0.0873,24,15,0.0,30.0,0.0,0.003386658849194646,0.25458160042762756,0.24766859412193298,0.4580822288990021,-0.0996694341301918,0.08932368457317352,0.37431442737579346,0.0019421103643253446,0.009579692967236042,0.7126500010490417,64,0.0465,0.0,1,0,7,0,8,0.75,,,,,,,0.1398574858903885,0.6760388612747192,2.0820634365081787,0.01655,,0.0208
53,22504,0.0794,24,15,0.0,28.9,0.0,0.0026291199028491974,0.2518180012702942,0.2513227164745331,0.35410234332084656,-0.09748001396656036,0.037802405655384064,0.3718115985393524,0.0013883510837331414,0.00833190232515335,0.7441233396530151,64,0.0359,0.0,1,0,7,3,5,1.0,,,,,,,0.13099980354309082,0.6117327213287354,2.092954635620117,0.01644,,0.0208
54,22930,0.0714,24,15,0.125,30.0,0.125,0.004889658652245998,0.22681792080402374,0.22856110334396362,0.4146178364753723,-0.09835386276245117,0.023265622556209564,0.4632238745689392,0.0016726732719689608,0.0064331102184951305,0.5570971965789795,64,0.0337,0.125,2,0,7,0,6,0.833,,,,,,,0.17654705047607422,0.6014744639396667,1.9232436418533325,0.0164,,0.0208
55,23235,0.0635,24,15,0.2,30.0,0.2,0.0029318463057279587,0.20985880494117737,0.21489684283733368,0.3844289183616638,-0.09895891696214676,0.06685248762369156,0.34370195865631104,0.0015230526914820075,0.011961814947426319,0.6671898365020752,64,0.0413,0.2,6,0,4,0,5,0.8,,,,,,,0.1483219861984253,0.6083191633224487,2.0996286869049072,0.0164,,0.0208
56,23631,0.0556,24,15,0.0,30.0,0.0,0.0037620789371430874,0.20201817154884338,0.215260311961174,0.38772982358932495,-0.09806624054908752,0.031640034168958664,0.417924702167511,0.0015626288950443268,0.00918257050216198,0.6337697505950928,64,0.0372,0.0,3,0,7,0,6,1.0,0.1348,0.5871,0.104,0,42,1,0.154734805226326,0.634143590927124,2.058140993118286,0.01638,0.1042,0.1042
57,23997,0.0476,24,14,0.0,30.0,0.0,0.003006362123414874,0.22949285805225372,0.22744446992874146,0.4045145809650421,-0.09862843155860901,0.037611156702041626,0.4254019856452942,0.0025620581582188606,0.005037439521402121,0.5678584575653076,64,0.0274,0.0,4,0,5,1,6,1.0,,,,,,,0.17368489503860474,0.7139093279838562,2.0194764137268066,0.01638,,0.1042
58,24456,0.0397,24,14,0.0,30.0,0.0,0.005816262681037188,0.2869739234447479,0.28168410062789917,0.49368759989738464,-0.099829763174057,0.07665805518627167,0.4336313009262085,0.0019384914776310325,0.013139905408024788,0.6572465300559998,64,0.0371,0.0,1,0,6,0,9,0.889,,,,,,,0.15189087390899658,0.7001614570617676,2.1329078674316406,0.0164,,0.1042
59,24867,0.0317,24,14,0.0,28.91,0.0,0.00482469517737627,0.22968895733356476,0.2387029528617859,0.333067923784256,-0.09927504509687424,0.02623983845114708,0.37320786714553833,0.0017323079518973827,0.013310861773788929,0.6069949269294739,64,0.0695,0.0,2,0,9,2,3,1.0,,,,,,,0.1635516881942749,0.6493935585021973,2.136584520339966,0.01625,,0.1042
60,25295,0.0238,24,14,0.0,30.0,0.0,0.0035418812185525894,0.21634745597839355,0.21016748249530792,0.3039596378803253,-0.09879560768604279,0.03577965497970581,0.3268902897834778,0.0018284511752426624,0.00861127395182848,0.8156668543815613,64,0.0424,0.0,2,0,6,0,8,1.0,,,,,,,0.12112249433994293,0.6660281419754028,2.137465476989746,0.01629,,0.1042
61,25661,0.0159,24,14,0.0,29.8,0.0,0.0035137771628797054,0.23086804151535034,0.22803311049938202,0.3321916460990906,-0.0982794389128685,0.02651333063840866,0.37395018339157104,0.0016317524714395404,0.006988485809415579,0.6126425266265869,64,0.0536,0.0,4,0,4,1,7,0.857,,,,,,,0.16041889786720276,0.6439850330352783,1.945791482925415,0.01629,,0.1042
62,26118,0.0079,24,14,0.0,30.0,0.0,0.005792243406176567,0.2185840606689453,0.22591286897659302,0.49963223934173584,-0.09889040142297745,0.04099339619278908,0.5119712352752686,0.0014531183987855911,0.00912922341376543,0.629693865776062,64,0.0469,0.0,1,0,8,0,7,1.0,,,,,,,0.15704521536827087,0.685813307762146,1.906510829925537,0.01627,,0.1042
63,26543,0.0,24,14,0.0,29.71,0.0,0.004319318570196629,0.2148391604423523,0.22061552107334137,0.38195303082466125,-0.09919118881225586,0.02753276191651821,0.4209955036640167,0.0018897108966484666,0.010166419669985771,0.7936851382255554,64,0.0516,0.0,2,0,6,1,7,1.0,0.0976,0.4981,0.042,1,42,4,0.12497548758983612,0.6422168016433716,2.092428684234619,0.01628,0.0208,0.1042
64,26970,0.0,24,13,0.1429,30.0,0.1429,0.0023372347932308912,0.22424660623073578,0.22309279441833496,0.42799830436706543,-0.09553904831409454,0.07207003235816956,0.37668782472610474,0.00148931669536978,0.005418909247964621,0.9200321435928345,64,0.0365,0.143,2,0,6,0,7,1.0,,,,,,,0.10384316742420197,0.6938475966453552,2.093836545944214,0.01631,,0.1042
65,27334,0.0,24,13,0.0,30.0,0.0,0.007125957868993282,0.2352757304906845,0.2260989546775818,0.38677430152893066,-0.09564186632633209,0.03030940517783165,0.4180678725242615,0.0017230277881026268,0.007458985783159733,0.8905982971191406,64,0.0477,0.0,4,0,8,0,4,1.0,,,,,,,0.10739056766033173,0.6029338240623474,1.982532262802124,0.01624,,0.1042
66,27790,0.0,24,13,0.1111,30.0,0.1111,0.005851907655596733,0.21215155720710754,0.20233196020126343,0.3830454349517822,-0.0992937982082367,0.05365900322794914,0.37198445200920105,0.0019408379448577762,0.006073564291000366,0.6948302388191223,64,0.0602,0.111,1,0,8,0,6,1.0,,,,,,,0.14290368556976318,0.6215652227401733,2.016953945159912,0.01623,,0.1042
67,28250,0.0,24,13,0.0,30.0,0.0,0.0035905474796891212,0.23789456486701965,0.24165114760398865,0.5859408974647522,-0.09865821897983551,0.09717872738838196,0.4858883321285248,0.0035225898027420044,0.008706695400178432,0.6160476207733154,64,0.0528,0.0,1,0,5,0,10,1.0,,,,,,,0.1601470708847046,0.629906177520752,1.904041051864624,0.01632,,0.1042
68,28706,0.0,24,13,0.1111,30.0,0.1111,0.00184524804353714,0.2396855652332306,0.23013556003570557,0.44597262144088745,-0.09974817931652069,0.07372331619262695,0.3941211998462677,0.0015034147072583437,0.008305913768708706,0.6898416876792908,64,0.0447,0.111,1,0,8,0,6,1.0,,,,,,,0.14459575712680817,0.6727404594421387,2.0878560543060303,0.0163,,0.1042
69,29164,0.0,24,13,0.1667,29.83,0.1667,0.004182253032922745,0.23228217661380768,0.24559952318668365,0.3044763207435608,-0.09962248057126999,0.037768229842185974,0.3265687823295593,0.0015306179411709309,0.003987111151218414,0.6633696556091309,64,0.0558,0.167,1,0,5,0,9,0.889,,,,,,,0.15017642080783844,0.6667779684066772,2.145829200744629,0.01636,,0.1042
70,29641,0.0,24,13,0.0,30.0,0.0,0.004745457321405411,0.25327014923095703,0.2450786978006363,0.37102413177490234,-0.0954027771949768,0.043461497873067856,0.3752511739730835,0.0016889732796698809,0.008505490608513355,0.8521179556846619,64,0.0566,0.0,0,0,5,2,9,0.667,0.0957,0.5587,0.104,0,37,6,0.11195958405733109,0.716661810874939,2.1057791709899902,0.01629,0.1042,0.1042
71,30132,0.0,24,13,0.0,30.0,0.0,0.0033770517911762,0.25651001930236816,0.25362804532051086,0.37356695532798767,-0.09265516698360443,0.06124655529856682,0.3373561501502991,0.0018471848452463746,0.012745757587254047,0.856552243232727,64,0.0738,0.0,0,0,5,0,11,1.0,,,,,,,0.1081722229719162,0.7355998754501343,2.137843608856201,0.01639,,0.1042
72,30554,0.0,24,12,0.0,29.0,0.0,0.0036285966634750366,0.2660275995731354,0.26485204696655273,0.2567150592803955,-0.09966889023780823,0.012990809977054596,0.3268378674983978,0.002682382008060813,0.007128943223506212,1.0375211238861084,64,0.0505,0.0,2,0,5,1,8,1.0,,,,,,,0.09606444835662842,0.6451390385627747,2.096675395965576,0.01643,,0.1042
73,30980,0.0,24,12,0.0,29.86,0.0,0.004611752927303314,0.2774040997028351,0.27480536699295044,0.3593294620513916,-0.09955105185508728,0.0416376031935215,0.3716410994529724,0.0012827307218685746,0.00792840588837862,0.8039286732673645,64,0.0432,0.0,2,0,5,2,7,1.0,,,,,,,0.12383069097995758,0.6085692048072815,2.1948633193969727,0.01643,,0.1042
74,31437,0.0,24,12,0.0,30.0,0.0,0.003298921976238489,0.1897992491722107,0.17547012865543365,0.31796491146087646,-0.09980287402868271,0.021440384909510612,0.3711031675338745,0.001093523227609694,0.007567728403955698,0.7932130098342896,64,0.0814,0.0,1,0,8,0,7,0.857,,,,,,,0.12582102417945862,0.6709505319595337,2.1188669204711914,0.01638,,0.1042
75,31922,0.0,24,12,0.0,30.0,0.0,0.0033200024627149105,0.22219432890415192,0.22891107201576233,0.3884655237197876,-0.09988987445831299,0.0460086390376091,0.39109599590301514,0.0018031334038823843,0.010484248399734497,0.7089017033576965,64,0.076,0.091,0,1,9,1,5,1.0,,,,,,,0.14090792834758759,0.6793705224990845,1.912663221359253,0.01629,,0.1042
76,32380,0.0,24,12,0.0,30.0,0.0,0.0034875182900577784,0.2217041701078415,0.2201014906167984,0.3246344327926636,-0.10000000894069672,0.04640866443514824,0.32716578245162964,0.0018434793455526233,0.009302652440965176,0.847612202167511,64,0.0344,0.0,1,0,7,0,8,0.75,,,,,,,0.11797848343849182,0.6001176834106445,2.1635284423828125,0.01624,,0.1042
77,32742,0.0,24,12,0.125,29.75,0.125,0.006402704864740372,0.22717221081256866,0.22965174913406372,0.6880640387535095,-0.09757626801729202,0.0720532163977623,0.6364829540252686,0.0016683317953720689,0.010101797059178352,1.1967577934265137,64,0.0651,0.125,4,0,7,0,4,0.75,0.1187,0.6057,0.021,0,44,3,0.08153384923934937,0.6537999510765076,2.177445888519287,0.01619,0.0208,0.1042
78,33197,0.0,24,12,0.0,29.33,0.0,0.005707081872969866,0.2642274498939514,0.258833646774292,0.429029643535614,-0.09980090707540512,0.06655117869377136,0.3890441656112671,0.0015252333832904696,0.013368071988224983,0.5437130928039551,64,0.0501,0.0,1,0,5,1,9,1.0,,,,,,,0.18355435132980347,0.7034990191459656,2.0402302742004395,0.01624,,0.1042
79,33554,0.0,24,11,0.25,27.25,0.25,0.0033323299139738083,0.268802285194397,0.26674774289131165,0.4920955002307892,-0.09949278831481934,0.05232778191566467,0.48222559690475464,0.0022091935388743877,0.00941427517682314,0.6276171207427979,64,0.0619,0.25,4,0,2,1,8,0.875,,,,,,,0.15852466225624084,0.7477623820304871,1.9746664762496948,0.0163,,0.1042
80,33996,0.0,24,11,0.0,30.0,0.0,0.0018750769086182117,0.21498814225196838,0.21343491971492767,0.45283570885658264,-0.097578264772892,0.0413503497838974,0.4636145234107971,0.0014237872092053294,0.008197457529604435,0.9480436444282532,64,0.0575,0.0,1,0,7,0,8,0.75,,,,,,,0.10292591899633408,0.7235495448112488,1.9779696464538574,0.01627,,0.1042
81,34421,0.0,24,11,0.0,29.88,0.0,0.0034233159385621548,0.20425163209438324,0.20470739901065826,0.453702837228775,-0.09885255247354507,0.063545823097229,0.42169705033302307,0.001940374611876905,0.007533379830420017,0.5616502165794373,64,0.0388,0.0,2,0,7,1,6,1.0,,,,,,,0.17600375413894653,0.6623504161834717,1.9436343908309937,0.01624,,0.1042
82,34864,0.0,24,11,0.2,28.8,0.2,0.002904694527387619,0.22368845343589783,0.22007989883422852,0.4640335142612457,-0.09978798031806946,0.025383159518241882,0.5096991062164307,0.0015303412219509482,0.006712133530527353,0.570009171962738,64,0.0484,0.2,1,0,6,2,5,0.8,,,,,,,0.175063818693161,0.6477956175804138,1.9386341571807861,0.01621,,0.1042
83,35285,0.0,24,11,0.0,29.56,0.0,0.003431539749726653,0.19462595880031586,0.19483919441699982,0.46063876152038574,-0.0990268811583519,0.06911105662584305,0.417833149433136,0.0019879559986293316,0.0072207385674119,0.9016352891921997,64,0.0474,0.0,2,0,8,1,5,1.0,,,,,,,0.10983029007911682,0.740147054195404,2.049985408782959,0.01615,,0.1042
84,35738,0.0,24,11,0.0,29.62,0.0,0.0018066775519400835,0.2088617980480194,0.21439450979232788,0.38598018884658813,-0.09769728034734726,0.03110712394118309,0.4172927737236023,0.001017133821733296,0.008340890519320965,0.7499977350234985,64,0.0536,0.0,1,0,7,1,7,0.857,0.0893,0.4643,0.083,1,44,0,0.13026343286037445,0.6346701383590698,2.094325065612793,0.01612,0.0625,0.1042
85,36224,0.0,24,11,0.0,30.0,0.0,0.004807754885405302,0.22680863738059998,0.23228733241558075,0.28504228591918945,-0.09875217825174332,0.022146116942167282,0.33626624941825867,0.00155611929949373,0.006472013890743256,0.9605841040611267,64,0.0623,0.0,0,0,10,0,6,0.833,,,,,,,0.10280430316925049,0.7092370986938477,2.151088237762451,0.01604,,0.1042
86,36671,0.0,24,11,0.0,30.0,0.0,0.006452304311096668,0.26024743914604187,0.2632485032081604,0.46802347898483276,-0.09937843680381775,0.0471048578619957,0.4697093665599823,0.0013627358712255955,0.006965624168515205,0.7466281652450562,64,0.0706,0.0,1,0,6,0,9,0.889,,,,,,,0.13310298323631287,0.5858818292617798,2.0317635536193848,0.01606,,0.1042
87,37128,0.0,24,10,0.1667,29.67,0.1667,0.005046292208135128,0.23870325088500977,0.23425328731536865,0.46432816982269287,-0.09870830178260803,0.046729676425457,0.46624159812927246,0.0013905721716582775,0.0066710785031318665,0.9044398665428162,64,0.0514,0.167,1,0,5,0,9,1.0,,,,,,,0.10913748294115067,0.7106807231903076,1.959215521812439,0.01613,,0.1042
88,37555,0.0,24,10,0.0,30.0,0.0,0.004755438771098852,0.2746068835258484,0.26082831621170044,0.41899025440216064,-0.10000000894069672,0.048270922154188156,0.41893529891967773,0.0012494573602452874,0.0070262388326227665,0.6493820548057556,64,0.0571,0.0,2,0,7,0,7,1.0,,,,,,,0.15399256348609924,0.6686619520187378,2.0258824825286865,0.01614,,0.1042
89,37977,0.0,24,10,0.1818,29.91,0.1818,0.002844360191375017,0.2204909473657608,0.22553154826164246,0.3508506417274475,-0.09778265655040741,0.03634493798017502,0.3726676106452942,0.0012595674488693476,0.006551597733050585,0.8262758255004883,64,0.0612,0.182,2,0,9,0,3,1.0,,,,,,,0.11834142357110977,0.6364235281944275,2.0370240211486816,0.01609,,0.1042
90,38377,0.0,24,10,0.0,30.0,0.0,0.007208442315459251,0.20014230906963348,0.20411396026611328,0.5831674933433533,-0.09744106233119965,0.10368385910987854,0.4692058265209198,0.0010040740016847849,0.008070006966590881,0.7037476301193237,64,0.0743,0.0,3,0,3,0,10,1.0,,,,,,,0.1384602189064026,0.7325736880302429,1.8924423456192017,0.01618,,0.1042
91,38775,0.0,24,10,0.0,30.0,0.0,0.00298045901581645,0.20592716336250305,0.1845860779285431,0.4266170561313629,-0.09992238134145737,0.07444924861192703,0.3716472387313843,0.0021469229832291603,0.011987403966486454,0.877818763256073,64,0.056,0.0,3,0,5,0,8,0.875,0.1169,0.5785,0.042,0,44,2,0.1138303130865097,0.6050719022750854,2.102022647857666,0.0162,0.0417,0.1042
92,39256,0.0,24,10,0.0909,29.64,0.0909,0.00433623930439353,0.15574471652507782,0.15866592526435852,0.3064073622226715,-0.09683717042207718,0.035502370446920395,0.32595980167388916,0.0026834497693926096,0.01255993265658617,1.016398549079895,64,0.045,0.091,0,0,9,1,5,1.0,,,,,,,0.09527480602264404,0.6922935247421265,2.1922924518585205,0.01615,,0.1042
93,39652,0.0,24,10,0.1429,30.0,0.1429,0.0022344053722918034,0.24048161506652832,0.24176225066184998,0.4319361448287964,-0.09976503252983093,0.08643936365842819,0.35432493686676025,0.0015979537274688482,0.008995072916150093,0.7482815384864807,64,0.0626,0.143,3,0,6,0,6,1.0,,,,,,,0.13332554697990417,0.8205673694610596,2.133288860321045,0.01617,,0.1042
94,39954,0.0,24,9,0.125,30.0,0.125,0.001890944899059832,0.21275216341018677,0.21397283673286438,0.5204799175262451,-0.09952834248542786,0.07347077131271362,0.46590039134025574,0.0011827785056084394,0.014332645572721958,0.8445138931274414,64,0.0355,0.125,6,0,7,0,2,1.0,,,,,,,0.11785281449556351,0.7467126846313477,2.0409655570983887,0.01612,,0.1042
95,40409,0.0,24,9,0.4286,29.57,0.4286,0.0077653080224990845,0.22132515907287598,0.23962371051311493,0.47684943675994873,-0.09974057972431183,0.10037088394165039,0.3717814087867737,0.0016061767237260938,0.008133620023727417,0.7893319129943848,64,0.0341,0.429,1,0,3,1,8,1.0,,,,,,,0.12636075913906097,0.7962664365768433,2.134110450744629,0.01621,,0.1042
96,40866,0.0,24,9,0.0,30.0,0.0,0.0020885609555989504,0.21738164126873016,0.22268733382225037,0.3976515829563141,-0.09932319819927216,0.03811092674732208,0.4176858365535736,0.0015619902405887842,0.0061342353001236916,0.9345605969429016,64,0.0489,0.0,1,0,6,1,8,0.875,,,,,,,0.1062779650092125,0.7010133266448975,2.0911686420440674,0.0162,,0.1042
97,41317,0.0,24,9,0.4,29.8,0.4,0.004168323706835508,0.22959494590759277,0.2259051501750946,0.640713095664978,-0.09803124517202377,0.05652257055044174,0.6215016841888428,0.0016708222683519125,0.008395089767873287,0.8611704707145691,64,0.0448,0.4,1,0,3,0,10,0.7,,,,,,,0.11383488774299622,0.661884069442749,2.120530605316162,0.01624,,0.1042
98,41714,0.0,24,9,0.1667,30.0,0.1667,0.0031283239368349314,0.1826937347650528,0.17215831577777863,0.4523909091949463,-0.09658589959144592,0.097052201628685,0.35016193985939026,0.0017963858554139733,0.009420913644134998,1.0743739604949951,64,0.0479,0.167,3,0,4,1,7,1.0,0.1072,0.5292,0.062,1,38,7,0.0898997038602829,0.6687990427017212,2.11122465133667,0.01628,0.0417,0.1042
99,42077,0.0,24,9,0.1429,29.71,0.1429,0.0030699593480676413,0.2077864408493042,0.21926382184028625,0.458767294883728,-0.09931435436010361,0.04468759149312973,0.46460121870040894,0.0012362111592665315,0.008210505358874798,0.7723543047904968,64,0.0329,0.143,4,0,5,1,5,1.0,,,,,,,0.1285865306854248,0.6986963152885437,2.006901741027832,0.01628,,0.1042
100,42466,0.0,24,9,0.125,29.25,0.125,0.0017514063511043787,0.2279188185930252,0.22357295453548431,0.43731415271759033,-0.0983315259218216,0.10237964242696762,0.327837735414505,0.0012805089354515076,0.006097295321524143,0.8027022480964661,64,0.0414,0.125,3,0,4,3,5,0.8,,,,,,,0.12250062823295593,0.6805809736251831,2.1421151161193848,0.01625,,0.1042
101,42828,0.0,24,9,0.2222,29.89,0.2222,0.0029662714805454016,0.19339199364185333,0.19161918759346008,0.29116499423980713,-0.097476065158844,0.02668028138577938,0.33150553703308105,0.0016679102554917336,0.007549938280135393,0.923799455165863,64,0.051,0.222,4,0,7,0,3,1.0,,,,,,,0.1055164784193039,0.76537024974823,2.1566715240478516,0.01623,,0.1042
102,43281,0.0,24,8,0.2,29.8,0.2,0.005548491142690182,0.1943785399198532,0.212668776512146,0.41692471504211426,-0.09710433334112167,0.06914609670639038,0.3714924454689026,0.001913352170959115,0.008488808758556843,0.8456725478172302,64,0.0489,0.2,1,0,5,3,5,1.0,,,,,,,0.11482498794794083,0.7067776918411255,2.1101016998291016,0.01622,,0.1042
103,43703,0.0,24,8,0.3333,29.0,0.3333,0.002839762484654784,0.1958637237548828,0.19399699568748474,0.47206929326057434,-0.09944045543670654,0.07462231814861298,0.4180484116077423,0.0017934513743966818,0.00843342300504446,0.5964606404304504,64,0.0276,0.333,2,0,3,1,8,0.875,,,,,,,0.1667175441980362,0.6801996231079102,2.014838695526123,0.01627,,0.1042
104,44123,0.0,24,8,0.0,29.0,0.0,0.003968746867030859,0.23920109868049622,0.2423810213804245,0.35652124881744385,-0.08862847089767456,0.03558573126792908,0.3712587356567383,0.0023446311242878437,0.00543904397636652,1.7796684503555298,64,0.0803,0.143,2,1,5,1,7,0.857,,,,,,,0.04980054870247841,0.6810108423233032,2.1139650344848633,0.01625,,0.1042
105,44551,0.0,24,8,0.2,30.0,0.2,0.0032309526577591896,0.20400387048721313,0.21126559376716614,0.38247740268707275,-0.09673433750867844,0.05219274014234543,0.37176257371902466,0.0010763235623016953,0.006127330474555492,0.9837753176689148,64,0.0366,0.2,2,0,3,1,9,0.778,0.0803,0.5165,0.125,1,31,11,0.09832970798015594,0.5827175974845886,2.160118341445923,0.01627,0.1042,0.1042
106,45007,0.0,24,8,0.1667,29.5,0.1667,0.007719485089182854,0.2081349939107895,0.19439563155174255,0.3375690281391144,-0.09813669323921204,0.049473702907562256,0.3327041268348694,0.0011698140297085047,0.00810837559401989,1.0770423412322998,64,0.0498,0.167,1,0,5,0,9,1.0,,,,,,,0.09111683815717697,0.7000641822814941,2.1189193725585938,0.01633,,0.1042
107,45435,0.0,24,8,0.3333,30.0,0.3333,0.0027932627126574516,0.18650531768798828,0.18696103990077972,0.3599269390106201,-0.09917066991329193,0.02929915487766266,0.39590728282928467,0.0015372884226962924,0.009184015914797783,0.8582350611686707,64,0.0423,0.333,2,0,4,0,8,0.625,,,,,,,0.11555187404155731,0.7415735125541687,2.067164897918701,0.01633,,0.1042
108,45858,0.0,24,8,0.2857,29.43,0.2857,0.004203933756798506,0.20691855251789093,0.20879772305488586,0.3695664703845978,-0.09898832440376282,0.055585142225027084,0.35407039523124695,0.0010503395460546017,0.006628212984651327,0.6867191195487976,64,0.0391,0.286,2,0,5,0,7,1.0,,,,,,,0.14414674043655396,0.6827785968780518,2.063236713409424,0.01638,,0.1042
109,46161,0.0,24,7,0.25,29.25,0.25,0.0021692877635359764,0.2226797342300415,0.21363385021686554,0.33017462491989136,-0.09873412549495697,0.04923630505800247,0.3266768455505371,0.001195291057229042,0.007518562953919172,0.9153567552566528,64,0.073,0.25,6,0,3,0,6,0.833,,,,,,,0.10786409676074982,0.6496993899345398,2.1481285095214844,0.0164,,0.1042
110,46652,0.0,24,7,0.0,30.0,0.0,0.0045956154353916645,0.24193283915519714,0.23678237199783325,0.46095559000968933,-0.09999723732471466,0.11549441516399384,0.3258543908596039,0.0012243293458595872,0.0082191601395607,0.746778666973114,64,0.0442,0.0,0,0,5,0,11,0.909,,,,,,,0.13390478491783142,0.718854546546936,2.1746840476989746,0.01644,,0.1042
111,47008,0.0,24,7,0.0,28.33,0.0,0.0031432416290044785,0.14935562014579773,0.16116762161254883,0.46765005588531494,-0.0977669358253479,0.07041820138692856,0.42131930589675903,0.0013668469619005919,0.0065225535072386265,0.7237807512283325,64,0.0537,0.0,4,0,3,3,6,1.0,,,,,,,0.13507810235023499,0.6705830097198486,2.0478625297546387,0.01644,,0.1042
112,47401,0.0,24,7,0.0,29.71,0.0,0.00978253036737442,0.19309164583683014,0.19703435897827148,0.4328087568283081,-0.09350426495075226,0.05146960914134979,0.4188624918460846,0.0011898321099579334,0.009022580459713936,0.6895928978919983,64,0.0359,0.0,3,0,6,1,6,0.833,0.0823,0.5016,0.062,0,44,1,0.13559342920780182,0.6157869696617126,2.059502601623535,0.01641,0.0625,0.1042
113,47829,0.0,24,7,0.0,30.0,0.0,0.0037051322869956493,0.22185516357421875,0.23104572296142578,0.45454269647598267,-0.09260547906160355,0.10931622982025146,0.32598477602005005,0.000795251689851284,0.005061892326921225,1.244880199432373,64,0.0412,0.167,2,1,5,0,8,0.875,,,,,,,0.07438907027244568,0.6830949187278748,2.19600772857666,0.01641,,0.1042
114,48318,0.0,24,7,0.1667,30.0,0.1667,0.0018029913771897554,0.25213316082954407,0.25636476278305054,0.3424816131591797,-0.09668640792369843,0.04689451679587364,0.3422926664352417,0.0011293803108856082,0.006172667723149061,0.857409656047821,64,0.0563,0.167,0,0,5,0,10,0.9,,,,,,,0.11276569962501526,0.6165636777877808,2.085111618041992,0.01645,,0.1042
115,48804,0.0,24,7,0.0,30.0,0.0,0.005367526784539223,0.24639293551445007,0.2334597110748291,0.4382028877735138,-0.09929589927196503,0.06799367070198059,0.3969108462333679,0.0011853292817249894,0.009201250039041042,1.0439484119415283,64,0.0507,0.0,0,0,10,0,6,1.0,,,,,,,0.09511571377515793,0.7012089490890503,2.0664315223693848,0.01641,,0.1042
116,49229,0.0,24,7,0.25,30.0,0.25,0.003289946122094989,0.24858757853507996,0.2532113790512085,0.32149699330329895,-0.09755583107471466,0.03168753907084465,0.35152119398117065,0.0024965861812233925,0.008313119411468506,0.8121739625930786,64,0.0555,0.25,2,0,3,0,10,0.7,,,,,,,0.12011690437793732,0.6357107162475586,2.1163132190704346,0.01643,,0.1042
117,49705,0.0,24,6,0.7143,29.14,0.7143,0.002827233634889126,0.21565821766853333,0.22030611336231232,0.6184598207473755,-0.09786450862884521,0.17025864124298096,0.3732287287712097,0.0016461355844512582,0.005156577564775944,0.8415233492851257,64,0.0256,0.714,0,0,2,0,9,0.778,,,,,,,0.11629446595907211,0.8104588389396667,2.086928129196167,0.01652,,0.1042
118,50151,0.0,24,6,0.25,28.62,0.25,0.0013452850980684161,0.200147345662117,0.19914008677005768,0.3140091300010681,-0.09759880602359772,0.03326393663883209,0.3420760929584503,0.001024901052005589,0.00600788788869977,0.8316548466682434,64,0.0423,0.25,1,0,4,2,7,1.0,,,,,,,0.11735494434833527,0.6651251912117004,2.1278109550476074,0.01655,,0.1042
119,50565,0.0,24,6,0.1429,29.86,0.1429,0.002630986738950014,0.19633498787879944,0.2115362286567688,0.40320757031440735,-0.09905184805393219,0.08591248840093613,0.32555457949638367,0.0017503888811916113,0.009759696200489998,1.0405017137527466,64,0.053,0.143,2,0,5,1,7,0.857,0.0981,0.5054,0.125,0,33,9,0.09519623219966888,0.7576990127563477,2.191254138946533,0.01655,0.125,0.125
120,51048,0.0,24,6,0.2,29.7,0.2,0.004102229606360197,0.21793417632579803,0.2239466905593872,0.2784067392349243,-0.09685627371072769,0.0234176404774189,0.32539811730384827,0.0017601597355678678,0.006059252191334963,1.362243890762329,64,0.0468,0.2,0,0,8,0,6,0.833,,,,,,,0.07110054045915604,0.6289206743240356,2.179020404815674,0.01653,,0.125
121,51503,0.0,24,6,0.125,29.75,0.125,0.002974320901557803,0.17679543793201447,0.1846921145915985,0.3951139450073242,-0.09857580065727234,0.08220032602548599,0.3254581093788147,0.0016138838836923242,0.007661918643862009,0.8965204358100891,64,0.0567,0.25,1,1,5,1,7,0.857,,,,,,,0.10995376855134964,0.6946269273757935,2.1946158409118652,0.01652,,0.125
122,51951,0.0,24,6,0.2,29.3,0.2,0.003147368784993887,0.23264528810977936,0.2272857427597046,0.3090483248233795,-0.09986785799264908,0.037913739681243896,0.3301853537559509,0.0015178591711446643,0.00580667145550251,0.9109418988227844,64,0.0472,0.2,1,0,6,2,5,0.8,,,,,,,0.10963141918182373,0.7002390623092651,2.1730735301971436,0.0165,,0.125
123,52377,0.0,24,6,0.1667,30.0,0.1667,0.002216044580563903,0.1943151354789734,0.19402791559696198,0.4400426745414734,-0.09982644021511078,0.08236301690340042,0.37307611107826233,0.0012011142680421472,0.0041339644230902195,0.8692593574523926,64,0.0719,0.167,2,0,5,0,8,0.625,,,,,,,0.1148407980799675,0.7104982137680054,2.0876731872558594,0.01648,,0.125
124,52830,0.0,24,5,0.125,29.5,0.125,0.0030483780428767204,0.22111307084560394,0.21987950801849365,0.3288803994655609,-0.09810555726289749,0.025559280067682266,0.3720402717590332,0.001536714960820973,0.007654274348169565,0.7133402824401855,64,0.0378,0.125,1,0,6,1,7,1.0,,,,,,,0.13752982020378113,0.5542234778404236,2.137629508972168,0.01649,,0.125
125,53221,0.0,24,5,0.0,29.71,0.0,0.0027855513617396355,0.19751937687397003,0.20287351310253143,0.34992408752441406,-0.09290269017219543,0.03443937003612518,0.371215283870697,0.001213915296830237,0.00546548655256629,0.9570709466934204,64,0.0326,0.0,3,0,6,1,6,0.667,,,,,,,0.09706979990005493,0.6929659247398376,2.0972671508789062,0.01644,,0.125
126,53491,0.0,24,5,0.0,29.88,0.0,0.0020547539461404085,0.20400969684123993,0.19981487095355988,0.474276065826416,-0.09837163984775543,0.08713778853416443,0.39542633295059204,0.0014748156536370516,0.005891581531614065,0.6868638396263123,64,0.0348,0.0,7,0,6,2,1,1.0,0.0992,0.4866,0.083,1,40,4,0.14321854710578918,0.6434651017189026,2.0678353309631348,0.01638,0.0625,0.125
127,53909,0.0,24,5,0.2727,29.55,0.2727,0.006609959062188864,0.16926661133766174,0.15405398607254028,0.41577839851379395,-0.09829667210578918,0.04697366803884506,0.4167167842388153,0.00438276119530201,0.006821870803833008,0.6782168745994568,64,0.0515,0.273,2,0,7,1,3,1.0,,,,,,,0.14493398368358612,0.6446981430053711,2.04976749420166,0.01636,,0.125
128,54307,0.0,24,5,0.0,30.0,0.0,0.003017595037817955,0.19208762049674988,0.19969551265239716,0.40782949328422546,-0.09432487189769745,0.07280808687210083,0.35201913118362427,0.0014663019683212042,0.009038140065968037,1.361646056175232,64,0.0297,0.0,3,0,5,0,8,1.0,,,,,,,0.06927268207073212,0.6785063743591309,2.1243791580200195,0.01639,,0.125
129,54732,0.0,24,5,0.1667,29.5,0.1667,0.003330054460093379,0.17484264075756073,0.1660708785057068,0.3192324638366699,-0.0973624512553215,0.020501183345913887,0.3722279965877533,0.0019297810504212976,0.006729127373546362,0.7657548785209656,64,0.0362,0.167,2,0,4,1,8,0.75,,,,,,,0.1271457076072693,0.7105454206466675,2.022902250289917,0.01639,,0.125
130,55145,0.0,24,5,0.3,28.9,0.3,0.003174450481310487,0.21748076379299164,0.22099488973617554,0.35380735993385315,-0.09815983474254608,0.048312120139598846,0.3480965793132782,0.0013896357268095016,0.01449276227504015,1.2047666311264038,64,0.041,0.3,2,0,4,3,4,1.0,,,,,,,0.08147621899843216,0.6933321356773376,2.105961322784424,0.01639,,0.125
131,55538,0.0,24,5,0.1429,29.57,0.1429,0.0023094923235476017,0.259910523891449,0.2558620572090149,0.42714056372642517,-0.09907645732164383,0.029136642813682556,0.46414846181869507,0.0013194794300943613,0.007590537425130606,0.7041931748390198,64,0.0521,0.143,3,0,4,2,6,1.0,,,,,,,0.1406950056552887,0.6611870527267456,1.9885450601577759,0.0164,,0.125
132,55964,0.0,24,4,0.1429,29.86,0.1429,0.002895715180784464,0.19310039281845093,0.19488537311553955,0.397392213344574,-0.09808100014925003,0.03641466796398163,0.41842612624168396,0.0012179233599454165,0.008435504510998726,0.7615057826042175,64,0.0437,0.143,2,0,5,1,7,1.0,,,,,,,0.12879875302314758,0.6367460489273071,2.063101291656494,0.01642,,0.125
133,56420,0.0,24,4,0.0,29.88,0.0,0.002881868975237012,0.19114363193511963,0.18620048463344574,0.5456247329711914,-0.09873400628566742,0.042515482753515244,0.5560580492019653,0.0015113536501303315,0.006539418362081051,0.6662465929985046,64,0.0362,0.0,1,0,7,1,7,0.429,0.0647,0.4402,0.271,0,31,4,0.14819438755512238,0.7469391226768494,1.8831467628479004,0.01634,0.2708,0.2708
134,56871,0.0,24,4,0.0,29.6,0.0,0.006638582330197096,0.24937042593955994,0.2327241599559784,0.47292739152908325,-0.09582854807376862,0.0384293757379055,0.48736244440078735,0.0009559680474922061,0.009069507010281086,0.8057687878608704,64,0.0707,0.1,1,1,7,2,5,1.0,,,,,,,0.11892809718847275,0.7486494779586792,2.107537269592285,0.0163,,0.2708
135,57352,0.0,24,4,0.2222,29.44,0.2222,0.0025030667893588543,0.22736003994941711,0.22347897291183472,0.3208073675632477,-0.09465110301971436,0.04310724139213562,0.3253183364868164,0.0011746699456125498,0.007851283997297287,1.0590236186981201,64,0.0316,0.222,0,0,6,1,7,0.429,,,,,,,0.0893758237361908,0.6133603453636169,2.213972806930542,0.01625,,0.2708
136,57745,0.0,24,4,0.2857,29.57,0.2857,0.002415804658085108,0.2164330929517746,0.2085292488336563,0.5432882308959961,-0.09815310686826706,0.11990150064229965,0.3983866572380066,0.0014827946433797479,0.006503349635750055,0.8262528777122498,64,0.0277,0.286,3,0,4,1,6,1.0,,,,,,,0.1187930554151535,0.6784720420837402,2.040900707244873,0.01628,,0.2708
137,58137,0.0,24,4,0.125,29.62,0.125,0.002684451872482896,0.23656290769577026,0.22630685567855835,0.3988042175769806,-0.09964803606271744,0.061755478382110596,0.37128278613090515,0.0010794921545311809,0.007316996809095144,0.7851586937904358,64,0.0499,0.125,3,0,6,1,5,0.8,,,,,,,0.12691451609134674,0.6503497958183289,2.091752290725708,0.01625,,0.2708
138,58559,0.0,24,4,0.2,29.8,0.2,0.002099348697811365,0.23687969148159027,0.22941841185092926,0.617156982421875,-0.09943309426307678,0.07920689880847931,0.55497145652771,0.0010098444763571024,0.006409592926502228,0.8040286302566528,64,0.0368,0.2,2,0,7,1,4,0.75,,,,,,,0.1236685961484909,0.7081480026245117,2.097210168838501,0.01622,,0.2708
139,58987,0.0,24,3,0.1667,30.0,0.1667,0.00270096561871469,0.21554988622665405,0.21468113362789154,0.3200024962425232,-0.0996483862400055,0.023139579221606255,0.3712947964668274,0.0010911120334640145,0.004153876565396786,0.84925776720047,64,0.0299,0.167,2,0,4,1,8,0.75,,,,,,,0.11733586341142654,0.6085075736045837,2.11228346824646,0.01622,,0.2708
140,59444,0.0,24,3,0.2,30.0,0.2,0.0017017479985952377,0.2152860015630722,0.21985021233558655,0.4216499924659729,-0.09956887364387512,0.03721698746085167,0.442674845457077,0.0014429067960008979,0.008220058865845203,0.9596293568611145,64,0.0219,0.2,1,0,4,0,10,0.8,0.0776,0.455,0.125,0,40,2,0.10375762730836868,0.7550346255302429,1.9784855842590332,0.01625,0.125,0.2708
141,59899,0.0,24,3,0.25,29.75,0.25,0.0014395900070667267,0.24201259016990662,0.24506208300590515,0.4015934467315674,-0.09761068224906921,0.07929243892431259,0.3370170593261719,0.0015897192060947418,0.007204422727227211,1.1075372695922852,64,0.046,0.25,1,0,5,1,7,1.0,,,,,,,0.0881330817937851,0.7637919187545776,2.146869659423828,0.01628,,0.2708
142,60283,0.0,24,3,0.0,28.5,0.0,0.002648981288075447,0.24773207306861877,0.23028379678726196,0.41433534026145935,-0.09901254624128342,0.06905975937843323,0.371248722076416,0.0016593640903010964,0.007959316484630108,0.8156743049621582,64,0.0247,0.0,3,0,3,1,9,0.778,,,,,,,0.12138736248016357,0.7347363829612732,2.1313629150390625,0.01629,,0.2708
143,60706,0.0,24,3,0.125,29.62,0.125,0.0030748159624636173,0.17180807888507843,0.1675022840499878,0.5226792097091675,-0.09815710783004761,0.06473423540592194,0.486054927110672,0.0014412628952413797,0.0106258075684309,0.9896706938743591,64,0.0374,0.125,2,0,5,2,6,0.833,,,,,,,0.09918159246444702,0.816275954246521,2.130953073501587,0.01628,,0.2708
144,61161,0.0,24,3,0.125,29.75,0.125,0.002116215880960226,0.205423042178154,0.20440000295639038,0.3752892315387726,-0.09953774511814117,0.03719862177968025,0.39728641510009766,0.0008708189125172794,0.006286645773798227,0.83223956823349,64,0.0614,0.125,1,0,5,2,7,1.0,,,,,,,0.119602270424366,0.7988251447677612,2.0370395183563232,0.01628,,0.2708
145,61611,0.0,24,3,0.25,29.5,0.25,0.003788790199905634,0.1811980903148651,0.18288955092430115,0.541423499584198,-0.09531842172145844,0.08560862392187119,0.4628741443157196,0.0016115934122353792,0.00530107319355011,0.876762866973877,64,0.0477,0.25,1,0,6,0,7,0.714,,,,,,,0.10871630907058716,0.6661229133605957,2.0166664123535156,0.01628,,0.2708
146,62009,0.0,24,3,0.0,30.0,0.0,0.003939789719879627,0.1789095103740692,0.19166439771652222,0.5317555665969849,-0.09890155494213104,0.08158528804779053,0.46370142698287964,0.0010646887822076678,0.007570233661681414,0.7278738021850586,64,0.0789,0.0,3,0,5,0,8,1.0,,,,,,,0.1358773410320282,0.7737637758255005,1.9936285018920898,0.0163,,0.2708
147,62458,0.0,24,2,0.2,29.4,0.2,0.0017162013100460172,0.23242786526679993,0.23873433470726013,0.9821385145187378,-0.0988001674413681,0.11031141877174377,0.8559792041778564,0.0012918547727167606,0.00867330189794302,0.7679124474525452,64,0.0354,0.2,1,0,7,1,5,1.0,0.0611,0.3362,0.229,2,28,9,0.12866073846817017,0.7511348724365234,2.035040855407715,0.0163,0.1875,0.2708
148,62886,0.0,24,2,0.0,30.0,0.0,0.002660056110471487,0.2042955607175827,0.21089787781238556,0.37279239296913147,-0.09879496693611145,0.04837340861558914,0.37118178606033325,0.0015482548624277115,0.007317463401705027,0.6991776823997498,64,0.0368,0.0,2,0,6,0,8,0.75,,,,,,,0.14130166172981262,0.6639083623886108,2.1426830291748047,0.01628,,0.2708
149,63305,0.0,24,2,0.0,29.33,0.0,0.0017375238239765167,0.21405267715454102,0.21398162841796875,0.4327678382396698,-0.09253621101379395,0.07482020556926727,0.3723672330379486,0.001146579859778285,0.00659282598644495,0.7844157814979553,64,0.0502,0.0,2,0,7,2,5,1.0,,,,,,,0.11796832084655762,0.8342267274856567,2.086108684539795,0.01625,,0.2708
150,63693,0.0,24,2,0.4286,28.86,0.4286,0.009864694438874722,0.23460322618484497,0.19968219101428986,0.5993597507476807,-0.09735548496246338,0.09107272326946259,0.5116456151008606,0.00134396948851645,0.005848363041877747,0.5265113711357117,64,0.0295,0.429,3,0,2,2,6,0.833,,,,,,,0.1849067062139511,0.8099360466003418,1.95219087600708,0.01628,,0.2708
151,64121,0.0,24,2,0.0,30.0,0.0,0.0018262368394061923,0.2134121060371399,0.20832738280296326,0.3239607810974121,-0.09951001405715942,0.04746725782752037,0.3256348967552185,0.001400904729962349,0.0058027710765600204,0.8015334010124207,64,0.045,0.0,2,0,6,0,8,0.625,,,,,,,0.12414956092834473,0.6204934120178223,2.2054994106292725,0.01625,,0.2708
152,64547,0.0,24,2,0.1429,29.86,0.1429,0.0019079960184171796,0.22601667046546936,0.22794105112552643,0.4276352524757385,-0.09829013049602509,0.05236995965242386,0.41752177476882935,0.0018567410297691822,0.0073274062015116215,0.7109566926956177,64,0.0434,0.143,2,0,5,1,7,1.0,,,,,,,0.13825052976608276,0.6762593984603882,2.093966484069824,0.01627,,0.2708
153,65036,0.0,24,2,0.1667,29.83,0.1667,0.0038358187302947044,0.2468048334121704,0.24560892581939697,0.3484029769897461,-0.09904507547616959,0.0335501953959465,0.37553784251213074,0.0013407529331743717,0.009619656950235367,1.188580870628357,64,0.0532,0.167,0,0,4,1,10,0.9,,,,,,,0.08333052694797516,0.6720466017723083,2.0892977714538574,0.0163,,0.2708
154,65490,0.0,24,2,0.0,30.0,0.0,0.00419694185256958,0.21655501425266266,0.2042233645915985,0.4603957533836365,-0.09420663118362427,0.05399207025766373,0.44347602128982544,0.001801026752218604,0.0062844580970704556,1.0619624853134155,64,0.0489,0.125,1,1,7,0,7,0.714,0.0636,0.3754,0.125,0,40,2,0.08870994299650192,0.6988400816917419,1.9503490924835205,0.01626,0.125,0.2708
155,65911,0.0,24,2,0.1667,28.83,0.1667,0.0030047856271266937,0.20123328268527985,0.19776752591133118,0.506340742111206,-0.09702308475971222,0.09468315541744232,0.4096335172653198,0.0012135781580582261,0.008728064596652985,1.4065908193588257,64,0.0311,0.167,2,0,4,1,8,1.0,,,,,,,0.0689774826169014,0.7208758592605591,2.141615867614746,0.01629,,0.2708
156,66276,0.0,24,2,0.2,29.6,0.2,0.002402113052085042,0.1838364601135254,0.1860308051109314,0.3756901025772095,-0.09838659316301346,0.05987825244665146,0.350269615650177,0.0020063119009137154,0.008101161569356918,0.7148148417472839,64,0.0227,0.2,4,0,4,0,7,1.0,,,,,,,0.13763926923274994,0.6746823191642761,2.130439043045044,0.01633,,0.2708
157,66722,0.0,24,2,0.2857,29.86,0.2857,0.003025464713573456,0.20965898036956787,0.203385591506958,0.41534608602523804,-0.09775043278932571,0.09109189361333847,0.3261214792728424,0.0012326888972893357,0.009582513011991978,1.2167147397994995,64,0.029,0.286,1,0,5,0,8,0.75,,,,,,,0.08033965528011322,0.8096394538879395,2.192997694015503,0.01634,,0.2708
158,67200,0.0,24,2,0.2,29.2,0.2,0.0019928449764847755,0.22816899418830872,0.22132156789302826,0.3983093202114105,-0.09609663486480713,0.03691282868385315,0.4172532558441162,0.0015380705008283257,0.006654073018580675,0.8673022389411926,64,0.0569,0.2,0,0,7,1,6,1.0,,,,,,,0.11079947650432587,0.656702995300293,2.0448246002197266,0.01634,,0.2708
159,67582,0.0,24,2,0.0,28.33,0.0,0.002647905610501766,0.19068488478660583,0.19593346118927002,0.5825429558753967,-0.09806102514266968,0.11724627017974854,0.4429057836532593,0.001927344361320138,0.00641128933057189,0.8566892743110657,64,0.0683,0.333,3,1,2,0,10,0.8,,,,,,,0.11446510255336761,0.6844846606254578,1.9535398483276367,0.01637,,0.2708
160,67943,0.0,24,2,0.0,29.17,0.0,0.004364821128547192,0.2303723692893982,0.2419288158416748,0.3884582221508026,-0.09759056568145752,0.0324532687664032,0.4180285334587097,0.0012996350415050983,0.006227418780326843,0.8578135371208191,64,0.0547,0.0,4,0,5,1,6,1.0,,,,,,,0.11376664787530899,0.6278042197227478,2.049457311630249,0.01637,,0.2708
161,68432,0.0,24,2,0.1429,30.0,0.1429,0.00279183778911829,0.21718762814998627,0.21171502768993378,0.46795856952667236,-0.09861481189727783,0.07210361957550049,0.41763320565223694,0.0012264978140592575,0.009465900249779224,0.7742432355880737,64,0.0416,0.143,0,0,6,0,9,0.778,0.0625,0.3802,0.104,0,40,3,0.12736928462982178,0.7225412726402283,2.073608160018921,0.01637,0.1042,0.2708
162,68888,0.0,24,2,0.4286,29.71,0.4286,0.0018615634180605412,0.20376059412956238,0.210130512714386,0.40302732586860657,-0.09857168793678284,0.040431976318359375,0.4176146388053894,0.0010940978536382318,0.0062408712692558765,0.9024426341056824,64,0.0246,0.429,1,0,4,0,8,1.0,,,,,,,0.10922765731811523,0.6828144788742065,2.005739688873291,0.01642,,0.2708
163,69311,0.0,24,2,0.2857,29.86,0.2857,0.0013675240334123373,0.18233022093772888,0.19254258275032043,0.3479393720626831,-0.09966343641281128,0.05846407637000084,0.326967716217041,0.0009740785462781787,0.007413884159177542,1.0602362155914307,64,0.0326,0.286,2,0,5,0,7,0.857,,,,,,,0.0940011665225029,0.7430264353752136,2.1486001014709473,0.01643,,0.2708
164,69711,0.0,24,2,0.0,30.0,0.0,0.0035557288210839033,0.20940710604190826,0.20956961810588837,0.5047471523284912,-0.09537528455257416,0.08860741555690765,0.4192620813846588,0.0018357177032157779,0.007291048765182495,0.7973488569259644,64,0.0671,0.0,3,0,3,0,10,1.0,,,,,,,0.11961549520492554,0.7521675825119019,2.036111354827881,0.01648,,0.2708
165,70103,0.0,24,2,0.1429,29.57,0.1429,0.004292432684451342,0.18565213680267334,0.17459017038345337,0.4011033773422241,-0.09811288118362427,0.08540725708007812,0.3253496289253235,0.001326730940490961,0.006104207132011652,1.0462231636047363,64,0.0346,0.286,3,1,4,1,6,0.833,,,,,,,0.09377815574407578,0.6615845561027527,2.2184276580810547,0.01648,,0.2708
166,70469,0.0,24,2,0.0,30.0,0.0,0.01579037494957447,0.22416140139102936,0.2425866425037384,0.32036280632019043,-0.0985623151063919,0.04510412737727165,0.3253262937068939,0.0016326687764376402,0.006781134754419327,1.1333116292953491,64,0.0455,0.0,4,0,5,1,6,1.0,,,,,,,0.08696841448545456,0.7814794778823853,2.2233428955078125,0.01648,,0.2708
167,70866,0.0,24,2,0.25,29.75,0.25,0.0038987458683550358,0.22740401327610016,0.23916469514369965,0.37387147545814514,-0.09655765444040298,0.03128507733345032,0.40490278601646423,0.001555910101160407,0.005912336055189371,0.9475263953208923,64,0.0274,0.25,3,0,3,0,9,0.889,,,,,,,0.1019049733877182,0.6666349172592163,1.9451231956481934,0.01651,,0.2708
168,71249,0.0,24,2,0.3333,28.78,0.3333,0.002417344134300947,0.20622006058692932,0.21434950828552246,0.33754512667655945,-0.0980808287858963,0.04126016050577164,0.349812775850296,0.0018129614181816578,0.00658571207895875,1.0766289234161377,64,0.0399,0.333,3,0,4,2,4,1.0,0.0691,0.3973,0.083,2,40,4,0.09109993278980255,0.6778440475463867,2.0954785346984863,0.01652,0.0417,0.2708
169,71617,0.0,24,2,0.0,30.0,0.0,0.0022263391874730587,0.26404598355293274,0.2645949125289917,0.5231340527534485,-0.0990184098482132,0.09811893105506897,0.42258310317993164,0.0016381604364141822,0.006662929896265268,0.8246599435806274,64,0.0795,0.0,4,0,4,0,8,1.0,,,,,,,0.12007181346416473,0.78023362159729,2.023261785507202,0.01655,,0.2708
170,72100,0.0,24,2,0.1,29.7,0.1,0.0013637079391628504,0.2057613581418991,0.20598682761192322,0.7685514092445374,-0.09736183285713196,0.10400216281414032,0.6546301245689392,0.001047536381520331,0.006557585671544075,0.8663362860679626,64,0.0387,0.1,0,0,8,1,6,1.0,,,,,,,0.1123834177851677,0.7305417060852051,1.97214937210083,0.01653,,0.2708
171,72496,0.0,24,2,0.2857,30.0,0.2857,0.0019158206414431334,0.2183000147342682,0.2298811674118042,0.471810519695282,-0.09778569638729095,0.02874191850423813,0.5086632966995239,0.0012727786088362336,0.006898180115967989,0.7100328207015991,64,0.0403,0.286,3,0,5,0,6,1.0,,,,,,,0.13771995902061462,0.6404374837875366,1.961228370666504,0.01655,,0.2708
172,72951,0.0,24,2,0.25,29.75,0.25,0.009029196575284004,0.22212553024291992,0.23191484808921814,0.40498822927474976,-0.09517581760883331,0.08482874929904938,0.3269651532173157,0.0011097834212705493,0.007082806900143623,1.2588658332824707,64,0.0471,0.25,1,0,6,0,7,1.0,,,,,,,0.07560442388057709,0.6413529515266418,2.1685855388641357,0.01657,,0.2708
173,73308,0.0,24,2,0.0,28.86,0.0,0.001908173318952322,0.20125654339790344,0.20549190044403076,0.3981938064098358,-0.09762854874134064,0.05948176234960556,0.37312009930610657,0.001054496387951076,0.007477455772459507,0.9788549542427063,64,0.0535,0.0,4,0,5,2,5,1.0,,,,,,,0.0997374951839447,0.7012600302696228,2.09360933303833,0.01656,,0.2708
174,73765,0.0,24,2,0.125,30.0,0.125,0.00375925749540329,0.2215481996536255,0.20922762155532837,0.3790838420391083,-0.0948060005903244,0.02598116360604763,0.41864651441574097,0.0011456891661509871,0.006562013644725084,0.7719273567199707,64,0.0361,0.375,1,2,4,1,7,1.0,,,,,,,0.1228172555565834,0.6295954585075378,2.024425506591797,0.01657,,0.2708
175,74099,0.0,24,2,0.1429,30.0,0.1429,0.005194006487727165,0.16663986444473267,0.17328453063964844,0.48585155606269836,-0.09915612637996674,0.05894441902637482,0.46486780047416687,0.0011770480778068304,0.004502129275351763,0.7135085463523865,64,0.0295,0.143,5,0,6,0,4,1.0,0.0569,0.4418,0.125,0,39,3,0.1389697790145874,0.7437504529953003,1.9490580558776855,0.01656,0.125,0.2708
176,74489,0.0,24,2,0.1667,28.83,0.1667,0.0028359396383166313,0.20150209963321686,0.1921471357345581,0.4246025085449219,-0.09609247744083405,0.0307163055986166,0.45630699396133423,0.0011696381261572242,0.005910724401473999,1.0887149572372437,64,0.0354,0.167,3,0,3,2,7,0.857,,,,,,,0.08826228976249695,0.6291345953941345,2.095449447631836,0.01657,,0.2708
177,74944,0.0,24,2,0.1,30.0,0.1,0.001671704463660717,0.169322207570076,0.15881788730621338,0.3877732455730438,-0.09816712141036987,0.029703481122851372,0.423302561044693,0.0010504735400900245,0.006461689248681068,0.7646127343177795,64,0.0433,0.1,1,0,8,1,5,0.8,,,,,,,0.12838803231716156,0.7337404489517212,1.9954885244369507,0.01653,,0.2708
178,75309,0.0,24,2,0.1667,29.83,0.1667,0.0018841478740796447,0.18249617516994476,0.17855867743492126,0.45001307129859924,-0.09855294972658157,0.06388290971517563,0.416890412569046,0.0015804765280336142,0.007819617167115211,0.7173880338668823,64,0.03,0.167,4,0,4,1,6,0.833,,,,,,,0.13737747073173523,0.7501968741416931,2.0530941486358643,0.01653,,0.2708
179,75730,0.0,24,2,0.2,29.9,0.2,0.0022924563381820917,0.21200698614120483,0.20918846130371094,0.37350425124168396,-0.09858456254005432,0.06046528369188309,0.34769827127456665,0.0014455043710768223,0.006919915322214365,0.7743884921073914,64,0.0314,0.2,2,0,7,1,4,0.75,,,,,,,0.12730632722377777,0.887203574180603,2.116400957107544,0.01651,,0.2708
180,76127,0.0,24,2,0.25,29.5,0.25,0.0037937448360025883,0.25189900398254395,0.2493131309747696,0.4242206811904907,-0.09908448159694672,0.04734515771269798,0.4246414303779602,0.0013685852754861116,0.007946825586259365,0.615315854549408,64,0.0331,0.25,3,0,2,1,9,1.0,,,,,,,0.16103029251098633,0.6032352447509766,2.070822238922119,0.01655,,0.2708
181,76614,0.0,24,2,0.0,29.5,0.0,0.002909011673182249,0.20099160075187683,0.20106688141822815,0.4080300033092499,-0.09727826714515686,0.06080916151404381,0.38050949573516846,0.0014989841729402542,0.006360896397382021,0.8553189635276794,64,0.032,0.0,0,0,5,1,10,1.0,,,,,,,0.11373331397771835,0.7939610481262207,2.0367231369018555,0.01658,,0.2708
182,76951,0.0,24,2,0.0,30.0,0.0,0.005309110973030329,0.22922354936599731,0.2199781835079193,0.4797871708869934,-0.09887401759624481,0.08682112395763397,0.4011543095111847,0.0009350285399705172,0.007729321718215942,0.6531757116317749,64,0.0342,0.0,5,0,4,0,7,1.0,0.0572,0.3396,0.188,1,35,4,0.15137431025505066,0.7443692684173584,2.002481460571289,0.01659,0.1667,0.2708
183,77377,0.0,24,2,0.1429,30.0,0.1429,0.0016260079573839903,0.18697960674762726,0.18775658309459686,0.4141669273376465,-0.09773702919483185,0.06890779733657837,0.371394544839859,0.0009218882769346237,0.0053876424208283424,0.7663878798484802,64,0.0303,0.143,2,0,6,0,7,0.857,,,,,,,0.12752945721149445,0.6424355506896973,2.087465763092041,0.01659,,0.2708
184,77780,0.0,24,2,0.1818,29.0,0.1818,0.001667769392952323,0.16664424538612366,0.1697235107421875,0.383756548166275,-0.09637483954429626,0.0753684937953949,0.32577210664749146,0.001228943234309554,0.007244577165693045,0.9317160844802856,64,0.0573,0.273,2,1,6,2,3,0.667,,,,,,,0.10343799740076065,0.8024297952651978,2.1783506870269775,0.01656,,0.2708
185,78227,0.0,24,2,0.5,30.0,0.5,0.0020748067181557417,0.2367812693119049,0.23455014824867249,0.5092894434928894,-0.09551034867763519,0.09204768389463425,0.41755813360214233,0.0010779084404930472,0.006292609963566065,0.9891539812088013,64,0.0341,0.5,1,0,3,0,9,0.778,,,,,,,0.0965576171875,0.9408879280090332,2.006409168243408,0.01659,,0.2708
186,78656,0.0,24,2,0.4,30.0,0.4,0.0015785195864737034,0.19146984815597534,0.18845973908901215,0.4819500744342804,-0.09879752993583679,0.07304012775421143,0.4318726360797882,0.0012826162856072187,0.005589426029473543,1.1411923170089722,64,0.0357,0.4,2,0,2,1,9,0.778,,,,,,,0.08657395839691162,0.8920060992240906,2.0510408878326416,0.01662,,0.2708
187,79116,0.0,24,2,0.0,30.0,0.0,0.003616450121626258,0.23511135578155518,0.24411137402057648,0.5311063528060913,-0.09727640450000763,0.05625908821821213,0.512012779712677,0.0017423058161512017,0.007703584153205156,0.8373609781265259,64,0.0408,0.0,1,0,5,0,10,0.9,,,,,,,0.11617021262645721,0.830851674079895,1.9118189811706543,0.01663,,0.2708
188,79477,0.0,24,2,0.1429,29.57,0.1429,0.0023188211489468813,0.19103366136550903,0.19422447681427002,0.5678004026412964,-0.0981428399682045,0.11229348182678223,0.43764519691467285,0.0013518516207113862,0.0074222395196557045,0.7129377722740173,64,0.0328,0.143,4,0,5,1,5,0.6,,,,,,,0.13765975832939148,0.6582450270652771,2.0236477851867676,0.01661,,0.2708
189,79846,0.0,24,2,0.0,30.0,0.0,0.007171207573264837,0.2243208885192871,0.23404349386692047,0.6568001508712769,-0.09967528283596039,0.16777341067790985,0.4173477292060852,0.0008550462080165744,0.007161774672567844,0.8287472724914551,64,0.0361,0.0,4,0,3,0,9,0.778,0.0523,0.3302,0.062,0,40,5,0.12027222663164139,0.8035551309585571,2.0578908920288086,0.01662,0.0625,0.2708
190,80238,0.0,24,2,0.1,29.9,0.1,0.002597366226837039,0.2278716117143631,0.23085319995880127,0.3258603811264038,-0.09329451620578766,0.04560433328151703,0.3255111873149872,0.0008737061871215701,0.004870051518082619,1.1737421751022339,64,0.0417,0.1,3,0,9,0,3,0.667,,,,,,,0.07948467135429382,0.7437009811401367,2.1813583374023438,0.01658,,0.2708
191,80623,0.0,24,2,0.125,28.75,0.125,0.005377528257668018,0.2573915421962738,0.25612035393714905,0.4937209486961365,-0.09943579882383347,0.10747470706701279,0.3756408989429474,0.0014551880303770304,0.0051328507252037525,0.6283013224601746,64,0.0426,0.25,3,1,5,1,5,1.0,,,,,,,0.15826131403446198,0.7338234782218933,2.0368404388427734,0.01657,,0.2708
192,81047,0.0,24,2,0.25,29.88,0.25,0.0031552109867334366,0.23201227188110352,0.23404806852340698,0.48015257716178894,-0.09763246029615402,0.05647744983434677,0.46251237392425537,0.0012560446048155427,0.004635491408407688,0.8430702090263367,64,0.0249,0.25,2,0,5,1,6,0.833,,,,,,,0.11580584198236465,0.6248569488525391,1.995574951171875,0.01657,,0.2708
193,81461,0.0,24,2,0.3333,29.83,0.3333,0.004635602701455355,0.255220890045166,0.2519773840904236,0.3522981107234955,-0.09958750754594803,0.038668833673000336,0.37159019708633423,0.0010110214352607727,0.005915537942200899,0.9432305693626404,64,0.0308,0.333,2,0,4,0,8,0.5,,,,,,,0.10558129847049713,0.7185640335083008,2.0958480834960938,0.01656,,0.2708
194,81870,0.0,24,2,0.125,28.88,0.125,0.0018479129066690803,0.1948191523551941,0.19474458694458008,0.2955045998096466,-0.09901002794504166,0.033465079963207245,0.32521116733551025,0.0008461953257210553,0.004746588412672281,1.0632479190826416,64,0.0468,0.25,2,1,4,2,6,0.833,,,,,,,0.09312035888433456,0.6335279941558838,2.1767539978027344,0.01655,,0.2708
195,82294,0.0,24,2,0.0,29.75,0.0,0.004017139784991741,0.2093788981437683,0.21197448670864105,0.4049425721168518,-0.097857266664505,0.06432129442691803,0.37132108211517334,0.0008893562480807304,0.005672363098710775,0.9500220417976379,64,0.0418,0.0,2,0,6,2,6,1.0,,,,,,,0.10300526022911072,0.6647355556488037,2.144681453704834,0.01654,,0.2708
196,82630,0.0,24,2,0.2,30.0,0.2,0.0015079291770234704,0.2554083466529846,0.2560800313949585,0.42209726572036743,-0.09995396435260773,0.046203747391700745,0.4268580675125122,0.0009403212461620569,0.005571335554122925,0.8328489661216736,64,0.0296,0.2,5,0,4,0,6,1.0,0.0635,0.415,0.167,2,33,7,0.1200145035982132,0.6577209234237671,2.0468223094940186,0.01656,0.125,0.2708
197,83029,0.0,24,2,0.25,30.0,0.25,0.0017013698816299438,0.194271981716156,0.1919843703508377,0.3987864851951599,-0.09810205549001694,0.06175604462623596,0.3711735010147095,0.0010796856367960572,0.0044058882631361485,0.9212051630020142,64,0.024,0.25,3,0,2,1,9,1.0,,,,,,,0.10649316757917404,0.763831615447998,2.12196683883667,0.0166,,0.2708
198,83454,0.0,24,2,0.0,29.88,0.0,0.002514879684895277,0.26894986629486084,0.2824860215187073,0.42522576451301575,-0.09693799167871475,0.05139565467834473,0.4171474277973175,0.0010000438196584582,0.004450048785656691,0.8773836493492126,64,0.0406,0.0,2,0,7,1,6,1.0,,,,,,,0.11048530042171478,0.6942459940910339,2.0380825996398926,0.01658,,0.2708
199,83910,0.0,24,2,0.3333,30.0,0.3333,0.0019449680112302303,0.24972882866859436,0.2551341652870178,0.6121019124984741,-0.09389721602201462,0.14294904470443726,0.41758298873901367,0.0009571685222908854,0.005036160349845886,0.7771803140640259,64,0.0327,0.333,1,0,4,2,6,1.0,,,,,,,0.12081779539585114,0.7805591821670532,2.048717737197876,0.0166,,0.2708
200,84304,0.0,24,2,0.0,29.71,0.0,0.0015096331480890512,0.19661524891853333,0.19738343358039856,0.37642160058021545,-0.09810870885848999,0.07307727634906769,0.3253415524959564,0.0010872448328882456,0.006068430375307798,1.2638858556747437,64,0.0379,0.0,3,0,6,1,6,0.833,,,,,,,0.07762466371059418,0.7652959227561951,2.183150291442871,0.01658,,0.2708
201,84758,0.0,24,2,0.1667,29.17,0.1667,0.0018519435543566942,0.1764472872018814,0.17941288650035858,0.3911791145801544,-0.09580326080322266,0.07917582988739014,0.3258005380630493,0.0014047968434169888,0.005660340189933777,0.8425166010856628,64,0.0528,0.167,1,0,4,1,9,1.0,,,,,,,0.11371082812547684,0.7281922698020935,2.183236598968506,0.01661,,0.2708
202,85170,0.0,24,2,0.1429,29.86,0.1429,0.003606323851272464,0.21592223644256592,0.22056381404399872,0.3223821520805359,-0.09268450736999512,0.02000793069601059,0.3710642457008362,0.0012170110130682588,0.007973085157573223,1.1182411909103394,64,0.0271,0.143,2,0,5,1,7,0.714,,,,,,,0.08288418501615524,0.6667298078536987,2.128458261489868,0.0166,,0.2708
203,85625,0.0,24,2,0.25,29.75,0.25,0.0020596636459231377,0.18033719062805176,0.18639042973518372,0.583541989326477,-0.095183826982975,0.046137385070323944,0.5825275778770447,0.0013629435561597347,0.00784689374268055,1.2479275465011597,64,0.0371,0.25,1,0,6,0,7,1.0,0.0577,0.4089,0.271,4,31,4,0.07627352327108383,0.7220958471298218,2.117675542831421,0.01662,0.1875,0.2708
204,86042,0.0,24,2,0.25,29.12,0.25,0.0014939558459445834,0.23200136423110962,0.22655798494815826,0.34792402386665344,-0.0992656871676445,0.03594547510147095,0.37135523557662964,0.0012022984446957707,0.00788705050945282,0.7540981769561768,64,0.0405,0.25,2,0,5,1,6,0.667,,,,,,,0.13163496553897858,0.6587105393409729,2.090421676635742,0.01661,,0.2708
205,86493,0.0,24,2,0.1,29.6,0.1,0.0036243675276637077,0.21742552518844604,0.22844107449054718,0.45782145857810974,-0.09774599969387054,0.08687278628349304,0.37924766540527344,0.0010933474404737353,0.005148464813828468,0.7302641272544861,64,0.0282,0.2,1,1,6,2,5,1.0,,,,,,,0.13385018706321716,0.6971054077148438,2.097271680831909,0.01659,,0.2708
206,86949,0.0,24,2,0.0,30.0,0.0,0.0028420318849384785,0.23965424299240112,0.23857343196868896,0.3185386061668396,-0.0987120121717453,0.043814029544591904,0.3252987861633301,0.0011575826210901141,0.008647550828754902,1.0955520868301392,64,0.0284,0.0,1,0,9,0,6,0.833,,,,,,,0.09010252356529236,0.7169746160507202,2.1680641174316406,0.01656,,0.2708
207,87394,0.0,24,2,0.1429,29.86,0.1429,0.003404682967811823,0.19037891924381256,0.18514913320541382,0.44126996397972107,-0.09673670679330826,0.05387915298342705,0.42661455273628235,0.0009411885985173285,0.007267647422850132,0.7557873725891113,64,0.0292,0.143,1,0,5,1,8,0.875,,,,,,,0.1279945969581604,0.7210692167282104,2.045652151107788,0.01657,,0.2708
208,87853,0.0,24,2,0.2,29.8,0.2,0.002434489782899618,0.19672322273254395,0.18257999420166016,0.343460351228714,-0.09838602691888809,0.0334060974419117,0.37118905782699585,0.000946443120483309,0.007690268103033304,1.004434585571289,64,0.0435,0.2,1,0,4,0,10,1.0,,,,,,,0.09795163571834564,0.5420204401016235,2.1092047691345215,0.01661,,0.2708
209,88248,0.0,24,2,0.0,30.0,0.0,0.0019892521668225527,0.17929866909980774,0.1692235767841339,0.391305148601532,-0.09825921058654785,0.0344667062163353,0.41699934005737305,0.0010774434776976705,0.007263176143169403,0.8256535530090332,64,0.0479,0.0,3,0,8,0,5,1.0,,,,,,,0.11900780349969864,0.6555848121643066,2.075406074523926,0.01659,,0.2708
210,88706,0.0,24,2,0.0,29.83,0.0,0.0026721442118287086,0.23280318081378937,0.2206757366657257,0.5980026721954346,-0.09921836853027344,0.04755460470914841,0.5975404977798462,0.0012076860293745995,0.009142597205936909,0.8862544298171997,64,0.0303,0.167,1,1,5,0,9,0.778,0.0495,0.3265,0.167,2,36,4,0.11195246875286102,0.7150460481643677,2.0416555404663086,0.01658,0.125,0.2708
211,89131,0.0,24,2,0.1111,30.0,0.1111,0.0032615773379802704,0.17524391412734985,0.17243124544620514,0.48682165145874023,-0.09879288822412491,0.10364769399166107,0.37534618377685547,0.001160726766102016,0.005945897661149502,1.4626606702804565,64,0.0397,0.111,2,0,8,0,5,1.0,,,,,,,0.06754326820373535,0.8184717893600464,2.1109888553619385,0.01657,,0.2708
212,89525,0.0,24,2,0.4286,29.71,0.4286,0.0016838053707033396,0.21819251775741577,0.21580323576927185,0.5243869423866272,-0.09694166481494904,0.0773763358592987,0.46346887946128845,0.00113818293903023,0.006214092019945383,0.9471122622489929,64,0.0222,0.429,3,0,4,0,6,0.833,,,,,,,0.1023549810051918,0.7143412828445435,1.9558712244033813,0.01659,,0.2708
213,89921,0.0,24,2,0.4,29.6,0.4,0.0023202619049698114,0.2418225109577179,0.2316044420003891,0.3429499566555023,-0.09984752535820007,0.04470702260732651,0.35090625286102295,0.0009800115367397666,0.004954412113875151,0.8454691767692566,64,0.0222,0.4,3,0,3,0,8,0.875,,,,,,,0.11809717863798141,0.6588319540023804,2.105085849761963,0.01661,,0.2708
214,90334,0.0,24,2,0.5,29.6,0.5,0.0020687987562268972,0.21821890771389008,0.21544620394706726,0.5688396096229553,-0.09959331154823303,0.08170422166585922,0.5022194385528564,0.0012341082328930497,0.005610126536339521,0.7088152170181274,64,0.0395,0.6,2,1,3,1,4,0.75,,,,,,,0.14050672948360443,0.6941429972648621,2.032278537750244,0.01663,,0.2708
215,90761,0.0,24,2,0.4,29.8,0.4,0.00127063924446702,0.237501859664917,0.24031780660152435,0.4385160803794861,-0.09983493387699127,0.059376876801252365,0.4172576665878296,0.0012114346027374268,0.0046791741624474525,0.8151828050613403,64,0.0306,0.4,2,0,3,0,9,0.667,,,,,,,0.12246937304735184,0.7758982181549072,2.0741677284240723,0.01664,,0.2708
216,91158,0.0,24,2,0.2,29.8,0.2,0.008494437672197819,0.190297469496727,0.17804554104804993,0.48896533250808716,-0.096150241792202,0.0823579654097557,0.4175518751144409,0.001965597504749894,0.005695536267012358,1.447741985321045,64,0.0356,0.2,3,0,4,0,8,0.875,,,,,,,0.06641393154859543,0.6945971250534058,2.004815101623535,0.01665,,0.2708
217,91580,0.0,24,2,0.0,30.0,0.0,0.005320982541888952,0.21836286783218384,0.21629345417022705,0.6695350408554077,-0.09831959009170532,0.06973009556531906,0.6261549592018127,0.0010116553166881204,0.004478971008211374,0.6360316872596741,64,0.0645,0.0,2,0,5,0,9,0.667,0.0569,0.37,0.083,1,38,6,0.15458284318447113,0.7343217730522156,1.801060438156128,0.01664,0.0625,0.2708
218,92001,0.0,24,2,0.25,29.5,0.25,0.0027903865557163954,0.20861026644706726,0.22086076438426971,0.6913701295852661,-0.0994274765253067,0.0981452688574791,0.5915688276290894,0.0013328702189028263,0.00587651040405035,0.9289876818656921,64,0.0304,0.25,2,0,2,1,10,0.8,,,,,,,0.10702776163816452,0.6744521856307983,1.9986238479614258,0.01666,,0.2708
219,92424,0.0,24,2,0.1429,29.43,0.1429,0.0018757071811705828,0.1926734298467636,0.19300445914268494,0.36757180094718933,-0.09959213435649872,0.022843003273010254,0.4195764660835266,0.001446436159312725,0.0038029758725315332,0.8087450861930847,64,0.0292,0.143,2,0,3,3,7,1.0,,,,,,,0.12314403057098389,0.6074673533439636,1.9980885982513428,0.01667,,0.2708
220,92846,0.0,24,2,0.1667,29.0,0.1667,0.006366164423525333,0.1911523938179016,0.1917247772216797,0.3827272951602936,-0.0967816635966301,0.0728532075881958,0.3299446403980255,0.0011612909147515893,0.0077158501371741295,0.8593487739562988,64,0.0429,0.167,2,0,4,1,8,0.875,,,,,,,0.11262209713459015,0.7283673286437988,2.145531177520752,0.01668,,0.2708
221,93266,0.0,24,2,0.125,29.25,0.125,0.005393695086240768,0.2493642270565033,0.24490129947662354,0.5283982753753662,-0.0996604710817337,0.08143411576747894,0.4625512361526489,0.0017671320820227265,0.0052785445004701614,0.7623169422149658,64,0.0288,0.125,2,0,5,2,6,0.833,,,,,,,0.1307336390018463,0.7360730171203613,2.013583183288574,0.01667,,0.2708
222,93711,0.0,24,2,0.0,29.4,0.0,0.0029530744068324566,0.18938952684402466,0.19976961612701416,0.4371691346168518,-0.09707555174827576,0.07799463719129562,0.3737897276878357,0.0014272067928686738,0.008931404910981655,1.5232617855072021,64,0.0377,0.0,1,0,3,2,10,0.8,,,,,,,0.06372873485088348,0.6831750869750977,2.1158547401428223,0.01668,,0.2708
223,94026,0.0,24,2,0.25,29.25,0.25,0.0027037649415433407,0.203602135181427,0.2121872454881668,0.3587557375431061,-0.09864400327205658,0.04188711941242218,0.3711516261100769,0.0009136770386248827,0.004947694018483162,0.8818433880805969,64,0.0327,0.25,5,0,5,1,3,0.667,,,,,,,0.11186112463474274,0.7031661868095398,2.119997501373291,0.01667,,0.2708
224,94420,0.0,24,2,0.1429,29.71,0.1429,0.0031265313737094402,0.21284988522529602,0.20884130895137787,0.46802064776420593,-0.09948372840881348,0.07041250914335251,0.42417091131210327,0.001055945293046534,0.005016855895519257,0.9229481816291809,64,0.0136,0.143,3,0,5,1,6,1.0,0.0536,0.3911,0.104,2,37,6,0.1077890619635582,0.901958167552948,2.0288071632385254,0.01667,0.0625,0.2708
225,94844,0.0,24,2,0.2222,30.0,0.2222,0.0033299638889729977,0.26095855236053467,0.25563207268714905,0.4868887662887573,-0.09960249066352844,0.10545748472213745,0.3725518584251404,0.001566374092362821,0.006048834882676601,0.8587881922721863,64,0.0326,0.333,2,1,6,0,5,0.8,,,,,,,0.11598028242588043,0.800245463848114,2.083683729171753,0.01666,,0.2708
226,95207,0.0,24,2,0.125,29.88,0.125,0.0014143460430204868,0.23199594020843506,0.23733831942081451,0.3774825632572174,-0.09577210247516632,0.027187708765268326,0.41668546199798584,0.0010827521327883005,0.0043875835835933685,1.0020956993103027,64,0.0327,0.125,4,0,6,1,4,1.0,,,,,,,0.09557180851697922,0.6448790431022644,2.0558602809906006,0.01665,,0.2708
227,95604,0.0,24,2,0.3333,30.0,0.3333,0.0021157250739634037,0.20711688697338104,0.21412523090839386,0.3609814941883087,-0.09727418422698975,0.031077656894922256,0.39200490713119507,0.0009876383701339364,0.008190901018679142,1.0948413610458374,64,0.0744,0.333,3,0,4,0,7,1.0,,,,,,,0.08884774148464203,0.5747209191322327,2.0881447792053223,0.01667,,0.2708
228,95997,0.0,24,2,0.0,29.0,0.0,0.004565944895148277,0.25920790433883667,0.26414889097213745,0.5057510137557983,-0.09934492409229279,0.08885841071605682,0.4234313368797302,0.0011973971268162131,0.007895644754171371,0.9230453372001648,64,0.0635,0.0,3,0,4,1,8,0.875,,,,,,,0.10762734711170197,0.6813995242118835,2.053300380706787,0.01668,,0.2708
229,96473,0.0,24,2,0.1111,30.0,0.1111,0.005409711971879005,0.22524394094944,0.22014988958835602,0.4413429796695709,-0.0992123931646347,0.0832662433385849,0.3710876703262329,0.001483737025409937,0.005870404187589884,0.8358630537986755,64,0.0453,0.222,0,1,6,1,7,0.857,,,,,,,0.11869456619024277,0.677379310131073,2.116504192352295,0.01667,,0.2708
230,96871,0.0,24,2,0.0,30.0,0.0,0.005866875872015953,0.25110548734664917,0.2554278075695038,0.42506083846092224,-0.09835079312324524,0.027896370738744736,0.46531370282173157,0.0011607566848397255,0.00461037689819932,0.8799794316291809,64,0.0285,0.0,3,0,4,0,9,0.667,,,,,,,0.11176488548517227,0.7607049345970154,1.9770586490631104,0.01666,,0.2708
231,97348,0.0,24,2,0.2857,29.86,0.2857,0.0019391359528526664,0.17438426613807678,0.16726315021514893,0.38499343395233154,-0.0981166735291481,0.03174030780792236,0.41713881492614746,0.0010227230377495289,0.004981332458555698,1.0437871217727661,64,0.0289,0.286,0,0,4,1,9,0.778,0.0608,0.3415,0.146,2,39,2,0.09400065988302231,0.6114303469657898,2.0288586616516113,0.01667,0.1042,0.2708
232,97715,0.0,24,2,0.0,30.0,0.0,0.0032358174212276936,0.1510930210351944,0.15010231733322144,0.37551042437553406,-0.09897078573703766,0.050778232514858246,0.3710026144981384,0.0019867022056132555,0.003844241378828883,0.7442632913589478,64,0.0262,0.25,4,1,3,0,8,0.75,,,,,,,0.1329781860113144,0.7333536148071289,2.1342368125915527,0.01667,,0.2708
233,98080,0.0,24,2,0.2857,30.0,0.2857,0.0018165101064369082,0.1967274248600006,0.18873919546604156,0.422463059425354,-0.09891778230667114,0.0499846450984478,0.4190800189971924,0.0014210776425898075,0.004663072992116213,0.8127490282058716,64,0.0243,0.286,4,0,5,0,5,1.0,,,,,,,0.12170765548944473,0.6798025965690613,1.9945764541625977,0.01668,,0.2708
234,98535,0.0,24,2,0.4286,29.57,0.4286,0.00230569951236248,0.18753716349601746,0.1804501712322235,0.3545604348182678,-0.09518745541572571,0.05235360190272331,0.3426133394241333,0.0011438418878242373,0.004854668863117695,1.0110018253326416,64,0.0354,0.429,1,0,3,1,8,1.0,,,,,,,0.09415161609649658,0.5856816172599792,2.0969698429107666,0.01671,,0.2708
235,98963,0.0,24,2,0.6,30.0,0.6,0.0013583526015281677,0.18818530440330505,0.1961555778980255,0.36804190278053284,-0.09948977828025818,0.06993480026721954,0.32588958740234375,0.0014007602585479617,0.003544985083863139,1.057652473449707,64,0.0267,0.6,2,0,2,0,9,0.778,,,,,,,0.09406660497188568,0.6146401166915894,2.19917368888855,0.01674,,0.2708
236,99413,0.0,24,2,0.3333,29.33,0.3333,0.001113578793592751,0.23590470850467682,0.23369750380516052,0.6033087968826294,-0.09795326739549637,0.0520184151828289,0.5944366455078125,0.0010888786055147648,0.00557726388797164,0.9475137591362,64,0.0431,0.333,1,0,4,2,6,1.0,,,,,,,0.1033792570233345,0.7085956335067749,2.1003918647766113,0.01676,,0.2708
237,99839,0.0,24,2,0.0,30.0,0.0,0.0018834311049431562,0.2373395711183548,0.23392461240291595,0.41111546754837036,-0.09687705338001251,0.06665012240409851,0.37164899706840515,0.0010501804063096642,0.006086616776883602,0.9729077219963074,64,0.0294,0.0,2,0,5,0,9,0.889,,,,,,,0.09957475960254669,0.9414416551589966,2.147937774658203,0.01677,,0.2708
238,100000,0.0,24,2,0.1429,30.0,0.1429,0.001868508174084127,0.22503449022769928,0.23603487014770508,0.33716148138046265,-0.0965183824300766,0.052096664905548096,0.3256644010543823,0.0011109020560979843,0.007644295692443848,0.7564637660980225,64,0.0319,0.143,2,0,6,0,7,1.0,0.0696,0.4273,0.042,0,44,2,0.1275915503501892,0.707709789276123,2.213024377822876,0.01678,0.0417,0.2708
239,100000,0.0,24,2,0.1429,30.0,0.1429,0.0025505083613097668,0.19601556658744812,0.204461470246315,0.504085898399353,-0.09361271560192108,0.0807475596666336,0.4342420697212219,0.0017204154282808304,0.003922855015844107,0.7689540386199951,64,0.0291,0.143,2,0,5,1,7,1.0,,,,,,,0.12174032628536224,0.6559731364250183,1.9718217849731445,0.01675,,0.2708
240,100000,0.0,24,2,0.0,30.0,0.0,0.0018880682764574885,0.1745576113462448,0.18067830801010132,0.3826653063297272,-0.09767910093069077,0.05282015725970268,0.3718203902244568,0.0010633589699864388,0.005767388269305229,0.9428616762161255,64,0.0282,0.0,3,0,9,1,3,0.667,,,,,,,0.10359854996204376,0.7537935972213745,2.0955276489257812,0.0167,,0.2708
241,100000,0.0,24,2,0.0,29.5,0.0,0.004119452089071274,0.2136775553226471,0.2138107717037201,0.5234763026237488,-0.09998112916946411,0.0998629629611969,0.42110615968704224,0.0013791030505672097,0.0052507296204566956,0.8898480534553528,64,0.0407,0.125,1,1,5,2,7,0.857,,,,,,,0.11235752701759338,0.8257154226303101,2.083296537399292,0.01667,,0.2708
242,100000,0.0,24,2,0.0,30.0,0.0,0.005692065693438053,0.18405860662460327,0.19157154858112335,0.4632992744445801,-0.09734043478965759,0.10078313946723938,0.35656315088272095,0.002442545024678111,0.005020543001592159,1.10086190700531,64,0.0136,0.0,3,0,2,0,11,0.909,,,,,,,0.0884220153093338,0.8132714033126831,2.1010358333587646,0.01669,,0.2708
243,100000,0.0,24,2,0.2857,29.86,0.2857,0.0017169772181659937,0.1994587481021881,0.20680445432662964,0.4187898635864258,-0.09730638563632965,0.048779234290122986,0.41681239008903503,0.0011508759343996644,0.0034507254604250193,0.8586961030960083,64,0.0327,0.286,2,0,5,0,7,0.857,,,,,,,0.11331876367330551,0.6107730269432068,2.07489013671875,0.01673,,0.2708
244,100000,0.0,24,2,0.5,29.88,0.5,0.0016984965186566114,0.1939050257205963,0.19272734224796295,0.5095427632331848,-0.09852886199951172,0.035091884434223175,0.5356214642524719,0.0007784509798511863,0.004532779101282358,0.6565763354301453,64,0.0263,0.5,3,0,2,2,5,1.0,,,,,,,0.1500645875930786,0.6916239261627197,1.8397135734558105,0.01672,,0.2708
245,100000,0.0,24,2,0.1667,30.0,0.1667,0.0039205108769237995,0.19444410502910614,0.16548438370227814,0.4964461624622345,-0.09691551327705383,0.10980715602636337,0.3709593415260315,0.0011612611124292016,0.0055760834366083145,0.9510613679885864,64,0.0164,0.167,0,0,5,0,10,0.9,0.0649,0.3991,0.104,1,42,1,0.10190248489379883,0.7051243782043457,2.133928060531616,0.0167,0.0833,0.2708
246,100000,0.0,24,2,0.0,30.0,0.0,0.003994383383542299,0.17160284519195557,0.1806662529706955,0.523097813129425,-0.08230186998844147,0.11459474265575409,0.3725395202636719,0.001661481335759163,0.007341380696743727,1.4505047798156738,64,0.0217,0.0,2,0,5,0,9,0.778,,,,,,,0.056740157306194305,0.8376191854476929,2.1035971641540527,0.01672,,0.2708
247,100000,0.0,24,2,0.2,30.0,0.2,0.0010671892669051886,0.2515712082386017,0.24726945161819458,0.6220982074737549,-0.09721379727125168,0.05259007215499878,0.6108173131942749,0.0008032269543036819,0.00662913778796792,1.2812490463256836,64,0.0213,0.2,1,0,4,0,10,0.9,,,,,,,0.07587423920631409,0.709281861782074,2.1484789848327637,0.01679,,0.2708
248,100000,0.0,24,2,0.25,30.0,0.25,0.0034438965376466513,0.22319382429122925,0.2172641009092331,0.28755590319633484,-0.096107617020607,0.024100258946418762,0.33316606283187866,0.0011355086462572217,0.004593926016241312,1.3318204879760742,64,0.0148,0.25,5,0,3,0,7,1.0,,,,,,,0.07216259837150574,0.6499102115631104,2.1543264389038086,0.01682,,0.2708
249,100000,0.0,24,2,0.0,30.0,0.0,0.003415716579183936,0.21593263745307922,0.21209488809108734,0.4336310029029846,-0.09791848063468933,0.066416896879673,0.395895779132843,0.001260927994735539,0.005639808252453804,1.042276382446289,64,0.0524,0.0,1,0,5,0,10,0.8,,,,,,,0.09394674748182297,0.7708220481872559,2.065060615539551,0.01682,,0.2708
250,100000,0.0,24,2,0.0,29.33,0.0,0.0012652006698772311,0.20201030373573303,0.20052579045295715,0.4329150319099426,-0.09977105259895325,0.05660123750567436,0.4170234799385071,0.0009729693410918117,0.004920224193483591,0.9713804125785828,64,0.0324,0.0,5,0,4,2,5,1.0,,,,,,,0.10271058231592178,0.6738677024841309,2.0524420738220215,0.01682,,0.2708
251,100000,0.0,24,2,0.0,29.4,0.0,0.0013718931004405022,0.16331374645233154,0.17168346047401428,0.4424637258052826,-0.09708432853221893,0.05879367142915726,0.4179098606109619,0.0013507904950529337,0.008101724088191986,0.8747205138206482,64,0.0246,0.0,3,0,3,2,8,0.5,,,,,,,0.11098896712064743,0.7556501626968384,2.0401535034179688,0.01681,,0.2708
252,100000,0.0,24,2,0.0,30.0,0.0,0.002334736753255129,0.22230489552021027,0.22138908505439758,0.5463737845420837,-0.09751032292842865,0.15779417753219604,0.3254120349884033,0.0016185966087505221,0.00576749024912715,1.4590368270874023,64,0.0256,0.0,3,0,4,0,9,0.667,0.0563,0.3454,0.125,0,38,4,0.06683198362588882,0.7719129920005798,2.1761832237243652,0.01681,0.125,0.2708
253,100000,0.0,24,2,0.25,30.0,0.25,0.0013686006423085928,0.23045718669891357,0.24292869865894318,0.5439075231552124,-0.09720056504011154,0.12053569406270981,0.39734792709350586,0.0009003690211102366,0.005377555266022682,0.9577054977416992,64,0.0216,0.25,2,0,3,0,10,1.0,,,,,,,0.10149316489696503,0.7279973030090332,1.9976038932800293,0.01687,,0.2708
254,100000,0.0,24,2,0.2857,29.86,0.2857,0.0024146174546331167,0.23483097553253174,0.23866777122020721,0.3657476305961609,-0.09868308156728745,0.05374058336019516,0.3543984293937683,0.0010022972710430622,0.0051021999679505825,0.9411250352859497,64,0.0447,0.429,3,1,4,0,6,0.833,,,,,,,0.10485650599002838,0.6921461820602417,2.1358766555786133,0.01685,,0.2708
255,100000,0.0,24,2,0.375,29.88,0.375,0.0019192167092114687,0.1990569829940796,0.19515544176101685,0.3153659403324127,-0.0973079651594162,0.04181370139122009,0.3254900574684143,0.001057776273228228,0.007112900260835886,1.3989293575286865,64,0.0253,0.375,2,0,5,0,6,0.667,,,,,,,0.06955888122320175,0.6268881559371948,2.1723718643188477,0.01683,,0.2708
256,100000,0.0,24,2,0.0,29.4,0.0,0.003172048833221197,0.1617984175682068,0.16223081946372986,0.44233307242393494,-0.0967831015586853,0.060024939477443695,0.4168558716773987,0.0017039974918588996,0.004420809913426638,0.923957347869873,64,0.0338,0.0,2,0,4,1,9,1.0,,,,,,,0.1047484502196312,0.9675096273422241,2.054651975631714,0.01686,,0.2708
257,100000,0.0,24,2,0.1111,29.33,0.1111,0.003076510038226843,0.20888958871364594,0.2157043069601059,0.6939161419868469,-0.09954550862312317,0.13631033897399902,0.5186510682106018,0.0009908821666613221,0.0043798694387078285,0.8450724482536316,64,0.0283,0.111,3,0,5,3,4,0.75,,,,,,,0.11779522895812988,0.8211214542388916,1.942979097366333,0.01681,,0.2708
258,100000,0.0,24,2,0.5,30.0,0.5,0.002789545338600874,0.23748385906219482,0.23707722127437592,0.4567892551422119,-0.09501867741346359,0.041935618966817856,0.46528106927871704,0.0010116377379745245,0.005311226937919855,0.9279627203941345,64,0.0423,0.5,2,0,3,0,8,1.0,,,,,,,0.10239492356777191,0.8108670115470886,1.9783134460449219,0.01686,,0.2708
259,100000,0.0,24,2,0.2857,29.86,0.2857,0.0022160415537655354,0.12374021857976913,0.1328226923942566,0.3857265114784241,-0.09309747815132141,0.06172198802232742,0.3519013822078705,0.0012879313435405493,0.006957267876714468,1.1910734176635742,64,0.0168,0.286,1,0,5,0,8,1.0,0.0649,0.3534,0.042,0,42,4,0.07816267013549805,0.6886376142501831,2.104116916656494,0.01687,0.0417,0.2708
260,100000,0.0,24,2,0.0,30.0,0.0,0.0034621600061655045,0.18369723856449127,0.1788325309753418,0.35701313614845276,-0.09930744767189026,0.04121141880750656,0.3715314269065857,0.001259255688637495,0.004732692148536444,0.7374313473701477,64,0.0427,0.0,1,0,4,0,11,1.0,,,,,,,0.13466669619083405,0.7395593523979187,2.099290609359741,0.01692,,0.2708
261,100000,0.0,24,2,0.2,29.8,0.2,0.006765288766473532,0.20606502890586853,0.21354806423187256,0.40788039565086365,-0.09915928542613983,0.043419092893600464,0.41728514432907104,0.0014140903949737549,0.005832705181092024,0.7311977744102478,64,0.0333,0.2,1,0,3,1,10,0.7,,,,,,,0.1356121450662613,0.6667124032974243,2.063586711883545,0.01695,,0.2708
262,100000,0.0,24,2,0.2,30.0,0.2,0.0015721051022410393,0.22049300372600555,0.22178494930267334,0.3169979751110077,-0.09305740892887115,0.027169615030288696,0.35139551758766174,0.0009466309566050768,0.008641309104859829,1.2668148279190063,64,0.0228,0.2,0,0,4,0,11,0.818,,,,,,,0.07345779240131378,0.7302602529525757,2.1252901554107666,0.01695,,0.2708
263,100000,0.0,24,2,0.0,30.0,0.0,0.001856254879385233,0.23915491998195648,0.2398754358291626,0.6118218898773193,-0.09609118103981018,0.1434583067893982,0.418321430683136,0.0011914550559595227,0.005350117105990648,0.8391780853271484,64,0.0399,0.0,1,0,5,1,9,1.0,,,,,,,0.1145063117146492,0.8370107412338257,2.0729122161865234,0.01695,,0.2708
264,100000,0.0,24,2,0.125,29.62,0.125,0.0024142651818692684,0.24942870438098907,0.25376784801483154,0.4053248465061188,-0.09531821310520172,0.06351779401302338,0.37111616134643555,0.0009058312280103564,0.004982665181159973,0.9404018521308899,64,0.0306,0.125,1,0,6,1,7,1.0,,,,,,,0.1013590395450592,0.8927010297775269,2.1472721099853516,0.01698,,0.2708
265,100000,0.0,24,2,0.0,29.83,0.0,0.0016712779179215431,0.16089120507240295,0.1571323275566101,0.5294994115829468,-0.09804786741733551,0.05690108239650726,0.5095140933990479,0.0012027998454868793,0.00846210028976202,0.7356716990470886,64,0.0538,0.0,3,0,5,1,7,0.857,,,,,,,0.13327667117118835,0.8551332950592041,1.9048418998718262,0.01696,,0.2708
266,100000,0.0,24,2,0.1429,30.0,0.1429,0.001791010145097971,0.23953877389431,0.23680946230888367,0.33936360478401184,-0.09890560805797577,0.03247837722301483,0.37094420194625854,0.0010342781897634268,0.004736472386866808,0.9297456741333008,64,0.0232,0.286,1,1,5,0,8,0.875,0.0466,0.3331,0.062,1,42,3,0.1063792034983635,0.7746116518974304,2.1387581825256348,0.01695,0.0417,0.2708
267,100000,0.0,24,2,0.25,30.0,0.25,0.0019503271905705333,0.23347491025924683,0.23317745327949524,0.545304000377655,-0.09922711551189423,0.08648627251386642,0.46772992610931396,0.001087885582819581,0.007657259702682495,0.8456406593322754,64,0.0329,0.25,0,0,6,0,8,0.875,,,,,,,0.11733956634998322,0.7354944944381714,2.0832207202911377,0.01697,,0.2708
268,100000,0.0,24,2,0.1111,29.89,0.1111,0.00228486442938447,0.2163025140762329,0.21891973912715912,0.4424895942211151,-0.09895509481430054,0.09339489042758942,0.35178887844085693,0.001022778102196753,0.005732068791985512,0.7808811664581299,64,0.0262,0.111,1,0,7,1,6,0.833,,,,,,,0.12672236561775208,0.8387619256973267,2.145965099334717,0.01695,,0.2708
269,100000,0.0,24,2,0.0,28.8,0.0,0.0012260163202881813,0.19871142506599426,0.20113348960876465,0.5721232891082764,-0.09978613257408142,0.09391431510448456,0.4805566966533661,0.0010207409504801035,0.007048133295029402,0.7798945307731628,64,0.0582,0.0,4,0,4,1,7,1.0,,,,,,,0.12794823944568634,0.8361157178878784,2.0126030445098877,0.01694,,0.2708
270,100000,0.0,24,2,0.3333,30.0,0.3333,0.0038307609502226114,0.20860129594802856,0.2131516933441162,0.46997857093811035,-0.09999999403953552,0.08698724210262299,0.3915414810180664,0.001107952673919499,0.008925169706344604,0.7592732310295105,64,0.0173,0.333,2,0,3,1,8,0.875,,,,,,,0.1317048966884613,0.7129734754562378,2.0521130561828613,0.01698,,0.2708
271,100000,0.0,24,2,0.0,29.83,0.0,0.0016988227143883705,0.19940248131752014,0.1959688663482666,0.35331273078918457,-0.09939486533403397,0.03964058309793472,0.3713985085487366,0.0014048399170860648,0.004055866040289402,0.9955960512161255,64,0.0194,0.167,1,1,4,1,9,0.889,,,,,,,0.09983453154563904,0.8009357452392578,2.090646266937256,0.01695,,0.2708
272,100000,0.0,24,2,0.5,30.0,0.5,0.00153107731603086,0.22459492087364197,0.2224295735359192,0.38623374700546265,-0.09993691742420197,0.0319804809987545,0.41774940490722656,0.0010055910097435117,0.008920587599277496,0.7957457304000854,64,0.023,0.5,2,0,2,0,10,0.9,,,,,,,0.1255890130996704,0.8877190351486206,2.05035662651062,0.017,,0.2708
273,100000,0.0,24,2,0.4286,29.57,0.4286,0.005362354684621096,0.18961367011070251,0.188435897231102,0.34196892380714417,-0.0982191190123558,0.03324557840824127,0.3713425397872925,0.0013130189618095756,0.004708730150014162,1.0731819868087769,64,0.0277,0.429,1,0,4,0,8,1.0,0.0461,0.3447,0.083,0,39,5,0.09152139723300934,0.6205779910087585,2.0993452072143555,0.01703,0.0833,0.2708
274,100000,0.0,24,2,0.0,29.0,0.0,0.0031212943140417337,0.21437788009643555,0.21084976196289062,0.3629072606563568,-0.09824710339307785,0.020623967051506042,0.41748756170272827,0.0009265351691283286,0.004837751854211092,0.9067575335502625,64,0.0387,0.0,3,0,6,3,4,0.75,,,,,,,0.10834991931915283,0.7155917882919312,2.0284743309020996,0.01701,,0.2708
275,100000,0.0,24,2,0.1429,29.86,0.1429,0.0012394847581163049,0.23648875951766968,0.2381109893321991,0.33067411184310913,-0.09551875293254852,0.04913119599223137,0.3252163827419281,0.0007709686178714037,0.005428200121968985,1.6355524063110352,64,0.031,0.143,2,0,5,1,7,1.0,,,,,,,0.05840153247117996,0.7987100481987,2.206589937210083,0.01704,,0.2708
276,100000,0.0,24,2,0.0,30.0,0.0,0.0023943432606756687,0.19142161309719086,0.19716694951057434,0.4439767301082611,-0.09807528555393219,0.10672175139188766,0.32559120655059814,0.0010383051121607423,0.00603460380807519,0.9044958353042603,64,0.0279,0.0,2,0,6,0,8,0.75,,,,,,,0.1084308922290802,0.8989946246147156,2.213602304458618,0.01704,,0.2708
277,100000,0.0,24,2,0.0,29.2,0.0,0.0015004519373178482,0.2500576674938202,0.2545831501483917,0.3978229761123657,-0.09677121043205261,0.03757059946656227,0.4172113537788391,0.0009221202926710248,0.0044832974672317505,0.8829963803291321,64,0.0398,0.2,3,1,3,1,8,0.625,,,,,,,0.10959412157535553,0.665669322013855,2.058800220489502,0.01702,,0.2708
278,100000,0.0,24,2,0.25,30.0,0.25,0.0014290132094174623,0.1808561533689499,0.181876540184021,0.538983941078186,-0.09883570671081543,0.11145530641078949,0.41232240200042725,0.001153501565568149,0.0051732189022004604,0.678977370262146,64,0.0312,0.25,1,0,3,0,11,0.909,,,,,,,0.14556553959846497,0.8846973776817322,1.9955990314483643,0.01706,,0.2708
279,100000,0.0,24,2,0.1667,29.83,0.1667,0.0022453279234468937,0.2133902609348297,0.2135368287563324,0.4805837869644165,-0.09478678554296494,0.10015999525785446,0.3727974593639374,0.0015110077802091837,0.004506208933889866,1.642385482788086,64,0.0238,0.333,1,1,4,0,9,1.0,,,,,,,0.057712867856025696,0.6981465220451355,2.077766180038452,0.01709,,0.2708
280,100000,0.0,24,2,0.125,30.0,0.125,0.0023636140394955873,0.2534148693084717,0.2601066827774048,0.5358124375343323,-0.0958472415804863,0.10488753020763397,0.41837406158447266,0.0010250041959807277,0.007021021563559771,1.0253745317459106,64,0.0267,0.25,1,1,6,0,7,0.857,0.0434,0.2783,0.104,0,38,5,0.0934753492474556,0.9845083951950073,2.0572805404663086,0.01708,0.1042,0.2708
281,100000,0.0,24,2,0.2,29.6,0.2,0.0015906667103990912,0.2227412313222885,0.22440995275974274,0.37352612614631653,-0.09935444593429565,0.04931871220469475,0.3711990416049957,0.0012188393156975508,0.006088196765631437,1.2791308164596558,64,0.0378,0.3,0,1,5,2,6,0.667,,,,,,,0.07767340540885925,0.7841970920562744,2.1124348640441895,0.0171,,0.2708
282,100000,0.0,24,2,0.0,28.29,0.0,0.0038530463352799416,0.244874507188797,0.25414934754371643,0.31916287541389465,-0.09984052181243896,0.041900284588336945,0.33265477418899536,0.0011210942175239325,0.005096126813441515,1.4017415046691895,64,0.0385,0.143,2,1,3,3,7,1.0,,,,,,,0.07122606039047241,0.618156909942627,2.1374893188476562,0.01711,,0.2708
283,100000,0.0,24,2,0.1,29.8,0.1,0.0038137203082442284,0.22950336337089539,0.2313733994960785,0.3240630328655243,-0.09988449513912201,0.024972479790449142,0.37140005826950073,0.0008064129506237805,0.00520505104213953,1.0372904539108276,64,0.037,0.2,3,1,6,2,3,1.0,,,,,,,0.09629365801811218,0.6071748733520508,2.1108152866363525,0.0171,,0.2708
284,100000,0.0,24,2,0.1667,29.83,0.1667,0.0018171810079365969,0.20338304340839386,0.19944092631340027,0.3070937991142273,-0.09897051751613617,0.03855122625827789,0.32526183128356934,0.0009718743385747075,0.007400043308734894,1.4333217144012451,64,0.0313,0.167,3,0,4,1,7,0.857,,,,,,,0.06904976069927216,0.6966629028320312,2.2277612686157227,0.01712,,0.2708
285,100000,0.0,24,2,0.5,29.33,0.5,0.0019310098141431808,0.25055092573165894,0.2529330849647522,0.41010433435440063,-0.09890492260456085,0.04397394508123398,0.4173952639102936,0.0009854432428255677,0.007332219276577234,0.772729218006134,64,0.0277,0.5,2,0,0,3,8,0.75,,,,,,,0.12799429893493652,0.7675878405570984,2.058035135269165,0.01715,,0.2708
286,100000,0.0,24,2,0.25,29.88,0.25,0.0032466088887304068,0.21309608221054077,0.20602528750896454,0.36869391798973083,-0.09951984882354736,0.04723270237445831,0.37135010957717896,0.0011805245885625482,0.004796520806849003,0.9399937987327576,64,0.0323,0.25,2,0,5,1,6,0.833,,,,,,,0.10587288439273834,0.8243656158447266,2.154695510864258,0.01714,,0.2708
287,100000,0.0,24,2,0.0,30.0,0.0,0.0013435652945190668,0.2606648802757263,0.2590818703174591,0.42879611253738403,-0.09973142296075821,0.03128897026181221,0.463586688041687,0.0009981195908039808,0.00472582271322608,0.7548119425773621,64,0.0346,0.2,2,2,8,0,4,1.0,0.058,0.3076,0.125,0,37,5,0.1321275234222412,0.6393083333969116,1.9759252071380615,0.01706,0.125,0.2708
288,100000,0.0,24,2,0.0,29.86,0.0,0.003383653936907649,0.22386367619037628,0.23206153512001038,0.4087940454483032,-0.09840918332338333,0.07740089297294617,0.34958961606025696,0.001532771741040051,0.005623652599751949,1.1275285482406616,64,0.045,0.0,1,0,6,1,8,0.875,,,,,,,0.08727866411209106,0.7428702116012573,2.13429594039917,0.01706,,0.2708
289,100000,0.0,24,2,0.0,29.43,0.0,0.002433421788737178,0.2045264095067978,0.19753947854042053,0.5565170645713806,-0.09599708020687103,0.13752277195453644,0.37526196241378784,0.0012593175051733851,0.004413192626088858,0.9968541264533997,64,0.0357,0.0,2,0,6,1,7,1.0,,,,,,,0.09630003571510315,0.8109039068222046,2.0848231315612793,0.01708,,0.2708
290,100000,0.0,24,2,0.2857,30.0,0.2857,0.0014655996346846223,0.15665006637573242,0.164540633559227,0.45134836435317993,-0.09901133179664612,0.08749434351921082,0.3718704581260681,0.0009943196782842278,0.007001097779721022,1.0467151403427124,64,0.028,0.429,4,1,4,0,5,1.0,,,,,,,0.09459242969751358,0.704292893409729,2.1173295974731445,0.01711,,0.2708
291,100000,0.0,24,2,0.25,29.88,0.25,0.0021774289198219776,0.20931166410446167,0.21353210508823395,0.6687819361686707,-0.09947191178798676,0.11746057122945786,0.5305668115615845,0.0009579707984812558,0.0055318232625722885,1.0606225728988647,64,0.0237,0.25,4,0,5,1,4,0.75,,,,,,,0.0937863439321518,0.7684324979782104,2.1910948753356934,0.0171,,0.2708
292,100000,0.0,24,2,0.375,29.88,0.375,0.0038911569863557816,0.21623967587947845,0.21449792385101318,0.5002377033233643,-0.09533338248729706,0.0612541064620018,0.4702613949775696,0.0013423711061477661,0.005603000055998564,0.9247329831123352,64,0.0245,0.375,3,0,5,0,5,1.0,,,,,,,0.10309287905693054,0.7999805212020874,2.013620376586914,0.01714,,0.2708
293,100000,0.0,24,2,0.0,30.0,0.0,0.001402557478286326,0.1960715800523758,0.19712473452091217,0.3300011456012726,-0.0996905118227005,0.037255313247442245,0.3519020676612854,0.001280968077480793,0.006557917688041925,0.766509473323822,64,0.0291,0.0,1,0,6,1,8,0.75,,,,,,,0.13005775213241577,0.6701184511184692,2.113567590713501,0.01712,,0.2708
294,100000,0.0,24,2,0.0,29.6,0.0,0.0021756526548415422,0.16690757870674133,0.15765470266342163,0.4416137933731079,-0.09965275228023529,0.07098344713449478,0.3962293267250061,0.0012776689836755395,0.006140627898275852,0.7808136343955994,64,0.0322,0.0,2,0,4,1,9,0.889,0.0506,0.3082,0.208,1,34,4,0.12762680649757385,0.805395781993866,2.0641064643859863,0.01713,0.1875,0.2708
295,100000,0.0,24,2,0.0,29.88,0.0,0.0034863101318478584,0.24729248881340027,0.2589607238769531,0.3278549313545227,-0.0985880196094513,0.04936962574720383,0.3255748152732849,0.001073360675945878,0.004257823806256056,0.9055917859077454,64,0.0231,0.25,1,2,5,1,7,0.857,,,,,,,0.10886584967374802,0.7853406667709351,2.1925597190856934,0.0171,,0.2708
296,100000,0.0,24,2,0.5,29.62,0.5,0.003558129072189331,0.2545682489871979,0.2388051152229309,0.4419773817062378,-0.09837742149829865,0.08345368504524231,0.37097251415252686,0.0011407925048843026,0.004949791822582483,0.8949097990989685,64,0.0363,0.5,1,0,2,2,7,0.714,,,,,,,0.10992997884750366,0.6477663516998291,2.1139495372772217,0.01716,,0.2708
297,100000,0.0,24,2,0.2857,29.43,0.2857,0.0013888743706047535,0.20428261160850525,0.20776502788066864,0.48219314217567444,-0.09796558320522308,0.05731068179011345,0.4624170660972595,0.0010483786463737488,0.00624063378199935,0.9293371438980103,64,0.031,0.429,0,1,2,2,9,0.778,,,,,,,0.10541446506977081,0.6258107423782349,2.0086610317230225,0.01717,,0.2708
298,100000,0.0,24,2,0.0,30.0,0.0,0.0034624021500349045,0.21564538776874542,0.20887938141822815,0.32618555426597595,-0.09837919473648071,0.046659521758556366,0.3273608684539795,0.0010694002266973257,0.00776966568082571,0.9648979306221008,64,0.0311,0.0,1,0,8,0,7,1.0,,,,,,,0.10195814073085785,0.8714162111282349,2.1284971237182617,0.01717,,0.2708
299,100000,0.0,24,2,0.0,30.0,0.0,0.0025330418720841408,0.19251424074172974,0.19340062141418457,0.5316349267959595,-0.09938282519578934,0.05423048138618469,0.5201759338378906,0.0011265550274401903,0.00476172287017107,0.7653563618659973,64,0.031,0.0,2,0,5,0,9,0.778,,,,,,,0.12985169887542725,0.6614018082618713,1.9324116706848145,0.01718,,0.2708
300,100000,0.0,24,2,0.125,29.75,0.125,0.001496859360486269,0.20833000540733337,0.20969656109809875,0.4305848181247711,-0.0980156883597374,0.07698683440685272,0.371010959148407,0.0011060500983148813,0.0072317663580179214,1.3224772214889526,64,0.0288,0.125,1,0,6,1,7,0.857,,,,,,,0.07411521673202515,0.8653887510299683,2.094914674758911,0.01715,,0.2708
301,100000,0.0,24,2,0.25,29.88,0.25,0.001425099791958928,0.20505714416503906,0.20110374689102173,0.31820404529571533,-0.0978928804397583,0.04399813339114189,0.3257559537887573,0.0009833333315327764,0.004689368885010481,1.4570363759994507,64,0.033,0.25,2,0,5,1,6,1.0,0.0543,0.3315,0.104,0,39,4,0.06718629598617554,0.7106651067733765,2.1998376846313477,0.01717,0.1042,0.2708
302,100000,0.0,24,2,0.125,29.25,0.125,0.0032801104243844748,0.22578725218772888,0.22634583711624146,0.30213305354118347,-0.0948377251625061,0.03421558439731598,0.32532528042793274,0.0008451277390122414,0.006428641267120838,1.4620277881622314,64,0.0462,0.125,3,0,6,1,5,0.2,,,,,,,0.06486725807189941,0.7189263105392456,2.196277618408203,0.01714,,0.2708
303,100000,0.0,24,2,0.0,30.0,0.0,0.003489304333925247,0.21227672696113586,0.21439707279205322,0.39464882016181946,-0.09872983396053314,0.05485451966524124,0.38112491369247437,0.0013925742823630571,0.005089415702968836,0.9170171618461609,64,0.0204,0.0,3,0,3,0,10,0.8,,,,,,,0.10766410827636719,0.7133187651634216,2.0703864097595215,0.01716,,0.2708
304,100000,0.0,24,2,0.4,29.8,0.4,0.0021872837096452713,0.18642261624336243,0.18681952357292175,0.530544102191925,-0.09810477495193481,0.10305128991603851,0.4196263253688812,0.0015290044248104095,0.005839990917593241,1.024763822555542,64,0.0313,0.4,1,0,3,0,10,1.0,,,,,,,0.09573404490947723,0.8699406385421753,1.943791389465332,0.01719,,0.2708
305,100000,0.0,24,2,0.0,30.0,0.0,0.00190905318595469,0.23615416884422302,0.2424982190132141,0.4163178503513336,-0.09552691876888275,0.06783222407102585,0.37332451343536377,0.001302326680161059,0.005711631383746862,0.9188670516014099,64,0.0323,0.0,3,0,4,1,8,0.875,,,,,,,0.10396163910627365,0.6576136946678162,2.0701889991760254,0.01719,,0.2708
306,100000,0.0,24,2,0.1111,30.0,0.1111,0.0018274378962814808,0.1936984658241272,0.1955098956823349,0.5512957572937012,-0.09735339134931564,0.10855704545974731,0.4287387728691101,0.0009344224235974252,0.005592601839452982,0.9884970784187317,64,0.0348,0.111,2,0,8,0,5,1.0,,,,,,,0.0984862744808197,0.7204241156578064,2.065150737762451,0.01716,,0.2708
307,100000,0.0,24,2,0.1667,29.67,0.1667,0.001580060925334692,0.21951618790626526,0.21158331632614136,0.4464457035064697,-0.09716323018074036,0.06177636235952377,0.4176875948905945,0.0011714125284925103,0.004737252835184336,1.0431691408157349,64,0.029,0.167,2,0,4,1,8,0.875,,,,,,,0.09314235299825668,0.8747806549072266,2.0807104110717773,0.01719,,0.2708
308,100000,0.0,24,2,0.1,29.5,0.1,0.0024289973080158234,0.21464893221855164,0.2251874953508377,0.45574989914894104,-0.09776463359594345,0.04367157444357872,0.4633485972881317,0.0008422306273132563,0.005645552650094032,1.055909276008606,64,0.036,0.1,3,0,6,3,3,0.667,0.0513,0.3184,0.083,0,40,4,0.09258809685707092,0.7456180453300476,2.0067434310913086,0.01713,0.0833,0.2708
309,100000,0.0,24,2,0.6667,30.0,0.6667,0.0027915863320231438,0.22362366318702698,0.23325972259044647,0.4223818778991699,-0.09838593006134033,0.02821839414536953,0.46263548731803894,0.0011929164174944162,0.0033910998608917,0.774031937122345,64,0.0166,0.667,2,0,1,0,11,0.818,,,,,,,0.1271083652973175,0.5728811621665955,1.9972105026245117,0.01718,,0.2708
310,100000,0.0,24,2,0.0,30.0,0.0,0.005935927852988243,0.1886020302772522,0.18190225958824158,0.44880911707878113,-0.09396316856145859,0.015530822798609734,0.5088496804237366,0.001041448675096035,0.005721950437873602,0.8780614733695984,64,0.0192,0.0,2,0,6,0,8,0.75,,,,,,,0.1070120707154274,0.7191379070281982,1.9156852960586548,0.01715,,0.2708
311,100000,0.0,24,2,0.1667,28.67,0.1667,0.0036728361155837774,0.1939994990825653,0.19506551325321198,0.6739498972892761,-0.09530799090862274,0.19156251847743988,0.3833193778991699,0.0011801359942182899,0.005626879632472992,0.8708583116531372,64,0.0276,0.167,3,0,4,1,7,1.0,,,,,,,0.10944143682718277,0.968664824962616,2.067927360534668,0.01716,,0.2708
312,100000,0.0,24,2,0.125,28.75,0.125,0.0013641791883856058,0.2084553837776184,0.2086441069841385,0.37835049629211426,-0.09752362221479416,0.04992964118719101,0.3732265830039978,0.00068234046921134,0.00557647505775094,0.9427580833435059,64,0.0294,0.125,1,0,5,2,7,1.0,,,,,,,0.10344500839710236,0.6968013644218445,2.1533308029174805,0.01721,,0.2708
313,100000,0.0,24,2,0.0,30.0,0.0,0.003720028093084693,0.21861717104911804,0.2306397706270218,0.5010027289390564,-0.09719152748584747,0.1347295343875885,0.32584360241889954,0.001332222600467503,0.005783216096460819,1.8353410959243774,64,0.0303,0.0,4,0,5,1,6,1.0,,,,,,,0.052955564111471176,0.7827243804931641,2.209388256072998,0.01723,,0.2708
314,100000,0.0,24,2,0.125,29.88,0.125,0.0015137409791350365,0.20145204663276672,0.20227542519569397,0.5148683786392212,-0.0995221808552742,0.09685200452804565,0.4167224168777466,0.001149983610957861,0.007928277365863323,0.6594979763031006,64,0.0347,0.125,2,0,6,1,6,0.667,,,,,,,0.15090596675872803,0.722427248954773,2.0703518390655518,0.01722,,0.2708
315,100000,0.0,24,2,0.4,29.4,0.4,0.001811792142689228,0.20387031137943268,0.20724189281463623,0.3726244866847992,-0.09886149317026138,0.04568585380911827,0.3776863217353821,0.0010023495415225625,0.004855938255786896,0.9354650378227234,64,0.0397,0.4,1,0,4,2,5,1.0,0.0497,0.2812,0.167,1,34,6,0.1056816577911377,0.6890861392021179,2.151458740234375,0.01725,0.1458,0.2708
316,100000,0.0,24,2,0.2,29.7,0.2,0.0029050023294985294,0.21409353613853455,0.2167065292596817,0.42441311478614807,-0.08983656764030457,0.0926331877708435,0.32621753215789795,0.0015959208831191063,0.005531522445380688,1.340216040611267,64,0.0267,0.3,2,1,6,1,4,1.0,,,,,,,0.06703140586614609,0.7001912593841553,2.166982650756836,0.01724,,0.2708
317,100000,0.0,24,2,0.1429,29.86,0.1429,0.002295698504894972,0.22882190346717834,0.224239781498909,0.7322735786437988,-0.09549345076084137,0.09851959347724915,0.627765417098999,0.0006669918075203896,0.005924834404140711,0.8095983862876892,64,0.0261,0.143,1,0,4,2,8,0.875,,,,,,,0.11795163154602051,0.9656181335449219,2.045182704925537,0.01722,,0.2708
318,100000,0.0,24,2,0.2,30.0,0.2,0.0020584501326084137,0.20506078004837036,0.20724064111709595,0.5759313106536865,-0.09662286937236786,0.08084719628095627,0.5082482099533081,0.0012981635518372059,0.005223186686635017,0.7821135520935059,64,0.0222,0.2,1,0,4,0,10,0.6,,,,,,,0.1235407143831253,0.7124115824699402,1.9259999990463257,0.01724,,0.2708
319,100000,0.0,24,2,0.1111,29.78,0.1111,0.002123112790286541,0.2199888527393341,0.21769729256629944,0.45089468359947205,-0.09572850167751312,0.08635702729225159,0.3711290955543518,0.0009300179081037641,0.005560096353292465,1.5729126930236816,64,0.0393,0.111,2,0,6,2,5,1.0,,,,,,,0.06086064875125885,0.8059834241867065,2.1157803535461426,0.01723,,0.2708
320,100000,0.0,24,2,0.25,29.5,0.25,0.0013608995359390974,0.22551274299621582,0.2372198849916458,0.40857717394828796,-0.09546756744384766,0.08615384995937347,0.32937994599342346,0.0010703930165618658,0.004714168608188629,1.0106300115585327,64,0.0206,0.375,5,1,4,1,3,1.0,,,,,,,0.09446341544389725,0.7375423312187195,2.164212226867676,0.01724,,0.2708
321,100000,0.0,24,2,0.0,30.0,0.0,0.0033199931494891644,0.18146395683288574,0.18327152729034424,0.3551208972930908,-0.09657265990972519,0.047237418591976166,0.3540026843547821,0.001718557788990438,0.006432065274566412,0.9578680396080017,64,0.0384,0.0,2,0,9,0,5,1.0,,,,,,,0.10082042217254639,0.7832726240158081,2.109067678451538,0.01724,,0.2708
322,100000,0.0,24,2,0.4,29.4,0.4,0.0026938566006720066,0.2176656424999237,0.22275857627391815,0.39288994669914246,-0.09682825952768326,0.046054042875766754,0.39449238777160645,0.0012413110816851258,0.006235452368855476,0.9941219687461853,64,0.0354,0.4,0,0,5,1,6,1.0,0.0513,0.3422,0.125,1,40,2,0.09740077704191208,0.7250248789787292,2.0555050373077393,0.01728,0.1042,0.2708
323,100000,0.0,24,2,0.125,29.88,0.125,0.005528841633349657,0.26633763313293457,0.25926387310028076,0.450019508600235,-0.09860746562480927,0.07507094740867615,0.3962472379207611,0.0009851519716903567,0.004475664813071489,1.0752314329147339,64,0.0275,0.125,4,0,6,1,4,1.0,,,,,,,0.09170812368392944,0.6540501117706299,2.0501317977905273,0.01728,,0.2708
324,100000,0.0,24,2,0.0,29.0,0.0,0.002471873303875327,0.19855284690856934,0.19799518585205078,0.3674420714378357,-0.09890671819448471,0.0664079338312149,0.33048051595687866,0.0010129610309377313,0.006104855332523584,1.2046236991882324,64,0.0497,0.0,5,0,2,1,8,0.875,,,,,,,0.08210590481758118,0.7685614824295044,2.1801209449768066,0.01731,,0.2708
325,100000,0.0,24,2,0.0,30.0,0.0,0.0033207209780812263,0.1994418054819107,0.1983441412448883,0.4839344620704651,-0.09638290107250214,0.09184228628873825,0.3944864869117737,0.0010171702597290277,0.004292620811611414,0.9546170234680176,64,0.0296,0.0,2,0,7,0,7,1.0,,,,,,,0.1009649932384491,0.8506852984428406,2.0818915367126465,0.01728,,0.2708
326,100000,0.0,24,2,0.0,30.0,0.0,0.0019089684356004,0.22785399854183197,0.22611279785633087,0.31974130868911743,-0.09385986626148224,0.04257065802812576,0.32562077045440674,0.0007533222669735551,0.005678173620253801,1.7522861957550049,64,0.0218,0.0,3,0,5,0,8,0.75,,,,,,,0.05356423184275627,0.7002313137054443,2.1908626556396484,0.01726,,0.2708
327,100000,0.0,24,2,0.1667,30.0,0.1667,0.0028431094251573086,0.21482500433921814,0.2096433937549591,0.3780319392681122,-0.09690561145544052,0.05058358237147331,0.371437668800354,0.0009698204812593758,0.004665418528020382,1.1856426000595093,64,0.0274,0.167,1,0,5,0,9,1.0,,,,,,,0.08173256367444992,0.7917342185974121,2.1233344078063965,0.01731,,0.2708
328,100000,0.0,24,2,0.0,28.83,0.0,0.0019016419537365437,0.20308351516723633,0.19545364379882812,0.47584018111228943,-0.09931670129299164,0.10027828067541122,0.3714038133621216,0.0011215867707505822,0.0063930354081094265,0.9378274083137512,64,0.0479,0.0,2,0,3,3,8,0.75,,,,,,,0.1059008240699768,0.7388672828674316,2.088660717010498,0.01726,,0.2708
329,100000,0.0,24,2,0.1667,30.0,0.1667,0.0017105365404859185,0.22231024503707886,0.22348283231258392,0.3910543918609619,-0.09723837673664093,0.03401454538106918,0.41671156883239746,0.0009857183322310448,0.007104194723069668,0.9237085580825806,64,0.0228,0.167,2,0,5,0,8,0.875,0.053,0.2994,0.188,2,36,3,0.10526953637599945,0.7215630412101746,2.0227513313293457,0.01727,0.1458,0.2708
330,100000,0.0,24,2,0.0,30.0,0.0,0.003567715873941779,0.248946875333786,0.24963361024856567,0.33307552337646484,-0.09972070157527924,0.02970719151198864,0.37096914649009705,0.0007570115267299116,0.004825430456548929,0.9251614809036255,64,0.0318,0.167,2,1,5,0,8,0.875,,,,,,,0.10778734087944031,0.6402492523193359,2.11812162399292,0.01729,,0.2708
331,100000,0.0,24,2,0.25,29.75,0.25,0.0013684065779671073,0.21999624371528625,0.21374770998954773,0.3678588569164276,-0.09896838665008545,0.04468716308474541,0.37574344873428345,0.001281025935895741,0.003418942214921117,0.7669980525970459,64,0.0434,0.25,0,0,2,1,12,0.917,,,,,,,0.1290334165096283,0.633246660232544,2.0738487243652344,0.01732,,0.2708
332,100000,0.0,24,2,0.1429,30.0,0.1429,0.001723667373880744,0.17392005026340485,0.17305639386177063,0.4979807138442993,-0.09931215643882751,0.08802789449691772,0.41771891713142395,0.0008297505555674434,0.007036310154944658,0.9568206071853638,64,0.0217,0.143,1,0,6,0,8,0.875,,,,,,,0.1037939041852951,0.9106693267822266,2.0764808654785156,0.01734,,0.2708
333,100000,0.0,24,2,0.1,29.1,0.1,0.003233089577406645,0.2829815149307251,0.2749136686325073,0.36418306827545166,-0.09904074668884277,0.044731058180332184,0.37164026498794556,0.0010046822717413306,0.004242922179400921,0.9441315531730652,64,0.0424,0.1,1,0,6,3,5,0.8,,,,,,,0.10490143299102783,0.7019333243370056,2.1392409801483154,0.01729,,0.2708
334,100000,0.0,24,2,0.0,29.86,0.0,0.002647947985678911,0.20321467518806458,0.2019590139389038,0.37948310375213623,-0.09775874763727188,0.05190517008304596,0.3711129128932953,0.0008606246556155384,0.004637154750525951,1.5085084438323975,64,0.0269,0.0,3,0,6,1,6,1.0,,,,,,,0.06480490416288376,0.7274576425552368,2.111220598220825,0.01729,,0.2708
335,100000,0.0,24,2,0.2,29.6,0.2,0.0031886359211057425,0.21560512483119965,0.22278931736946106,0.37331050634384155,-0.09799662232398987,0.04848993569612503,0.3721972405910492,0.000805356539785862,0.004260036628693342,1.0886415243148804,64,0.032,0.2,0,0,1,3,11,1.0,,,,,,,0.09001734852790833,0.7615525126457214,2.0676257610321045,0.0173,,0.2708
336,100000,0.0,24,2,0.2222,29.56,0.2222,0.004696782678365707,0.23172441124916077,0.23211964964866638,0.45975586771965027,-0.09757792204618454,0.09946741163730621,0.35530322790145874,0.0013697207905352116,0.00619150884449482,0.9315275549888611,64,0.0329,0.222,3,0,5,2,4,1.0,0.0631,0.3459,0.104,0,39,4,0.10475043952465057,0.6961554884910583,2.099153757095337,0.01729,0.1042,0.2708
337,100000,0.0,24,2,0.125,30.0,0.125,0.001756106037646532,0.24526023864746094,0.2456876039505005,0.40701934695243835,-0.09670819342136383,0.08779861032962799,0.325506329536438,0.0009132763370871544,0.005248027388006449,1.711931586265564,64,0.0428,0.125,3,0,7,0,5,1.0,,,,,,,0.056490685790777206,0.6674059629440308,2.1651852130889893,0.01729,,0.2708
338,100000,0.0,24,2,0.6,29.6,0.6,0.001540581346489489,0.2361840307712555,0.23336130380630493,0.39946264028549194,-0.0989183634519577,0.0628606379032135,0.3710184395313263,0.0009758486994542181,0.003282531164586544,1.2410684823989868,64,0.0229,0.6,3,0,1,1,8,1.0,,,,,,,0.07970419526100159,0.7012109756469727,2.1345412731170654,0.01735,,0.2708
339,100000,0.0,24,2,0.1667,29.83,0.1667,0.002636621007695794,0.18677102029323578,0.18219082057476044,0.4054059088230133,-0.09673063457012177,0.041548170149326324,0.4167943596839905,0.0013243992580100894,0.004491711966693401,0.8370742797851562,64,0.0272,0.167,2,0,5,0,8,1.0,,,,,,,0.11555799841880798,0.686048150062561,2.066472053527832,0.01739,,0.2708
340,100000,0.0,24,2,0.1429,29.71,0.1429,0.0033883024007081985,0.23158249258995056,0.21683859825134277,0.370900958776474,-0.09674777090549469,0.024277880787849426,0.41684260964393616,0.0009643550147302449,0.004500692244619131,0.8695905804634094,64,0.0241,0.143,3,0,4,2,6,0.833,,,,,,,0.11125669628381729,0.6379714012145996,2.0552852153778076,0.01737,,0.2708
341,100000,0.0,24,2,0.4,29.6,0.4,0.0016900778282433748,0.2135213166475296,0.22024403512477875,0.3474854528903961,-0.099114790558815,0.036802180111408234,0.37095651030540466,0.0009232619777321815,0.004078744910657406,1.3380149602890015,64,0.0219,0.4,3,0,2,1,8,1.0,,,,,,,0.07407599687576294,0.6631535291671753,2.14304780960083,0.0174,,0.2708
342,100000,0.0,24,2,0.1111,29.33,0.1111,0.002334676682949066,0.20710909366607666,0.20011493563652039,0.3665120303630829,-0.09983162581920624,0.018390048295259476,0.4276081323623657,0.0011953156208619475,0.003910825587809086,0.8689220547676086,64,0.0298,0.111,1,0,6,2,6,0.667,,,,,,,0.11489136517047882,0.7136535048484802,2.0079405307769775,0.01738,,0.2708
343,100000,0.0,24,2,0.25,29.75,0.25,0.007810922805219889,0.2683742046356201,0.27559950947761536,0.4541073441505432,-0.0990256741642952,0.06626646220684052,0.41743531823158264,0.001152516226284206,0.0063295443542301655,0.8053556680679321,64,0.0208,0.25,2,0,3,0,10,0.9,0.0656,0.3607,0.125,1,41,1,0.1229589432477951,0.7115211486816406,2.0395774841308594,0.01739,0.1042,0.2708
344,100000,0.0,24,2,0.0,29.57,0.0,0.0013216614024713635,0.19491811096668243,0.19474709033966064,0.40044647455215454,-0.09858505427837372,0.03895525634288788,0.41881105303764343,0.0009713537292554975,0.00461992621421814,1.018669605255127,64,0.0238,0.0,2,0,5,2,7,0.857,,,,,,,0.09677824378013611,0.736892580986023,2.027926445007324,0.01737,,0.2708
345,100000,0.0,24,2,0.0,30.0,0.0,0.003257070668041706,0.18211039900779724,0.1718944013118744,0.4222453534603119,-0.09999637305736542,0.051648207008838654,0.4167112410068512,0.0009052170789800584,0.0044681415893137455,0.7573456168174744,64,0.0277,0.0,1,0,9,0,6,1.0,,,,,,,0.13203531503677368,0.6736849546432495,2.0737364292144775,0.01735,,0.2708
346,100000,0.0,24,2,0.0,30.0,0.0,0.0015988214872777462,0.24714678525924683,0.24226710200309753,0.33953914046287537,-0.09958206862211227,0.033003393560647964,0.3711419999599457,0.0009931741515174508,0.003944833297282457,2.077235221862793,64,0.0264,0.0,2,0,5,1,8,0.75,,,,,,,0.0479397214949131,0.6060440540313721,2.1290321350097656,0.01732,,0.2708
347,100000,0.0,24,2,0.375,30.0,0.375,0.004872157238423824,0.179849311709404,0.18531760573387146,0.3615536093711853,-0.09603482484817505,0.06505953520536423,0.3253651559352875,0.0010860709007829428,0.004208447877317667,0.7358962297439575,64,0.03,0.375,3,0,5,0,5,1.0,,,,,,,0.13050049543380737,0.6505236029624939,2.1985533237457275,0.01731,,0.2708
348,100000,0.0,24,2,0.3333,29.83,0.3333,0.0021030385978519917,0.2548539936542511,0.25293833017349243,0.31122496724128723,-0.09693069010972977,0.039588313549757004,0.32548588514328003,0.0008358330233022571,0.006986336782574654,0.9955754280090332,64,0.0394,0.333,2,0,3,1,8,0.875,,,,,,,0.0973614752292633,0.6800265312194824,2.196058988571167,0.01732,,0.2708
349,100000,0.0,24,2,0.0,29.75,0.0,0.002080674283206463,0.20586101710796356,0.20529218018054962,0.3726799190044403,-0.09942419826984406,0.03318675234913826,0.4031780958175659,0.001169642899185419,0.005105030257254839,1.0018657445907593,64,0.0266,0.0,2,0,7,1,6,0.667,,,,,,,0.0992390364408493,0.7875134348869324,2.026580810546875,0.01729,,0.2708
350,100000,0.0,24,2,0.0,30.0,0.0,0.002596792299300432,0.20451948046684265,0.20707374811172485,0.34848952293395996,-0.0976155549287796,0.035790860652923584,0.3709770739078522,0.0018959199078381062,0.007092567160725594,0.8908516764640808,64,0.0342,0.143,2,1,6,0,7,0.714,0.0528,0.3089,0.042,0,38,8,0.1095755323767662,0.703952968120575,2.1247799396514893,0.01728,0.0417,0.2708
351,100000,0.0,24,2,0.25,30.0,0.25,0.002710179192945361,0.21018558740615845,0.2025875449180603,0.3188149034976959,-0.09895329177379608,0.022428791970014572,0.3708931803703308,0.0009002213482744992,0.004034905228763819,1.0257675647735596,64,0.0337,0.25,5,0,3,0,7,0.571,,,,,,,0.09646755456924438,0.6947602033615112,2.1501617431640625,0.01728,,0.2708
352,100000,0.0,24,2,0.125,30.0,0.125,0.0015960345044732094,0.22640611231327057,0.22056792676448822,0.3755113184452057,-0.09281493723392487,0.06890895217657089,0.3275774121284485,0.0013328591594472528,0.0058618769980967045,1.4900373220443726,64,0.0216,0.125,1,0,7,0,7,0.571,,,,,,,0.06229034811258316,0.8003929853439331,2.160595655441284,0.01724,,0.2708
353,100000,0.0,24,2,0.4,29.4,0.4,0.00402066670358181,0.2626032829284668,0.25976601243019104,0.6749183535575867,-0.09879151731729507,0.07852543145418167,0.6145830750465393,0.0007925760000944138,0.004151832778006792,0.5455312132835388,64,0.0201,0.4,1,0,2,1,10,0.8,,,,,,,0.18109232187271118,0.662671685218811,1.7326563596725464,0.01729,,0.2708
354,100000,0.0,24,2,0.0,29.57,0.0,0.002813739934936166,0.23062650859355927,0.23192653059959412,0.49167630076408386,-0.09679070115089417,0.08458919823169708,0.41687440872192383,0.0013419799506664276,0.004828380420804024,0.7871047854423523,64,0.0399,0.0,2,0,5,2,7,0.857,,,,,,,0.12297053635120392,0.680315375328064,2.0438923835754395,0.01726,,0.2708
355,100000,0.0,24,2,0.2,30.0,0.2,0.002519492758437991,0.22169792652130127,0.2245613932609558,0.35503533482551575,-0.09925480931997299,0.040578693151474,0.3710819482803345,0.0008548898040316999,0.0041016326285898685,0.914118766784668,64,0.0466,0.4,3,1,3,0,8,0.875,,,,,,,0.10857977718114853,0.7045454978942871,2.1271114349365234,0.01724,,0.2708
356,100000,0.0,24,2,0.2,30.0,0.2,0.0014748909743502736,0.18682140111923218,0.1836775243282318,0.37225228548049927,-0.09877727925777435,0.048311762511730194,0.3714487850666046,0.0008108520996756852,0.005914510227739811,0.9696491360664368,64,0.0478,0.2,4,0,3,1,7,0.857,,,,,,,0.10186909139156342,0.7850943803787231,2.1180992126464844,0.01724,,0.2708
357,100000,0.0,24,2,0.3333,29.33,0.3333,0.00183397950604558,0.2087281048297882,0.20829078555107117,0.3296581208705902,-0.09819995611906052,0.04260987043380737,0.3398650884628296,0.001336288289166987,0.005546515341848135,0.832704484462738,64,0.0402,0.5,3,1,2,1,7,1.0,0.0529,0.3243,0.083,1,41,3,0.11792894452810287,0.6774933338165283,2.163733959197998,0.01726,0.0625,0.2708
358,100000,0.0,24,2,0.2857,29.86,0.2857,0.002643834101036191,0.28275373578071594,0.27471300959587097,0.37314867973327637,-0.09742769598960876,0.026010697707533836,0.4166286885738373,0.0009691282757557929,0.0038526144344359636,1.0552934408187866,64,0.0518,0.286,5,0,3,2,4,0.75,,,,,,,0.09232284128665924,0.6329678297042847,2.060832977294922,0.01726,,0.2708
359,100000,0.0,24,2,0.0,30.0,0.0,0.0013243600260466337,0.2170163094997406,0.2180531769990921,0.3742907643318176,-0.09741915017366409,0.047261662781238556,0.3744456171989441,0.0010468574473634362,0.005481945816427469,0.9178916811943054,64,0.0199,0.0,4,0,3,0,9,1.0,,,,,,,0.1061336025595665,0.6100068092346191,2.0642309188842773,0.01729,,0.2708
360,100000,0.0,24,2,0.1429,30.0,0.1429,0.002299319254234433,0.21600422263145447,0.21456259489059448,0.2832411229610443,-0.09955549240112305,0.026962077245116234,0.3267384171485901,0.0010349409421905875,0.004268116317689419,1.1691335439682007,64,0.0259,0.143,2,0,6,0,7,0.857,,,,,,,0.08515321463346481,0.700225830078125,2.1812491416931152,0.0173,,0.2708
361,100000,0.0,24,2,0.125,29.75,0.125,0.0025167358107864857,0.21190863847732544,0.21841305494308472,0.4519844651222229,-0.09945273399353027,0.019704168662428856,0.5093514919281006,0.0006835751119069755,0.005354780238121748,0.6342405676841736,64,0.0327,0.125,3,0,5,2,5,1.0,,,,,,,0.15680600702762604,0.7213799953460693,1.8955186605453491,0.0173,,0.2708
362,100000,0.0,24,2,0.1429,30.0,0.1429,0.002246806863695383,0.2461634874343872,0.24267412722110748,0.5057975649833679,-0.09920131415128708,0.06981892883777618,0.4625103771686554,0.0011704356875270605,0.005701328162103891,1.022243618965149,64,0.0544,0.286,2,1,5,0,7,1.0,,,,,,,0.09704273194074631,0.8271077871322632,2.004373073577881,0.01732,,0.2708
363,100000,0.0,24,2,0.25,30.0,0.25,0.0017535355873405933,0.2049541473388672,0.20765046775341034,0.3759865164756775,-0.09879337251186371,0.049661584198474884,0.3724178671836853,0.001022317330352962,0.006077685859054327,0.9997357726097107,64,0.0188,0.25,6,0,2,1,6,0.833,,,,,,,0.09881947934627533,0.6278353929519653,2.1075592041015625,0.01733,,0.2708
364,100000,0.0,24,2,0.4286,29.86,0.4286,0.0016657162923365831,0.2516978681087494,0.26207369565963745,0.4324149489402771,-0.09729331731796265,0.07780393958091736,0.3709902763366699,0.0007560306112281978,0.006220248993486166,1.0432815551757812,64,0.038,0.429,2,0,4,0,7,0.857,0.0514,0.3068,0.146,0,35,6,0.09325700998306274,0.6292989253997803,2.1148428916931152,0.01736,0.1458,0.2708
365,100000,0.0,24,2,0.5,30.0,0.5,0.002511069178581238,0.2436518371105194,0.23578476905822754,0.504555881023407,-0.09989897906780243,0.06997215747833252,0.46242305636405945,0.0009585472289472818,0.0041749924421310425,0.5839149355888367,64,0.0216,0.5,2,0,3,0,8,1.0,,,,,,,0.17108482122421265,0.8363863825798035,1.9878562688827515,0.01745,,0.2708
366,100000,0.0,24,2,0.2,30.0,0.2,0.0021325862035155296,0.19148758053779602,0.19539636373519897,0.4333162009716034,-0.0999346375465393,0.033610999584198,0.46311691403388977,0.0011133747175335884,0.00582386739552021,0.834376335144043,64,0.0415,0.2,4,0,4,0,7,1.0,,,,,,,0.11977165192365646,0.75499027967453,1.913240671157837,0.01747,,0.2708
367,100000,0.0,24,2,0.0,30.0,0.0,0.0016177779762074351,0.2654426693916321,0.2634332776069641,0.4293884336948395,-0.09828705340623856,0.05520834028720856,0.4152902364730835,0.0008370362338609993,0.003937127534300089,0.7925690412521362,64,0.0196,0.0,5,0,4,0,7,0.857,,,,,,,0.12401071190834045,0.6863372325897217,1.96664297580719,0.01747,,0.2708
368,100000,0.0,24,2,0.0,30.0,0.0,0.0015441084979102015,0.18011817336082458,0.17313067615032196,0.4055919945240021,-0.0988532081246376,0.07359190285205841,0.35498127341270447,0.001656467909924686,0.004560241475701332,1.0214966535568237,64,0.0336,0.0,1,0,8,0,7,0.714,,,,,,,0.09677290916442871,0.675176739692688,2.0940074920654297,0.01743,,0.2708
369,100000,0.0,24,2,0.2,29.4,0.2,0.0035164423752576113,0.22929924726486206,0.2173088788986206,0.38547104597091675,-0.09442252665758133,0.04218673333525658,0.39374879002571106,0.0012118631275370717,0.003542640246450901,1.4885143041610718,64,0.0339,0.2,3,0,3,1,8,1.0,,,,,,,0.06343407183885574,0.6426156759262085,2.060779094696045,0.01746,,0.2708
370,100000,0.0,24,2,0.0,30.0,0.0,0.00252500525675714,0.2092353254556656,0.21011537313461304,0.5143707990646362,-0.09969188272953033,0.07464636862277985,0.4627489447593689,0.0011004377156496048,0.004042028449475765,0.9180302619934082,64,0.033,0.0,0,0,6,1,9,0.778,,,,,,,0.10859325528144836,0.6797096133232117,2.00433349609375,0.01745,,0.2708
371,100000,0.0,24,2,0.4,29.6,0.4,0.0013079362688586116,0.21414051949977875,0.210105299949646,0.38522252440452576,-0.09858758747577667,0.03248067945241928,0.4171738028526306,0.0012883106246590614,0.0033498869743198156,0.7294824123382568,64,0.019,0.4,2,0,2,1,9,0.778,0.0499,0.2603,0.25,2,31,5,0.1351473182439804,0.6901117563247681,2.0442709922790527,0.01746,0.2083,0.2708
372,100000,0.0,24,2,0.0,30.0,0.0,0.005767767317593098,0.27760958671569824,0.26700901985168457,0.3254736065864563,-0.09978239983320236,0.047836653888225555,0.32574182748794556,0.0010008019162341952,0.007681732531636953,0.848505437374115,64,0.0342,0.143,3,1,6,0,6,1.0,,,,,,,0.11759783327579498,0.6934182047843933,2.205463409423828,0.01749,,0.2708
373,100000,0.0,24,2,0.0,30.0,0.0,0.0017779581248760223,0.2412359118461609,0.24199947714805603,0.4040698707103729,-0.09698518365621567,0.06395174562931061,0.37108129262924194,0.0009579625329934061,0.004140556789934635,1.300065040588379,64,0.0311,0.0,4,0,9,1,2,1.0,,,,,,,0.07460025697946548,0.8668650984764099,2.114821434020996,0.01747,,0.2708
374,100000,0.0,24,2,0.1667,29.67,0.1667,0.0015543722547590733,0.21774178743362427,0.22063831984996796,0.4181554615497589,-0.09981395304203033,0.07216768711805344,0.3712264895439148,0.0009547368390485644,0.004815118853002787,0.8719159364700317,64,0.0318,0.167,2,0,4,1,8,0.625,,,,,,,0.11447657644748688,0.7779842615127563,2.0808627605438232,0.01752,,0.2708
375,100000,0.0,24,2,0.2,29.8,0.2,0.003141437191516161,0.2031514048576355,0.21639114618301392,0.3512362837791443,-0.09727630019187927,0.03733286261558533,0.37168049812316895,0.001263640820980072,0.004332707263529301,1.4198532104492188,64,0.03,0.2,3,0,3,1,8,1.0,,,,,,,0.06851151585578918,0.7009746432304382,2.1073360443115234,0.01752,,0.2708
376,100000,0.0,24,2,0.0,30.0,0.0,0.009426665492355824,0.19892872869968414,0.19671545922756195,0.47756290435791016,-0.09984661638736725,0.07881974428892136,0.41679370403289795,0.0012247796403244138,0.005952666979283094,1.0681183338165283,64,0.0318,0.0,1,0,6,0,9,0.889,,,,,,,0.09347899258136749,0.7820789217948914,2.0684123039245605,0.01751,,0.2708
377,100000,0.0,24,2,0.1429,30.0,0.1429,0.0011919238604605198,0.24883851408958435,0.2508307099342346,0.4686594307422638,-0.09949086606502533,0.05202630162239075,0.46254807710647583,0.0010079831117764115,0.0030992694664746523,0.8344964385032654,64,0.0309,0.143,2,0,6,0,7,0.857,,,,,,,0.11922264099121094,0.7499555349349976,1.982818841934204,0.01755,,0.2708
378,100000,0.0,24,2,0.3333,30.0,0.3333,0.001032729516737163,0.21317026019096375,0.2116219699382782,0.6079280972480774,-0.0981425866484642,0.14312241971492767,0.4173898696899414,0.0006522363401018083,0.004871982615441084,0.9143685698509216,64,0.033,0.333,3,0,2,0,10,0.9,0.0447,0.2936,0.083,1,34,10,0.1073337271809578,0.7910717725753784,2.042682647705078,0.0176,0.0625,0.2708
379,100000,0.0,24,2,0.0,30.0,0.0,0.00307263620197773,0.259811669588089,0.25712019205093384,0.44001951813697815,-0.0994616150856018,0.05986437201499939,0.41717201471328735,0.0009612533031031489,0.005160762462764978,0.7553891539573669,64,0.0192,0.167,4,1,4,1,6,0.667,,,,,,,0.13166937232017517,0.8057959079742432,2.077577590942383,0.01757,,0.2708
380,100000,0.0,24,2,0.0,30.0,0.0,0.0019012900302186608,0.18354615569114685,0.19001927971839905,0.4583025574684143,-0.09713757783174515,0.06802739948034286,0.4168305993080139,0.0010612173937261105,0.005109474528580904,0.8887972235679626,64,0.0283,0.0,2,0,3,0,11,0.818,,,,,,,0.10929103940725327,0.6755534410476685,2.044576644897461,0.01757,,0.2708
381,100000,0.0,24,2,0.125,30.0,0.125,0.0035464989487081766,0.2139016091823578,0.21001867949962616,0.47012779116630554,-0.09799240529537201,0.09754088521003723,0.3710345923900604,0.0009356320952065289,0.004007627256214619,0.7827879786491394,64,0.0282,0.125,2,0,7,0,6,0.667,,,,,,,0.1251838505268097,0.7917449474334717,2.1024670600891113,0.01752,,0.2708
382,100000,0.0,24,2,0.0,30.0,0.0,0.0020088288001716137,0.21564708650112152,0.21900364756584167,0.4663466811180115,-0.09929761290550232,0.04960991069674492,0.46248143911361694,0.0009641019278205931,0.00788605771958828,0.5950787663459778,64,0.0272,0.0,3,0,9,1,3,1.0,,,,,,,0.16686466336250305,0.7826451063156128,1.9505350589752197,0.0175,,0.2708
383,100000,0.0,24,2,0.0,29.86,0.0,0.005233029369264841,0.2810261845588684,0.269601970911026,0.38656994700431824,-0.09767304360866547,0.0777154266834259,0.32527419924736023,0.0007107041892595589,0.007075851317495108,1.1649068593978882,64,0.0276,0.0,1,0,6,1,8,0.875,,,,,,,0.08384622633457184,0.8270062208175659,2.172868251800537,0.01751,,0.2708
384,100000,0.0,24,2,0.0,29.83,0.0,0.0021270273718982935,0.20926162600517273,0.20793582499027252,0.36117470264434814,-0.09599536657333374,0.04200642555952072,0.3709641396999359,0.0008118997211568058,0.004386205691844225,1.0159884691238403,64,0.0263,0.0,3,0,4,2,7,1.0,,,,,,,0.09448470920324326,0.7759946584701538,2.1389718055725098,0.01751,,0.2708
385,100000,0.0,24,2,0.2,29.6,0.2,0.0011843029642477632,0.22679060697555542,0.22574175894260406,0.35965752601623535,-0.0988093912601471,0.042767636477947235,0.3710607886314392,0.0006733385962434113,0.0037417332641780376,0.8970832824707031,64,0.0319,0.2,2,0,3,1,9,0.889,0.0486,0.2999,0.188,1,36,3,0.11014518141746521,0.6884648203849792,2.108152389526367,0.01752,0.1667,0.2708
386,100000,0.0,24,2,0.3333,29.83,0.3333,0.001838131109252572,0.23128758370876312,0.22736233472824097,0.4940592050552368,-0.10000000894069672,0.08624200522899628,0.4189733862876892,0.0010201848344877362,0.0052035897970199585,0.8917621970176697,64,0.0232,0.333,1,0,3,1,9,1.0,,,,,,,0.11213752627372742,0.6188724040985107,2.0406594276428223,0.01755,,0.2708
387,100000,0.0,24,2,0.3333,29.67,0.3333,0.0015412841457873583,0.24356190860271454,0.24141576886177063,0.37322357296943665,-0.09725117683410645,0.04835736006498337,0.3712276220321655,0.0006213056039996445,0.005064788740128279,0.9933978915214539,64,0.02,0.333,2,0,4,0,8,0.875,,,,,,,0.09789750725030899,0.8520698547363281,2.118227958679199,0.01758,,0.2708
388,100000,0.0,24,2,0.0,30.0,0.0,0.0017630684887990355,0.19446077942848206,0.19465672969818115,0.3299442231655121,-0.09555524587631226,0.04812907427549362,0.3252977132797241,0.0009200279018841684,0.007887167856097221,1.0949041843414307,64,0.0314,0.0,2,0,4,1,9,0.778,,,,,,,0.08727270364761353,0.7017547488212585,2.2043190002441406,0.0176,,0.2708
389,100000,0.0,24,2,0.125,29.5,0.125,0.005683281924575567,0.21133367717266083,0.2053457498550415,0.5958602428436279,-0.09867490082979202,0.0662039965391159,0.5598284006118774,0.0013719091657549143,0.004597540944814682,1.2378098964691162,64,0.0419,0.125,4,0,6,1,4,1.0,,,,,,,0.07971732318401337,0.6982598304748535,2.0393922328948975,0.01759,,0.2708
390,100000,0.0,24,2,0.0,30.0,0.0,0.001774681149981916,0.22986629605293274,0.2272268533706665,0.5441322326660156,-0.09631826728582382,0.10999754071235657,0.41818633675575256,0.0013569430448114872,0.00453820638358593,0.8186437487602234,64,0.0231,0.0,1,0,4,0,11,0.727,,,,,,,0.11765589565038681,0.6942405700683594,2.0398170948028564,0.0176,,0.2708
391,100000,0.0,24,2,0.3333,29.5,0.3333,0.002935076132416725,0.1611107438802719,0.1571870893239975,0.4410345256328583,-0.09905105829238892,0.060417190194129944,0.41676050424575806,0.0010448619723320007,0.0049814158119261265,1.080792784690857,64,0.0303,0.333,3,0,3,1,7,1.0,,,,,,,0.09164667129516602,0.7969956398010254,2.0525269508361816,0.01763,,0.2708
392,100000,0.0,24,2,0.0,29.67,0.0,0.0013083198573440313,0.21074581146240234,0.21490097045898438,0.33797693252563477,-0.09853712469339371,0.031496502459049225,0.37137728929519653,0.0008155289688147604,0.004287569783627987,0.8733084797859192,64,0.0458,0.0,2,0,4,2,8,0.75,0.0493,0.292,0.042,1,40,6,0.1128319799900055,0.7473001480102539,2.0454630851745605,0.0176,0.0208,0.2708
393,100000,0.0,24,2,0.0,29.71,0.0,0.005619536619633436,0.19541440904140472,0.1992323249578476,0.4929663836956024,-0.09967769682407379,0.06375783681869507,0.4627448618412018,0.0011016110656782985,0.004767111036926508,0.9432492256164551,64,0.0435,0.0,2,0,6,1,7,0.857,,,,,,,0.10567481815814972,0.6482558250427246,1.9891399145126343,0.01758,,0.2708
394,100000,0.0,24,2,0.1111,30.0,0.1111,0.0013143711257725954,0.20124313235282898,0.20231665670871735,0.3449060022830963,-0.09945441037416458,0.034514229744672775,0.37246429920196533,0.001102417940273881,0.005735323764383793,0.9097179770469666,64,0.0153,0.111,3,0,7,1,4,0.75,,,,,,,0.10932444781064987,0.7210878133773804,2.1172473430633545,0.01757,,0.2708
395,100000,0.0,24,2,0.0,30.0,0.0,0.0012884526513516903,0.19910675287246704,0.19235745072364807,0.40109553933143616,-0.0998685210943222,0.06326722353696823,0.37174686789512634,0.0009163369541056454,0.005365490447729826,1.0348286628723145,64,0.0323,0.0,4,0,6,0,6,1.0,,,,,,,0.09650729596614838,0.7721668481826782,2.0894126892089844,0.01756,,0.2708
396,100000,0.0,24,2,0.2,29.4,0.2,0.0018559114541858435,0.1745535135269165,0.17856769263744354,0.3610225319862366,-0.09804628044366837,0.06369080394506454,0.3288287818431854,0.001353895291686058,0.005716888699680567,1.0898172855377197,64,0.025,0.2,4,0,3,1,7,0.571,,,,,,,0.08996579796075821,0.898029088973999,2.1154823303222656,0.01754,,0.2708
397,100000,0.0,24,2,0.4286,29.57,0.4286,0.0022922668140381575,0.21952536702156067,0.22553405165672302,0.5867681503295898,-0.09717858582735062,0.15480872988700867,0.3714325428009033,0.0009345565340481699,0.005793451331555843,0.9676263928413391,64,0.0544,0.429,2,0,3,1,7,0.857,,,,,,,0.10042985528707504,0.8740212917327881,2.1022212505340576,0.01753,,0.2708
398,100000,0.0,24,2,0.0,29.43,0.0,0.002198714530095458,0.22248795628547668,0.2292456328868866,0.535269021987915,-0.09685379266738892,0.08288854360580444,0.4643493592739105,0.0011520801344886422,0.003992757294327021,0.9777557253837585,64,0.0362,0.0,1,0,4,3,8,1.0,,,,,,,0.09905725717544556,0.6682183146476746,1.9742577075958252,0.01755,,0.2708
399,100000,0.0,24,2,0.0,30.0,0.0,0.0024032394867390394,0.1762704849243164,0.18057096004486084,0.33059489727020264,-0.09529520571231842,0.048888176679611206,0.32523244619369507,0.0009825677843764424,0.0057625663466751575,1.8133481740951538,64,0.0235,0.0,1,0,7,0,8,0.875,0.05,0.3179,0.167,0,34,6,0.05255206674337387,0.7650396227836609,2.18806791305542,0.01753,0.1667,0.2708
400,100000,0.0,24,2,0.1111,29.89,0.1111,0.0032718870788812637,0.2430679053068161,0.24174535274505615,0.32562485337257385,-0.09758441150188446,0.02487119287252426,0.371334969997406,0.0006982121849432588,0.004263845272362232,0.9402713179588318,64,0.0317,0.111,0,0,8,0,7,1.0,,,,,,,0.1037832498550415,0.6428794264793396,2.127506732940674,0.01752,,0.2708
401,100000,0.0,24,2,0.3333,29.67,0.3333,0.002563735004514456,0.18558794260025024,0.20456629991531372,0.32931533455848694,-0.09891495853662491,0.027194363996386528,0.3709331154823303,0.0008685400825925171,0.005816858261823654,1.0669938325881958,64,0.0235,0.333,2,0,3,1,8,0.875,,,,,,,0.09270434081554413,0.7141437530517578,2.1314570903778076,0.01754,,0.2708
402,100000,0.0,24,2,0.2,29.8,0.2,0.0020920555107295513,0.19944557547569275,0.19504785537719727,0.5408802628517151,-0.09989555180072784,0.04194566607475281,0.5542656779289246,0.0010476107709109783,0.005237600766122341,0.9115779995918274,64,0.0264,0.2,4,0,5,3,2,1.0,,,,,,,0.10958530753850937,0.7228567004203796,1.8590774536132812,0.01749,,0.2708
403,100000,0.0,24,2,0.2,29.8,0.2,0.0019232237245887518,0.19105088710784912,0.1947605311870575,0.5461729168891907,-0.09650509804487228,0.08751874417066574,0.46513840556144714,0.000964591687079519,0.0050043268129229546,0.9886922240257263,64,0.0384,0.2,2,0,4,0,9,1.0,,,,,,,0.09760884940624237,0.7016593813896179,1.967882513999939,0.01751,,0.2708
404,100000,0.0,24,2,0.1429,29.86,0.1429,0.0019694259390234947,0.23006418347358704,0.2353295236825943,0.5157676935195923,-0.09727950394153595,0.1161048412322998,0.37782520055770874,0.0009349088068120182,0.006024594884365797,1.1159337759017944,64,0.0225,0.143,0,0,5,1,9,1.0,,,,,,,0.08717318624258041,0.8428949117660522,2.057884693145752,0.01749,,0.2708
405,100000,0.0,24,2,0.0,30.0,0.0,0.002618413884192705,0.23405374586582184,0.22644713521003723,0.45331892371177673,-0.09994158148765564,0.1040463000535965,0.34118586778640747,0.0009183520451188087,0.007964089512825012,0.8896015286445618,64,0.0251,0.0,2,0,5,0,9,0.778,,,,,,,0.11234420537948608,0.8121244311332703,2.1073741912841797,0.0175,,0.2708
406,100000,0.0,24,2,0.375,30.0,0.375,0.0024855956435203552,0.23821911215782166,0.23270092904567719,0.4873923361301422,-0.09918466210365295,0.0744120329618454,0.43566325306892395,0.0008723496575839818,0.004179365001618862,0.6948773264884949,64,0.019,0.375,4,0,5,0,4,1.0,0.0486,0.3015,0.188,1,34,5,0.14273691177368164,0.7990111708641052,1.9522427320480347,0.0175,0.1667,0.2708
407,100000,0.0,24,2,0.1667,29.83,0.1667,0.0014409224968403578,0.21625551581382751,0.21875619888305664,0.6122877597808838,-0.09569727629423141,0.16738812625408173,0.3709867596626282,0.0010979771614074707,0.00444416468963027,1.4096297025680542,64,0.025,0.167,1,0,5,0,9,0.889,,,,,,,0.06788823753595352,0.7286869883537292,2.131929636001587,0.01751,,0.2708
408,100000,0.0,24,2,0.0,28.89,0.0,0.0032847949769347906,0.19965553283691406,0.20154313743114471,0.36018478870391846,-0.09964313358068466,0.020487288013100624,0.4167858362197876,0.0010807187063619494,0.004134995397180319,0.907340943813324,64,0.0373,0.0,0,0,7,2,7,0.857,,,,,,,0.10981884598731995,0.682966411113739,2.038905382156372,0.01747,,0.2708
409,100000,0.0,24,2,0.1667,29.17,0.1667,0.0015013535739853978,0.14014407992362976,0.1435772180557251,0.45713570713996887,-0.09800462424755096,0.06437822431325912,0.423439621925354,0.0008122244034893811,0.005888520274311304,1.262100338935852,64,0.0376,0.167,2,0,4,1,8,0.75,,,,,,,0.07765199989080429,0.650385856628418,2.0590462684631348,0.01745,,0.2708
410,100000,0.0,24,2,0.1111,30.0,0.1111,0.0016918284818530083,0.1883765459060669,0.19179165363311768,0.6807569861412048,-0.0996704250574112,0.05264195427298546,0.6734026670455933,0.0011704250937327743,0.0034816116094589233,0.8657145500183105,64,0.0286,0.111,1,0,8,0,6,1.0,,,,,,,0.11513081938028336,0.8586033582687378,2.0531702041625977,0.01746,,0.2708
411,100000,0.0,24,2,0.1667,30.0,0.1667,0.003754646284505725,0.2240341156721115,0.21893998980522156,0.8864055871963501,-0.09869393706321716,0.06988095492124557,0.8425359725952148,0.001015318906866014,0.0056033143773674965,1.0709550380706787,64,0.0266,0.167,1,0,5,0,9,0.556,,,,,,,0.09215506911277771,0.755278468132019,2.1005964279174805,0.01742,,0.2708
412,100000,0.0,24,2,0.1111,29.67,0.1111,0.0011824944522231817,0.15427640080451965,0.15831148624420166,0.38398921489715576,-0.09916985034942627,0.05491764470934868,0.37099435925483704,0.0009259701473638415,0.004658813122659922,0.9115139842033386,64,0.0441,0.222,5,1,5,2,2,1.0,,,,,,,0.10879683494567871,0.7513432502746582,2.1255228519439697,0.0174,,0.2708
413,100000,0.0,24,2,0.0,30.0,0.0,0.0010701324790716171,0.1861167848110199,0.192731112241745,0.5614793300628662,-0.09202824532985687,0.1497252881526947,0.35175907611846924,0.0011138543486595154,0.004595843143761158,1.441890835762024,64,0.0335,0.111,1,1,8,0,6,0.833,0.0418,0.276,0.042,0,39,7,0.06382469832897186,0.828792929649353,2.1345391273498535,0.01737,0.0417,0.2708
414,100000,0.0,24,2,0.4286,30.0,0.4286,0.0047969333827495575,0.18397976458072662,0.16845540702342987,0.43778935074806213,-0.09718932211399078,0.0802362859249115,0.3712579309940338,0.0010966515401378274,0.0064963484182953835,1.2922903299331665,64,0.0249,0.429,3,0,4,0,6,1.0,,,,,,,0.07520703971385956,0.7205990552902222,2.1229515075683594,0.01741,,0.2708
415,100000,0.0,24,2,0.1429,30.0,0.1429,0.0018607896054163575,0.2090579867362976,0.21016094088554382,0.5254393219947815,-0.09784797579050064,0.10139711946249008,0.41866129636764526,0.0009431429207324982,0.0036635149735957384,0.6906518936157227,64,0.0306,0.143,3,0,5,1,6,1.0,,,,,,,0.14167481660842896,0.7017639875411987,2.0384256839752197,0.0174,,0.2708
416,100000,0.0,24,2,0.125,29.88,0.125,0.0020343794021755457,0.23847609758377075,0.24119603633880615,0.4124193787574768,-0.09964357316493988,0.04672743380069733,0.41684818267822266,0.0009168149554170668,0.003519778372719884,0.795848548412323,64,0.0317,0.125,1,0,6,1,7,0.857,,,,,,,0.1252041906118393,0.6728858351707458,2.06547474861145,0.01743,,0.2708
417,100000,0.0,24,2,0.0,30.0,0.0,0.0017149461200460792,0.17712277173995972,0.18581385910511017,0.41094866394996643,-0.09740977734327316,0.043974705040454865,0.4171813726425171,0.000992954010143876,0.006455323193222284,1.3143607378005981,64,0.0308,0.0,1,0,6,1,8,0.75,,,,,,,0.07411190122365952,0.6386974453926086,2.038800001144409,0.01742,,0.2708
418,100000,0.0,24,2,0.2857,28.29,0.2857,0.0017915202770382166,0.1864410638809204,0.18340012431144714,0.35274216532707214,-0.09896926581859589,0.03911077231168747,0.37154048681259155,0.0009654586319811642,0.0038988031446933746,0.7487513422966003,64,0.0196,0.286,4,0,3,2,5,0.6,,,,,,,0.13217908143997192,0.7591404914855957,2.1265063285827637,0.01742,,0.2708
419,100000,0.0,24,2,0.2,30.0,0.2,0.001493658171966672,0.20901237428188324,0.21026194095611572,0.5180841684341431,-0.09919464588165283,0.12138828635215759,0.3714345693588257,0.00103308679535985,0.006135368719696999,0.9814201593399048,64,0.0356,0.2,3,0,4,0,8,1.0,,,,,,,0.10107254981994629,0.7277517318725586,2.1068711280822754,0.01743,,0.2708
420,100000,0.0,24,2,0.25,29.88,0.25,0.0024221078492701054,0.17279966175556183,0.1868518888950348,0.3205033540725708,-0.09619669616222382,0.044726237654685974,0.3255806565284729,0.0007627724553458393,0.003333795117214322,1.3859926462173462,64,0.0269,0.25,3,0,4,2,5,1.0,0.0503,0.2538,0.083,1,36,8,0.06940635293722153,0.6799342036247253,2.1802289485931396,0.01741,0.0625,0.2708
421,100000,0.0,24,2,0.0,29.0,0.0,0.0058288294821977615,0.25342878699302673,0.24493862688541412,0.38385191559791565,-0.09332748502492905,0.07447967678308487,0.32579195499420166,0.0006364910514093935,0.004856165032833815,1.3080941438674927,64,0.0338,0.0,1,0,2,1,12,0.833,,,,,,,0.07134615629911423,0.8140734434127808,2.1790695190429688,0.01742,,0.2708
422,100000,0.0,24,2,0.1429,30.0,0.1429,0.002734812907874584,0.19635014235973358,0.20433634519577026,0.44662758708000183,-0.09730410575866699,0.08505912870168686,0.37102121114730835,0.0008799050701782107,0.005584413185715675,1.0135740041732788,64,0.0352,0.143,3,0,6,0,6,0.667,,,,,,,0.09600099176168442,0.7413045167922974,2.1076455116271973,0.0174,,0.2708
423,100000,0.0,24,2,0.2857,29.71,0.2857,0.001706994604319334,0.21329712867736816,0.2053186595439911,0.4266979694366455,-0.0926724523305893,0.040107205510139465,0.436614990234375,0.0007379516609944403,0.0050820219330489635,1.1624062061309814,64,0.054,0.286,2,0,4,1,7,0.571,,,,,,,0.07972468435764313,0.7741913199424744,2.1882941722869873,0.01741,,0.2708
424,100000,0.0,24,2,0.0,30.0,0.0,0.0020809657871723175,0.20295986533164978,0.21385085582733154,0.300415962934494,-0.09935565292835236,0.013206534087657928,0.3709040880203247,0.0007656269590370357,0.0049088988453149796,0.9098993539810181,64,0.0229,0.125,0,1,6,1,8,0.875,,,,,,,0.10919411480426788,0.677113950252533,2.1314072608947754,0.01739,,0.2708
425,100000,0.0,24,2,0.4,29.6,0.4,0.0010783798061311245,0.23008635640144348,0.23148800432682037,0.3764515817165375,-0.0982842743396759,0.07321801036596298,0.32529324293136597,0.0009490876691415906,0.006013242993503809,1.2209819555282593,64,0.0291,0.4,4,0,2,1,7,1.0,,,,,,,0.08049608767032623,0.774298906326294,2.1925506591796875,0.0174,,0.2708
426,100000,0.0,24,2,0.3333,30.0,0.3333,0.0018211520509794354,0.29815971851348877,0.3026423156261444,0.45199546217918396,-0.09291394054889679,0.08507340401411057,0.3718722462654114,0.00132839591242373,0.005780697800219059,0.9257344603538513,64,0.0217,0.333,2,0,4,0,8,0.75,,,,,,,0.10036780685186386,0.7700672149658203,2.1491317749023438,0.01739,,0.2708
427,100000,0.0,24,2,0.5,30.0,0.5,0.015371459536254406,0.17568226158618927,0.18967944383621216,0.28609663248062134,-0.09898649156093597,0.02886602096259594,0.325190007686615,0.0015538648003712296,0.004322200082242489,1.1976189613342285,64,0.0344,0.5,3,0,3,0,7,0.857,0.0574,0.314,0.042,1,41,5,0.0826527401804924,0.6139423847198486,2.1983792781829834,0.01741,0.0208,0.2708
428,100000,0.0,24,2,0.0,29.86,0.0,0.0024005593731999397,0.19604088366031647,0.1889597475528717,0.4867609739303589,-0.09948280453681946,0.1056440994143486,0.3711123466491699,0.0012501151068136096,0.00768648274242878,0.8990653157234192,64,0.0355,0.143,1,1,6,0,8,0.75,,,,,,,0.11065135896205902,0.7543351054191589,2.1219725608825684,0.0174,,0.2708
429,100000,0.0,24,2,0.0,29.0,0.0,0.0016052741557359695,0.21635085344314575,0.2100037932395935,0.5444443821907043,-0.09576825797557831,0.06457497179508209,0.5082085132598877,0.0009026624611578882,0.005708357784897089,1.1920788288116455,64,0.0253,0.0,0,0,8,3,5,0.4,,,,,,,0.08033718168735504,0.7338122725486755,1.9104065895080566,0.01738,,0.2708
430,100000,0.0,24,2,0.0,30.0,0.0,0.001466496498323977,0.2316949963569641,0.2308177500963211,0.4850880205631256,-0.09834538400173187,0.03639977052807808,0.5083703994750977,0.001050990424118936,0.004526904784142971,0.9513835310935974,64,0.0261,0.0,1,0,5,1,9,0.889,,,,,,,0.10337090492248535,0.7924058437347412,1.9489309787750244,0.01739,,0.2708
431,100000,0.0,24,2,0.0,29.67,0.0,0.002243817551061511,0.21637555956840515,0.22008313238620758,0.31264838576316833,-0.09747062623500824,0.04104527086019516,0.32528436183929443,0.0007427154923789203,0.005488200578838587,0.8289636969566345,64,0.0293,0.0,4,0,5,1,6,1.0,,,,,,,0.11758129298686981,0.7467610239982605,2.2076635360717773,0.01738,,0.2708
432,100000,0.0,24,2,0.25,29.38,0.25,0.0010480848141014576,0.2080085277557373,0.2146872580051422,0.4743519127368927,-0.09929515421390533,0.05427735671401024,0.46250563859939575,0.0007100740331225097,0.005173448007553816,1.0962470769882202,64,0.0236,0.25,2,0,5,1,6,1.0,,,,,,,0.09057734906673431,0.7318140864372253,1.9744136333465576,0.0174,,0.2708
433,100000,0.0,24,2,0.1667,29.33,0.1667,0.0035311109386384487,0.16186067461967468,0.1455688625574112,0.41442763805389404,-0.09806594997644424,0.04684288427233696,0.41674163937568665,0.000733145687263459,0.004132366273552179,1.0190197229385376,64,0.0211,0.167,4,0,4,1,6,1.0,,,,,,,0.09623557329177856,0.7648231387138367,2.046539306640625,0.01742,,0.2708
434,100000,0.0,24,2,0.0,29.5,0.0,0.0026503410190343857,0.21397393941879272,0.21677397191524506,0.388730525970459,-0.09791042655706406,0.03399500995874405,0.41685765981674194,0.0006794510409235954,0.0035865323152393103,1.0013328790664673,64,0.0268,0.0,3,0,4,2,7,0.857,0.048,0.2492,0.083,1,39,5,0.09778009355068207,0.6509988903999329,2.0570428371429443,0.01743,0.0625,0.2708
435,100000,0.0,24,2,0.1667,30.0,0.1667,0.0053465538658201694,0.22140255570411682,0.2147929072380066,0.3061695694923401,-0.0990687757730484,0.03644536808133125,0.3277939558029175,0.0011813369346782565,0.00910729169845581,1.3371832370758057,64,0.0261,0.167,2,0,5,0,8,0.875,,,,,,,0.07408765703439713,0.767861545085907,2.1557743549346924,0.01742,,0.2708
436,100000,0.0,24,2,0.25,29.75,0.25,0.0020641039591282606,0.19138427078723907,0.18801331520080566,0.4062613248825073,-0.09847670048475266,0.04257015511393547,0.41782963275909424,0.0009720801608636975,0.0035361573100090027,0.8183575868606567,64,0.0316,0.25,2,0,5,1,6,0.833,,,,,,,0.12033456563949585,0.6369047164916992,2.0600051879882812,0.01739,,0.2708
437,100000,0.0,24,2,0.0,30.0,0.0,0.0012549386592581868,0.2082521617412567,0.20252825319766998,0.7452120184898376,-0.09782181680202484,0.042564958333969116,0.7560126781463623,0.0008133174851536751,0.003782557090744376,0.9581723213195801,64,0.0356,0.0,3,0,5,0,8,0.875,,,,,,,0.10209208726882935,0.6379138231277466,1.945420503616333,0.0174,,0.2708
438,100000,0.0,24,2,0.3333,30.0,0.3333,0.0016291768988594413,0.2129071205854416,0.21432623267173767,0.286325067281723,-0.09937401115894318,0.02831859514117241,0.3256533741950989,0.0007391537656076252,0.006817026995122433,1.1484988927841187,64,0.0236,0.333,2,0,4,0,8,0.5,,,,,,,0.08652511984109879,0.7020713686943054,2.179401159286499,0.01738,,0.2708
439,100000,0.0,24,2,0.0,30.0,0.0,0.0050751324743032455,0.2606757581233978,0.26875239610671997,0.4519334137439728,-0.09973548352718353,0.06506098806858063,0.41948309540748596,0.0009293847833760083,0.0041277059353888035,0.7249046564102173,64,0.0256,0.0,1,0,8,0,7,1.0,,,,,,,0.13758428394794464,0.7580989599227905,2.0217320919036865,0.01739,,0.2708
440,100000,0.0,24,2,0.0,29.88,0.0,0.006010265089571476,0.19373396039009094,0.19268015027046204,0.37910398840904236,-0.09867820143699646,0.05190547555685043,0.37214186787605286,0.001164959161542356,0.0036587074864655733,1.0362435579299927,64,0.0162,0.0,4,0,6,2,4,0.75,,,,,,,0.09522683918476105,0.6662190556526184,2.0976805686950684,0.01734,,0.2708
441,100000,0.0,24,2,0.125,30.0,0.125,0.0025586059782654047,0.18500517308712006,0.18608829379081726,0.42072439193725586,-0.09806738048791885,0.05018200725317001,0.41678667068481445,0.0009228387498296797,0.0032821812201291323,0.9159704446792603,64,0.0252,0.125,1,0,6,1,7,1.0,0.0595,0.3314,0.062,0,37,8,0.10706391930580139,0.6901986598968506,2.06394624710083,0.01734,0.0625,0.2708
442,100000,0.0,24,2,0.0,30.0,0.0,0.0028173262253403664,0.2056984156370163,0.20901165902614594,0.45049867033958435,-0.09605242311954498,0.08536484092473984,0.3717579245567322,0.0009429493220523,0.008126950822770596,1.0437902212142944,64,0.0352,0.0,3,0,6,0,7,0.714,,,,,,,0.09202273190021515,0.7122715711593628,2.1129488945007324,0.01731,,0.2708
443,100000,0.0,24,2,0.0,29.17,0.0,0.003062004689127207,0.20154312252998352,0.20060235261917114,0.41016077995300293,-0.0994553193449974,0.04500696063041687,0.4167049527168274,0.0007928195991553366,0.005794441793113947,0.6867204904556274,64,0.0523,0.0,3,0,4,2,7,1.0,,,,,,,0.1448264867067337,0.6896335482597351,2.0404982566833496,0.01734,,0.2708
444,100000,0.0,24,2,0.0,29.5,0.0,0.001963097369298339,0.21941092610359192,0.21733367443084717,0.31148776412010193,-0.09922920912504196,0.04138382524251938,0.3253512382507324,0.0007144887349568307,0.0051961662247776985,1.242091417312622,64,0.024,0.125,2,1,6,1,6,1.0,,,,,,,0.07988880574703217,0.7438666224479675,2.1686339378356934,0.01733,,0.2708
445,100000,0.0,24,2,0.0,30.0,0.0,0.0009394888766109943,0.16859231889247894,0.1674754023551941,0.33323943614959717,-0.09131418913602829,0.04867800325155258,0.3256920576095581,0.0009720440139062703,0.003011126536875963,1.449231743812561,64,0.03,0.0,3,0,7,0,6,1.0,,,,,,,0.06300869584083557,0.7324613928794861,2.1976945400238037,0.01735,,0.2708
446,100000,0.0,24,2,0.0,29.8,0.0,0.001430621836334467,0.2036711573600769,0.20791418850421906,0.34900277853012085,-0.09960831701755524,0.03560127317905426,0.37546706199645996,0.0008080353727564216,0.0038829827681183815,1.0069855451583862,64,0.0296,0.0,3,0,4,1,8,0.875,,,,,,,0.09891732782125473,0.6785303950309753,2.103468894958496,0.01736,,0.2708
447,100000,0.0,24,2,0.2857,29.71,0.2857,0.0024635745212435722,0.21172557771205902,0.20302942395210266,0.49024906754493713,-0.0998188927769661,0.057806313037872314,0.4719913899898529,0.0010835600551217794,0.0049278512597084045,0.6693101525306702,64,0.0343,0.429,1,1,2,2,8,0.75,,,,,,,0.1491369754076004,0.6684271097183228,2.03482723236084,0.01735,,0.2708
448,100000,0.0,24,2,0.125,30.0,0.125,0.00108916696626693,0.16658008098602295,0.16357362270355225,0.4971233904361725,-0.09699462354183197,0.06831854581832886,0.45515313744544983,0.0009204242378473282,0.004655517637729645,1.3007628917694092,64,0.036,0.25,3,1,6,0,5,1.0,0.0497,0.3056,0.125,1,35,7,0.07456748932600021,0.6560685634613037,2.0128722190856934,0.01731,0.1042,0.2708
449,100000,0.0,24,2,0.3333,30.0,0.3333,0.0015698459465056658,0.20694759488105774,0.21173758804798126,0.6461559534072876,-0.09297168254852295,0.18258759379386902,0.3711097538471222,0.0011826982954517007,0.005685360170900822,1.0788357257843018,64,0.0176,0.333,2,0,4,0,8,0.75,,,,,,,0.08617779612541199,0.7754834890365601,2.1554970741271973,0.01736,,0.2708
450,100000,0.0,24,2,0.2222,30.0,0.2222,0.0016281798016279936,0.22364363074302673,0.2213861048221588,0.371904581785202,-0.09546695649623871,0.06979897618293762,0.325270414352417,0.0011047502048313618,0.005006358493119478,1.131969690322876,64,0.0288,0.222,1,0,7,0,6,0.833,,,,,,,0.0843370258808136,0.7473819255828857,2.211921215057373,0.01735,,0.2708
451,100000,0.0,24,2,0.0,30.0,0.0,0.001104944385588169,0.2187516689300537,0.21895405650138855,0.40578243136405945,-0.09845104068517685,0.0658741146326065,0.3710096478462219,0.0014566868776455522,0.0029512217734009027,1.277793526649475,64,0.0228,0.0,3,0,5,1,7,1.0,,,,,,,0.0770476832985878,0.7123448848724365,2.1160073280334473,0.01736,,0.2708
452,100000,0.0,24,2,0.0,29.8,0.0,0.001970734680071473,0.23633886873722076,0.23085492849349976,0.4889777898788452,-0.09589549899101257,0.08250552415847778,0.41684824228286743,0.0008736008894629776,0.006028019357472658,0.985282838344574,64,0.0278,0.0,2,0,4,1,9,0.778,,,,,,,0.09732788056135178,0.7685374021530151,2.0702924728393555,0.01734,,0.2708
453,100000,0.0,24,2,0.0,29.38,0.0,0.002048982074484229,0.23689964413642883,0.23467935621738434,0.42338839173316956,-0.09615442156791687,0.027111392468214035,0.46256306767463684,0.0016239589313045144,0.005513917189091444,0.8279160857200623,64,0.0436,0.0,0,0,4,4,8,0.75,,,,,,,0.11614030599594116,0.7059406042098999,1.940322995185852,0.0173,,0.2708
454,100000,0.0,24,2,0.1111,29.89,0.1111,0.002112841699272394,0.21510063111782074,0.2141425460577011,0.3891136050224304,-0.09664261341094971,0.040000252425670624,0.4038432836532593,0.0009971890831366181,0.0038248354103416204,0.7927526235580444,64,0.0345,0.111,3,0,6,2,4,0.75,,,,,,,0.12190766632556915,0.7688078284263611,2.0558576583862305,0.01728,,0.2708
455,100000,0.0,24,2,0.25,30.0,0.25,0.0019389957888051867,0.19755291938781738,0.20048674941062927,0.3556573987007141,-0.09462551772594452,0.06154109165072441,0.3252960443496704,0.0007919563795439899,0.003809368470683694,1.4422470331192017,64,0.0362,0.25,3,0,5,1,5,1.0,0.0458,0.2616,0.125,1,38,4,0.06560978293418884,0.7173662185668945,2.1859655380249023,0.01725,0.1042,0.2708
456,100000,0.0,24,2,0.0,30.0,0.0,0.001173697179183364,0.24159139394760132,0.23985649645328522,0.36154988408088684,-0.09810036420822144,0.04338476061820984,0.3709847331047058,0.0008168991771526635,0.003791973926126957,1.0191218852996826,64,0.0273,0.0,3,0,4,0,9,1.0,,,,,,,0.0962596982717514,0.7130789160728455,2.1230995655059814,0.01728,,0.2708
457,100000,0.0,24,2,0.0,29.33,0.0,0.001649061101488769,0.22821831703186035,0.21978816390037537,0.35864970088005066,-0.09911038726568222,0.04256542772054672,0.371011883020401,0.0009082067408598959,0.0032346558291465044,1.0951460599899292,64,0.0257,0.0,1,0,4,2,9,0.889,,,,,,,0.09049969911575317,0.6230229735374451,2.1298723220825195,0.01729,,0.2708
458,100000,0.0,24,2,0.1111,30.0,0.1111,0.0008243137272074819,0.19261468946933746,0.19354259967803955,0.5566846132278442,-0.09384313225746155,0.0920165628194809,0.46301203966140747,0.0009243694366887212,0.006965144071727991,1.2084659337997437,64,0.0252,0.111,1,0,8,0,6,0.667,,,,,,,0.07765476405620575,0.7659950256347656,1.9552463293075562,0.01723,,0.2708
459,100000,0.0,24,2,0.1429,29.57,0.1429,0.0017053848132491112,0.24953027069568634,0.24837377667427063,0.41426774859428406,-0.09303596615791321,0.04340891167521477,0.41737931966781616,0.0010749101638793945,0.00621313601732254,1.4371445178985596,64,0.0444,0.143,2,0,5,1,7,1.0,,,,,,,0.06473667919635773,0.6901275515556335,2.0564839839935303,0.01724,,0.2708
460,100000,0.0,24,2,0.5,30.0,0.5,0.001027657650411129,0.209493488073349,0.2119188904762268,0.6328974962234497,-0.09655869007110596,0.053722210228443146,0.6189525127410889,0.0007088290876708925,0.006118556950241327,1.052138090133667,64,0.0343,0.5,3,0,3,0,7,0.571,,,,,,,0.09177377820014954,0.7848920226097107,2.047956705093384,0.01725,,0.2708
461,100000,0.0,24,2,0.0,30.0,0.0,0.001929510268382728,0.18928125500679016,0.18182373046875,0.4666768014431,-0.0988360047340393,0.050815001130104065,0.4623381495475769,0.00092021917225793,0.0030893096700310707,0.7647565603256226,64,0.035,0.0,4,0,3,0,9,0.889,,,,,,,0.12923851609230042,0.6658345460891724,2.0029094219207764,0.01728,,0.2708
462,100000,0.0,24,2,0.125,29.75,0.125,0.0013270375784486532,0.19115538895130157,0.1945747435092926,0.3947450518608093,-0.09758968651294708,0.036575835198163986,0.41685616970062256,0.0008225807687267661,0.00465380260720849,0.8146324157714844,64,0.0242,0.125,3,0,7,0,5,1.0,0.0446,0.2936,0.333,1,26,6,0.11979597061872482,0.7119802236557007,2.039166212081909,0.01726,0.3125,0.3125
463,100000,0.0,24,2,0.0,29.0,0.0,0.008641984313726425,0.15901470184326172,0.1760590821504593,0.4160270690917969,-0.09876542538404465,0.04775146767497063,0.41710054874420166,0.0011085987789556384,0.004378023557364941,0.8122808337211609,64,0.0705,0.167,2,1,3,2,8,0.625,,,,,,,0.12159024178981781,0.7388647794723511,2.066063404083252,0.01723,,0.3125
464,100000,0.0,24,2,0.0,30.0,0.0,0.0019551499281078577,0.1986730396747589,0.1970359981060028,0.3497861921787262,-0.09783624857664108,0.05966287851333618,0.32530349493026733,0.0008587448974139988,0.005986364558339119,1.5899595022201538,64,0.0246,0.0,1,0,6,1,8,0.75,,,,,,,0.06153379753232002,0.7528361082077026,2.2103078365325928,0.01723,,0.3125
465,100000,0.0,24,2,0.0,30.0,0.0,0.0033112047240138054,0.1994718313217163,0.19542688131332397,0.34383171796798706,-0.09863066673278809,0.0344729870557785,0.3712327480316162,0.0011708084493875504,0.004567303694784641,1.0748955011367798,64,0.0329,0.25,4,1,3,0,8,0.875,,,,,,,0.0917583703994751,0.7280060648918152,2.1077945232391357,0.01724,,0.3125
466,100000,0.0,24,2,0.3333,30.0,0.3333,0.0009053398389369249,0.17184118926525116,0.177682563662529,0.42747941613197327,-0.09587794542312622,0.05238057300448418,0.416775107383728,0.0009364235447719693,0.0036421928089112043,0.9039174318313599,64,0.022,0.333,4,0,2,0,9,1.0,,,,,,,0.10606937110424042,0.7260202169418335,2.065549850463867,0.01727,,0.3125
467,100000,0.0,24,2,0.0,30.0,0.0,0.0014226844068616629,0.2248988002538681,0.2268829494714737,0.5098875761032104,-0.09618771076202393,0.08142906427383423,0.44125545024871826,0.0007192865014076233,0.003923447337001562,0.8182603716850281,64,0.0301,0.125,1,1,7,0,7,1.0,,,,,,,0.11755147576332092,0.707412600517273,2.096813917160034,0.01726,,0.3125
468,100000,0.0,24,2,0.1667,30.0,0.1667,0.003489721566438675,0.20588499307632446,0.19998303055763245,0.2854505777359009,-0.09533253312110901,0.026740361005067825,0.3253210484981537,0.000853695732075721,0.003962713293731213,1.5126746892929077,64,0.0262,0.167,0,0,5,0,10,0.8,,,,,,,0.06302249431610107,0.7009929418563843,2.2110848426818848,0.01728,,0.3125
469,100000,0.0,24,2,0.0,29.75,0.0,0.0019766949117183685,0.21017244458198547,0.21274980902671814,0.374647319316864,-0.09663768857717514,0.057650431990623474,0.352601557970047,0.001292328699491918,0.006765167694538832,1.3799508810043335,64,0.0332,0.0,3,0,6,2,5,0.8,0.0517,0.278,0.229,6,32,5,0.07002980262041092,0.6741236448287964,2.1195836067199707,0.01727,0.1042,0.3125
470,100000,0.0,24,2,0.0,28.88,0.0,0.001670111552812159,0.2259255051612854,0.2222520411014557,0.3347383737564087,-0.0978928953409195,0.05249142274260521,0.3252590298652649,0.000710535270627588,0.0047788298688828945,1.3544161319732666,64,0.0355,0.0,3,0,6,2,5,0.8,,,,,,,0.07227681577205658,0.7375880479812622,2.1991963386535645,0.01723,,0.3125
471,100000,0.0,24,2,0.1111,29.78,0.1111,0.0020627675112336874,0.2177778035402298,0.2223299741744995,0.3660885691642761,-0.09831614792346954,0.02245049923658371,0.4166719615459442,0.0008658788283355534,0.005663525313138962,0.8418645262718201,64,0.0384,0.111,1,0,7,1,6,0.833,,,,,,,0.11678382754325867,0.8011900186538696,2.0643718242645264,0.01722,,0.3125
472,100000,0.0,24,2,0.0,29.75,0.0,0.0012499509612098336,0.20202705264091492,0.19739767909049988,0.5038076043128967,-0.09738171100616455,0.0682394802570343,0.4626198410987854,0.0007639070390723646,0.0041809999383986,1.046505331993103,64,0.0307,0.0,1,0,5,3,7,1.0,,,,,,,0.09305419772863388,0.7180206775665283,1.9968239068984985,0.0172,,0.3125
473,100000,0.0,24,2,0.0,30.0,0.0,0.0031254105269908905,0.23681606352329254,0.2367778867483139,0.43418118357658386,-0.09965991228818893,0.05239710956811905,0.4267333447933197,0.0008937491802498698,0.004627059679478407,0.8477408289909363,64,0.0363,0.0,6,0,5,0,5,0.8,,,,,,,0.11755941063165665,0.6626487970352173,2.0425832271575928,0.01716,,0.3125
474,100000,0.0,24,2,0.25,30.0,0.25,0.005302097648382187,0.25040513277053833,0.2603045701980591,0.30344250798225403,-0.0998338907957077,0.037641774863004684,0.3259473443031311,0.0011043372796848416,0.004091034177690744,1.503608226776123,64,0.025,0.375,2,1,5,0,6,0.833,,,,,,,0.06639620661735535,0.796273410320282,2.1428141593933105,0.01714,,0.3125
475,100000,0.0,24,2,0.0,29.78,0.0,0.0014762532664462924,0.22244390845298767,0.2149152159690857,0.4771689474582672,-0.09757311642169952,0.07711449265480042,0.4168066680431366,0.0009704374824650586,0.007412849459797144,1.0618834495544434,64,0.0469,0.111,1,1,6,2,6,1.0,,,,,,,0.09188683331012726,0.8745594024658203,2.089205026626587,0.0171,,0.3125
476,100000,0.0,24,2,0.1429,30.0,0.1429,0.0018725709524005651,0.2027926743030548,0.20067720115184784,0.37043341994285583,-0.09666603058576584,0.04697301983833313,0.3709545135498047,0.0009743434493429959,0.004397801589220762,0.8134466409683228,64,0.0246,0.143,3,0,6,0,6,1.0,0.0452,0.2206,0.146,1,36,5,0.11883510649204254,0.7200077772140503,2.151893138885498,0.0171,0.125,0.3125
477,100000,0.0,24,2,0.2857,29.57,0.2857,0.001852158224210143,0.23518285155296326,0.23260021209716797,0.2993471026420593,-0.09484472870826721,0.03346934914588928,0.3253214955329895,0.0009873941307887435,0.0038632669020444155,2.3433940410614014,64,0.0249,0.286,2,0,4,1,7,1.0,,,,,,,0.040473226457834244,0.6757454872131348,2.1948280334472656,0.0171,,0.3125
478,100000,0.0,24,2,0.125,30.0,0.125,0.0020888550207018852,0.1887895166873932,0.1940469592809677,0.3644111752510071,-0.09892598539590836,0.06806764006614685,0.32529371976852417,0.0010495723690837622,0.003816292155534029,1.88459050655365,64,0.031,0.125,0,0,7,0,8,0.75,,,,,,,0.05249202996492386,0.7558154463768005,2.1884613037109375,0.01709,,0.3125
479,100000,0.0,24,2,0.0,29.7,0.0,0.0016814740374684334,0.19107027351856232,0.19463816285133362,0.32207226753234863,-0.09901776164770126,0.045720916241407394,0.3278336822986603,0.0016621636459603906,0.0036290560383349657,1.2718027830123901,64,0.0422,0.0,2,0,8,2,4,1.0,,,,,,,0.07785622030496597,0.6561034917831421,2.1763806343078613,0.01708,,0.3125
480,100000,0.0,24,2,0.0,30.0,0.0,0.0015665087848901749,0.23365351557731628,0.23711183667182922,0.31104639172554016,-0.0985221192240715,0.04053637757897377,0.32595109939575195,0.0008828822174109519,0.005089351907372475,1.06857168674469,64,0.0402,0.0,4,0,5,0,7,0.857,,,,,,,0.09219981729984283,0.7408677935600281,2.1945433616638184,0.01711,,0.3125
481,100000,0.0,24,2,0.0,30.0,0.0,0.0007691254140809178,0.21947979927062988,0.21981297433376312,0.3972184658050537,-0.09862105548381805,0.060889434069395065,0.37105947732925415,0.0006831946084275842,0.006002386566251516,1.2460733652114868,64,0.0274,0.0,3,0,5,1,7,0.857,,,,,,,0.07914546132087708,0.7351961135864258,2.145925283432007,0.01709,,0.3125
482,100000,0.0,24,2,0.25,29.75,0.25,0.0028247262816876173,0.18719780445098877,0.19024384021759033,0.3344360291957855,-0.09822840988636017,0.03003089688718319,0.3709281086921692,0.0007415626896545291,0.003349060658365488,1.122084617614746,64,0.0253,0.25,1,0,3,0,11,1.0,,,,,,,0.08754099160432816,0.6255813241004944,2.129021167755127,0.01711,,0.3125
483,100000,0.0,24,2,0.2222,30.0,0.2222,0.0016745562897995114,0.1845237910747528,0.1950201392173767,0.37406468391418457,-0.09507447481155396,0.04791627451777458,0.37103742361068726,0.0008378960192203522,0.0045383768156170845,1.18549644947052,64,0.0244,0.222,1,0,7,0,6,0.833,0.0454,0.3235,0.208,3,33,5,0.08019803464412689,0.6360300779342651,2.1040380001068115,0.01709,0.1458,0.3125
484,100000,0.0,24,2,0.0,30.0,0.0,0.0025566723197698593,0.19596534967422485,0.18633799254894257,1.000463843345642,-0.09762981534004211,0.057220458984375,0.9805017709732056,0.0011819525389000773,0.006301966495811939,1.0546547174453735,64,0.022,0.0,6,0,5,0,5,0.4,,,,,,,0.09257040172815323,0.6942526698112488,1.850919485092163,0.01705,,0.3125
485,100000,0.0,24,2,0.0,30.0,0.0,0.0018013681983575225,0.22747284173965454,0.2257293462753296,0.3869331479072571,-0.09526871889829636,0.03153103590011597,0.4171130657196045,0.0008916592341847718,0.0040534501895308495,1.0670355558395386,64,0.0199,0.0,1,0,8,0,7,1.0,,,,,,,0.0892835408449173,0.6714443564414978,1.979670763015747,0.01701,,0.3125
486,100000,0.0,24,2,0.0,28.71,0.0,0.0040374454110860825,0.23605820536613464,0.2190214842557907,0.3136739134788513,-0.09377807378768921,0.017360124737024307,0.37103939056396484,0.0007651027990505099,0.003384732874110341,1.2065094709396362,64,0.0367,0.143,3,1,4,2,6,0.833,,,,,,,0.07772676646709442,0.658751904964447,2.11710262298584,0.01699,,0.3125
487,100000,0.0,24,2,0.2222,30.0,0.2222,0.0015563685446977615,0.20158210396766663,0.20620644092559814,0.5201563835144043,-0.09848377853631973,0.0994378849864006,0.4173355996608734,0.0010433540446683764,0.004857526160776615,1.2989180088043213,64,0.0239,0.333,1,1,6,0,6,1.0,,,,,,,0.07581984996795654,0.770159125328064,2.0393927097320557,0.01696,,0.3125
488,100000,0.0,24,2,0.1429,29.14,0.1429,0.0047000315971672535,0.24641087651252747,0.24575796723365784,0.4818252921104431,-0.09910838305950165,0.10363827645778656,0.37118616700172424,0.0007154858903959394,0.004941956140100956,1.18083655834198,64,0.0353,0.143,1,0,5,1,8,0.875,,,,,,,0.08393065631389618,0.742365837097168,2.1250104904174805,0.01697,,0.3125
489,100000,0.0,24,2,0.3333,29.83,0.3333,0.0021206361707299948,0.2646425664424896,0.2646542489528656,0.4475448727607727,-0.0983666181564331,0.05003127455711365,0.44394099712371826,0.0006768835010007024,0.0038159063551574945,1.1732219457626343,64,0.0234,0.333,4,0,4,0,6,1.0,,,,,,,0.08384314924478531,0.8015655279159546,1.9579041004180908,0.01698,,0.3125
490,100000,0.0,24,2,0.4,29.4,0.4,0.0015460257418453693,0.17943233251571655,0.180192768573761,0.5507246255874634,-0.09756460785865784,0.09119065850973129,0.4638258218765259,0.0013477291213348508,0.004164245445281267,0.8948990106582642,64,0.0362,0.4,2,0,2,1,9,1.0,0.043,0.2866,0.208,1,32,6,0.10902301967144012,0.7863761186599731,1.9809786081314087,0.01704,0.1875,0.3125
491,100000,0.0,24,2,0.2,30.0,0.2,0.0014736285666003823,0.2124503254890442,0.21374046802520752,0.4119146466255188,-0.09758808463811874,0.04503365978598595,0.41668733954429626,0.0009391345083713531,0.0054961615242064,1.1689746379852295,64,0.0205,0.2,4,0,4,0,7,0.857,,,,,,,0.08348178118467331,0.8785383701324463,2.0734424591064453,0.01708,,0.3125
492,100000,0.0,24,2,0.0,29.4,0.0,0.0015104587655514479,0.2036975473165512,0.20186732709407806,0.34831762313842773,-0.09707935899496078,0.05882742628455162,0.32572174072265625,0.001101708854548633,0.004040790256112814,1.4123276472091675,64,0.025,0.0,1,0,4,1,10,1.0,,,,,,,0.06873713433742523,0.8492705225944519,2.1984047889709473,0.01706,,0.3125
493,100000,0.0,24,2,0.0,30.0,0.0,0.0013179064262658358,0.1689758598804474,0.17013204097747803,0.4099278450012207,-0.09738406538963318,0.06643873453140259,0.3725946843624115,0.0009065388585440814,0.0036795123014599085,1.7442339658737183,64,0.0284,0.167,4,1,5,0,6,0.833,,,,,,,0.05583200603723526,0.7645019292831421,2.0708165168762207,0.01705,,0.3125
494,100000,0.0,24,2,0.0,29.71,0.0,0.0025896932929754257,0.1814013570547104,0.19015800952911377,0.550680935382843,-0.0978342667222023,0.13718608021736145,0.3710753321647644,0.0010456995805725455,0.006135374773293734,0.8934168815612793,64,0.0262,0.0,3,0,6,1,6,1.0,,,,,,,0.10950573533773422,0.742926836013794,2.0960404872894287,0.01704,,0.3125
495,100000,0.0,24,2,0.0,29.0,0.0,0.0022778750862926245,0.1868528127670288,0.18461552262306213,0.3296052813529968,-0.09890979528427124,0.05045420676469803,0.3255319893360138,0.0007321274606510997,0.00414930609986186,0.9346098303794861,64,0.0595,0.0,2,0,3,2,9,0.778,,,,,,,0.10583004355430603,0.694347620010376,2.173490285873413,0.01703,,0.3125
496,100000,0.0,24,2,0.0,30.0,0.0,0.0015005881432443857,0.18621182441711426,0.1847413331270218,0.4246091842651367,-0.09430347383022308,0.04903123900294304,0.4167443811893463,0.000871023687068373,0.008211606182157993,1.2453863620758057,64,0.0223,0.0,4,0,4,0,8,0.875,,,,,,,0.07572226971387863,0.8005893230438232,2.072162389755249,0.01702,,0.3125
497,100000,0.0,24,2,0.1429,29.57,0.1429,0.0015633122529834509,0.1561870276927948,0.1625046730041504,0.4500928521156311,-0.09450852870941162,0.06294167041778564,0.41678911447525024,0.0011513453209772706,0.003857846837490797,0.9244531989097595,64,0.0271,0.143,2,0,4,2,7,0.857,0.0454,0.26,0.146,3,40,1,0.10223181545734406,0.7153982520103455,2.046724796295166,0.01704,0.0833,0.3125
498,100000,0.0,24,2,0.0,29.67,0.0,0.0022609832230955362,0.2196122258901596,0.22556336224079132,0.42042893171310425,-0.09848979115486145,0.04012959823012352,0.4354550838470459,0.000896935467608273,0.006408875808119774,0.6869181990623474,64,0.0213,0.0,2,0,8,1,5,1.0,,,,,,,0.14337921142578125,0.6706904172897339,1.9895364046096802,0.01698,,0.3125
499,100000,0.0,24,2,0.0,30.0,0.0,0.0017796867759898305,0.2196289449930191,0.220137357711792,0.47679343819618225,-0.09795574843883514,0.07785828411579132,0.41670671105384827,0.0011546553578227758,0.004651859402656555,0.8731102347373962,64,0.0479,0.0,2,0,5,0,9,0.667,,,,,,,0.11219173669815063,0.7878580093383789,2.057666301727295,0.01695,,0.3125
