iter,buffer,beta,ei_hi,ei_lo,roll_succ,roll_len,roll_ret,critic_loss,q_mean,target_mean,actor_loss,pg_loss,bc_loss,grip_loss,aux_c,aux_a,lam,n_expert,roll_min_pos,roll_close,roll_skip,roll_miss,roll_timeout,roll_fail,exp_kept,exp_succ,eval_min_pos,eval_min_rot,eval_close,eval_miss,eval_timeout,eval_fail,q_pi,a_absmean,grip_logit,buf_pos,eval_succ,best_succ
0,334,0.5,24,22,0.6667,29.83,0.6667,0.007272404618561268,0.4026842415332794,0.4125998914241791,0.5467121601104736,-0.10000000894069672,0.07301775366067886,0.48675772547721863,0.00861594919115305,0.02783787250518799,0.24715347588062286,64,0.0164,0.667,5,0,2,0,5,0.6,,,,,,,0.4046069085597992,0.6101398468017578,2.021153450012207,0.02096,,-1.0
1,703,0.4921,24,22,0.0,30.0,0.0,0.005256542470306158,0.4498625099658966,0.4564100503921509,0.4276852011680603,-0.0999879539012909,0.06453418731689453,0.3883991241455078,0.006692958064377308,0.02041132189333439,0.2503708004951477,64,0.0204,0.0,4,0,3,0,9,1.0,,,,,,,0.39935946464538574,0.6526294946670532,2.005258560180664,0.02276,,-1.0
2,1063,0.4841,24,22,0.25,29.75,0.25,0.0089520663022995,0.4529387950897217,0.43011483550071716,0.5460587739944458,-0.10000000149011612,0.03806363791227341,0.558468759059906,0.007470693904906511,0.02292543649673462,0.23597589135169983,64,0.0146,0.25,4,0,2,1,8,0.875,,,,,,,0.42377209663391113,0.6278992891311646,2.0303425788879395,0.02258,,-1.0
3,1522,0.4762,24,22,0.0,30.0,0.0,0.004564120899885893,0.4384988844394684,0.439064621925354,0.4535278081893921,-0.09986074268817902,0.057029854506254196,0.4273291826248169,0.004419787786900997,0.023999346420168877,0.2575463056564331,64,0.0061,0.0,1,0,6,0,9,0.889,,,,,,,0.387738972902298,0.6055259704589844,1.9425268173217773,0.02102,,-1.0
4,1946,0.4683,24,21,0.3,30.0,0.3,0.005397654138505459,0.4037005305290222,0.4197601079940796,0.609609842300415,-0.0999474823474884,0.04120570421218872,0.6201056241989136,0.004240262787789106,0.014080469496548176,0.2503727078437805,64,0.0104,0.3,2,0,7,0,4,1.0,,,,,,,0.3991948068141937,0.6068270206451416,1.8190090656280518,0.02004,,-1.0
5,2369,0.4603,24,21,0.0,29.62,0.0,0.008853933773934841,0.4226895272731781,0.4201766848564148,0.33050790429115295,-0.09910311549901962,0.02337183617055416,0.373476505279541,0.006605103146284819,0.018781645223498344,0.2962678372859955,64,0.014,0.0,2,0,7,1,6,0.833,,,,,,,0.3345051407814026,0.6573255062103271,2.048379898071289,0.01857,,-1.0
6,2815,0.4524,24,21,0.0,30.0,0.0,0.00432549649849534,0.3696194887161255,0.36411815881729126,0.46202552318573,-0.09959690272808075,0.07023962587118149,0.407955139875412,0.0065628779120743275,0.02637604810297489,0.29722410440444946,64,0.0135,0.0,1,0,7,0,8,0.875,,,,,,,0.3350902795791626,0.5609289407730103,1.7545374631881714,0.01812,,-1.0
7,3268,0.4444,24,21,0.6667,30.0,0.6667,0.004710189066827297,0.3438265919685364,0.3385504484176636,0.4353392720222473,-0.09995858371257782,0.026365742087364197,0.4731060266494751,0.004260300192981958,0.018920673057436943,0.27396252751350403,64,0.0156,0.667,1,0,1,0,12,0.75,0.1319,0.8901,0.062,2,44,1,0.36486226320266724,0.6789166331291199,2.0527327060699463,0.01897,0.0208,0.0208
8,3715,0.4365,24,21,0.0,29.25,0.0,0.0020722586195915937,0.3908386528491974,0.4001710116863251,0.43818649649620056,-0.09998263418674469,0.02576805278658867,0.479000985622406,0.0027825527358800173,0.015264097601175308,0.3294220268726349,64,0.0085,0.0,1,0,7,1,7,0.714,,,,,,,0.30350926518440247,0.6259267330169678,1.9935286045074463,0.01803,,0.0208
9,4167,0.4286,24,21,0.0,30.0,0.0,0.004031920339912176,0.3694692850112915,0.38823169469833374,0.5495533347129822,-0.09878198802471161,0.032434266060590744,0.5766880512237549,0.004248604644089937,0.01355740800499916,0.34319737553596497,64,0.0082,0.0,1,0,11,0,4,0.5,,,,,,,0.2878285050392151,0.6413354873657227,2.0371999740600586,0.01656,,0.0208
10,4624,0.4206,24,21,0.0,30.0,0.0,0.005370517261326313,0.38843709230422974,0.37588733434677124,0.3781294822692871,-0.09976345300674438,0.028246603906154633,0.41499248147010803,0.002377449767664075,0.012814538553357124,0.3127862513065338,64,0.0108,0.0,1,0,7,0,8,0.875,,,,,,,0.318950891494751,0.652370035648346,2.074169635772705,0.01644,,0.0208
11,4986,0.4127,24,21,0.0,30.0,0.0,0.0028824538458138704,0.320116251707077,0.3190399408340454,0.44669705629348755,-0.09942998737096786,0.021342944353818893,0.4949066936969757,0.003771487157791853,0.017068937420845032,0.3991302251815796,64,0.0087,0.0,4,0,7,0,5,0.6,,,,,,,0.2491166591644287,0.5690345764160156,1.820950984954834,0.01584,,0.0208
12,5321,0.4048,24,20,0.0,30.0,0.0,0.006186411716043949,0.3360206186771393,0.3417071998119354,0.42789456248283386,-0.09936290234327316,0.022025074809789658,0.4727941155433655,0.0056501212529838085,0.02082640677690506,0.38721275329589844,64,0.0089,0.0,5,0,6,0,5,0.8,,,,,,,0.256610631942749,0.6532137393951416,1.9601598978042603,0.0156,,0.0208
13,5685,0.3968,24,20,0.0,30.0,0.0,0.0020433375611901283,0.3390921950340271,0.3432692885398865,0.4783652722835541,-0.09960375726222992,0.020838573575019836,0.5274978876113892,0.0018792819464579225,0.017587935552001,0.38022908568382263,64,0.0172,0.0,4,0,7,0,5,0.8,,,,,,,0.26195722818374634,0.6151134371757507,1.9645380973815918,0.0153,,0.0208
14,6081,0.3889,24,20,0.0,30.0,0.0,0.002263193018734455,0.3046056926250458,0.3001145124435425,0.34863463044166565,-0.09999999403953552,0.017431622371077538,0.4055567979812622,0.0024666946846991777,0.016429143026471138,0.43357744812965393,64,0.0247,0.0,3,0,7,0,6,0.833,0.1096,0.7702,0.021,0,45,2,0.23063930869102478,0.5871680974960327,1.9180059432983398,0.01513,0.0208,0.0208
15,6440,0.381,24,20,0.2,30.0,0.2,0.0034201086964458227,0.3338218927383423,0.3422969579696655,0.38317638635635376,-0.09971384704113007,0.020941369235515594,0.4332500696182251,0.0019455751171335578,0.015514831058681011,0.41026243567466736,64,0.0187,0.2,4,0,4,0,7,0.571,,,,,,,0.24304896593093872,0.5763348937034607,1.9228637218475342,0.01506,,0.0208
16,6800,0.373,24,20,0.0,28.0,0.0,0.0019261431880295277,0.3389296233654022,0.33091020584106445,0.441407710313797,-0.09859001636505127,0.02834760956466198,0.4774966239929199,0.0017500873655080795,0.01161177922040224,0.40448346734046936,64,0.0064,0.0,4,0,3,1,8,1.0,,,,,,,0.24374300241470337,0.558625340461731,1.9590576887130737,0.01544,,0.0208
17,7196,0.3651,24,20,0.0,29.25,0.0,0.004756517708301544,0.32545945048332214,0.31791719794273376,0.47403931617736816,-0.09944427013397217,0.018260817974805832,0.5318808555603027,0.00197378802113235,0.010162164457142353,0.43006792664527893,64,0.0201,0.0,3,0,3,1,9,1.0,,,,,,,0.23122923076152802,0.6479045152664185,2.069545030593872,0.01584,,0.0208
18,7616,0.3571,24,20,0.0,30.0,0.0,0.0030959388241171837,0.304058313369751,0.3056412935256958,0.34732091426849365,-0.09960974007844925,0.027471093460917473,0.38395828008651733,0.0024802933912724257,0.01606033183634281,0.4177071750164032,64,0.0182,0.0,2,0,7,0,7,0.857,,,,,,,0.23846784234046936,0.6144953966140747,2.0579946041107178,0.01576,,0.0208
19,8065,0.3492,24,19,0.3333,29.22,0.3333,0.003308346960693598,0.32374143600463867,0.33857932686805725,0.4068632125854492,-0.09592002630233765,0.052059512585401535,0.3909340798854828,0.00208666711114347,0.015460241585969925,0.4888131618499756,64,0.0215,0.333,1,0,5,1,6,1.0,,,,,,,0.1962304413318634,0.5793630480766296,1.9111186265945435,0.016,,0.0208
20,8520,0.3413,24,19,0.0,30.0,0.0,0.002624186920002103,0.3117287755012512,0.30637258291244507,1.0536106824874878,-0.09953559190034866,0.03474503010511398,1.0772639513015747,0.0012078852159902453,0.012784413062036037,0.4380858838558197,64,0.0168,0.0,1,0,9,0,6,0.833,,,,,,,0.22720566391944885,0.6589844226837158,1.937209963798523,0.01573,,0.0208
21,8948,0.3333,24,19,0.0,30.0,0.0,0.0030460646376013756,0.2797773480415344,0.27633345127105713,0.3603895902633667,-0.09954839199781418,0.013962239027023315,0.4244994819164276,0.0020486977882683277,0.01502808928489685,0.4358943998813629,64,0.0143,0.0,2,0,5,0,9,0.889,0.1145,0.7451,0.021,0,47,0,0.2283773124217987,0.6629194021224976,2.0628182888031006,0.01587,0.0208,0.0208
22,9338,0.3254,24,19,0.0,29.38,0.0,0.0018599431496113539,0.3330696225166321,0.3338806927204132,0.3260481655597687,-0.09377056360244751,0.01748386025428772,0.3777720332145691,0.0014647130155935884,0.014157970435917377,0.4775024354457855,64,0.0254,0.0,3,0,6,2,5,0.8,,,,,,,0.19637715816497803,0.6158148646354675,2.085193157196045,0.01564,,0.0208
23,9734,0.3175,24,19,0.0,30.0,0.0,0.003832027316093445,0.27825552225112915,0.27394020557403564,0.33501479029655457,-0.09634420275688171,0.03019564226269722,0.36498916149139404,0.0020169937051832676,0.011957132257521152,0.5040836334228516,64,0.029,0.0,3,0,7,0,6,0.833,,,,,,,0.19112741947174072,0.6377280950546265,2.084002733230591,0.01551,,0.0208
24,10131,0.3095,24,19,0.0,30.0,0.0,0.002552121179178357,0.3051646649837494,0.30016565322875977,0.4042682945728302,-0.09868036955595016,0.031200995668768883,0.4341634213924408,0.001280881930142641,0.012766491621732712,0.46905359625816345,64,0.0115,0.0,3,0,6,0,7,0.857,,,,,,,0.2103818655014038,0.6375436186790466,2.0609536170959473,0.0155,,0.0208
25,10559,0.3016,24,19,0.0,30.0,0.0,0.0016193875344470143,0.3144323527812958,0.32186028361320496,0.48801279067993164,-0.09769544750452042,0.02285623364150524,0.5352090001106262,0.0012184958904981613,0.009573518298566341,0.5380734801292419,64,0.0172,0.0,2,0,5,0,9,0.889,,,,,,,0.18156525492668152,0.6650877594947815,2.0060181617736816,0.01563,,0.0208
26,10983,0.2937,24,19,0.0,30.0,0.0,0.0033456357195973396,0.30111563205718994,0.2945275902748108,0.33296671509742737,-0.10000000894069672,0.013626446947455406,0.4007154703140259,0.001673567690886557,0.009996703825891018,0.46345338225364685,64,0.019,0.0,2,0,9,0,5,0.6,,,,,,,0.21577143669128418,0.6712068915367126,1.9502098560333252,0.0153,,0.0208
27,11440,0.2857,24,18,0.125,30.0,0.125,0.003175717080011964,0.3468399941921234,0.3465614914894104,0.5168795585632324,-0.09875181317329407,0.02016615867614746,0.5695762634277344,0.0016717921243980527,0.011445500887930393,0.5581017732620239,64,0.0161,0.125,1,0,7,0,7,0.857,,,,,,,0.17694231867790222,0.5582361221313477,1.9926642179489136,0.0153,,0.0208
28,11869,0.2778,24,18,0.0,30.0,0.0,0.0030968692153692245,0.29046788811683655,0.29426079988479614,0.375776082277298,-0.09179313480854034,0.031543366611003876,0.39897745847702026,0.001791451359167695,0.011010038666427135,0.5757858157157898,64,0.026,0.0,2,0,5,0,9,1.0,0.1533,0.6536,0.0,0,48,0,0.159422367811203,0.5886742472648621,2.035419225692749,0.0155,0.0,0.0208
29,12234,0.2698,24,18,0.1429,30.0,0.1429,0.0025179609656333923,0.285431832075119,0.283071368932724,0.42443186044692993,-0.09855709969997406,0.02527559921145439,0.46859145164489746,0.001114028855226934,0.0076926457695662975,0.5533336997032166,64,0.0123,0.143,4,0,6,0,5,1.0,,,,,,,0.1781151294708252,0.6826023459434509,1.9810402393341064,0.01553,,0.0208
30,12661,0.2619,24,18,0.0,30.0,0.0,0.0027891353238373995,0.314944326877594,0.305561363697052,0.3507048785686493,-0.09931303560733795,0.012478044256567955,0.4170277714729309,0.0011163208400830626,0.016068080440163612,0.534373939037323,64,0.0135,0.0,2,0,6,1,7,1.0,,,,,,,0.18584930896759033,0.6564384698867798,2.062708854675293,0.01556,,0.0208
31,13057,0.254,24,18,0.0,30.0,0.0,0.004136889707297087,0.273537814617157,0.2709261178970337,0.2864442765712738,-0.09643741697072983,0.02213015779852867,0.3327176570892334,0.002537756459787488,0.011807464063167572,0.45728403329849243,64,0.0399,0.0,3,0,5,0,8,0.875,,,,,,,0.2108917236328125,0.6514269709587097,2.157557487487793,0.01562,,0.0208
32,13547,0.246,24,18,0.1667,30.0,0.1667,0.0013893963769078255,0.2760898470878601,0.2834792733192444,0.34873294830322266,-0.09960897266864777,0.0291601475328207,0.3818528652191162,0.001337644294835627,0.01633751019835472,0.6355004906654358,64,0.023,0.167,0,0,5,0,10,0.8,,,,,,,0.15674099326133728,0.6637349128723145,2.181941509246826,0.01572,,0.0208
33,13969,0.2381,24,18,0.0,29.8,0.0,0.002019801177084446,0.36060774326324463,0.36463654041290283,0.3941933810710907,-0.09749108552932739,0.029252901673316956,0.42963069677352905,0.0017819574568420649,0.007095953915268183,0.501513659954071,64,0.046,0.0,2,0,9,1,4,0.75,,,,,,,0.19439366459846497,0.6597820520401001,2.125120162963867,0.01546,,0.0208
34,14396,0.2302,24,17,0.0,30.0,0.0,0.0022041744086891413,0.2695726156234741,0.272041916847229,0.37372204661369324,-0.09736497700214386,0.02395363710820675,0.41897743940353394,0.002141136210411787,0.008404619060456753,0.4676421582698822,64,0.0215,0.0,2,0,7,0,7,1.0,,,,,,,0.2082040160894394,0.6112359762191772,2.094143867492676,0.01549,,0.0208
35,14824,0.2222,24,17,0.0,30.0,0.0,0.0016137041384354234,0.25650644302368164,0.26226872205734253,0.5544052720069885,-0.09661763906478882,0.012836961075663567,0.6199853420257568,0.0008933989447541535,0.010727261193096638,0.5515763759613037,64,0.0334,0.0,2,0,6,0,8,0.875,0.1445,0.5573,0.0,0,48,0,0.17516639828681946,0.6873285174369812,2.0411791801452637,0.01552,0.0,0.0208
36,15281,0.2143,24,17,0.0,29.83,0.0,0.0017404071986675262,0.2543830871582031,0.25865280628204346,0.44458991289138794,-0.09919477254152298,0.018188923597335815,0.5027537941932678,0.000851116725243628,0.009306066669523716,0.6117957830429077,64,0.0347,0.0,1,0,5,1,9,0.889,,,,,,,0.16213706135749817,0.5730263590812683,2.0272998809814453,0.01557,,0.0208
37,15735,0.2063,24,17,0.0,30.0,0.0,0.0016985887195914984,0.33044856786727905,0.332358181476593,0.33493179082870483,-0.09612026810646057,0.014302491210401058,0.3956882357597351,0.001696351682767272,0.013517688028514385,0.6230835914611816,64,0.0233,0.0,1,0,10,0,5,0.6,,,,,,,0.15426544845104218,0.5563304424285889,2.066707134246826,0.01532,,0.0208
38,16154,0.1984,24,17,0.1667,29.67,0.1667,0.0012771915644407272,0.2971447706222534,0.29459458589553833,0.42090025544166565,-0.09865529835224152,0.02266021817922592,0.469541996717453,0.0009851844515651464,0.009386247023940086,0.5452697277069092,64,0.0331,0.167,2,0,4,1,8,0.75,,,,,,,0.18092936277389526,0.6236981153488159,2.004131317138672,0.01535,,0.0208
39,16611,0.1905,24,17,0.0,30.0,0.0,0.0013396141584962606,0.25527524948120117,0.2589811384677887,0.37022826075553894,-0.09552962332963943,0.02143717370927334,0.41738855838775635,0.0013832938857376575,0.010989991016685963,0.7972778081893921,64,0.0255,0.0,1,0,7,0,8,0.875,,,,,,,0.1198197454214096,0.5893038511276245,2.0760445594787598,0.01535,,0.0208
40,17032,0.1825,24,17,0.0,30.0,0.0,0.004068546928465366,0.26891377568244934,0.28861895203590393,0.35954663157463074,-0.0973784476518631,0.06021308898925781,0.3302655816078186,0.0010746667394414544,0.012466599233448505,0.778411328792572,64,0.0374,0.0,2,0,8,0,6,0.833,,,,,,,0.12509895861148834,0.6400420069694519,2.1915283203125,0.01527,,0.0208
41,17429,0.1746,24,17,0.0,30.0,0.0,0.0017989545594900846,0.33474335074424744,0.33481332659721375,0.30695468187332153,-0.09859060496091843,0.012725524604320526,0.3758280873298645,0.0020830549765378237,0.008532285690307617,0.7782279253005981,64,0.0226,0.0,3,0,6,0,7,1.0,,,,,,,0.12668603658676147,0.5446058511734009,2.102442741394043,0.01532,,0.0208
42,17824,0.1667,24,16,0.0,30.0,0.0,0.0012452080845832825,0.28127986192703247,0.2857140302658081,0.4397619962692261,-0.0890720933675766,0.02434912882745266,0.4750497043132782,0.0009188359254039824,0.010172238573431969,0.8284705281257629,64,0.0409,0.0,3,0,7,1,5,1.0,0.1249,0.518,0.0,0,48,0,0.1075139045715332,0.5815615057945251,2.0550384521484375,0.01526,0.0,0.0208
43,18190,0.1587,24,16,0.0,30.0,0.0,0.00237658922560513,0.2501303255558014,0.24195469915866852,0.4863443672657013,-0.09611193835735321,0.015936432406306267,0.5461173057556152,0.0016590707236900926,0.008932267315685749,0.5976835489273071,64,0.0225,0.0,4,0,6,0,6,1.0,,,,,,,0.16080740094184875,0.6533791422843933,1.9690886735916138,0.01528,,0.0208
44,18608,0.1508,24,16,0.0,29.67,0.0,0.0017015746561810374,0.2611681818962097,0.2655424475669861,0.4733456075191498,-0.09851376712322235,0.02171708457171917,0.5236080884933472,0.0010402188636362553,0.009634253568947315,0.6198678016662598,64,0.0356,0.0,2,0,10,2,2,1.0,,,,,,,0.1589270681142807,0.6361738443374634,2.0007376670837402,0.01505,,0.0208
45,19096,0.1429,24,16,0.0,30.0,0.0,0.0023290803655982018,0.29051750898361206,0.2902625799179077,0.5460056066513062,-0.09712059795856476,0.019454341381788254,0.5985838174819946,0.0009299684315919876,0.011267472989857197,0.8126668334007263,64,0.0406,0.0,0,0,8,0,8,0.875,,,,,,,0.11950850486755371,0.6500145792961121,2.1348824501037598,0.01503,,0.0208
46,19579,0.1349,24,16,0.0,29.92,0.0,0.001816584262996912,0.237419992685318,0.23341602087020874,0.3166954517364502,-0.09247733652591705,0.02162182703614235,0.3614528775215149,0.001086889416910708,0.008952518925070763,0.7589725255966187,64,0.0311,0.0,0,0,11,1,4,1.0,,,,,,,0.12184542417526245,0.7184328436851501,2.068678379058838,0.01486,,0.0208
47,20000,0.127,24,16,0.0,30.0,0.0,0.0018443812150508165,0.3230106234550476,0.3164462447166443,0.38050368428230286,-0.09613508731126785,0.04548782855272293,0.38165879249572754,0.0009708099532872438,0.008008641190826893,0.7209603190422058,64,0.0415,0.0,2,0,9,0,5,1.0,,,,,,,0.13334311544895172,0.620643675327301,2.059253215789795,0.0148,,0.0208
48,20000,0.119,24,16,0.1667,29.83,0.1667,0.001891105785034597,0.2294224351644516,0.2328798621892929,0.4050646424293518,-0.08775359392166138,0.012346388772130013,0.46416378021240234,0.0008450993336737156,0.007923360913991928,0.6494958400726318,64,0.0288,0.167,2,0,5,0,8,0.75,,,,,,,0.13511031866073608,0.5406193733215332,1.984878420829773,0.0147,,0.0208
49,20000,0.1111,24,15,0.0,30.0,0.0,0.0036848578602075577,0.28709036111831665,0.3004419803619385,0.2572759687900543,-0.09352787584066391,0.009687628597021103,0.3270427882671356,0.0017736128065735102,0.008771625347435474,0.7755310535430908,64,0.0248,0.0,3,0,5,0,8,1.0,0.1129,0.445,0.0,0,47,1,0.12059849500656128,0.6609905958175659,2.1844873428344727,0.0146,0.0,0.0208
50,20000,0.1032,24,15,0.0,30.0,0.0,0.0020038511138409376,0.2757456302642822,0.2806582450866699,0.2936643362045288,-0.09559673070907593,0.007465314120054245,0.3719056248664856,0.0008318671607412398,0.004849592689424753,0.8486303687095642,64,0.028,0.0,2,0,3,0,11,0.909,,,,,,,0.11264824867248535,0.5637520551681519,2.156251907348633,0.01465,,0.0208
51,20000,0.0952,24,15,0.0,30.0,0.0,0.002442649332806468,0.3037780523300171,0.2880224585533142,0.3854132294654846,-0.09465215355157852,0.02867729961872101,0.4175807237625122,0.0008226449717767537,0.010260128416121006,0.6911665201187134,64,0.0425,0.0,4,0,5,0,7,0.714,,,,,,,0.13694551587104797,0.5697427988052368,2.0360591411590576,0.0147,,0.0208
52,20000,0.0873,24,15,0.0,30.0,0.0,0.0023955858778208494,0.27940434217453003,0.2726139426231384,0.49607574939727783,-0.09453856199979782,0.03782851994037628,0.5107148885726929,0.0008500102558173239,0.008484771475195885,0.7041093707084656,64,0.0465,0.0,1,0,7,0,8,0.75,,,,,,,0.13426686823368073,0.6865631341934204,1.9626071453094482,0.01465,,0.0208
53,20000,0.0794,24,15,0.1,29.0,0.1,0.002262604422867298,0.31278157234191895,0.3190763592720032,0.3896973431110382,-0.08893799036741257,0.016771256923675537,0.44199231266975403,0.0007708126795478165,0.006201027426868677,0.8446440100669861,64,0.0458,0.1,1,0,7,2,5,1.0,,,,,,,0.10529642552137375,0.5472738146781921,1.9437143802642822,0.0146,,0.0208
54,20000,0.0714,24,15,0.0,30.0,0.0,0.0014264046913012862,0.31511154770851135,0.32299670577049255,0.35312697291374207,-0.09032250195741653,0.025038015097379684,0.3891671597957611,0.00089346180902794,0.008412553928792477,0.7988466024398804,64,0.0396,0.0,2,0,8,0,6,0.833,,,,,,,0.11306613683700562,0.5806406140327454,2.0286061763763428,0.01455,,0.0208
55,20000,0.0635,24,15,0.0,30.0,0.0,0.0027724099345505238,0.2519550919532776,0.2650318741798401,0.3480701744556427,-0.09767988324165344,0.012099078856408596,0.41830459237098694,0.0015647755935788155,0.006494590081274509,0.7094699144363403,64,0.0514,0.0,6,0,5,0,5,0.8,,,,,,,0.13768009841442108,0.5521672964096069,2.0776848793029785,0.0143,,0.0208
56,20000,0.0556,24,15,0.0,30.0,0.0,0.0029985879082232714,0.25261393189430237,0.25465455651283264,0.31540581583976746,-0.09565947949886322,0.01605910435318947,0.37537479400634766,0.0005879104719497263,0.007144566159695387,0.7579138875007629,64,0.0415,0.0,3,0,7,0,6,1.0,0.1085,0.4661,0.0,0,44,4,0.1262141913175583,0.6725997924804688,2.128157138824463,0.0144,0.0,0.0208
57,20000,0.0476,24,14,0.1667,30.0,0.1667,0.0014909835299476981,0.2611340880393982,0.2558874785900116,0.4827204942703247,-0.09810136258602142,0.05404035001993179,0.4677003026008606,0.0010706111788749695,0.010081720538437366,0.6401087641716003,64,0.0304,0.167,4,0,4,1,6,1.0,,,,,,,0.1532573103904724,0.6777281761169434,2.0441815853118896,0.01465,,0.0208
58,20000,0.0397,24,14,0.0,30.0,0.0,0.002283032750710845,0.26383939385414124,0.26558947563171387,0.35643723607063293,-0.09245949983596802,0.026747358962893486,0.38948872685432434,0.0007432675338350236,0.011826558038592339,0.8743117451667786,64,0.0391,0.0,1,0,6,0,9,0.889,,,,,,,0.105751171708107,0.5893123149871826,2.0989272594451904,0.01475,,0.0208
59,20000,0.0317,24,14,0.0,28.82,0.0,0.0022718203254044056,0.2812974452972412,0.28413745760917664,0.4608868956565857,-0.09102083742618561,0.06405116617679596,0.4198366403579712,0.0013682644348591566,0.00793756265193224,0.8209800720214844,64,0.0742,0.0,2,0,9,2,3,1.0,,,,,,,0.11086850613355637,0.6900420188903809,2.0968925952911377,0.01465,,0.0208
60,20000,0.0238,24,14,0.0,30.0,0.0,0.0020557341631501913,0.2786438465118408,0.27182960510253906,0.3326607048511505,-0.09358574450016022,0.025996919721364975,0.3714018166065216,0.0005097184330224991,0.005701574496924877,0.9811316728591919,64,0.0519,0.0,2,0,6,0,8,1.0,,,,,,,0.09538550674915314,0.627845823764801,2.108794689178467,0.01485,,0.0208
61,20000,0.0159,24,14,0.0,29.6,0.0,0.0029398410115391016,0.3260694146156311,0.3413693606853485,0.3661860525608063,-0.09147505462169647,0.040654364973306656,0.3715876638889313,0.0012590191327035427,0.009529396891593933,1.0309346914291382,64,0.0463,0.0,4,0,4,1,7,0.857,,,,,,,0.08873021602630615,0.6831059455871582,2.1715829372406006,0.01495,,0.0208
62,20000,0.0079,24,14,0.0,30.0,0.0,0.00608216505497694,0.2726672887802124,0.283588171005249,0.42149603366851807,-0.09120255708694458,0.09058187901973724,0.3290993869304657,0.0009318984230048954,0.00487089529633522,1.130228042602539,64,0.0498,0.0,1,0,8,0,7,1.0,,,,,,,0.08069393783807755,0.6395628452301025,2.1099319458007812,0.015,,0.0208
63,20000,0.0,24,14,0.0,29.71,0.0,0.002223870949819684,0.27690768241882324,0.2678791582584381,0.3902863562107086,-0.0961640477180481,0.009595769457519054,0.4625771641731262,0.0006816171808168292,0.009363405406475067,0.8546361923217773,64,0.0533,0.0,2,0,6,1,7,1.0,0.1199,0.4769,0.042,2,46,0,0.11252044886350632,0.7015449404716492,2.0078582763671875,0.01505,0.0,0.0208
64,20000,0.0,24,13,0.0,30.0,0.0,0.002724533434957266,0.29763007164001465,0.30359071493148804,0.3632769286632538,-0.08447743952274323,0.011317792348563671,0.4216988980770111,0.0009135467116720974,0.006839733570814133,0.9204339385032654,64,0.05,0.0,2,0,7,0,7,1.0,,,,,,,0.09178000688552856,0.6176156997680664,2.0035133361816406,0.0149,,0.0208
65,20000,0.0,24,13,0.0,30.0,0.0,0.002678470453247428,0.2560587525367737,0.2619110643863678,0.4823097288608551,-0.08850181847810745,0.01488019060343504,0.5373901128768921,0.000520315661560744,0.00732212932780385,0.8775350451469421,64,0.0542,0.0,4,0,8,0,4,1.0,,,,,,,0.10085275024175644,0.6049104332923889,1.9381749629974365,0.0147,,0.0208
66,20000,0.0,24,13,0.0,29.67,0.0,0.001401236280798912,0.2729346752166748,0.27458855509757996,0.39525771141052246,-0.08396974951028824,0.006474397610872984,0.4631238579750061,0.001095647574402392,0.006309630814939737,0.9852539896965027,64,0.0672,0.0,1,0,8,1,6,1.0,,,,,,,0.08522650599479675,0.6897081136703491,1.9713795185089111,0.0147,,0.0208
67,20000,0.0,24,13,0.0,30.0,0.0,0.0012985116336494684,0.2623719573020935,0.26497882604599,0.29565301537513733,-0.09677533805370331,0.008290361613035202,0.3719364404678345,0.0008301468333229423,0.007822413928806782,1.0201202630996704,64,0.0551,0.0,1,0,5,0,10,1.0,,,,,,,0.09486660361289978,0.5737276673316956,2.082581043243408,0.01475,,0.0208
68,20000,0.0,24,13,0.0,30.0,0.0,0.0028423797339200974,0.27758145332336426,0.2807685136795044,0.2699655294418335,-0.07562817633152008,0.008490472100675106,0.3258579969406128,0.0009763545240275562,0.005509508308023214,1.4501203298568726,64,0.0463,0.0,1,0,9,0,6,1.0,,,,,,,0.05215303599834442,0.6657315492630005,2.152012825012207,0.0148,,0.0208
69,20000,0.0,24,13,0.1667,30.0,0.1667,0.0019378149881958961,0.2676967978477478,0.260922908782959,0.30450791120529175,-0.09194813668727875,0.010420463979244232,0.37204134464263916,0.000770301150623709,0.007147534284740686,1.031298279762268,64,0.06,0.167,1,0,5,0,9,0.889,,,,,,,0.08915765583515167,0.5725471377372742,2.065706729888916,0.01485,,0.0208
70,20000,0.0,24,13,0.0,29.71,0.0,0.0013777221320196986,0.26523423194885254,0.26603639125823975,0.32061898708343506,-0.08965365588665009,0.017693031579256058,0.3712504506111145,0.0007584270206280053,0.007272257003933191,1.042245626449585,64,0.057,0.0,0,0,5,2,9,0.667,0.0952,0.438,0.0,0,46,2,0.08601969480514526,0.6053023338317871,2.173020839691162,0.0149,0.0,0.0208
71,20000,0.0,24,13,0.0,30.0,0.0,0.0020545413717627525,0.2623656392097473,0.2663118839263916,0.35233426094055176,-0.09263041615486145,0.01113280188292265,0.4191535413265228,0.0007649812032468617,0.007091051898896694,0.928796112537384,64,0.0906,0.2,0,1,4,0,11,1.0,,,,,,,0.09973171353340149,0.5837239027023315,2.0212268829345703,0.0151,,0.0208
72,20000,0.0,24,12,0.0,29.17,0.0,0.0015621146885678172,0.24608832597732544,0.24585594236850739,0.3214106857776642,-0.09090280532836914,0.01769072376191616,0.3740212321281433,0.0014050379395484924,0.0058216373436152935,1.0825785398483276,64,0.0632,0.0,2,0,5,1,8,1.0,,,,,,,0.08396878838539124,0.6608468890190125,2.089219570159912,0.01505,,0.0208
73,20000,0.0,24,12,0.0,30.0,0.0,0.0019072408322244883,0.2125672996044159,0.22304195165634155,0.28940311074256897,-0.08064162731170654,0.019527394324541092,0.3278093934059143,0.0012131971307098866,0.00636114040389657,1.2248858213424683,64,0.0527,0.0,2,0,7,0,7,1.0,,,,,,,0.06583604216575623,0.6611646413803101,2.1640496253967285,0.01525,,0.0208
74,20000,0.0,24,12,0.0,30.0,0.0,0.0007751292432658374,0.28472065925598145,0.28292715549468994,0.35534095764160156,-0.09530971944332123,0.03612247854471207,0.3738534450531006,0.0006024232134222984,0.00910456757992506,1.1564844846725464,64,0.0791,0.0,1,0,8,0,7,0.857,,,,,,,0.08241332322359085,0.6112020015716553,2.0722780227661133,0.0152,,0.0208
75,20000,0.0,24,12,0.0,30.0,0.0,0.0015162030467763543,0.24731671810150146,0.23714646697044373,0.37072449922561646,-0.09796369075775146,0.022165603935718536,0.42050692439079285,0.0006958969752304256,0.007700062356889248,0.8959921002388,64,0.0685,0.091,0,1,10,0,5,1.0,,,,,,,0.10933543741703033,0.7049142718315125,2.088636875152588,0.015,,0.0208
76,20000,0.0,24,12,0.0,30.0,0.0,0.002551611512899399,0.2669822871685028,0.26733386516571045,0.3778553009033203,-0.09291353076696396,0.018070189282298088,0.43091511726379395,0.0006207262631505728,0.0074266777373850346,0.9428370594978333,64,0.0389,0.0,1,0,7,0,8,0.75,,,,,,,0.09854675829410553,0.6496845483779907,2.0436205863952637,0.01495,,0.0208
77,20000,0.0,24,12,0.0,30.0,0.0,0.0015896676341071725,0.3075597286224365,0.31048524379730225,0.288160502910614,-0.09380405396223068,0.012488852255046368,0.3523465692996979,0.0007973220199346542,0.009280550293624401,1.1846688985824585,64,0.0663,0.0,4,0,8,0,4,0.75,0.091,0.3857,0.0,0,42,6,0.07918165624141693,0.6726559996604919,2.0872905254364014,0.0148,0.0,0.0208
78,20000,0.0,24,12,0.0,29.5,0.0,0.0015193821163848042,0.2661740779876709,0.2693605422973633,0.3246704339981079,-0.08340331166982651,0.0091492785140872,0.3859638571739197,0.0006549584795720875,0.007622650824487209,1.7509828805923462,64,0.0722,0.0,1,0,5,1,9,1.0,,,,,,,0.047632284462451935,0.6434866786003113,2.1769604682922363,0.0148,,0.0208
79,20000,0.0,24,11,0.0,27.5,0.0,0.004235224798321724,0.2692868709564209,0.2798038125038147,0.47368744015693665,-0.09122277796268463,0.025949839502573013,0.5100383162498474,0.0006147268577478826,0.005944421514868736,1.0137957334518433,64,0.0745,0.0,4,0,3,1,8,0.875,,,,,,,0.08998142182826996,0.6014707088470459,1.899290680885315,0.0148,,0.0208
80,20000,0.0,24,11,0.0,30.0,0.0,0.0019071655115112662,0.26247262954711914,0.25565481185913086,0.380485475063324,-0.09029020369052887,0.036468423902988434,0.39485645294189453,0.0007355920970439911,0.005964731331914663,1.024483561515808,64,0.0483,0.0,1,0,7,0,8,0.75,,,,,,,0.08813241124153137,0.6970860362052917,2.0504045486450195,0.01495,,0.0208
81,20000,0.0,24,11,0.0,29.88,0.0,0.001188716385513544,0.24458280205726624,0.23719078302383423,0.3700534999370575,-0.08119536936283112,0.007761795073747635,0.43315500020980835,0.0008645032066851854,0.00514053413644433,0.9174262881278992,64,0.0396,0.0,2,0,7,1,6,1.0,,,,,,,0.08850343525409698,0.6329535841941833,1.9981317520141602,0.0149,,0.0208
82,20000,0.0,24,11,0.0,29.6,0.0,0.000538135995157063,0.27487713098526,0.2810173034667969,0.40384259819984436,-0.09485673159360886,0.03963664919137955,0.41687309741973877,0.0006301537505351007,0.005105833988636732,0.9520633816719055,64,0.052,0.0,1,0,8,2,5,0.8,,,,,,,0.09963279217481613,0.6766374111175537,2.0673327445983887,0.01475,,0.0208
83,20000,0.0,24,11,0.0,30.0,0.0,0.0008176852716132998,0.23447848856449127,0.2388133704662323,0.2879486382007599,-0.08308517187833786,0.020911164581775665,0.3264120817184448,0.0006193032604642212,0.0055988021194934845,1.513048529624939,64,0.0507,0.0,2,0,8,1,5,1.0,,,,,,,0.05491243302822113,0.5512620806694031,2.1648850440979004,0.0146,,0.0208
84,20000,0.0,24,11,0.0,30.0,0.0,0.0009748031734488904,0.3102002739906311,0.3132449686527252,0.38024869561195374,-0.08883444219827652,0.019583672285079956,0.42727774381637573,0.0005214569391682744,0.005276058334857225,1.1444355249404907,64,0.0626,0.0,1,0,8,0,7,0.857,0.0787,0.4186,0.104,3,39,4,0.07762293517589569,0.6106442213058472,2.059671401977539,0.01475,0.0417,0.0417
85,20000,0.0,24,11,0.0,30.0,0.0,0.0009747903095558286,0.23364406824111938,0.24219800531864166,0.3955720365047455,-0.09216398000717163,0.011033776216208935,0.46283459663391113,0.0009057478164322674,0.005667757708579302,1.1477690935134888,64,0.0502,0.0,0,0,10,0,6,0.833,,,,,,,0.08029835671186447,0.6147882342338562,1.9835692644119263,0.01465,,0.0417
86,20000,0.0,24,11,0.0,30.0,0.0,0.0020845658145844936,0.2670910358428955,0.2662416100502014,0.36420589685440063,-0.09205367416143417,0.017868559807538986,0.4177578091621399,0.0006022016168572009,0.005529266316443682,1.0154941082000732,64,0.0791,0.0,1,0,6,0,9,0.889,,,,,,,0.09064914286136627,0.6933256387710571,2.041602849960327,0.01465,,0.0417
87,20000,0.0,24,10,0.0,30.0,0.0,0.0005083760479465127,0.2438722848892212,0.2435038685798645,0.3666170835494995,-0.08717267960309982,0.06241005286574364,0.32588255405426025,0.0006034488906152546,0.006174230948090553,1.5542353391647339,64,0.0727,0.0,1,0,6,0,9,1.0,,,,,,,0.056087180972099304,0.6396805047988892,2.2022643089294434,0.01485,,0.0417
88,20000,0.0,24,10,0.0,30.0,0.0,0.0008161161094903946,0.26818811893463135,0.2662004232406616,0.5615771412849426,-0.0880974531173706,0.08890219777822495,0.46889176964759827,0.0005093583022244275,0.005956831853836775,1.1635292768478394,64,0.0589,0.0,2,0,7,0,7,1.0,,,,,,,0.07571572065353394,0.6650877594947815,2.0007660388946533,0.0149,,0.0417
89,20000,0.0,24,10,0.0,30.0,0.0,0.0006970246322453022,0.2639261782169342,0.2600816488265991,0.378326952457428,-0.08594867587089539,0.016121700406074524,0.42930305004119873,0.00066156912362203,0.0054583377204835415,1.5179394483566284,64,0.0641,0.0,2,0,11,0,3,1.0,,,,,,,0.05662194639444351,0.6480424404144287,2.0492188930511475,0.0147,,0.0417
90,20000,0.0,24,10,0.0,30.0,0.0,0.0007053031586110592,0.2830004096031189,0.2834049165248871,0.3133977949619293,-0.08723121136426926,0.012414775788784027,0.3736264705657959,0.0006466933991760015,0.004345954395830631,1.4689431190490723,64,0.0896,0.0,3,0,3,0,10,1.0,,,,,,,0.059383660554885864,0.7006715536117554,2.1215462684631348,0.015,,0.0417
91,20000,0.0,24,10,0.2,30.0,0.2,0.001361092203296721,0.22441381216049194,0.22204479575157166,0.3150803744792938,-0.09765796363353729,0.010321243666112423,0.38938313722610474,0.000567754206713289,0.005425421055406332,1.097854733467102,64,0.0513,0.2,3,0,4,0,8,0.875,0.0923,0.361,0.042,2,44,2,0.08895344287157059,0.7017682790756226,2.1002883911132812,0.01515,0.0,0.0417
92,20000,0.0,24,10,0.0,30.0,0.0,0.0018123037880286574,0.2705767750740051,0.2786868214607239,0.3664191961288452,-0.08950962871313095,0.014842262491583824,0.42281994223594666,0.00040693284245207906,0.006848691496998072,1.3676120042800903,64,0.0452,0.0,0,0,11,0,5,1.0,,,,,,,0.06544958055019379,0.6608811616897583,1.9865851402282715,0.0151,,0.0417
93,20000,0.0,24,10,0.0,30.0,0.0,0.0007365745841525495,0.25672250986099243,0.2540193796157837,0.394684374332428,-0.09266100823879242,0.03370553255081177,0.4175388813018799,0.0006412444054149091,0.004790899809449911,1.0511168241500854,64,0.0562,0.0,3,0,7,0,6,1.0,,,,,,,0.08815481513738632,0.6600463390350342,2.017943859100342,0.01525,,0.0417
94,20000,0.0,24,9,0.0,30.0,0.0,0.0005435524508357048,0.24464067816734314,0.24191072583198547,0.43601173162460327,-0.09568041563034058,0.01002761535346508,0.5089704394340515,0.0005525489104911685,0.005332948174327612,0.9782319068908691,64,0.0381,0.0,6,0,8,0,2,1.0,,,,,,,0.09780954569578171,0.6906465291976929,1.9170677661895752,0.0152,,0.0417
95,20000,0.0,24,9,0.0,30.0,0.0,0.0007321126176975667,0.2568697929382324,0.25501590967178345,0.3377244472503662,-0.08139504492282867,0.04543810710310936,0.32539132237434387,0.0006877068080939353,0.0057038962841033936,2.0132555961608887,64,0.0325,0.0,1,0,7,0,8,1.0,,,,,,,0.04042956233024597,0.6914716958999634,2.2426857948303223,0.0152,,0.0417
96,20000,0.0,24,9,0.0,29.57,0.0,0.0008161102305166423,0.2352500557899475,0.23944833874702454,0.3834257125854492,-0.08835648000240326,0.032958224415779114,0.40324515104293823,0.00037128955591470003,0.005241132341325283,1.0017136335372925,64,0.0628,0.0,1,0,6,1,8,0.875,,,,,,,0.08820532262325287,0.646965503692627,2.0205817222595215,0.01505,,0.0417
97,20000,0.0,24,9,0.0,30.0,0.0,0.0011840113438665867,0.28323984146118164,0.2795320153236389,0.39525189995765686,-0.08615966141223907,0.008193522691726685,0.4625694751739502,0.0005935985245741904,0.004910043440759182,1.121787428855896,64,0.0484,0.0,1,0,5,0,10,0.7,,,,,,,0.07680570334196091,0.6706621646881104,1.971126914024353,0.015,,0.0417
98,20000,0.0,24,9,0.0,30.0,0.0,0.0003790960763581097,0.28184303641319275,0.28094106912612915,0.2672578692436218,-0.08223865181207657,0.010528366081416607,0.3256828784942627,0.00042013078927993774,0.0055137742310762405,1.820804238319397,64,0.0393,0.0,3,0,6,0,7,1.0,0.0699,0.4842,0.104,0,39,4,0.04516611248254776,0.5939809083938599,2.2331290245056152,0.0151,0.1042,0.1042
99,20000,0.0,24,9,0.0,30.0,0.0,0.0005417659995146096,0.24312768876552582,0.24547311663627625,0.3297543227672577,-0.06596772372722626,0.03270551562309265,0.32762235403060913,0.0006562420749105513,0.005377371795475483,1.8848037719726562,64,0.0377,0.0,4,0,7,0,5,1.0,,,,,,,0.0349997840821743,0.6577662229537964,2.2045810222625732,0.01505,,0.1042
100,20000,0.0,24,9,0.125,28.75,0.125,0.0007900268537923694,0.22117683291435242,0.22578668594360352,0.40711936354637146,-0.09049346297979355,0.015607522800564766,0.46244367957115173,0.0007761275046505034,0.007908230647444725,1.2751091718673706,64,0.0539,0.125,3,0,5,2,5,0.8,,,,,,,0.07096917927265167,0.6233829855918884,1.9825172424316406,0.01505,,0.1042
101,20000,0.0,24,9,0.1111,29.78,0.1111,0.0007023236248642206,0.27645474672317505,0.27597418427467346,0.39658787846565247,-0.09926336258649826,0.014271813444793224,0.4651183485984802,0.000558600586373359,0.004378471057862043,0.939206063747406,64,0.061,0.111,4,0,8,0,3,1.0,,,,,,,0.10568857938051224,0.571007490158081,1.9971630573272705,0.01495,,0.1042
102,20000,0.0,24,8,0.1,29.7,0.1,0.0012969484087079763,0.2609543204307556,0.257970929145813,0.5739213228225708,-0.09922608733177185,0.08739855885505676,0.49514633417129517,0.0003103796043433249,0.00640791654586792,0.7871361374855042,64,0.0514,0.1,1,0,8,1,5,1.0,,,,,,,0.1260596215724945,0.6511130332946777,1.8483830690383911,0.015,,0.1042
103,20000,0.0,24,8,0.1667,29.83,0.1667,0.0009082597680389881,0.2189449816942215,0.22010402381420135,0.3237946033477783,-0.0912971943616867,0.01899617165327072,0.3748820722103119,0.0005988678894937038,0.0044347867369651794,1.2336211204528809,64,0.0531,0.333,2,1,3,1,8,0.875,,,,,,,0.07400748133659363,0.7181415557861328,2.1533050537109375,0.01505,,0.1042
104,20000,0.0,24,8,0.0,29.71,0.0,0.0009719588560983539,0.2607247531414032,0.25648531317710876,0.31058263778686523,-0.08590865135192871,0.01083102822303772,0.37286537885665894,0.0004307359049562365,0.0039277286268770695,1.4996203184127808,64,0.0788,0.0,2,0,5,2,7,0.857,,,,,,,0.05728693678975105,0.6510012149810791,2.099862813949585,0.0149,,0.1042
105,20000,0.0,24,8,0.0,30.0,0.0,0.0007218043901957572,0.24291643500328064,0.24897480010986328,0.32052093744277954,-0.08847817033529282,0.035347830504179,0.33630281686782837,0.0005722011555917561,0.004001250024884939,1.4459924697875977,64,0.0635,0.0,2,0,5,0,9,0.778,0.0877,0.3199,0.042,0,43,3,0.06118854135274887,0.7275505065917969,2.133052110671997,0.015,0.0417,0.1042
106,20000,0.0,24,8,0.0,30.0,0.0,0.0004409779794514179,0.24716639518737793,0.248755544424057,0.27710503339767456,-0.06953020393848419,0.00876949355006218,0.3260512351989746,0.00046405746252276003,0.006090068258345127,2.061800718307495,64,0.0508,0.0,1,0,6,0,9,1.0,,,,,,,0.033723048865795135,0.6390531659126282,2.1348156929016113,0.0153,,0.1042
107,20000,0.0,24,8,0.1667,29.5,0.1667,0.0006758388481102884,0.2570188641548157,0.25209635496139526,0.35505110025405884,-0.09694788604974747,0.010113517753779888,0.42871883511543274,0.00034450471866875887,0.006106263492256403,1.2603027820587158,64,0.0488,0.167,2,0,5,0,8,0.625,,,,,,,0.07692427933216095,0.6079357862472534,1.997916340827942,0.01515,,0.1042
108,20000,0.0,24,8,0.0,29.71,0.0,0.0012631546705961227,0.2244013547897339,0.2186417281627655,0.39197325706481934,-0.09155651926994324,0.00947318971157074,0.46238231658935547,0.0008053097408264875,0.00440216064453125,0.9561585783958435,64,0.0439,0.0,2,0,6,1,7,1.0,,,,,,,0.09575453400611877,0.6270027160644531,1.9908740520477295,0.0152,,0.1042
109,20000,0.0,24,7,0.0,30.0,0.0,0.0007568581495434046,0.2477242797613144,0.24802066385746002,0.3298332989215851,-0.09505777060985565,0.02613290771842003,0.3712869882583618,0.0005574086681008339,0.0026765402872115374,1.282505989074707,64,0.071,0.0,6,0,4,0,6,0.833,,,,,,,0.07411877810955048,0.6222751140594482,2.0872397422790527,0.0152,,0.1042
110,20000,0.0,24,7,0.0,30.0,0.0,0.0008155133109539747,0.23297059535980225,0.23280256986618042,0.5070117115974426,-0.09537464380264282,0.10133661329746246,0.39660972356796265,0.0004654969088733196,0.006206811405718327,0.9242821931838989,64,0.0512,0.0,0,0,5,0,11,0.909,,,,,,,0.10318779945373535,0.697788655757904,2.0851070880889893,0.01525,,0.1042
111,20000,0.0,24,7,0.0,28.33,0.0,0.000971380970440805,0.2620812952518463,0.2591434419155121,0.30023232102394104,-0.08770562708377838,0.007249477319419384,0.3712995648384094,0.0007022020872682333,0.004278814885765314,1.6981947422027588,64,0.0653,0.0,4,0,4,2,6,1.0,,,,,,,0.051646389067173004,0.6386276483535767,2.138575792312622,0.0153,,0.1042
112,20000,0.0,24,7,0.0,30.0,0.0,0.0008447880391031504,0.24629667401313782,0.24321547150611877,0.5493259429931641,-0.08105994760990143,0.08315499126911163,0.46252185106277466,0.0005366250989027321,0.003108084201812744,1.153488278388977,64,0.0463,0.0,3,0,7,0,6,0.833,0.1077,0.4102,0.021,1,44,3,0.0702737495303154,0.7190989255905151,1.981979250907898,0.01535,0.0,0.1042
113,20000,0.0,24,7,0.0,30.0,0.0,0.000843969639390707,0.21993985772132874,0.21864762902259827,0.573687732219696,-0.09228765964508057,0.013659743592143059,0.636360228061676,0.0004668503243010491,0.004591390490531921,1.4075260162353516,64,0.0551,0.0,2,0,6,0,8,0.875,,,,,,,0.06556728482246399,0.6609811782836914,2.0394015312194824,0.01535,,0.1042
114,20000,0.0,24,7,0.0,30.0,0.0,0.0008939894032664597,0.2445981204509735,0.24281543493270874,0.5957469940185547,-0.09387636929750443,0.03322282433509827,0.620726466178894,0.0004250024212524295,0.004902511835098267,1.0809401273727417,64,0.0595,0.0,0,0,6,0,10,0.9,,,,,,,0.0868469625711441,0.6603273749351501,1.8902862071990967,0.01535,,0.1042
115,20000,0.0,24,7,0.0,29.5,0.0,0.0028195842169225216,0.2765899896621704,0.28572267293930054,0.2650042176246643,-0.08015675097703934,0.00871387030929327,0.32525914907455444,0.0005117860855534673,0.004948145244270563,1.576971411705017,64,0.073,0.0,0,0,9,1,6,1.0,,,,,,,0.05082955211400986,0.7189852595329285,2.198789358139038,0.01535,,0.1042
116,20000,0.0,24,7,0.0,29.75,0.0,0.000444504723418504,0.28355923295021057,0.2868311107158661,0.3078800439834595,-0.09908916056156158,0.016831066459417343,0.3714038133621216,0.00031388908973895013,0.0038065165281295776,1.2316118478775024,64,0.0576,0.0,2,0,3,1,10,0.7,,,,,,,0.08045486360788345,0.6437574028968811,2.1029162406921387,0.0152,,0.1042
117,20000,0.0,24,6,0.1429,29.57,0.1429,0.000594997894950211,0.24293074011802673,0.24741384387016296,0.3553246855735779,-0.09320167452096939,0.014706961810588837,0.41707172989845276,0.0005756904720328748,0.0040814317762851715,1.2978841066360474,64,0.0283,0.143,0,0,6,0,9,0.778,,,,,,,0.07181046903133392,0.6224428415298462,2.0970473289489746,0.01525,,0.1042
118,20000,0.0,24,6,0.0,28.25,0.0,0.0019508952973410487,0.2822624742984772,0.2840091586112976,0.31428247690200806,-0.07822954654693604,0.02179315686225891,0.3466450572013855,0.001136820763349533,0.004561288747936487,1.5277451276779175,64,0.0631,0.125,1,1,5,2,7,1.0,,,,,,,0.05120588466525078,0.6023854613304138,2.0978803634643555,0.01515,,0.1042
119,20000,0.0,24,6,0.0,30.0,0.0,0.0006456815754063427,0.18899723887443542,0.19319471716880798,0.39773812890052795,-0.0868184044957161,0.03243185952305794,0.41666877269744873,0.0008216408314183354,0.0060480572283267975,1.1892714500427246,64,0.0468,0.0,2,0,7,0,7,0.857,0.1076,0.3783,0.021,1,41,6,0.07300133258104324,0.6725949048995972,2.0633795261383057,0.01505,0.0,0.1042
120,20000,0.0,24,6,0.0,30.0,0.0,0.0005388847785070539,0.2742941081523895,0.27933138608932495,0.34518447518348694,-0.057646170258522034,0.03729133680462837,0.3264921307563782,0.00048758721095509827,0.0035116628278046846,2.2130861282348633,64,0.0528,0.0,0,0,10,0,6,0.833,,,,,,,0.02604786679148674,0.6241883039474487,2.1794590950012207,0.0149,,0.1042
121,20000,0.0,24,6,0.0,29.88,0.0,0.0005806740955449641,0.2658419907093048,0.2661632001399994,0.3012726306915283,-0.08656124025583267,0.0072921584360301495,0.3718476891517639,0.00034498368040658534,0.0028037221636623144,2.1259238719940186,64,0.0606,0.0,1,0,7,1,7,0.857,,,,,,,0.040716998279094696,0.7050061225891113,2.155330181121826,0.0149,,0.1042
122,20000,0.0,24,6,0.0,29.6,0.0,0.0006828461773693562,0.22492584586143494,0.22360214591026306,0.48994067311286926,-0.09570441395044327,0.012198088690638542,0.5583606958389282,0.0006658812635578215,0.0057764784432947636,0.9112797975540161,64,0.0543,0.0,1,0,7,3,5,0.8,,,,,,,0.10502198338508606,0.693629264831543,1.8716274499893188,0.0149,,0.1042
123,20000,0.0,24,6,0.1667,30.0,0.1667,0.00045346084516495466,0.24798132479190826,0.25556033849716187,0.34782204031944275,-0.0942649245262146,0.011627299711108208,0.41708481311798096,0.00042556124390102923,0.0034951253328472376,1.1347217559814453,64,0.0686,0.167,2,0,5,0,8,0.625,,,,,,,0.08307316154241562,0.6527674198150635,2.0427441596984863,0.0149,,0.1042
124,20000,0.0,24,5,0.125,29.88,0.125,0.00043523599742911756,0.2746548354625702,0.27219200134277344,0.49123701453208923,-0.09181547909975052,0.04857524484395981,0.48404014110565186,0.00041794535354711115,0.0037237596698105335,1.0986157655715942,64,0.0355,0.125,1,0,6,1,7,1.0,,,,,,,0.08357378840446472,0.5842092633247375,2.002744436264038,0.01505,,0.1042
125,20000,0.0,24,5,0.1429,29.43,0.1429,0.0007701877038925886,0.2850876748561859,0.2903546094894409,0.4214450716972351,-0.08603900671005249,0.020272692665457726,0.46314018964767456,0.0005337423062883317,0.0075970301404595375,1.122373104095459,64,0.0441,0.143,3,0,5,1,6,0.667,,,,,,,0.07665811479091644,0.6791313886642456,1.9698758125305176,0.01495,,0.1042
126,20000,0.0,24,5,0.0,29.88,0.0,0.00042162302997894585,0.2631427049636841,0.26318299770355225,0.3745940029621124,-0.09266949445009232,0.024297794327139854,0.4168451428413391,0.0003534169518388808,0.003645560471341014,1.0500844717025757,64,0.04,0.0,7,0,5,3,1,1.0,0.0938,0.3724,0.146,3,34,7,0.0882495641708374,0.6207692623138428,2.0681698322296143,0.0147,0.0833,0.1042
127,20000,0.0,24,5,0.0909,29.82,0.0909,0.0004896963946521282,0.294433057308197,0.293279230594635,0.3159009516239166,-0.09121116995811462,0.008618542924523354,0.3877503275871277,0.0003463276370894164,0.004249366465955973,1.1803351640701294,64,0.0508,0.091,2,0,9,1,3,1.0,,,,,,,0.07727565616369247,0.6944009065628052,2.083772659301758,0.0146,,0.1042
128,20000,0.0,24,5,0.0,30.0,0.0,0.001707730581983924,0.2660658359527588,0.2568639814853668,0.5170269012451172,-0.09347356855869293,0.05034000799059868,0.508328914642334,0.0005889422027394176,0.0029831030406057835,1.036881685256958,64,0.0658,0.0,3,0,5,0,8,1.0,,,,,,,0.09014873206615448,0.7004574537277222,1.9240801334381104,0.01475,,0.1042
129,20000,0.0,24,5,0.0,30.0,0.0,0.009409042075276375,0.25552815198898315,0.24367083609104156,0.30614107847213745,-0.08818036317825317,0.01072448305785656,0.37101322412490845,0.0005930292536504567,0.0037185060791671276,1.1946529150009155,64,0.0462,0.0,2,0,5,1,8,0.75,,,,,,,0.07381253689527512,0.6409009695053101,2.110625982284546,0.01485,,0.1042
130,20000,0.0,24,5,0.0,29.6,0.0,0.0006270904559642076,0.2342296838760376,0.23038886487483978,0.34648597240448,-0.08836971968412399,0.007726999931037426,0.4171577990055084,0.00033253084984607995,0.0044877477921545506,1.1694068908691406,64,0.0511,0.0,2,0,7,3,4,1.0,,,,,,,0.07556798309087753,0.6803766489028931,2.0574846267700195,0.01485,,0.1042
131,20000,0.0,24,5,0.1429,30.0,0.1429,0.0004463284567464143,0.2565803527832031,0.258014053106308,0.32113927602767944,-0.08701476454734802,0.017316516488790512,0.3712286949157715,0.00038497347850352526,0.004584598354995251,1.6137573719024658,64,0.04,0.143,3,0,5,1,6,1.0,,,,,,,0.053920600563287735,0.7297784686088562,2.1311678886413574,0.01495,,0.1042
132,20000,0.0,24,4,0.0,30.0,0.0,0.0007191381882876158,0.2791177034378052,0.2796601951122284,0.30040907859802246,-0.09062176942825317,0.008169200271368027,0.37313002347946167,0.0005380738875828683,0.0031248261220753193,1.5265116691589355,64,0.0519,0.0,2,0,7,0,7,1.0,,,,,,,0.05936526507139206,0.597044825553894,2.1002516746520996,0.01505,,0.1042
133,20000,0.0,24,4,0.0,30.0,0.0,0.000719512696377933,0.26730191707611084,0.26967138051986694,0.7664668560028076,-0.0918581485748291,0.01389529462903738,0.828799843788147,0.00045867502922192216,0.0034690815955400467,1.4311738014221191,64,0.0345,0.0,1,0,6,2,7,0.429,0.076,0.3681,0.083,0,36,8,0.0641837790608406,0.586033046245575,2.104152202606201,0.01485,0.0833,0.1042
134,20000,0.0,24,4,0.0,30.0,0.0,0.0011021692771464586,0.2867688536643982,0.2888309955596924,0.38416817784309387,-0.08184592425823212,0.04673398658633232,0.37118810415267944,0.0003924043267033994,0.0027160916943103075,1.473112940788269,64,0.091,0.0,1,0,10,0,5,1.0,,,,,,,0.05555984377861023,0.6272472739219666,2.1074836254119873,0.01465,,0.1042
135,20000,0.0,24,4,0.1111,29.22,0.1111,0.0007418369059450924,0.2090802788734436,0.21074020862579346,0.42387035489082336,-0.07823319733142853,0.06442983448505402,0.3714072108268738,0.0010968135902658105,0.0036734002642333508,1.7209395170211792,64,0.0476,0.222,0,1,5,2,7,0.429,,,,,,,0.04545958340167999,0.6831848621368408,2.123021125793457,0.0144,,0.1042
136,20000,0.0,24,4,0.1429,30.0,0.1429,0.0007040424970909953,0.1932830512523651,0.1936514526605606,0.3933780789375305,-0.09027302265167236,0.009551981464028358,0.46300721168518066,0.0004915128229185939,0.0030798858497291803,1.0640547275543213,64,0.0265,0.286,3,1,5,0,6,1.0,,,,,,,0.08483870327472687,0.65606689453125,1.9993057250976562,0.0146,,0.1042
137,20000,0.0,24,4,0.0,30.0,0.0,0.0005327161052264273,0.23545759916305542,0.23156258463859558,0.3849724233150482,-0.09462299942970276,0.0077365366742014885,0.46249303221702576,0.0006554691353812814,0.0032586243469268084,1.0283745527267456,64,0.0542,0.0,3,0,8,0,5,0.8,,,,,,,0.0920121967792511,0.6008604168891907,1.9990408420562744,0.0144,,0.1042
138,20000,0.0,24,4,0.0,30.0,0.0,0.0008109817863442004,0.250497430562973,0.25040796399116516,0.502528965473175,-0.07680512964725494,0.08008024096488953,0.41753605008125305,0.0003059081791434437,0.0032751145772635937,1.64447021484375,64,0.0463,0.0,2,0,10,0,4,0.75,,,,,,,0.046705085784196854,0.637492835521698,2.0014476776123047,0.0141,,0.1042
139,20000,0.0,24,3,0.0,30.0,0.0,0.0006349638570100069,0.28842878341674805,0.2898138165473938,0.33595898747444153,-0.08392699807882309,0.010592620819807053,0.3963419795036316,0.0005516743985936046,0.00471753953024745,1.262259840965271,64,0.0516,0.0,2,0,6,0,8,0.75,,,,,,,0.06648948043584824,0.5881335139274597,2.0545177459716797,0.0141,,0.1042
140,20000,0.0,24,3,0.0,30.0,0.0,0.0007836009608581662,0.21559090912342072,0.22170478105545044,0.37100109457969666,-0.08647549897432327,0.018998362123966217,0.41746386885643005,0.00043916728463955224,0.004031990189105272,1.1165125370025635,64,0.065,0.0,1,0,5,0,10,0.8,0.0997,0.3251,0.042,0,44,2,0.0774514377117157,0.6569304466247559,2.0494048595428467,0.01425,0.0417,0.1042
141,20000,0.0,24,3,0.125,30.0,0.125,0.0003491700335871428,0.22099946439266205,0.2215927541255951,0.6198285818099976,-0.09271162748336792,0.057402677834033966,0.5960761308670044,0.0004929352435283363,0.003317497204989195,0.8719855546951294,64,0.0478,0.125,1,0,7,0,7,1.0,,,,,,,0.10632242262363434,0.6329124569892883,1.8141653537750244,0.01435,,0.1042
142,20000,0.0,24,3,0.25,28.25,0.25,0.001031045219860971,0.2597816288471222,0.2609703540802002,0.3523698151111603,-0.09428569674491882,0.013206928968429565,0.4183509945869446,0.0005168149946257472,0.0037813223898410797,0.9628391265869141,64,0.0635,0.25,3,0,2,1,9,0.778,,,,,,,0.09792464971542358,0.6345276832580566,2.0600969791412354,0.01445,,0.1042
143,20000,0.0,24,3,0.0,30.0,0.0,0.0006874571554362774,0.2604520916938782,0.25104156136512756,0.331050306558609,-0.0855388343334198,0.044314056634902954,0.3260563015937805,0.00037684052949771285,0.0038094306364655495,1.52132248878479,64,0.0455,0.0,2,0,8,0,6,0.833,,,,,,,0.05622662231326103,0.6550648808479309,2.1693809032440186,0.0143,,0.1042
144,20000,0.0,24,3,0.125,29.75,0.125,0.0009415569948032498,0.27257809042930603,0.274466872215271,0.3899245262145996,-0.07717811316251755,0.024327030405402184,0.4167613089084625,0.0005319643532857299,0.003374546067789197,1.7466477155685425,64,0.0577,0.125,1,0,6,1,7,1.0,,,,,,,0.04418642073869705,0.7238444089889526,2.062866687774658,0.01445,,0.1042
145,20000,0.0,24,3,0.25,29.88,0.25,0.0007102164090611041,0.27927613258361816,0.2797761857509613,0.3491564691066742,-0.08690473437309265,0.008778030052781105,0.41694480180740356,0.00032028264831751585,0.003120739245787263,1.2700316905975342,64,0.0552,0.25,1,0,5,1,7,0.714,,,,,,,0.06842721998691559,0.6509889960289001,2.0482382774353027,0.0144,,0.1042
146,20000,0.0,24,3,0.0,30.0,0.0,0.0009621577337384224,0.27629393339157104,0.2701551914215088,0.41451573371887207,-0.09615673124790192,0.02339356392621994,0.4624244272708893,0.0003752055927179754,0.0029217982664704323,0.9050952792167664,64,0.0678,0.0,3,0,5,0,8,1.0,,,,,,,0.10623934119939804,0.6601967215538025,1.9847137928009033,0.01445,,0.1042
147,20000,0.0,24,2,0.0,29.9,0.0,0.0008954786462709308,0.2435959279537201,0.24193868041038513,0.3905218243598938,-0.08960041403770447,0.007731512188911438,0.4625880718231201,0.0004731310182251036,0.004142256919294596,1.0485289096832275,64,0.0625,0.1,1,1,9,0,5,1.0,0.0852,0.3799,0.042,0,41,5,0.08545345067977905,0.6402616500854492,2.011577844619751,0.0144,0.0417,0.1042
148,20000,0.0,24,2,0.0,30.0,0.0,0.006627863738685846,0.2885017991065979,0.30282607674598694,0.32505089044570923,-0.09687080979347229,0.024435868486762047,0.3712606132030487,0.00037665144191123545,0.0035787150263786316,1.2176181077957153,64,0.05,0.0,2,0,6,0,8,0.75,,,,,,,0.0795576274394989,0.6555125713348389,2.1192166805267334,0.0145,,0.1042
149,20000,0.0,24,2,0.0,29.44,0.0,0.0006980386096984148,0.2611450254917145,0.2644585967063904,0.36251214146614075,-0.06467795372009277,0.026657428592443466,0.37149351835250854,0.00032916164491325617,0.004763415548950434,1.6284698247909546,64,0.057,0.0,2,0,8,1,5,1.0,,,,,,,0.03971701115369797,0.7591629028320312,2.0535390377044678,0.0145,,0.1042
150,20000,0.0,24,2,0.0,29.86,0.0,0.000930765294469893,0.2732647955417633,0.2807798385620117,0.34795504808425903,-0.07209059596061707,0.023236911743879318,0.37108948826789856,0.0004745169135276228,0.004964632447808981,1.4504203796386719,64,0.0383,0.143,3,1,5,1,6,0.833,,,,,,,0.049703240394592285,0.729108989238739,2.1547892093658447,0.01435,,0.1042
151,20000,0.0,24,2,0.0,30.0,0.0,0.0004698950215242803,0.28467845916748047,0.28744664788246155,0.403841495513916,-0.0872386172413826,0.07137754559516907,0.34589600563049316,0.0003086164069827646,0.004858031868934631,1.3237581253051758,64,0.0552,0.0,2,0,6,0,8,0.625,,,,,,,0.0659022256731987,0.6694309115409851,2.118378162384033,0.0143,,0.1042
152,20000,0.0,24,2,0.0,30.0,0.0,0.000708076055161655,0.26610082387924194,0.2620672583580017,0.582757294178009,-0.09157577157020569,0.04597259312868118,0.5802164077758789,0.0004526215197984129,0.004342950880527496,0.7747185826301575,64,0.0604,0.0,2,0,7,0,7,1.0,,,,,,,0.11820521205663681,0.6074014902114868,1.7232072353363037,0.0143,,0.1042
153,20000,0.0,24,2,0.0,30.0,0.0,0.0008534169755876064,0.2430303692817688,0.24160610139369965,0.33499860763549805,-0.07683651894330978,0.042424362152814865,0.32575640082359314,0.00029960196116007864,0.00246002827771008,2.038111686706543,64,0.037,0.0,0,0,6,0,10,0.9,,,,,,,0.037699855864048004,0.5947059988975525,2.1604714393615723,0.01425,,0.1042
154,20000,0.0,24,2,0.0,29.88,0.0,0.0008591282530687749,0.2628840208053589,0.25756239891052246,0.2532852292060852,-0.09416773915290833,0.009060642682015896,0.32520973682403564,0.0004069266142323613,0.008243892341852188,1.6416467428207397,64,0.0634,0.125,1,1,7,0,7,0.714,0.0699,0.3259,0.104,0,40,3,0.05736175924539566,0.6713804006576538,2.2137770652770996,0.0142,0.1042,0.1042
155,20000,0.0,24,2,0.3333,28.0,0.3333,0.0006738475058227777,0.22976873815059662,0.2299284040927887,0.3449194133281708,-0.08965253829956055,0.007807193323969841,0.41757357120513916,0.00048581178998574615,0.0027679770719259977,1.129949688911438,64,0.0462,0.333,2,0,3,1,8,1.0,,,,,,,0.0793420672416687,0.6334253549575806,2.0453426837921143,0.01435,,0.1042
156,20000,0.0,24,2,0.0,29.4,0.0,0.000872058211825788,0.266103595495224,0.26621371507644653,0.4243659973144531,-0.09430647641420364,0.04305967316031456,0.4311622381210327,0.00033856023219414055,0.0027817245572805405,0.9242313504219055,64,0.035,0.2,4,1,4,0,7,1.0,,,,,,,0.10203773528337479,0.591532826423645,2.044006824493408,0.01435,,0.1042
157,20000,0.0,24,2,0.1429,29.71,0.1429,0.0008924639550969005,0.2550896108150482,0.25390976667404175,0.44911065697669983,-0.09747624397277832,0.08647564053535461,0.37127918004989624,0.0004359891463536769,0.004712865687906742,1.434662103652954,64,0.0415,0.143,1,0,6,0,8,0.75,,,,,,,0.06794369220733643,0.7122051119804382,2.134636640548706,0.01425,,0.1042
158,20000,0.0,24,2,0.2,29.1,0.2,0.001061509596183896,0.23976662755012512,0.23581889271736145,0.3653067648410797,-0.09267324954271317,0.019633982330560684,0.416841983795166,0.0005988514167256653,0.0037401553709059954,1.0503243207931519,64,0.0633,0.2,0,0,7,1,6,1.0,,,,,,,0.08823298662900925,0.77214515209198,2.0413498878479004,0.0143,,0.1042
159,20000,0.0,24,2,0.0,28.67,0.0,0.00042755185859277844,0.23151138424873352,0.22913846373558044,0.3524307608604431,-0.08695153146982193,0.010475884191691875,0.4169633090496063,0.00029378768522292376,0.0029344421345740557,1.3270184993743896,64,0.027,0.333,3,1,2,0,10,0.8,,,,,,,0.06552397459745407,0.6041659116744995,2.0694077014923096,0.01445,,0.1042
160,20000,0.0,24,2,0.0,29.33,0.0,0.0006472354871220887,0.2664741575717926,0.2687109708786011,0.4392385184764862,-0.08741682767868042,0.006720216013491154,0.5106273293495178,0.00035284485784359276,0.0051752012223005295,0.8944520950317383,64,0.0673,0.0,4,0,4,2,6,1.0,,,,,,,0.09773226082324982,0.713761031627655,1.8536701202392578,0.01435,,0.1042
161,20000,0.0,24,2,0.0,30.0,0.0,0.0008681814651936293,0.286795437335968,0.28595608472824097,0.3580082356929779,-0.08671994507312775,0.04466722533106804,0.3537290096282959,0.0004357494763098657,0.0033294479362666607,1.2983330488204956,64,0.0487,0.0,0,0,7,0,9,0.778,0.0802,0.2928,0.042,0,41,5,0.066793292760849,0.6717197299003601,2.1377615928649902,0.0144,0.0417,0.1042
162,20000,0.0,24,2,0.2857,30.0,0.2857,0.000646179192699492,0.215078204870224,0.21713750064373016,0.27166301012039185,-0.07986368238925934,0.007070013787597418,0.33436426520347595,0.0006141715566627681,0.006044818554073572,2.1296637058258057,64,0.0315,0.286,1,0,5,0,8,1.0,,,,,,,0.03750060871243477,0.6790187358856201,2.1077373027801514,0.0146,,0.1042
163,20000,0.0,24,2,0.0,30.0,0.0,0.0011206839699298143,0.3225213885307312,0.3259870707988739,0.48315662145614624,-0.08921076357364655,0.03115931898355484,0.50821852684021,0.0004271242069080472,0.0036604548804461956,0.7656960487365723,64,0.0463,0.0,2,0,7,0,7,0.857,,,,,,,0.11650936305522919,0.6009928584098816,1.9164878129959106,0.0145,,0.1042
164,20000,0.0,24,2,0.0,30.0,0.0,0.001044364646077156,0.21224035322666168,0.2090817093849182,0.31586354970932007,-0.07886654138565063,0.010971777141094208,0.37103044986724854,0.00037152625736780465,0.003512171795591712,1.3224519491195679,64,0.0693,0.0,3,0,3,0,10,1.0,,,,,,,0.05963660404086113,0.6601821184158325,2.1452322006225586,0.0147,,0.1042
165,20000,0.0,24,2,0.0,29.86,0.0,0.0006407120963558555,0.2709577679634094,0.2717127203941345,0.4074475169181824,-0.09352581948041916,0.04114573448896408,0.4167945981025696,0.0004038214683532715,0.0037745230365544558,1.5574748516082764,64,0.0391,0.0,3,0,6,1,6,0.833,,,,,,,0.060049645602703094,0.6161554455757141,2.0388741493225098,0.0146,,0.1042
166,20000,0.0,24,2,0.0,30.0,0.0,0.0009423731826245785,0.24149328470230103,0.24470971524715424,0.5264394283294678,-0.07761664688587189,0.02695612609386444,0.5485785007476807,0.0006217682384885848,0.00313062802888453,1.2168139219284058,64,0.0704,0.0,4,0,6,0,6,1.0,,,,,,,0.06378678232431412,0.7053170204162598,2.040520429611206,0.0147,,0.1042
167,20000,0.0,24,2,0.0,30.0,0.0,0.0009938745060935616,0.24221664667129517,0.238486647605896,0.3780476748943329,-0.09434984624385834,0.04964796453714371,0.3719593286514282,0.000473575055366382,0.0022845480125397444,0.951893150806427,64,0.0452,0.0,3,0,4,0,9,0.889,,,,,,,0.09911810606718063,0.6381481885910034,2.1376137733459473,0.01485,,0.1042
168,20000,0.0,24,2,0.3333,29.56,0.3333,0.0006785302539356053,0.3045162558555603,0.3085263967514038,0.7506338357925415,-0.09344388544559479,0.017090216279029846,0.8083876967430115,0.00042144805775023997,0.003019218798726797,0.9425309300422668,64,0.0369,0.333,3,0,6,0,4,1.0,0.075,0.3533,0.146,1,35,6,0.09914145618677139,0.6721451282501221,1.86807382106781,0.01495,0.125,0.125
169,20000,0.0,24,2,0.0,30.0,0.0,0.0006536523578688502,0.2663600444793701,0.26957494020462036,0.3307324945926666,-0.09390725195407867,0.02605026215314865,0.37112921476364136,0.0006003198213875294,0.002820003079250455,1.041239857673645,64,0.0527,0.0,4,0,4,0,8,1.0,,,,,,,0.0901879146695137,0.6897391676902771,2.095946788787842,0.01515,,0.125
170,20000,0.0,24,2,0.1,29.5,0.1,0.0009819261031225324,0.2751401364803314,0.2752038240432739,0.4751794934272766,-0.09542511403560638,0.0741724818944931,0.42005836963653564,0.000672348600346595,0.004402542486786842,0.8495802283287048,64,0.0528,0.1,0,0,8,1,6,1.0,,,,,,,0.11232031881809235,0.6622740030288696,2.0792088508605957,0.01535,,0.125
171,20000,0.0,24,2,0.0,30.0,0.0,0.001037936075590551,0.262062668800354,0.25578758120536804,0.4189750850200653,-0.09768786281347275,0.048902999609708786,0.4168461859226227,0.0005259678000584245,0.004021511413156986,0.817017674446106,64,0.0549,0.0,3,0,7,0,6,1.0,,,,,,,0.119566410779953,0.7719056010246277,2.0766732692718506,0.01525,,0.125
172,20000,0.0,24,2,0.0,30.0,0.0,0.0014451754977926612,0.27802661061286926,0.2721073627471924,0.38549914956092834,-0.08031045645475388,0.046354055404663086,0.3709789216518402,0.0004028982075396925,0.004245187155902386,1.3820840120315552,64,0.0726,0.0,1,0,7,1,7,1.0,,,,,,,0.05810822919011116,0.6646869778633118,2.1252331733703613,0.0152,,0.125
173,20000,0.0,24,2,0.0,28.43,0.0,0.0009339932585135102,0.2610989511013031,0.25434502959251404,0.29100894927978516,-0.09500154852867126,0.006596740335226059,0.3710155487060547,0.00039252167334780097,0.0036029021721333265,1.1152071952819824,64,0.0639,0.0,4,0,5,2,5,1.0,,,,,,,0.08518734574317932,0.5848426818847656,2.147841453552246,0.0153,,0.125
174,20000,0.0,24,2,0.0,30.0,0.0,0.0005191443488001823,0.2611132860183716,0.2663179934024811,0.36756375432014465,-0.09255605936050415,0.043475084006786346,0.3713238835334778,0.000396715069655329,0.0036915061064064503,1.2087788581848145,64,0.0429,0.0,1,0,8,0,7,1.0,,,,,,,0.07656989246606827,0.6509714126586914,2.1485986709594727,0.0155,,0.125
175,20000,0.0,24,2,0.0,30.0,0.0,0.0006593838916160166,0.2574099898338318,0.2529158890247345,0.3428364098072052,-0.09743762761354446,0.010170020163059235,0.41732197999954224,0.00047773480764590204,0.005224054679274559,1.2400654554367065,64,0.0433,0.0,5,0,7,0,4,1.0,0.075,0.2835,0.042,0,41,5,0.07857458293437958,0.6090675592422485,2.1329355239868164,0.0154,0.0417,0.125
176,20000,0.0,24,2,0.0,29.17,0.0,0.0005124739254824817,0.23793800175189972,0.23450353741645813,0.41188234090805054,-0.08994752168655396,0.04134543985128403,0.41737985610961914,0.0003360313712619245,0.0035182007122784853,1.046902060508728,64,0.0401,0.167,3,1,4,1,7,0.857,,,,,,,0.08591780066490173,0.7495845556259155,2.0673933029174805,0.01525,,0.125
177,20000,0.0,24,2,0.0,30.0,0.0,0.0024506852496415377,0.19762006402015686,0.20410127937793732,0.2999192774295807,-0.08611588180065155,0.0059933532029390335,0.3722444176673889,0.00048142686136998236,0.0036080654244869947,1.0126198530197144,64,0.0565,0.0,1,0,10,0,5,0.8,,,,,,,0.08504265546798706,0.6045085787773132,2.096449851989746,0.0153,,0.125
178,20000,0.0,24,2,0.1667,29.67,0.1667,0.0005353862652555108,0.27204686403274536,0.26866626739501953,0.4274217486381531,-0.09723023325204849,0.029985418543219566,0.46310484409332275,0.0003961737675126642,0.003152618184685707,0.8460307121276855,64,0.037,0.167,4,0,3,2,6,0.833,,,,,,,0.11492518335580826,0.6638569235801697,1.9835857152938843,0.0154,,0.125
179,20000,0.0,24,2,0.1,30.0,0.1,0.0014080615947023034,0.24096280336380005,0.2451561689376831,0.3958914577960968,-0.09783938527107239,0.01496877335011959,0.4624045491218567,0.0004424394282978028,0.002777506597340107,1.0767326354980469,64,0.0435,0.1,2,0,9,0,4,0.75,,,,,,,0.09086693823337555,0.6015676856040955,1.9946935176849365,0.0152,,0.125
180,20000,0.0,24,2,0.0,29.75,0.0,0.00046469023800455034,0.23367510735988617,0.2264944463968277,0.4407605528831482,-0.09680420160293579,0.03647470474243164,0.46285584568977356,0.0006430999492295086,0.003518980462104082,1.092247724533081,64,0.0508,0.0,3,0,3,1,9,1.0,,,,,,,0.08862843364477158,0.5788141489028931,1.9744017124176025,0.0154,,0.125
181,20000,0.0,24,2,0.0,30.0,0.0,0.0003390927449800074,0.24909624457359314,0.24949868023395538,0.44074535369873047,-0.08758652210235596,0.07716958224773407,0.37208884954452515,0.0003572327841538936,0.003807710250839591,1.2803089618682861,64,0.0462,0.0,0,0,6,0,10,1.0,,,,,,,0.0684104636311531,0.6437647342681885,2.1454179286956787,0.0157,,0.125
182,20000,0.0,24,2,0.0,30.0,0.0,0.0007794060511514544,0.2461860030889511,0.24817602336406708,0.380810022354126,-0.09101951122283936,0.016798686236143112,0.43688058853149414,0.0006686763954348862,0.0027031153440475464,1.148535132408142,64,0.0517,0.0,5,0,4,0,7,1.0,0.0866,0.3279,0.042,0,46,0,0.0792483538389206,0.6254249811172485,1.9992395639419556,0.0159,0.0417,0.125
183,20000,0.0,24,2,0.1429,30.0,0.1429,0.0007245458546094596,0.2886802554130554,0.29549145698547363,0.5205146074295044,-0.08398030698299408,0.0066746873781085014,0.5897529125213623,0.0003760120889637619,0.0027852500788867474,0.9422881007194519,64,0.0488,0.143,2,0,6,0,7,0.857,,,,,,,0.08912382274866104,0.6106359958648682,1.7744628190994263,0.016,,0.125
184,20000,0.0,24,2,0.1818,29.36,0.1818,0.000486982986330986,0.21259461343288422,0.21160537004470825,0.49287983775138855,-0.08479388803243637,0.10239457339048386,0.37101998925209045,0.0003125460643786937,0.0037291438784450293,1.4865179061889648,64,0.0517,0.182,2,0,7,2,3,0.667,,,,,,,0.0570419579744339,0.6732537150382996,2.1142828464508057,0.01585,,0.125
185,20000,0.0,24,2,0.0,30.0,0.0,0.0007247085450217128,0.3085528612136841,0.30931809544563293,0.40666118264198303,-0.08399129658937454,0.013088298961520195,0.46287548542022705,0.0006524952477775514,0.003200751729309559,1.0065795183181763,64,0.0476,0.0,1,0,6,0,9,0.778,,,,,,,0.08344228565692902,0.6632152795791626,1.9559249877929688,0.01605,,0.125
186,20000,0.0,24,2,0.0,30.0,0.0,0.0017686564242467284,0.24193768203258514,0.24506063759326935,0.3297491669654846,-0.0893746167421341,0.01596304401755333,0.38476645946502686,0.0004154660564381629,0.004862491507083178,1.3060754537582397,64,0.065,0.0,2,0,5,0,9,0.778,,,,,,,0.06842990219593048,0.7002658843994141,2.0837621688842773,0.0162,,0.125
187,20000,0.0,24,2,0.0,30.0,0.0,0.0006125979125499725,0.2353074550628662,0.23492790758609772,0.3910536766052246,-0.08675651252269745,0.02984047681093216,0.41673797369003296,0.00044918112689629197,0.0027825452852994204,1.098327875137329,64,0.0752,0.0,1,0,5,0,10,0.9,,,,,,,0.07898963242769241,0.6359828114509583,2.0522890090942383,0.0164,,0.125
188,20000,0.0,24,2,0.0,30.0,0.0,0.0006596356397494674,0.23894883692264557,0.24029341340065002,0.34363219141960144,-0.08745462447404861,0.006414712872356176,0.41672131419181824,0.0004157305520493537,0.003072122810408473,1.170544981956482,64,0.0438,0.0,4,0,7,0,5,0.6,,,,,,,0.07471273839473724,0.5502926111221313,2.073585033416748,0.01615,,0.125
189,20000,0.0,24,2,0.3333,29.67,0.3333,0.0012146295048296452,0.272361159324646,0.27655619382858276,0.24396300315856934,-0.094730444252491,0.006009104661643505,0.32552409172058105,0.0002972280199173838,0.0023022957611829042,1.1017723083496094,64,0.0467,0.333,4,0,2,0,9,0.778,0.0652,0.3282,0.146,0,35,6,0.08598005771636963,0.5587024688720703,2.189676284790039,0.0162,0.1458,0.1458
190,20000,0.0,24,2,0.0,30.0,0.0,0.0009762339177541435,0.2636997699737549,0.26101189851760864,0.3455018401145935,-0.09146663546562195,0.009296833537518978,0.416800320148468,0.000343112536938861,0.0031489538960158825,1.2021305561065674,64,0.0577,0.1,3,1,9,0,3,0.667,,,,,,,0.0760871022939682,0.6667623519897461,2.068117618560791,0.01585,,0.1458
191,20000,0.0,24,2,0.0,28.88,0.0,0.0008227627258747816,0.28780514001846313,0.28288644552230835,0.3427005410194397,-0.09667427837848663,0.009584423154592514,0.41802549362182617,0.0002959569392260164,0.004360994789749384,0.9781083464622498,64,0.0582,0.0,3,0,7,1,5,1.0,,,,,,,0.09883800148963928,0.6474299430847168,2.0468826293945312,0.0159,,0.1458
192,20000,0.0,24,2,0.0,30.0,0.0,0.003067252691835165,0.26357704401016235,0.25541067123413086,0.3201668858528137,-0.08353346586227417,0.015295334160327911,0.3710724413394928,0.00043150901910848916,0.004074459429830313,1.085096836090088,64,0.034,0.0,2,0,8,0,6,0.833,,,,,,,0.07698249816894531,0.6163758635520935,2.1170597076416016,0.01575,,0.1458
193,20000,0.0,24,2,0.0,29.33,0.0,0.0007489768322557211,0.21341268718242645,0.21152999997138977,0.4436657130718231,-0.09062331914901733,0.03490254655480385,0.4626007378101349,0.0007187903975136578,0.0037663893308490515,0.9981896281242371,64,0.0401,0.0,2,0,5,1,8,0.5,,,,,,,0.09078767895698547,0.6918992400169373,2.0021159648895264,0.01565,,0.1458
194,20000,0.0,24,2,0.0,28.75,0.0,0.000518516288138926,0.24018031358718872,0.2372364103794098,0.25602784752845764,-0.08723998069763184,0.0066036744974553585,0.3273044228553772,0.0003634346940089017,0.005512121599167585,0.9580146670341492,64,0.0554,0.0,2,0,5,3,6,0.833,,,,,,,0.09106329828500748,0.587285041809082,2.172348976135254,0.01555,,0.1458
195,20000,0.0,24,2,0.0,30.0,0.0,0.0013666185550391674,0.2592756748199463,0.2674275040626526,0.3783915936946869,-0.08949427306652069,0.013655602931976318,0.43915265798568726,0.0005373074091039598,0.002844021888449788,1.1637448072433472,64,0.0597,0.0,2,0,7,1,6,1.0,,,,,,,0.07690197974443436,0.7172884941101074,1.9757189750671387,0.01565,,0.1458
196,20000,0.0,24,2,0.2,29.6,0.2,0.0026102166157215834,0.24581120908260345,0.24360045790672302,0.2947691082954407,-0.08770056068897247,0.004991493653506041,0.3712198734283447,0.0003535760915838182,0.0025336036924272776,1.6630210876464844,64,0.0637,0.2,5,0,4,0,6,1.0,0.0803,0.3832,0.042,0,42,4,0.05273569002747536,0.5928036570549011,2.140631675720215,0.01575,0.0417,0.1458
197,20000,0.0,24,2,0.25,29.75,0.25,0.0006538608577102423,0.28085190057754517,0.2805955410003662,0.26519665122032166,-0.07635999470949173,0.00736332219094038,0.32536187767982483,0.0003103532362729311,0.0029362179338932037,1.9585695266723633,64,0.0315,0.25,3,0,3,0,9,1.0,,,,,,,0.03898763656616211,0.6672595739364624,2.1879072189331055,0.016,,0.1458
198,20000,0.0,24,2,0.0,29.75,0.0,0.001019819756038487,0.2772284150123596,0.27103376388549805,0.4271695911884308,-0.08968977630138397,0.026178628206253052,0.4629073441028595,0.000295000005280599,0.003189494600519538,1.0294116735458374,64,0.0471,0.0,2,0,6,2,6,1.0,,,,,,,0.08712722361087799,0.6000367403030396,1.9625484943389893,0.016,,0.1458
199,20000,0.0,24,2,0.0,30.0,0.0,0.0008684296044521034,0.2779817581176758,0.27840909361839294,0.398693323135376,-0.0868941992521286,0.05679820477962494,0.37092822790145874,0.0004984142724424601,0.002125736325979233,0.803006112575531,64,0.0639,0.0,1,0,9,0,6,1.0,,,,,,,0.10821112990379333,0.6372699737548828,2.1138758659362793,0.016,,0.1458
200,20000,0.0,24,2,0.0,30.0,0.0,0.0004271398647688329,0.27081653475761414,0.2694423198699951,0.2912546694278717,-0.09738707542419434,0.007832629606127739,0.3714115023612976,0.0003472799726296216,0.0031299761030822992,1.361366868019104,64,0.0622,0.0,3,0,7,0,6,0.833,,,,,,,0.07153625041246414,0.6657971739768982,2.1900382041931152,0.016,,0.1458
201,20000,0.0,24,2,0.0,29.33,0.0,0.0002922380226664245,0.24894417822360992,0.25180062651634216,0.39756858348846436,-0.08676975965499878,0.007703111972659826,0.46738919615745544,0.00031626614509150386,0.003085835138335824,1.1493041515350342,64,0.0708,0.167,1,1,4,1,9,1.0,,,,,,,0.07549764215946198,0.6090233325958252,2.003185510635376,0.01605,,0.1458
202,20000,0.0,24,2,0.0,29.71,0.0,0.00039096170803532004,0.23844748735427856,0.23246416449546814,0.3040757179260254,-0.08923915773630142,0.010039014741778374,0.3713996112346649,0.0003492002433631569,0.0036745162215083838,1.2688254117965698,64,0.0303,0.0,2,0,6,1,7,0.714,,,,,,,0.0703321099281311,0.71934574842453,2.1305408477783203,0.0159,,0.1458
203,20000,0.0,24,2,0.0,29.62,0.0,0.000747451966162771,0.2657153904438019,0.25976991653442383,0.29607242345809937,-0.08987267315387726,0.006882893852889538,0.3709411919116974,0.0004017011960968375,0.0024761890526860952,1.7894521951675415,64,0.0499,0.0,1,0,7,1,7,1.0,0.0808,0.3228,0.083,1,40,4,0.050223566591739655,0.6243574619293213,2.1389098167419434,0.0159,0.0625,0.1458
204,20000,0.0,24,2,0.125,28.88,0.125,0.0004555256455205381,0.2250053882598877,0.22155186533927917,0.36250701546669006,-0.0878828763961792,0.015579111874103546,0.4168066382408142,0.0005453138728626072,0.004850090481340885,1.1521912813186646,64,0.0638,0.125,2,0,6,1,6,0.667,,,,,,,0.0762745589017868,0.6831170916557312,2.0559873580932617,0.0157,,0.1458
205,20000,0.0,24,2,0.0,29.8,0.0,0.0005520281847566366,0.25194475054740906,0.2510082721710205,0.2666441798210144,-0.07727726548910141,0.008589625358581543,0.3253011703491211,0.00032145940349437296,0.0028820533771067858,2.399186849594116,64,0.0421,0.0,1,0,9,1,5,1.0,,,,,,,0.03220977634191513,0.5711278319358826,2.177443504333496,0.0155,,0.1458
206,20000,0.0,24,2,0.0,30.0,0.0,0.0005085228476673365,0.280195951461792,0.279510498046875,0.3479722738265991,-0.08663205802440643,0.007993745617568493,0.4169178009033203,0.0002883683773688972,0.0033980789594352245,1.1887081861495972,64,0.0425,0.0,1,0,9,0,6,0.833,,,,,,,0.07287916541099548,0.6458687782287598,2.0597448348999023,0.01555,,0.1458
207,20000,0.0,24,2,0.0,30.0,0.0,0.0003452115342952311,0.22177600860595703,0.22199372947216034,0.2996111214160919,-0.08304642885923386,0.00524518545717001,0.3709461987018585,0.0002565291943028569,0.0024419627152383327,1.578731894493103,64,0.051,0.0,1,0,7,0,8,0.875,,,,,,,0.05260325223207474,0.596804141998291,2.1486656665802,0.0154,,0.1458
208,20000,0.0,24,2,0.2,29.8,0.2,0.0008708672830834985,0.238229438662529,0.23163598775863647,0.3919791877269745,-0.09185345470905304,0.03238736093044281,0.4168063998222351,0.0004729146312456578,0.00450308108702302,0.8757591247558594,64,0.0502,0.2,1,0,4,0,10,1.0,,,,,,,0.10488438606262207,0.6948643922805786,2.043975830078125,0.01555,,0.1458
209,20000,0.0,24,2,0.0,30.0,0.0,0.0009826249442994595,0.2681843936443329,0.26441189646720886,0.3264736831188202,-0.08919216692447662,0.02161373570561409,0.37100157141685486,0.0003412511432543397,0.002873573452234268,1.114209532737732,64,0.0688,0.0,3,0,8,0,5,1.0,,,,,,,0.08004972338676453,0.7447564005851746,2.1066436767578125,0.0155,,0.1458
210,20000,0.0,24,2,0.0,30.0,0.0,0.0004912072326987982,0.26669180393218994,0.26543769240379333,0.31478002667427063,-0.07624587416648865,0.008517293259501457,0.371168315410614,0.0002608547220006585,0.005646018777042627,1.9642126560211182,64,0.0652,0.0,1,0,6,0,9,0.778,0.0745,0.3714,0.042,0,39,7,0.038817524909973145,0.6157164573669434,2.139291286468506,0.01545,0.0417,0.1458
211,20000,0.0,24,2,0.1111,30.0,0.1111,0.0006276245694607496,0.2327406108379364,0.2320680022239685,0.4211219549179077,-0.0946904867887497,0.03604316711425781,0.44204309582710266,0.0009898232528939843,0.0033660035114735365,0.9207584261894226,64,0.0527,0.111,2,0,8,0,5,1.0,,,,,,,0.1028396487236023,0.641033411026001,1.9937262535095215,0.0154,,0.1458
212,20000,0.0,24,2,0.0,30.0,0.0,0.0006887809140607715,0.25647690892219543,0.2583167552947998,0.44020989537239075,-0.09277750551700592,0.011853820644319057,0.5082337856292725,0.0003722168621607125,0.002091925125569105,0.9938602447509766,64,0.0587,0.0,3,0,7,0,6,0.833,,,,,,,0.09335065633058548,0.5998771786689758,1.9082672595977783,0.01515,,0.1458
213,20000,0.0,24,2,0.2,30.0,0.2,0.0005744440713897347,0.21066436171531677,0.21190905570983887,0.3034537732601166,-0.09220045804977417,0.011075926944613457,0.3709561228752136,0.0004115037154406309,0.005092507693916559,1.1715002059936523,64,0.0258,0.2,3,0,4,0,8,0.875,,,,,,,0.0787028968334198,0.6778272986412048,2.118454694747925,0.01525,,0.1458
214,20000,0.0,24,2,0.1,29.9,0.1,0.0006876938277855515,0.27100670337677,0.2689566910266876,0.4833351671695709,-0.0914650559425354,0.05526530370116234,0.4624338150024414,0.0003837572585325688,0.0036716130562126637,0.8304964900016785,64,0.0504,0.1,2,0,9,0,4,0.75,,,,,,,0.11013298481702805,0.6736394762992859,2.00175142288208,0.01515,,0.1458
215,20000,0.0,24,2,0.0,28.8,0.0,0.000701054697856307,0.2343159019947052,0.23122256994247437,0.3553486168384552,-0.08400946855545044,0.010573232546448708,0.4167943596839905,0.0004934850730933249,0.0028345196042209864,0.7458741664886475,64,0.0581,0.0,2,0,4,1,9,0.667,,,,,,,0.11263221502304077,0.6541839241981506,2.0461530685424805,0.01495,,0.1458
216,20000,0.0,24,2,0.0,28.6,0.0,0.0005699605098925531,0.23676174879074097,0.23856180906295776,0.374371200799942,-0.08573493361473083,0.043308280408382416,0.37122735381126404,0.00044602181878872216,0.0045244088396430016,1.4055778980255127,64,0.0746,0.0,3,0,4,1,8,0.875,,,,,,,0.06099621579051018,0.7145256400108337,2.142336845397949,0.015,,0.1458
217,20000,0.0,24,2,0.0,30.0,0.0,0.00045029137982055545,0.22510883212089539,0.2275044322013855,0.30037376284599304,-0.08538654446601868,0.00660156412050128,0.37111520767211914,0.0004137027426622808,0.00288399588316679,1.3483349084854126,64,0.0769,0.0,2,0,5,0,9,0.667,0.0713,0.3584,0.167,1,35,5,0.06332740187644958,0.7014033198356628,2.133749485015869,0.0149,0.1458,0.1458
218,20000,0.0,24,2,0.0,29.75,0.0,0.0011064789723604918,0.22056570649147034,0.21440154314041138,0.4000971019268036,-0.08500412106513977,0.010714243166148663,0.46253371238708496,0.0003947617660742253,0.0022780403960496187,0.9710347056388855,64,0.0441,0.0,2,0,3,1,10,0.8,,,,,,,0.08753973245620728,0.6254474520683289,1.9762790203094482,0.01485,,0.1458
219,20000,0.0,24,2,0.0,30.0,0.0,0.001437623635865748,0.2115790992975235,0.2114950567483902,0.30687186121940613,-0.0834440290927887,0.008756270632147789,0.37094253301620483,0.0004246922326274216,0.003721647895872593,2.066687822341919,64,0.0425,0.0,2,0,7,0,7,1.0,,,,,,,0.0403757244348526,0.6244611144065857,2.1488161087036133,0.01495,,0.1458
220,20000,0.0,24,2,0.0,29.67,0.0,0.0013131876476109028,0.24104946851730347,0.23366940021514893,0.3793085813522339,-0.08467740565538406,0.022976605221629143,0.4168355464935303,0.0002923050196841359,0.002394457347691059,1.429124116897583,64,0.062,0.0,2,0,5,1,8,0.875,,,,,,,0.05925125628709793,0.6035408973693848,2.0651392936706543,0.015,,0.1458
221,20000,0.0,24,2,0.0,29.38,0.0,0.0005170738440938294,0.2299463003873825,0.23146671056747437,0.3936883509159088,-0.09415450692176819,0.01223805919289589,0.46250081062316895,0.0004926089895889163,0.0017318525351583958,1.3824647665023804,64,0.043,0.0,2,0,6,2,6,0.833,,,,,,,0.0681062564253807,0.601881206035614,2.015228033065796,0.01495,,0.1458
222,20000,0.0,24,2,0.0,29.6,0.0,0.0005400217487476766,0.2884700298309326,0.2877790927886963,0.42813771963119507,-0.050276461988687515,0.02951822057366371,0.41765809059143066,0.00027837423840537667,0.003439325140789151,1.1916145086288452,64,0.0455,0.0,1,0,3,2,10,0.8,,,,,,,0.04219188913702965,0.7039585113525391,2.0382437705993652,0.015,,0.1458
223,20000,0.0,24,2,0.25,29.38,0.25,0.000637977325823158,0.23963259160518646,0.23890505731105804,0.3492316007614136,-0.08227097988128662,0.021487444639205933,0.3870404064655304,0.00043507825466804206,0.00297456793487072,1.5289865732192993,64,0.0457,0.25,5,0,5,1,3,0.667,,,,,,,0.05380752310156822,0.6791390776634216,2.0858516693115234,0.015,,0.1458
224,20000,0.0,24,2,0.0,29.86,0.0,0.0010769867803901434,0.267426073551178,0.27376192808151245,0.3222636282444,-0.09018906950950623,0.019926877692341805,0.3710753917694092,0.00032103920239023864,0.0030470893252640963,0.988947868347168,64,0.0563,0.0,3,0,6,1,6,1.0,0.0582,0.2953,0.104,0,36,7,0.09119698405265808,0.6304236650466919,2.1154050827026367,0.015,0.1042,0.1458
225,20000,0.0,24,2,0.1111,30.0,0.1111,0.0012680351501330733,0.27422112226486206,0.26927244663238525,0.3819194734096527,-0.0777503252029419,0.020723555237054825,0.41684579849243164,0.0004549240693449974,0.002753776265308261,1.285481333732605,64,0.0542,0.111,2,0,8,0,5,0.8,,,,,,,0.060483433306217194,0.7178189158439636,2.0631279945373535,0.0151,,0.1458
226,20000,0.0,24,2,0.0,30.0,0.0,0.0006797073292545974,0.29275572299957275,0.2918078899383545,0.5172016024589539,-0.07951200753450394,0.031727179884910583,0.5315929651260376,0.0003375062660779804,0.0033325781114399433,1.6991722583770752,64,0.0583,0.0,4,0,8,0,4,1.0,,,,,,,0.04679455608129501,0.7128419876098633,2.192906379699707,0.01505,,0.1458
227,20000,0.0,24,2,0.3333,29.83,0.3333,0.0017336977180093527,0.25362566113471985,0.24857020378112793,0.2812321186065674,-0.09420020878314972,0.024055570363998413,0.32524532079696655,0.0002881244581658393,0.004151677247136831,1.2658064365386963,64,0.078,0.333,3,0,4,0,7,1.0,,,,,,,0.07441912591457367,0.6815661191940308,2.1967482566833496,0.01525,,0.1458
228,20000,0.0,24,2,0.2,28.6,0.2,0.0006812147912569344,0.2548399567604065,0.2543432116508484,0.8138197064399719,-0.0937015563249588,0.09232526272535324,0.7206621170043945,0.00029714006814174354,0.004417325835675001,1.400821566581726,64,0.0446,0.2,3,0,3,1,8,0.875,,,,,,,0.0668904259800911,0.6449345946311951,2.065399169921875,0.0153,,0.1458
229,20000,0.0,24,2,0.0,29.33,0.0,0.00040281240944750607,0.23470589518547058,0.23464126884937286,0.34331029653549194,-0.09161505103111267,0.00820576585829258,0.41718563437461853,0.0002608788781799376,0.0026563142891973257,1.6705458164215088,64,0.0488,0.0,0,0,7,2,7,0.857,,,,,,,0.05484138801693916,0.6644219160079956,2.0466299057006836,0.0151,,0.1458
230,20000,0.0,24,2,0.25,30.0,0.25,0.0014769607223570347,0.2672378420829773,0.26765331625938416,0.5069730281829834,-0.09475656598806381,0.045775797218084335,0.5081374049186707,0.0003811333153862506,0.004081281367689371,0.7162797451019287,64,0.024,0.25,3,0,3,0,9,0.667,,,,,,,0.13228988647460938,0.6630892753601074,1.9260236024856567,0.01505,,0.1458
231,20000,0.0,24,2,0.0,30.0,0.0,0.0006684132968075573,0.29710811376571655,0.2978164255619049,0.3899533748626709,-0.09177138656377792,0.008966931141912937,0.4627807140350342,0.0003109552199020982,0.0020203322637826204,1.0947043895721436,64,0.0514,0.0,0,0,7,0,9,0.778,0.0593,0.2559,0.125,0,32,10,0.08383211493492126,0.6108419895172119,2.0067358016967773,0.01495,0.125,0.1458
232,20000,0.0,24,2,0.0,29.5,0.0,0.0005187202477827668,0.25344687700271606,0.2554323077201843,0.3139547109603882,-0.09161446243524551,0.016502266749739647,0.3710983693599701,0.00033504763268865645,0.002932559931650758,1.2889748811721802,64,0.0551,0.25,4,1,3,0,8,0.75,,,,,,,0.071075439453125,0.5854124426841736,2.1313140392303467,0.01515,,0.1458
233,20000,0.0,24,2,0.2857,29.57,0.2857,0.0010351972887292504,0.2951592803001404,0.30188167095184326,0.3181999623775482,-0.08662445098161697,0.016132105141878128,0.3710637092590332,0.000276463310001418,0.0029929757583886385,1.2248693704605103,64,0.0384,0.286,4,0,5,0,5,1.0,,,,,,,0.07072138041257858,0.6131688356399536,2.1210665702819824,0.01515,,0.1458
234,20000,0.0,24,2,0.1429,29.71,0.1429,0.0010437623132020235,0.2676776051521301,0.2727658152580261,0.2649243175983429,-0.0828014612197876,0.01050151139497757,0.3253301680088043,0.00025451474357396364,0.0027851343620568514,1.1037667989730835,64,0.0367,0.143,1,0,5,1,8,1.0,,,,,,,0.07501716911792755,0.6473476886749268,2.1715476512908936,0.0152,,0.1458
235,20000,0.0,24,2,0.2,30.0,0.2,0.000508930766955018,0.23465502262115479,0.23361161351203918,0.34072110056877136,-0.09271902590990067,0.0077528501860797405,0.4169577956199646,0.00031353533267974854,0.0019532698206603527,1.36803138256073,64,0.0201,0.2,2,0,4,0,9,0.778,,,,,,,0.06777551770210266,0.6149705648422241,2.0372345447540283,0.0153,,0.1458
236,20000,0.0,24,2,0.0,30.0,0.0,0.0003403500886633992,0.24880851805210114,0.2474297732114792,0.41033533215522766,-0.09365107864141464,0.04295859485864639,0.4166908860206604,0.0003619435301516205,0.002756663830950856,1.1536592245101929,64,0.0465,0.0,1,0,9,0,6,1.0,,,,,,,0.08117741346359253,0.6026703119277954,2.0615246295928955,0.01525,,0.1458
237,20000,0.0,24,2,0.0,30.0,0.0,0.000428822822868824,0.2704041600227356,0.27426430583000183,0.37545478343963623,-0.08703823387622833,0.020177189260721207,0.4184333086013794,0.00026986829470843077,0.007410620804876089,1.289712905883789,64,0.0526,0.0,2,0,4,1,9,0.889,,,,,,,0.06748652458190918,0.7076296210289001,2.0691938400268555,0.01525,,0.1458
238,20000,0.0,24,2,0.2857,29.43,0.2857,0.00035512540489435196,0.21377456188201904,0.2070794552564621,0.37565669417381287,-0.09946908056735992,0.005809926427900791,0.46241143345832825,0.00037050238461233675,0.002188965678215027,1.0508242845535278,64,0.0454,0.286,2,0,3,2,7,1.0,0.0652,0.3598,0.146,1,36,5,0.09465814381837845,0.592279314994812,1.9860533475875854,0.01555,0.125,0.1458
239,20000,0.0,24,2,0.0,29.86,0.0,0.0005559009150601923,0.23665684461593628,0.23665282130241394,0.36553746461868286,-0.08374743163585663,0.06105969473719597,0.3254668414592743,0.0004852366982959211,0.0033973397221416235,1.3954209089279175,64,0.0406,0.0,2,0,6,1,7,1.0,,,,,,,0.06001589447259903,0.6133209466934204,2.1669557094573975,0.01565,,0.1458
240,20000,0.0,24,2,0.0,29.6,0.0,0.0017577316612005234,0.25720250606536865,0.257415771484375,0.3823564648628235,-0.09367325901985168,0.006083607207983732,0.4628443121910095,0.00026221072766929865,0.0020363747607916594,1.3786227703094482,64,0.047,0.0,3,0,7,3,3,0.667,,,,,,,0.06794698536396027,0.6574048399925232,1.9874513149261475,0.0155,,0.1458
241,20000,0.0,24,2,0.0,29.5,0.0,0.0014986699679866433,0.28566914796829224,0.2843323349952698,0.3130205571651459,-0.09316043555736542,0.03929911553859711,0.32562392950057983,0.0002840858942363411,0.003917650319635868,0.932904839515686,64,0.0515,0.125,1,1,5,2,7,0.857,,,,,,,0.09986059367656708,0.702420175075531,2.1917777061462402,0.0156,,0.1458
242,20000,0.0,24,2,0.0,30.0,0.0,0.0006874141981825233,0.2266770452260971,0.22717821598052979,0.33919939398765564,-0.0925275906920433,0.006724563892930746,0.41698798537254333,0.00042969227069988847,0.0025797653943300247,1.1743735074996948,64,0.0401,0.0,3,0,2,0,11,0.909,,,,,,,0.0787888914346695,0.6776242256164551,2.0455520153045654,0.0158,,0.1458
243,20000,0.0,24,2,0.0,30.0,0.0,0.0004338584840297699,0.255184531211853,0.2535855770111084,0.3881164491176605,-0.09578558057546616,0.033103033900260925,0.4166490435600281,0.000481157359899953,0.0020938420202583075,0.8822329640388489,64,0.0388,0.0,2,0,6,1,7,0.857,,,,,,,0.10857175290584564,0.6712862253189087,2.051255702972412,0.0158,,0.1458
244,20000,0.0,24,2,0.0,29.75,0.0,0.0006964292260818183,0.24352213740348816,0.24462927877902985,0.33353766798973083,-0.06732529401779175,0.014144408516585827,0.37096017599105835,0.0004996106144972146,0.003227966371923685,1.1008367538452148,64,0.0518,0.0,3,0,7,1,5,1.0,,,,,,,0.06115829572081566,0.5928166508674622,2.1338770389556885,0.01565,,0.1458
245,20000,0.0,24,2,0.1667,29.83,0.1667,0.0006053488468751311,0.3007761240005493,0.3046201169490814,0.3644307255744934,-0.09263324737548828,0.04233134537935257,0.3709662854671478,0.00031265680445358157,0.002869992982596159,1.0551294088363647,64,0.0303,0.167,0,0,5,0,10,0.9,0.0538,0.2692,0.229,2,33,4,0.0877932533621788,0.6171078681945801,2.1349291801452637,0.01565,0.1875,0.1875
246,20000,0.0,24,2,0.0,30.0,0.0,0.00043537819874472916,0.2441309094429016,0.24461767077445984,0.39249804615974426,-0.08677259087562561,0.007455993443727493,0.46245381236076355,0.0003492841497063637,0.00380970467813313,0.959046483039856,64,0.0274,0.0,2,0,5,0,9,0.778,,,,,,,0.09047798812389374,0.6885668635368347,2.0051870346069336,0.0156,,0.1875
247,20000,0.0,24,2,0.2,29.6,0.2,0.00033663472277112305,0.2737065553665161,0.27737343311309814,0.25754716992378235,-0.08672600239515305,0.008299492299556732,0.3253384232521057,0.00027910148492082953,0.00467153824865818,1.1905276775360107,64,0.0339,0.2,1,0,4,0,10,0.9,,,,,,,0.07284668833017349,0.5950953960418701,2.2036967277526855,0.01595,,0.1875
248,20000,0.0,24,2,0.25,29.75,0.25,0.0005229343078099191,0.26413342356681824,0.26144587993621826,0.3912141025066376,-0.08114198595285416,0.04993472620844841,0.3710993826389313,0.0003296279755886644,0.002774565713480115,1.4423487186431885,64,0.0401,0.25,5,0,3,0,7,1.0,,,,,,,0.056256845593452454,0.6433544158935547,2.1206135749816895,0.016,,0.1875
249,20000,0.0,24,2,0.0,29.8,0.0,0.0007205746369436383,0.25697875022888184,0.2653889060020447,0.48544734716415405,-0.09835052490234375,0.03735465928912163,0.5081460475921631,0.00038602182758040726,0.0018849751213565469,0.8122037053108215,64,0.0725,0.2,1,1,4,0,10,0.8,,,,,,,0.12109096348285675,0.654131293296814,1.9181506633758545,0.0161,,0.1875
250,20000,0.0,24,2,0.0,30.0,0.0,0.0009134668507613242,0.24914732575416565,0.2574045658111572,0.44787031412124634,-0.09168051183223724,0.060671061277389526,0.41682732105255127,0.00037842767778784037,0.002762792631983757,1.1861189603805542,64,0.0326,0.0,5,0,6,0,5,1.0,,,,,,,0.07729452848434448,0.6872208118438721,2.0726451873779297,0.0161,,0.1875
251,20000,0.0,24,2,0.0,29.6,0.0,0.0005175311816856265,0.2371397465467453,0.23077842593193054,0.3957265019416809,-0.08831074088811874,0.0553453266620636,0.37126702070236206,0.00020510483591351658,0.004159137606620789,1.0502464771270752,64,0.0433,0.0,3,0,3,2,8,0.5,,,,,,,0.08408573269844055,0.5830255746841431,2.0886664390563965,0.01595,,0.1875
252,20000,0.0,24,2,0.0,30.0,0.0,0.00045130084617994726,0.23298397660255432,0.23108841478824615,0.32117608189582825,-0.08172908425331116,0.03775743022561073,0.32529664039611816,0.0005241594044491649,0.004187361337244511,1.901710867881775,64,0.0433,0.0,3,0,4,0,9,0.667,0.0657,0.3207,0.083,0,42,2,0.042976610362529755,0.6457706689834595,2.204349994659424,0.016,0.0833,0.1875
253,20000,0.0,24,2,0.0,30.0,0.0,0.0006387399043887854,0.2488931566476822,0.24600832164287567,0.32474425435066223,-0.08853031694889069,0.02050113119184971,0.3711283206939697,0.00040119586628861725,0.0022879792377352715,2.9043185710906982,64,0.0517,0.0,2,0,4,0,10,1.0,,,,,,,0.030482303351163864,0.6833986639976501,2.1079418659210205,0.01625,,0.1875
254,20000,0.0,24,2,0.2857,30.0,0.2857,0.0016548115527257323,0.260725200176239,0.260392427444458,0.3637915849685669,-0.08772808313369751,0.01669241487979889,0.4170418977737427,0.00030635567964054644,0.002185869263485074,0.997772216796875,64,0.0472,0.286,3,0,5,0,6,0.833,,,,,,,0.08792395889759064,0.5887361764907837,2.055678129196167,0.0165,,0.1875
255,20000,0.0,24,2,0.125,29.88,0.125,0.0036810210440307856,0.2695671319961548,0.2828269898891449,0.3808005750179291,-0.09200431406497955,0.004535358399152756,0.46258431673049927,0.0004915824974887073,0.002299706917256117,1.353995680809021,64,0.047,0.25,2,1,6,0,6,0.667,,,,,,,0.06795022636651993,0.6188291311264038,1.9510712623596191,0.0164,,0.1875
256,20000,0.0,24,2,0.0,30.0,0.0,0.0006646352703683078,0.29390597343444824,0.2930397391319275,0.3462313413619995,-0.08765926212072372,0.00799914076924324,0.41664716601371765,0.00026553962379693985,0.0024903099983930588,1.1275895833969116,64,0.0509,0.0,2,0,4,1,9,1.0,,,,,,,0.0777403935790062,0.628739058971405,2.055586814880371,0.01645,,0.1875
257,20000,0.0,24,2,0.0,29.44,0.0,0.0005734771257266402,0.23147736489772797,0.23175548017024994,0.3511897027492523,-0.0879480242729187,0.03341421112418175,0.37101298570632935,0.00031666381983086467,0.0025926311500370502,1.1460102796554565,64,0.0443,0.0,3,0,8,1,4,0.75,,,,,,,0.07674279063940048,0.6877726912498474,2.126558542251587,0.01615,,0.1875
258,20000,0.0,24,2,0.0,29.33,0.0,0.00040884054033085704,0.24514248967170715,0.24978426098823547,0.48015350103378296,-0.08091603219509125,0.010191503912210464,0.5394313335418701,0.00033358443761244416,0.0025103986263275146,1.2474995851516724,64,0.0795,0.0,2,0,5,1,8,1.0,,,,,,,0.06486257165670395,0.627583384513855,2.131030559539795,0.0162,,0.1875
259,20000,0.0,24,2,0.0,30.0,0.0,0.0004918778431601822,0.2406768798828125,0.23960380256175995,0.27067050337791443,-0.08068627119064331,0.01187072228640318,0.3263032138347626,0.00027319640503264964,0.0026241980958729982,1.9319705963134766,64,0.039,0.0,1,0,7,0,8,1.0,0.0591,0.3074,0.146,0,40,1,0.04176371544599533,0.6388298273086548,2.1715893745422363,0.0163,0.1458,0.1875
260,20000,0.0,24,2,0.25,30.0,0.25,0.0008527447935193777,0.26316970586776733,0.26024603843688965,0.3657829165458679,-0.08102254569530487,0.013997932896018028,0.4170430600643158,0.00028352372464723885,0.0035330462269484997,1.3442453145980835,64,0.0305,0.25,1,0,3,0,11,1.0,,,,,,,0.06027362495660782,0.6138548254966736,2.053330421447754,0.01665,,0.1875
261,20000,0.0,24,2,0.0,30.0,0.0,0.0006111577968113124,0.26327478885650635,0.26431721448898315,0.3449871242046356,-0.09213727712631226,0.008890446275472641,0.41774964332580566,0.0004073177988175303,0.0031877208966761827,1.019868016242981,64,0.0477,0.0,1,0,4,1,10,0.7,,,,,,,0.09034235030412674,0.6825022101402283,2.0581936836242676,0.0166,,0.1875
262,20000,0.0,24,2,0.0,30.0,0.0,0.0007132566533982754,0.2855100631713867,0.28688719868659973,0.3201718330383301,-0.08957653492689133,0.0178348608314991,0.3727886378765106,0.00022219742822926491,0.0025800683069974184,1.0607068538665771,64,0.0336,0.0,0,0,5,0,11,0.818,,,,,,,0.08444984257221222,0.6113439798355103,2.1104588508605957,0.01675,,0.1875
263,20000,0.0,24,2,0.0,30.0,0.0,0.0002927777823060751,0.27823781967163086,0.27976179122924805,0.33583348989486694,-0.09519638866186142,0.005792056676000357,0.4182048738002777,0.0002488694153726101,0.0024818195961415768,0.8460181355476379,64,0.0549,0.0,1,0,6,0,9,1.0,,,,,,,0.11252286285161972,0.6713194847106934,2.0367019176483154,0.0169,,0.1875
264,20000,0.0,24,2,0.0,29.75,0.0,0.0007530889706686139,0.2480490803718567,0.24505655467510223,0.2614412307739258,-0.09617584943771362,0.015529168769717216,0.32547059655189514,0.0007428632234223187,0.0021762612741440535,1.3227672576904297,64,0.0499,0.0,1,0,7,1,7,1.0,,,,,,,0.07270805537700653,0.596516489982605,2.1955807209014893,0.01685,,0.1875
265,20000,0.0,24,2,0.0,29.5,0.0,0.000536766485311091,0.22232042253017426,0.224573016166687,0.3326915204524994,-0.05927275866270065,0.009580588899552822,0.37089288234710693,0.0003438059939071536,0.0038204442244023085,1.6303064823150635,64,0.0627,0.0,3,0,5,1,7,0.857,,,,,,,0.03635682165622711,0.6346704959869385,2.1305243968963623,0.0169,,0.1875
266,20000,0.0,24,2,0.0,30.0,0.0,0.0004595820792019367,0.24261288344860077,0.2428569197654724,0.3560923933982849,-0.09100288152694702,0.014378766529262066,0.41678351163864136,0.00030164109193719923,0.0031084150541573763,1.3920851945877075,64,0.0406,0.0,1,0,7,0,8,0.875,0.062,0.223,0.062,0,41,4,0.06537163257598877,0.6595801115036011,2.071333408355713,0.0168,0.0625,0.1875
267,20000,0.0,24,2,0.125,29.75,0.125,0.0005313162109814584,0.23107117414474487,0.23275095224380493,0.538500189781189,-0.05549848824739456,0.006621204316616058,0.5793088674545288,0.00027355123893357813,0.0028947177343070507,0.8068605661392212,64,0.0574,0.125,0,0,6,1,8,0.875,,,,,,,0.06878325343132019,0.6680827140808105,1.6686015129089355,0.01685,,0.1875
268,20000,0.0,24,2,0.0,29.89,0.0,0.0005093356594443321,0.25585660338401794,0.2588251233100891,0.333712637424469,-0.08203486353158951,0.021943187341094017,0.37090998888015747,0.00036009776522405446,0.001902254531159997,1.1244218349456787,64,0.0488,0.111,1,1,8,0,6,0.833,,,,,,,0.0729573667049408,0.6435264348983765,2.1398138999938965,0.0167,,0.1875
269,20000,0.0,24,2,0.0,28.8,0.0,0.0008960865088738501,0.2649858593940735,0.2642301321029663,0.33339017629623413,-0.0897112637758255,0.025524776428937912,0.37104859948158264,0.00039515076787211,0.0020065875723958015,1.2704614400863647,64,0.0436,0.0,4,0,4,1,7,1.0,,,,,,,0.07061313092708588,0.568867564201355,2.1311285495758057,0.0168,,0.1875
270,20000,0.0,24,2,0.1667,29.83,0.1667,0.0005529263871721923,0.27617406845092773,0.27431678771972656,0.2598300576210022,-0.08391022682189941,0.008550127036869526,0.32529813051223755,0.00030525322654284537,0.0026838460471481085,3.027524709701538,64,0.0367,0.167,2,0,5,0,8,0.875,,,,,,,0.027715785428881645,0.6255685091018677,2.1902883052825928,0.01685,,0.1875
271,20000,0.0,24,2,0.0,29.83,0.0,0.0003218777128495276,0.19651474058628082,0.20094406604766846,0.38634413480758667,-0.0770796537399292,0.022749293595552444,0.41685032844543457,0.00037949380930513144,0.00214978470467031,1.640559434890747,64,0.0348,0.0,1,0,5,1,9,0.889,,,,,,,0.046983759850263596,0.5992727279663086,2.0236172676086426,0.01695,,0.1875
272,20000,0.0,24,2,0.0,30.0,0.0,0.0004564143600873649,0.24031436443328857,0.23977170884609222,0.244681715965271,-0.09433506429195404,0.006182395853102207,0.3253431022167206,0.0002691918343771249,0.002617766847833991,1.1042135953903198,64,0.0401,0.0,2,0,4,0,10,0.9,,,,,,,0.08543190360069275,0.5647399425506592,2.1661055088043213,0.0171,,0.1875
273,20000,0.0,24,2,0.2857,29.71,0.2857,0.0003593634464778006,0.3302353322505951,0.3315812945365906,0.34885191917419434,-0.0922544002532959,0.011683373712003231,0.41676706075668335,0.00031050079269334674,0.0019450187683105469,0.89007967710495,64,0.055,0.286,1,0,5,0,8,1.0,0.0597,0.2477,0.104,1,38,5,0.10364733636379242,0.6215437054634094,2.039544105529785,0.0173,0.0833,0.1875
274,20000,0.0,24,2,0.0,29.33,0.0,0.0009976772125810385,0.23360171914100647,0.22787505388259888,0.3449712097644806,-0.09111885726451874,0.03179878741502762,0.3709871172904968,0.0003029671497642994,0.0030107712373137474,1.0286155939102173,64,0.0472,0.0,3,0,6,3,4,0.75,,,,,,,0.08858396857976913,0.6267436742782593,2.1379666328430176,0.01705,,0.1875
275,20000,0.0,24,2,0.0,29.71,0.0,0.00027370319003239274,0.2813248336315155,0.28130343556404114,0.4010539948940277,-0.08271446824073792,0.009775152429938316,0.46273595094680786,0.00019194091146346182,0.002964434213936329,0.9450514912605286,64,0.0511,0.0,2,0,6,1,7,1.0,,,,,,,0.08752376586198807,0.7126781344413757,1.9842463731765747,0.01695,,0.1875
276,20000,0.0,24,2,0.1667,30.0,0.1667,0.0006565040675923228,0.288113534450531,0.28536564111709595,0.3923845589160919,-0.09337778389453888,0.010889306664466858,0.4623633325099945,0.0002835015475284308,0.003240767400711775,1.221031904220581,64,0.0239,0.167,2,0,5,0,8,0.75,,,,,,,0.07647448778152466,0.6519302129745483,1.9899758100509644,0.017,,0.1875
277,20000,0.0,24,2,0.0,29.4,0.0,0.0003477082937024534,0.2505379915237427,0.25009703636169434,0.29157719016075134,-0.08712857216596603,0.011775217950344086,0.35359519720077515,0.00034248296287842095,0.0031202316749840975,1.585970401763916,64,0.0489,0.0,3,0,4,1,8,0.625,,,,,,,0.05493707209825516,0.7084653377532959,2.138756513595581,0.017,,0.1875
278,20000,0.0,24,2,0.0,30.0,0.0,0.00028851517708972096,0.2496623992919922,0.25157690048217773,0.32127684354782104,-0.09466485679149628,0.021830100566148758,0.3712136745452881,0.0003500537422951311,0.0021356104407459497,1.1484650373458862,64,0.0387,0.0,1,0,4,0,11,0.909,,,,,,,0.08242728561162949,0.6339964270591736,2.1347222328186035,0.01715,,0.1875
279,20000,0.0,24,2,0.0,30.0,0.0,0.000610275543294847,0.25374558568000793,0.25456029176712036,0.25069767236709595,-0.09825372695922852,0.009280682541429996,0.32880741357803345,0.0003588166437111795,0.0031652525067329407,1.1143765449523926,64,0.03,0.0,1,0,4,2,9,1.0,,,,,,,0.08816923201084137,0.7203305959701538,2.1734137535095215,0.01725,,0.1875
280,20000,0.0,24,2,0.0,30.0,0.0,0.0007544777472503483,0.23468434810638428,0.23042795062065125,0.35524821281433105,-0.08083262294530869,0.030846310779452324,0.3731306791305542,0.0002775021130219102,0.002515076892450452,1.153577446937561,64,0.0391,0.0,1,0,8,0,7,0.857,0.0753,0.2951,0.083,1,37,7,0.0700712502002716,0.6488125920295715,2.114535331726074,0.01715,0.0625,0.1875
281,20000,0.0,24,2,0.1,29.8,0.1,0.0006910503725521266,0.24408867955207825,0.24398885667324066,0.3068315088748932,-0.07780807465314865,0.029127661138772964,0.3252427875995636,0.0006329187308438122,0.002282909583300352,1.7915884256362915,64,0.0579,0.1,0,0,8,1,6,0.667,,,,,,,0.0434296615421772,0.6449918746948242,2.1926701068878174,0.0169,,0.1875
282,20000,0.0,24,2,0.0,29.29,0.0,0.00039407724398188293,0.26775914430618286,0.2663257420063019,0.4443666636943817,-0.07636794447898865,0.005702733062207699,0.5081384181976318,0.0004660116683226079,0.0023814160376787186,1.036908745765686,64,0.0547,0.0,2,0,6,1,7,1.0,,,,,,,0.07364962249994278,0.6598684191703796,1.9393318891525269,0.01685,,0.1875
283,20000,0.0,24,2,0.2,29.9,0.2,0.0005561024299822748,0.294058620929718,0.2904548645019531,0.34374356269836426,-0.09146378934383392,0.03120139054954052,0.3709409832954407,0.00024713046150282025,0.0037272172048687935,1.5300748348236084,64,0.0487,0.2,3,0,8,0,3,1.0,,,,,,,0.05977733060717583,0.714338481426239,2.137279510498047,0.01685,,0.1875
284,20000,0.0,24,2,0.0,29.83,0.0,0.0003511329123284668,0.29048818349838257,0.29127806425094604,0.30387765169143677,-0.07772600650787354,0.02742433175444603,0.3254518508911133,0.0003621900104917586,0.002606244059279561,1.3987809419631958,64,0.0561,0.0,3,0,5,1,7,0.857,,,,,,,0.05556695908308029,0.5832372903823853,2.1881542205810547,0.01675,,0.1875
285,20000,0.0,24,2,0.5,30.0,0.5,0.0008699435275048018,0.2900196313858032,0.290032297372818,0.4241621494293213,-0.08881960809230804,0.02460656315088272,0.46242955327033997,0.0005099133704788983,0.002678145654499531,0.9344493746757507,64,0.0324,0.5,2,0,3,0,8,0.75,,,,,,,0.09505020827054977,0.613731324672699,1.9912968873977661,0.01675,,0.1875
286,20000,0.0,24,2,0.0,30.0,0.0,0.0004915595636703074,0.25017818808555603,0.25394654273986816,0.29886823892593384,-0.09026943147182465,0.008502043783664703,0.3709806501865387,0.00023152223729994148,0.0023058836814016104,1.111814022064209,64,0.0402,0.0,2,0,8,0,6,0.833,,,,,,,0.08119112253189087,0.6876901388168335,2.1473422050476074,0.01665,,0.1875
287,20000,0.0,24,2,0.0,30.0,0.0,0.0004682397411670536,0.2379656434059143,0.2439066767692566,0.4388614892959595,-0.09421457350254059,0.011554515920579433,0.5083736181259155,0.00042236183071509004,0.003186838235706091,0.83935546875,64,0.0294,0.0,2,0,10,0,4,1.0,0.0763,0.3379,0.146,1,35,6,0.1122463196516037,0.6550614237785339,1.9272418022155762,0.01675,0.125,0.1875
288,20000,0.0,24,2,0.0,29.71,0.0,0.000374470604583621,0.2686545252799988,0.26800790429115295,0.4589940011501312,-0.09406143426895142,0.037548717111349106,0.4767276346683502,0.00029869857826270163,0.0024606978986412287,0.8388010263442993,64,0.0648,0.0,1,0,6,1,8,0.875,,,,,,,0.11213795840740204,0.5833438634872437,2.021693229675293,0.01675,,0.1875
289,20000,0.0,24,2,0.1429,29.71,0.1429,0.00029736844589933753,0.28448373079299927,0.2836587429046631,0.35016846656799316,-0.09176753461360931,0.012107022106647491,0.4166773557662964,0.00033809663727879524,0.0020892219617962837,0.8952197432518005,64,0.0495,0.143,2,0,5,1,7,1.0,,,,,,,0.10250838845968246,0.6912221312522888,2.0607407093048096,0.0167,,0.1875
290,20000,0.0,24,2,0.1429,30.0,0.1429,0.0003604789962992072,0.2784620523452759,0.2751556932926178,0.4151444137096405,-0.09168921411037445,0.0434720441699028,0.4168386161327362,0.0003534046991262585,0.0061018625274300575,1.1305001974105835,64,0.0435,0.143,4,0,6,0,5,1.0,,,,,,,0.08110499382019043,0.5984566807746887,2.053696393966675,0.0167,,0.1875
291,20000,0.0,24,2,0.0,30.0,0.0,0.0015977901639416814,0.21913844347000122,0.21739645302295685,0.36241385340690613,-0.08956238627433777,0.017015499994158745,0.4169769883155823,0.00030351587338373065,0.001936505432240665,1.2335213422775269,64,0.0524,0.0,4,0,8,0,4,0.75,,,,,,,0.07260708510875702,0.7041451930999756,2.0595524311065674,0.01665,,0.1875
292,20000,0.0,24,2,0.0,29.62,0.0,0.0003665030235424638,0.2528199553489685,0.2547380328178406,0.33322206139564514,-0.08725743740797043,0.023308712989091873,0.3727598786354065,0.00034910760587081313,0.0022043504286557436,1.044586181640625,64,0.0351,0.0,3,0,7,1,5,1.0,,,,,,,0.08353301882743835,0.650757372379303,2.1220273971557617,0.0165,,0.1875
293,20000,0.0,24,2,0.0,30.0,0.0,0.001864416291937232,0.2823334038257599,0.2749961018562317,0.3013601303100586,-0.08847003430128098,0.008726771920919418,0.3711467385292053,0.00025160994846373796,0.002459766576066613,0.9335228204727173,64,0.0415,0.143,1,1,5,1,8,0.75,,,,,,,0.09477007389068604,0.7310912013053894,2.1192164421081543,0.01635,,0.1875
294,20000,0.0,24,2,0.0,30.0,0.0,0.0005756714381277561,0.2368449866771698,0.23824051022529602,0.29422318935394287,-0.08970651030540466,0.005839920602738857,0.3710336685180664,0.0003124749637208879,0.002432355424389243,1.565293788909912,64,0.0336,0.0,2,0,5,0,9,0.889,0.0741,0.2745,0.083,2,34,10,0.05730969086289406,0.6947222948074341,2.138552665710449,0.0163,0.0417,0.1875
295,20000,0.0,24,2,0.125,30.0,0.125,0.001725509064272046,0.2345532774925232,0.2318935990333557,0.37868794798851013,-0.08278705924749374,0.04465080425143242,0.3709212839603424,0.0005010259919799864,0.0025042325723916292,1.571018099784851,64,0.0516,0.125,1,0,7,0,7,0.857,,,,,,,0.052696436643600464,0.7043193578720093,2.129274845123291,0.01615,,0.1875
296,20000,0.0,24,2,0.125,29.62,0.125,0.0002955937525257468,0.28483808040618896,0.28677403926849365,0.3558388352394104,-0.08821561187505722,0.035777270793914795,0.37122562527656555,0.0003176750906277448,0.002548569580540061,1.3452765941619873,64,0.0557,0.125,1,0,6,1,7,0.714,,,,,,,0.06557433307170868,0.6267277598381042,2.1010921001434326,0.01605,,0.1875
297,20000,0.0,24,2,0.4286,29.43,0.4286,0.0009574240539222956,0.276402086019516,0.27350106835365295,0.4318252205848694,-0.09128817915916443,0.006779025308787823,0.5083372592926025,0.0002961685531772673,0.0024361354298889637,1.1207984685897827,64,0.046,0.429,0,0,4,0,9,0.778,,,,,,,0.0814492329955101,0.656906247138977,1.9299142360687256,0.0163,,0.1875
298,20000,0.0,24,2,0.0,30.0,0.0,0.00033658958273008466,0.24625885486602783,0.24737203121185303,0.5242042541503906,-0.08949949592351913,0.009173746220767498,0.5942069888114929,0.0002678357413969934,0.002298570005223155,1.1474336385726929,64,0.0487,0.0,1,0,8,0,7,1.0,,,,,,,0.07799971848726273,0.6634458899497986,1.9978591203689575,0.01645,,0.1875
299,20000,0.0,24,2,0.0,30.0,0.0,0.000965387444011867,0.2671552896499634,0.2669827342033386,0.4312431812286377,-0.09235575050115585,0.007064424455165863,0.508151650428772,0.000431523600127548,0.0026368764229118824,0.9593292474746704,64,0.0456,0.0,2,0,5,0,9,0.778,,,,,,,0.09627116471529007,0.6178398132324219,1.9106085300445557,0.01625,,0.1875
300,20000,0.0,24,2,0.0,30.0,0.0,0.0003650193102657795,0.21562030911445618,0.2135172039270401,0.3965306580066681,-0.0932951420545578,0.03604588657617569,0.416723370552063,0.00034323951695114374,0.002021287102252245,1.0690598487854004,64,0.0351,0.0,1,0,8,0,7,0.857,,,,,,,0.0872683972120285,0.6050081253051758,2.041996955871582,0.01615,,0.1875
301,20000,0.0,24,2,0.0,29.25,0.0,0.0017793867737054825,0.2290429323911667,0.22738170623779297,0.43072667717933655,-0.08917686343193054,0.005406711250543594,0.5081682205200195,0.0003226265253033489,0.0018438390688970685,0.972767174243927,64,0.0563,0.0,2,0,5,3,6,1.0,0.0639,0.3378,0.125,0,34,8,0.09167338907718658,0.6475270390510559,1.9315251111984253,0.01615,0.125,0.1875
302,20000,0.0,24,2,0.125,29.0,0.125,0.001883063931018114,0.2976967394351959,0.2957877218723297,0.30785390734672546,-0.09344547986984253,0.009662817232310772,0.38076138496398926,0.0023153258953243494,0.0024247088003903627,1.1278091669082642,64,0.0554,0.125,3,0,5,2,5,0.2,,,,,,,0.08285576105117798,0.6624394655227661,2.085996627807617,0.0159,,0.1875
303,20000,0.0,24,2,0.3333,29.67,0.3333,0.0005179011495783925,0.24500826001167297,0.2451907992362976,0.33930373191833496,-0.09177461266517639,0.0065816654823720455,0.4167070686817169,0.00038049754220992327,0.0024158714804798365,1.4259092807769775,64,0.0337,0.333,3,0,2,0,10,0.8,,,,,,,0.06436216831207275,0.6302992105484009,2.053980827331543,0.016,,0.1875
304,20000,0.0,24,2,0.4,29.8,0.4,0.0004925430403091013,0.2168358862400055,0.21633824706077576,0.27944108843803406,-0.09018127620220184,0.02089734375476837,0.32526111602783203,0.0003746777365449816,0.00513311056420207,1.291215419769287,64,0.0371,0.4,1,0,3,0,10,1.0,,,,,,,0.06984215974807739,0.6697572469711304,2.194462299346924,0.0163,,0.1875
305,20000,0.0,24,2,0.0,30.0,0.0,0.0008526351302862167,0.2565818130970001,0.26336416602134705,0.3915672302246094,-0.08676846325397491,0.007231761701405048,0.46250391006469727,0.00023401156067848206,0.0027365272399038076,1.1344223022460938,64,0.0712,0.0,3,0,5,0,8,0.875,,,,,,,0.07648691534996033,0.681346595287323,1.9867057800292969,0.01635,,0.1875
306,20000,0.0,24,2,0.0,30.0,0.0,0.0020086048170924187,0.2762822210788727,0.2816550135612488,0.2613995373249054,-0.07745001465082169,0.006345842964947224,0.32524681091308594,0.0002458729431964457,0.001822115620598197,1.7275959253311157,64,0.0568,0.0,2,0,9,0,5,1.0,,,,,,,0.04483109340071678,0.6293619871139526,2.198491096496582,0.01615,,0.1875
307,20000,0.0,24,2,0.1667,29.17,0.1667,0.0003541316546034068,0.288634717464447,0.2920595407485962,0.6973012685775757,-0.09542176127433777,0.054544597864151,0.6825186610221863,0.0003075641579926014,0.002230351557955146,1.0636541843414307,64,0.0573,0.167,2,0,4,1,8,0.875,,,,,,,0.0897112637758255,0.6222838759422302,1.910841464996338,0.01605,,0.1875
308,20000,0.0,24,2,0.0,29.5,0.0,0.0005959877744317055,0.24845373630523682,0.25408700108528137,0.30847832560539246,-0.08652984350919724,0.01146312989294529,0.37090635299682617,0.0005717126769013703,0.002351111499592662,1.3800313472747803,64,0.0492,0.0,3,0,9,1,3,0.667,0.069,0.3174,0.167,0,36,4,0.06270135939121246,0.6643757224082947,2.128204822540283,0.0159,0.1667,0.1875
309,20000,0.0,24,2,0.3333,29.0,0.3333,0.00031121360370889306,0.2537442147731781,0.25473451614379883,0.382523775100708,-0.09775596112012863,0.008387457579374313,0.4624210596084595,0.0002640967140905559,0.0021675049792975187,0.9393802881240845,64,0.0264,0.333,2,0,2,0,11,0.818,,,,,,,0.10406431555747986,0.620417058467865,1.9730231761932373,0.01595,,0.1875
310,20000,0.0,24,2,0.1667,30.0,0.1667,0.000365287356544286,0.26795694231987,0.26847878098487854,0.2562669813632965,-0.09740344434976578,0.013517633080482483,0.32533377408981323,0.00033290949068032205,0.0026027453131973743,1.7740143537521362,64,0.0364,0.167,2,0,5,0,8,0.75,,,,,,,0.05490567162632942,0.6320423483848572,2.187692642211914,0.01585,,0.1875
311,20000,0.0,24,2,0.0,28.83,0.0,0.00043797263060696423,0.2572844922542572,0.25945571064949036,0.47558078169822693,-0.09316060692071915,0.02965429052710533,0.5082017183303833,0.00033793842885643244,0.0024622068740427494,0.8696853518486023,64,0.0591,0.0,3,0,5,1,7,1.0,,,,,,,0.10711989551782608,0.6475671529769897,1.9398550987243652,0.01595,,0.1875
312,20000,0.0,24,2,0.25,28.88,0.25,0.0006673187599517405,0.27722597122192383,0.2801334261894226,0.3046182692050934,-0.08809903264045715,0.009342946112155914,0.37263011932373047,0.00018041118164546788,0.0028025517240166664,1.2917356491088867,64,0.0435,0.25,1,0,5,1,7,1.0,,,,,,,0.06820206344127655,0.654998779296875,2.069633722305298,0.016,,0.1875
313,20000,0.0,24,2,0.0,30.0,0.0,0.0003718989610206336,0.2003028392791748,0.20144033432006836,0.3118605315685272,-0.08784350752830505,0.013638569042086601,0.37115591764450073,0.00037374100065790117,0.0025419453158974648,1.2777329683303833,64,0.0543,0.0,4,0,6,0,6,1.0,,,,,,,0.06874950230121613,0.7529807090759277,2.1246752738952637,0.01605,,0.1875
314,20000,0.0,24,2,0.0,30.0,0.0,0.00031001464230939746,0.2192286252975464,0.22244496643543243,0.29672446846961975,-0.09086078405380249,0.007617051713168621,0.3709554672241211,0.00036588736111298203,0.0027913351077586412,1.4028993844985962,64,0.0542,0.0,2,0,8,0,6,0.667,,,,,,,0.06476642936468124,0.6386851668357849,2.1272571086883545,0.01595,,0.1875
315,20000,0.0,24,2,0.1,29.6,0.1,0.0008915656944736838,0.2586039900779724,0.25923389196395874,0.34121790528297424,-0.08782904595136642,0.005486076232045889,0.41666463017463684,0.00031517844763584435,0.0028202934190630913,1.292980670928955,64,0.0516,0.1,1,0,8,1,5,1.0,0.062,0.282,0.104,0,38,5,0.06792758405208588,0.6396844387054443,2.0506696701049805,0.01595,0.1042,0.1875
316,20000,0.0,24,2,0.0,29.9,0.0,0.0006106076762080193,0.25148147344589233,0.25744980573654175,0.4637824594974518,-0.08780542761087418,0.06639128923416138,0.4173455536365509,0.00035367097007110715,0.00291950860992074,1.122196912765503,64,0.0526,0.0,2,0,9,1,4,1.0,,,,,,,0.07824422419071198,0.6681423187255859,2.052500009536743,0.0157,,0.1875
317,20000,0.0,24,2,0.1429,30.0,0.1429,0.0010302143637090921,0.2628016769886017,0.2643527388572693,0.3358589708805084,-0.09675571322441101,0.00721330102533102,0.4166622757911682,0.0003104584466200322,0.003051599720492959,1.0549211502075195,64,0.049,0.143,1,0,6,0,8,0.875,,,,,,,0.09171843528747559,0.6182029247283936,2.057159423828125,0.01575,,0.1875
318,20000,0.0,24,2,0.0,30.0,0.0,0.0003347255114931613,0.24880915880203247,0.24936914443969727,0.45677822828292847,-0.09477786719799042,0.04355165362358093,0.4628068804740906,0.00019641844846773893,0.003291839500889182,0.6954753398895264,64,0.0305,0.0,1,0,5,0,10,0.6,,,,,,,0.13627782464027405,0.6938624382019043,1.9536935091018677,0.01555,,0.1875
319,20000,0.0,24,2,0.0,30.0,0.0,0.0011914948699995875,0.2080417275428772,0.20846343040466309,0.44010451436042786,-0.08782245218753815,0.03200396150350571,0.4625864624977112,0.0005561481812037528,0.0026651578955352306,0.9928147196769714,64,0.0428,0.0,2,0,8,1,5,1.0,,,,,,,0.08845804631710052,0.639663577079773,1.9795225858688354,0.0154,,0.1875
320,20000,0.0,24,2,0.125,29.88,0.125,0.00039472494972869754,0.24124719202518463,0.2423531860113144,0.541696310043335,-0.08898242563009262,0.03780554607510567,0.5538577437400818,0.00036377308424562216,0.0024198079481720924,1.1134313344955444,64,0.0557,0.125,5,0,7,0,3,1.0,,,,,,,0.0799173042178154,0.7440182566642761,1.8484920263290405,0.0153,,0.1875
321,20000,0.0,24,2,0.1111,30.0,0.1111,0.0003981758200097829,0.26631778478622437,0.26750069856643677,0.42262834310531616,-0.09018120169639587,0.02423974871635437,0.46253544092178345,0.0002649343805387616,0.003589217783883214,0.9271454215049744,64,0.0511,0.111,2,0,8,0,5,1.0,,,,,,,0.09726759046316147,0.6368780136108398,1.97916841506958,0.01525,,0.1875
322,20000,0.0,24,2,0.1,29.3,0.1,0.0014863815158605576,0.2782958745956421,0.27957913279533386,0.48271724581718445,-0.08918905258178711,0.008596261963248253,0.5539904832839966,0.00040106847882270813,0.0014465200947597623,0.8707992434501648,64,0.0478,0.1,0,0,8,1,6,1.0,0.0598,0.2501,0.021,0,45,2,0.1024220734834671,0.6274839639663696,1.834155559539795,0.0153,0.0208,0.1875
323,20000,0.0,24,2,0.0,29.62,0.0,0.00027519272407516837,0.2402971386909485,0.238971546292305,0.3400755226612091,-0.09225481748580933,0.007126448675990105,0.4166753590106964,0.0003001138393301517,0.002804172458127141,1.0759042501449585,64,0.0512,0.0,4,0,7,1,4,1.0,,,,,,,0.08574631065130234,0.6783052682876587,2.052201747894287,0.0153,,0.1875
324,20000,0.0,24,2,0.0,29.0,0.0,0.0007905088132247329,0.2915482819080353,0.2914777994155884,0.2612520754337311,-0.09163414686918259,0.013327713124454021,0.32523638010025024,0.00029180091223679483,0.0019888030365109444,1.6410038471221924,64,0.0554,0.0,5,0,1,2,8,0.875,,,,,,,0.055840302258729935,0.6073453426361084,2.19800066947937,0.01535,,0.1875
325,20000,0.0,24,2,0.1429,29.71,0.1429,0.00227541197091341,0.22620709240436554,0.23363861441612244,0.44367241859436035,-0.0974256843328476,0.015807706862688065,0.5082383751869202,0.0003314587811473757,0.002488626865670085,0.7834610342979431,64,0.0455,0.143,2,0,4,2,7,1.0,,,,,,,0.12435293942689896,0.6341168880462646,1.910030722618103,0.0153,,0.1875
326,20000,0.0,24,2,0.0,30.0,0.0,0.00021793738414999098,0.2613118886947632,0.260483980178833,0.2474624067544937,-0.09016644209623337,0.005542279686778784,0.32525432109832764,0.0001924580428749323,0.0025799565482884645,1.1584690809249878,64,0.0439,0.0,3,0,5,0,8,0.75,,,,,,,0.0778324156999588,0.5573980808258057,2.1944236755371094,0.0152,,0.1875
327,20000,0.0,24,2,0.0,29.67,0.0,0.0007591170142404735,0.21852251887321472,0.2154606729745865,0.4298211932182312,-0.09392989426851273,0.007065563462674618,0.5083479881286621,0.0005705913645215333,0.0025439432356506586,0.9681167602539062,64,0.0551,0.0,1,0,5,1,9,1.0,,,,,,,0.09702330827713013,0.6539031267166138,1.9139457941055298,0.01525,,0.1875
328,20000,0.0,24,2,0.0,29.17,0.0,0.0003950886894017458,0.2855027914047241,0.2827044725418091,0.3571825325489044,-0.08776611089706421,0.013560181483626366,0.4167059659957886,0.0004289363569114357,0.0022446305956691504,1.5702229738235474,64,0.0454,0.0,2,0,5,1,8,0.75,,,,,,,0.055894043296575546,0.6149027347564697,2.053992748260498,0.01535,,0.1875
329,20000,0.0,24,2,0.1667,29.67,0.1667,0.0009633085574023426,0.2555384337902069,0.25656723976135254,0.3633664548397064,-0.09071509540081024,0.018151506781578064,0.4166218638420105,0.0002645761414896697,0.0023133449722081423,1.6116167306900024,64,0.0277,0.167,2,0,4,1,8,0.875,0.0626,0.3304,0.167,0,33,7,0.05628824979066849,0.6572481989860535,2.0450613498687744,0.0154,0.1667,0.1875
330,20000,0.0,24,2,0.1667,29.83,0.1667,0.0004851892008446157,0.23112976551055908,0.23566024005413055,0.391397625207901,-0.08166743814945221,0.02706988900899887,0.41806918382644653,0.0005144000751897693,0.0017121962737292051,1.3739296197891235,64,0.0488,0.167,2,0,5,0,8,0.875,,,,,,,0.05944077670574188,0.6090583205223083,2.0610392093658447,0.01555,,0.1875
331,20000,0.0,24,2,0.25,30.0,0.25,0.00025675841607153416,0.24016007781028748,0.23530533909797668,0.46088847517967224,-0.09431338310241699,0.009303828701376915,0.5356812477111816,0.00018232718866784126,0.0018258622149005532,0.752695620059967,64,0.036,0.25,0,0,3,0,12,0.917,,,,,,,0.1253008395433426,0.6971757411956787,1.9501672983169556,0.0159,,0.1875
332,20000,0.0,24,2,0.1429,29.86,0.1429,0.0006848391494713724,0.2425224483013153,0.2383822351694107,0.3319900631904602,-0.09616118669509888,0.00519134197384119,0.416743665933609,0.0003182080981787294,0.002049780683591962,1.0819525718688965,64,0.0513,0.143,1,0,6,0,8,0.875,,,,,,,0.08887745440006256,0.6609232425689697,2.076413631439209,0.01585,,0.1875
333,20000,0.0,24,2,0.1,29.7,0.1,0.002084210515022278,0.2943269610404968,0.2886844873428345,0.3365263342857361,-0.09167349338531494,0.027775324881076813,0.3715737462043762,0.00033621551119722426,0.002150868298485875,0.8609398007392883,64,0.0644,0.1,1,0,6,3,5,0.8,,,,,,,0.10648072510957718,0.6608134508132935,2.1304612159729004,0.01575,,0.1875
334,20000,0.0,24,2,0.0,30.0,0.0,0.0003141839988529682,0.22023719549179077,0.22517013549804688,0.4648835361003876,-0.09083196520805359,0.04607074707746506,0.4624762237071991,0.0002798254427034408,0.0021955640986561775,1.128377914428711,64,0.0306,0.0,3,0,7,0,6,1.0,,,,,,,0.08049782365560532,0.6232888698577881,2.000621795654297,0.0158,,0.1875
335,20000,0.0,24,2,0.0,30.0,0.0,0.0008278941968455911,0.2424391806125641,0.23897784948349,0.3901934325695038,-0.0893731415271759,0.008114181458950043,0.462537944316864,0.0004613201890606433,0.00160055176820606,1.1786396503448486,64,0.0531,0.0,0,0,5,0,11,1.0,,,,,,,0.07582736015319824,0.7385155558586121,1.984594702720642,0.01595,,0.1875
336,20000,0.0,24,2,0.0,29.78,0.0,0.0005787596455775201,0.2531227171421051,0.25441354513168335,0.2584318220615387,-0.08864852786064148,0.009299886412918568,0.3252090513706207,0.00040885512134991586,0.006543033756315708,1.4011014699935913,64,0.0434,0.0,3,0,6,3,4,1.0,0.0697,0.3215,0.104,0,37,6,0.06327059864997864,0.6700460314750671,2.204312324523926,0.0159,0.1042,0.1875
337,20000,0.0,24,2,0.0,30.0,0.0,0.0003463977191131562,0.30624160170555115,0.3067082166671753,0.3194093704223633,-0.09098950028419495,0.04193071275949478,0.32527393102645874,0.0002502723946236074,0.0025270020123571157,1.8037689924240112,64,0.0402,0.0,3,0,8,0,5,1.0,,,,,,,0.0504441000521183,0.671500563621521,2.2070024013519287,0.0158,,0.1875
338,20000,0.0,24,2,0.0,29.0,0.0,0.0006865426548756659,0.2462044358253479,0.24836693704128265,0.3664119839668274,-0.09041047096252441,0.019083384424448013,0.4166490435600281,0.0004451567365322262,0.004013306461274624,0.9493040442466736,64,0.0424,0.0,3,0,3,2,8,1.0,,,,,,,0.09523868560791016,0.653123140335083,2.0514121055603027,0.01595,,0.1875
339,20000,0.0,24,2,0.0,30.0,0.0,0.0018335767090320587,0.20931771397590637,0.21559689939022064,0.36213386058807373,-0.08016505092382431,0.012277644127607346,0.4166750907897949,0.0003630743594840169,0.0021370602771639824,1.4301583766937256,64,0.0531,0.0,2,0,5,1,8,1.0,,,,,,,0.056053269654512405,0.5745639204978943,2.044703483581543,0.01605,,0.1875
340,20000,0.0,24,2,0.0,29.86,0.0,0.00032409309642389417,0.2495286762714386,0.2474973499774933,0.43744853138923645,-0.0829533115029335,0.005726133473217487,0.5080965757369995,0.00032783360802568495,0.00170599902048707,0.8797314763069153,64,0.034,0.0,3,0,5,2,6,0.833,,,,,,,0.09429389238357544,0.599726676940918,1.9343585968017578,0.0161,,0.1875
341,20000,0.0,24,2,0.2,29.4,0.2,0.00036180904135107994,0.27589359879493713,0.2768802046775818,0.27318450808525085,-0.09122935682535172,0.018992165103554726,0.3253941237926483,0.00022905247169546783,0.0020708644296973944,1.5800502300262451,64,0.0758,0.2,3,0,3,1,8,1.0,,,,,,,0.05773825943470001,0.6484295725822449,2.2015395164489746,0.01625,,0.1875
342,20000,0.0,24,2,0.3333,29.78,0.3333,0.0014623134629800916,0.2763005495071411,0.2688683271408081,0.2986481785774231,-0.0853547677397728,0.005640858318656683,0.3713892698287964,0.000334045325871557,0.0026639264542609453,1.3439297676086426,64,0.038,0.333,1,0,5,1,6,0.667,,,,,,,0.06351132690906525,0.6644030809402466,2.0971899032592773,0.01615,,0.1875
343,20000,0.0,24,2,0.25,29.75,0.25,0.0007747025811113417,0.27155107259750366,0.2691834568977356,0.3516447842121124,-0.09208166599273682,0.012049822136759758,0.41693711280822754,0.0004260745190549642,0.005379403941333294,1.2056125402450562,64,0.0377,0.5,2,1,2,0,10,0.9,0.0656,0.2991,0.062,0,38,7,0.0763774961233139,0.6786808967590332,2.067859649658203,0.01635,0.0625,0.1875
344,20000,0.0,24,2,0.0,30.0,0.0,0.00032240181462839246,0.23228928446769714,0.2322278916835785,0.3749103546142578,-0.09302623569965363,0.07018787413835526,0.3252549171447754,0.00032474493491463363,0.004611852113157511,1.0512230396270752,64,0.029,0.0,2,0,7,0,7,0.857,,,,,,,0.08849333226680756,0.6210126876831055,2.181992769241333,0.01635,,0.1875
345,20000,0.0,24,2,0.0,30.0,0.0,0.0005147679476067424,0.2541196048259735,0.2512551248073578,0.2972151041030884,-0.08682502806186676,0.005993823986500502,0.3709430992603302,0.0003629132697824389,0.0022187787108123302,1.1409013271331787,64,0.0658,0.0,1,0,9,0,6,1.0,,,,,,,0.07610213756561279,0.6198017001152039,2.1145482063293457,0.01625,,0.1875
346,20000,0.0,24,2,0.0,30.0,0.0,0.00043020042357966304,0.2660232186317444,0.2687710225582123,0.299538791179657,-0.08502675592899323,0.006230826489627361,0.37096163630485535,0.00032574005308561027,0.0022845552302896976,1.0727286338806152,64,0.051,0.0,2,0,6,0,8,0.75,,,,,,,0.0792621374130249,0.6643002033233643,2.134848117828369,0.0162,,0.1875
347,20000,0.0,24,2,0.0,30.0,0.0,0.0006469293730333447,0.2809444069862366,0.28339120745658875,0.36809977889060974,-0.0886877253651619,0.017626335844397545,0.4202244281768799,0.00029446458211168647,0.0026208097115159035,1.0999152660369873,64,0.0442,0.0,3,0,7,1,5,1.0,,,,,,,0.08063140511512756,0.5821703672409058,2.0421652793884277,0.01605,,0.1875
348,20000,0.0,24,2,0.1667,29.5,0.1667,0.0004529221332632005,0.27388447523117065,0.27374523878097534,0.7186087369918823,-0.09523908793926239,0.01312197744846344,0.7863932251930237,0.0005160195869393647,0.0024212109856307507,0.7862516641616821,64,0.0505,0.167,2,0,4,1,8,0.875,,,,,,,0.12113052606582642,0.6370935440063477,1.8614635467529297,0.0162,,0.1875
349,20000,0.0,24,2,0.0,30.0,0.0,0.0006435173563659191,0.29733937978744507,0.29462555050849915,0.514063835144043,-0.0751042291522026,0.008795617148280144,0.5702710151672363,0.00038170296465978026,0.002611670410260558,1.106367588043213,64,0.0363,0.0,2,0,8,0,6,0.667,,,,,,,0.06788361072540283,0.69651859998703,2.0058741569519043,0.01615,,0.1875
350,20000,0.0,24,2,0.0,30.0,0.0,0.00043069582898169756,0.21427875757217407,0.21077919006347656,0.26359042525291443,-0.09210199117660522,0.00793997198343277,0.33832335472106934,0.000268962379777804,0.002978278324007988,1.1932107210159302,64,0.0453,0.0,2,0,7,0,7,0.714,0.0662,0.2545,0.083,0,38,6,0.07718837261199951,0.7096903324127197,2.1462652683258057,0.0162,0.0833,0.1875
351,20000,0.0,24,2,0.25,29.5,0.25,0.000278008752502501,0.24268880486488342,0.24462097883224487,0.40699779987335205,-0.07669578492641449,0.00985724851489067,0.4628376066684723,0.00023934939235914499,0.002282961504533887,1.0375590324401855,64,0.037,0.25,5,0,3,0,7,0.571,,,,,,,0.07391944527626038,0.6771067380905151,1.9755258560180664,0.016,,0.1875
352,20000,0.0,24,2,0.0,29.88,0.0,0.00033171233371831477,0.24993257224559784,0.25370779633522034,0.38578447699546814,-0.0865914523601532,0.049795474857091904,0.3709368109703064,0.0002366866247029975,0.0036963000893592834,1.1001907587051392,64,0.0366,0.0,1,0,7,1,7,0.571,,,,,,,0.07870586216449738,0.666359007358551,2.126725673675537,0.01565,,0.1875
353,20000,0.0,24,2,0.0,30.0,0.0,0.0009063941542990506,0.2960205674171448,0.3040117025375366,0.35040852427482605,-0.08984031528234482,0.011115181259810925,0.4168846607208252,0.0003011504595633596,0.00226764683611691,1.0287882089614868,64,0.0427,0.0,1,0,5,0,10,0.8,,,,,,,0.08732634782791138,0.7208213806152344,2.06445050239563,0.01575,,0.1875
354,20000,0.0,24,2,0.1429,29.86,0.1429,0.000805567717179656,0.27117252349853516,0.2748427987098694,0.4251687824726105,-0.09740027040243149,0.006621783133596182,0.5082398653030396,0.0003095866704825312,0.0021712046582251787,0.840951144695282,64,0.0369,0.143,2,0,5,1,7,0.857,,,,,,,0.11582155525684357,0.6636704206466675,1.9346420764923096,0.0158,,0.1875
355,20000,0.0,24,2,0.2,30.0,0.2,0.0005679957685060799,0.26705050468444824,0.27069091796875,0.37329354882240295,-0.07662717252969742,0.038602136075496674,0.37105607986450195,0.00023644663451705128,0.00332074286416173,1.39189612865448,64,0.0706,0.4,3,1,3,0,8,0.875,,,,,,,0.055052366107702255,0.7065111398696899,2.1513521671295166,0.01585,,0.1875
356,20000,0.0,24,2,0.2,30.0,0.2,0.00043181440560147166,0.2202276587486267,0.2262216955423355,0.2990075945854187,-0.09271664172410965,0.009922603145241737,0.3711012601852417,0.0003985346993431449,0.0015555539866909385,1.0694706439971924,64,0.0532,0.2,4,0,4,0,7,0.857,,,,,,,0.08669395744800568,0.6117329597473145,2.1435799598693848,0.016,,0.1875
357,20000,0.0,24,2,0.1667,29.33,0.1667,0.0005455567734315991,0.23982208967208862,0.24217787384986877,0.4172697961330414,-0.0889793187379837,0.020036563277244568,0.4651092290878296,0.0003442681045271456,0.0021335752680897713,0.9082940220832825,64,0.032,0.167,3,0,4,1,7,1.0,0.0682,0.3086,0.146,2,39,2,0.0979631245136261,0.5804600715637207,1.9873003959655762,0.01595,0.1042,0.1875
358,20000,0.0,24,2,0.2857,29.57,0.2857,0.001400353736244142,0.22489473223686218,0.22653445601463318,0.319645494222641,-0.08686637133359909,0.017184555530548096,0.37090712785720825,0.0003759218961931765,0.0024712791200727224,0.9951761364936829,64,0.0309,0.286,5,0,4,1,4,0.75,,,,,,,0.08728743344545364,0.6913601160049438,2.1403353214263916,0.01595,,0.1875
359,20000,0.0,24,2,0.3333,29.0,0.3333,0.0009825979359447956,0.25193601846694946,0.25330543518066406,0.38483163714408875,-0.08983922004699707,0.005637719761580229,0.46240121126174927,0.00023640177096240222,0.0019884146749973297,1.0341683626174927,64,0.0251,0.333,4,0,1,1,9,1.0,,,,,,,0.08687096834182739,0.6319466233253479,2.00400972366333,0.0161,,0.1875
360,20000,0.0,24,2,0.0,30.0,0.0,0.0003044807817786932,0.2278720736503601,0.22657448053359985,0.2577133774757385,-0.07965602725744247,0.005375721491873264,0.32518473267555237,0.0002475026121828705,0.0028664283454418182,1.942948341369629,64,0.0414,0.0,2,0,6,1,7,0.857,,,,,,,0.04099750518798828,0.6822301149368286,2.1960701942443848,0.016,,0.1875
361,20000,0.0,24,2,0.25,29.5,0.25,0.0007525479304604232,0.24683229625225067,0.24753127992153168,0.3410717844963074,-0.09273093938827515,0.008067436516284943,0.41659122705459595,0.00037863277248106897,0.002153285313397646,0.943365216255188,64,0.0438,0.25,3,0,5,1,5,1.0,,,,,,,0.09829802811145782,0.6961004137992859,2.0525963306427,0.016,,0.1875
362,20000,0.0,24,2,0.1429,29.29,0.1429,0.0007533103926107287,0.28770163655281067,0.29276514053344727,0.5820310711860657,-0.09025472402572632,0.029515806585550308,0.6117395758628845,0.00032542034750804305,0.003029228188097477,0.9164204001426697,64,0.0391,0.143,2,0,5,1,7,1.0,,,,,,,0.09848617017269135,0.712883472442627,1.823115587234497,0.01615,,0.1875
363,20000,0.0,24,2,0.25,30.0,0.25,0.0003935635322704911,0.29988524317741394,0.29736411571502686,0.3479298949241638,-0.08418747782707214,0.006203840486705303,0.41799628734588623,0.00026004237588495016,0.003426812356337905,1.4561388492584229,64,0.0191,0.25,6,0,3,0,6,0.833,,,,,,,0.0578155517578125,0.6141211986541748,2.056032180786133,0.0163,,0.1875
364,20000,0.0,24,2,0.1429,29.57,0.1429,0.0008802757947705686,0.27884095907211304,0.27876734733581543,0.297073632478714,-0.09418363124132156,0.00968821719288826,0.37093138694763184,0.00047492157318629324,0.0018988591618835926,1.0927356481552124,64,0.0512,0.286,2,1,5,0,7,0.857,0.0575,0.2475,0.042,0,39,7,0.08619067072868347,0.6037988662719727,2.113443374633789,0.01645,0.0417,0.1875
365,20000,0.0,24,2,0.1667,30.0,0.1667,0.0005838028155267239,0.23485396802425385,0.23399245738983154,0.3384157419204712,-0.08902816474437714,0.0047865938395261765,0.4167717397212982,0.0002982734004035592,0.0021979655139148235,1.1022032499313354,64,0.0298,0.167,2,0,5,0,8,1.0,,,,,,,0.08077290654182434,0.5852264761924744,2.0493078231811523,0.01655,,0.1875
366,20000,0.0,24,2,0.0,29.2,0.0,0.0017061613034456968,0.21797385811805725,0.21767768263816833,0.33935242891311646,-0.08633878827095032,0.035448260605335236,0.3530885875225067,0.0004384286003187299,0.0034122299402952194,1.2989896535873413,64,0.0429,0.2,4,1,3,1,7,1.0,,,,,,,0.06646610796451569,0.7382075190544128,2.10630464553833,0.01665,,0.1875
367,20000,0.0,24,2,0.0,30.0,0.0,0.0008655650308355689,0.2694304287433624,0.27437400817871094,0.2968340218067169,-0.08786129206418991,0.006284111645072699,0.37093693017959595,0.00044491200242191553,0.0023803289514034986,1.0998448133468628,64,0.0429,0.0,5,0,4,0,7,0.857,,,,,,,0.07988516986370087,0.7093524932861328,2.128756284713745,0.0167,,0.1875
368,20000,0.0,24,2,0.0,30.0,0.0,0.0018751263851299882,0.25820615887641907,0.25650423765182495,0.2485952526330948,-0.08870670199394226,0.005501314532011747,0.32517117261886597,0.00032192160142585635,0.0022562912199646235,1.439150094985962,64,0.054,0.0,1,0,8,0,7,0.714,,,,,,,0.06163825839757919,0.6314985156059265,2.1907458305358887,0.0167,,0.1875
369,20000,0.0,24,2,0.0,30.0,0.0,0.000802648370154202,0.22576814889907837,0.22123406827449799,0.40509358048439026,-0.09614016115665436,0.018918398767709732,0.4623546004295349,0.000258405227214098,0.0020846945699304342,0.9785391092300415,64,0.0399,0.0,3,0,4,1,8,1.0,,,,,,,0.0982486754655838,0.6730334162712097,2.003726005554199,0.01685,,0.1875
370,20000,0.0,24,2,0.0,29.86,0.0,0.000490939652081579,0.25842732191085815,0.2569962739944458,0.4490143954753876,-0.03262306749820709,0.07759642601013184,0.32518234848976135,0.0002443500270601362,0.002524541923776269,2.561765432357788,64,0.0481,0.0,0,0,6,1,9,0.778,,,,,,,0.012734603136777878,0.7070746421813965,2.1850826740264893,0.0169,,0.1875
371,20000,0.0,24,2,0.0,29.8,0.0,0.000409811909776181,0.24529653787612915,0.24534007906913757,0.7152302265167236,-0.0913076102733612,0.01267546322196722,0.780116081237793,0.0002774361346382648,0.0021417737007141113,0.6786684393882751,64,0.0389,0.0,2,0,4,1,9,0.778,0.0608,0.2694,0.062,0,43,2,0.13453935086727142,0.6268453001976013,1.8844470977783203,0.0169,0.0625,0.1875
372,20000,0.0,24,2,0.0,30.0,0.0,0.00100581138394773,0.23580625653266907,0.2305879294872284,0.3749031126499176,-0.09598444402217865,0.04745122045278549,0.374819815158844,0.0004137006471864879,0.0023305893409997225,1.0806771516799927,64,0.0548,0.0,3,0,7,0,6,1.0,,,,,,,0.08881879597902298,0.6580946445465088,2.092728614807129,0.017,,0.1875
373,20000,0.0,24,2,0.0,29.8,0.0,0.0006354861543513834,0.2200862616300583,0.2206556499004364,0.3058074414730072,-0.09289196133613586,0.011265713721513748,0.3749423921108246,0.00044320677989162505,0.002451172564178705,1.5984445810317993,64,0.0408,0.2,4,2,8,0,2,1.0,,,,,,,0.05811396986246109,0.6804515719413757,2.10452938079834,0.01675,,0.1875
374,20000,0.0,24,2,0.0,30.0,0.0,0.0010059206979349256,0.31934088468551636,0.3181343376636505,0.4521905481815338,-0.09390174597501755,0.041343703866004944,0.462390273809433,0.00021404212748166174,0.0020292114932090044,1.2444193363189697,64,0.0466,0.0,2,0,6,0,8,0.625,,,,,,,0.07545828819274902,0.6375653147697449,1.9913121461868286,0.01655,,0.1875
375,20000,0.0,24,2,0.0,29.8,0.0,0.00024214229779317975,0.2192654013633728,0.21992227435112,0.31708425283432007,-0.09441615641117096,0.019229654222726822,0.3711186647415161,0.0002046840381808579,0.00384486629627645,1.1819580793380737,64,0.0659,0.0,3,0,4,1,8,1.0,,,,,,,0.07988113909959793,0.6913083791732788,2.1104235649108887,0.0166,,0.1875
376,20000,0.0,24,2,0.1667,29.83,0.1667,0.0004443356301635504,0.2350480705499649,0.23340652883052826,0.4572255611419678,-0.09159673005342484,0.057577963918447495,0.4321346580982208,0.0002537132240831852,0.0030634598806500435,1.0326133966445923,64,0.0388,0.167,1,0,5,0,9,0.889,,,,,,,0.08870379626750946,0.6612669229507446,2.0167810916900635,0.01665,,0.1875
377,20000,0.0,24,2,0.2857,29.86,0.2857,0.00036598474252969027,0.2411116361618042,0.23837165534496307,0.431960791349411,-0.08416619151830673,0.09454253315925598,0.3257562220096588,0.00029491339228115976,0.002571380464360118,1.400036334991455,64,0.047,0.286,2,0,5,0,7,0.857,,,,,,,0.060117147862911224,0.635482668876648,2.1743993759155273,0.0167,,0.1875
378,20000,0.0,24,2,0.0,30.0,0.0,0.001906593912281096,0.24142339825630188,0.2322215735912323,0.5680248141288757,-0.08992688357830048,0.018336381763219833,0.6197189092636108,0.000307870825054124,0.003120082663372159,0.8918029069900513,64,0.0262,0.0,3,0,3,0,10,0.9,0.0625,0.3381,0.125,1,38,4,0.10083718597888947,0.6720616221427917,2.0461361408233643,0.01685,0.1042,0.1875
379,20000,0.0,24,2,0.1667,30.0,0.1667,0.00037297551170922816,0.2652316689491272,0.26551735401153564,0.26730531454086304,-0.07479240745306015,0.007390319835394621,0.32591015100479126,0.00022169052681419998,0.0028138686902821064,2.1575915813446045,64,0.0244,0.167,4,0,5,0,6,0.667,,,,,,,0.03466476500034332,0.7045786380767822,2.1847281455993652,0.01675,,0.1875
380,20000,0.0,24,2,0.0,29.67,0.0,0.0007433067075908184,0.2335263341665268,0.24036841094493866,0.30400359630584717,-0.09038747102022171,0.010882573202252388,0.3709697723388672,0.00044419767800718546,0.0033123076427727938,1.2019767761230469,64,0.0508,0.0,2,0,2,1,11,0.818,,,,,,,0.07519900798797607,0.7493883967399597,2.125565767288208,0.0166,,0.1875
381,20000,0.0,24,2,0.25,29.88,0.25,0.0007596269715577364,0.2743801474571228,0.27761057019233704,0.42517009377479553,-0.09644483029842377,0.005876096896827221,0.5086831450462341,0.0003891817759722471,0.0023591758217662573,0.6906856894493103,64,0.0506,0.25,2,0,6,0,6,0.667,,,,,,,0.13963636755943298,0.6745187640190125,1.928379774093628,0.0165,,0.1875
382,20000,0.0,24,2,0.1,30.0,0.1,0.0003357667592354119,0.25976359844207764,0.25778257846832275,0.3367888033390045,-0.09411299228668213,0.006276178173720837,0.4167363941669464,0.0002781070361379534,0.0032260767184197903,0.8338721394538879,64,0.0313,0.1,3,0,9,0,3,1.0,,,,,,,0.11286261677742004,0.6546741724014282,2.0786471366882324,0.01645,,0.1875
383,20000,0.0,24,2,0.0,29.43,0.0,0.00035139889223501086,0.27468544244766235,0.275942325592041,0.3391428291797638,-0.09133202582597733,0.006285157985985279,0.4166043698787689,0.00023070865427143872,0.0026003671810030937,1.4602832794189453,64,0.0454,0.0,1,0,5,2,8,0.875,,,,,,,0.06254404038190842,0.7104854583740234,2.0657730102539062,0.0165,,0.1875
384,20000,0.0,24,2,0.0,29.83,0.0,0.0006818531546741724,0.28743231296539307,0.29110467433929443,0.29961922764778137,-0.08183962106704712,0.004678261466324329,0.37099921703338623,0.00023064512060955167,0.0022062130738049746,1.7741230726242065,64,0.0616,0.0,3,0,5,1,7,1.0,,,,,,,0.04612962156534195,0.6503023505210876,2.134303569793701,0.01645,,0.1875
385,20000,0.0,24,2,0.2,29.6,0.2,0.0004909757408313453,0.24128299951553345,0.24253426492214203,0.3626124858856201,-0.0796058401465416,0.057774946093559265,0.32535791397094727,0.0003361858834978193,0.002621053485199809,2.287550926208496,64,0.0562,0.2,2,0,4,0,9,0.889,0.0567,0.2859,0.104,0,35,8,0.034799594432115555,0.6881615519523621,2.198564052581787,0.0166,0.1042,0.1875
386,20000,0.0,24,2,0.0,30.0,0.0,0.0016198153607547283,0.2526346445083618,0.25787287950515747,0.3586410880088806,-0.09678110480308533,0.04159552603960037,0.37086665630340576,0.0003563626087270677,0.0027289199642837048,0.9873455166816711,64,0.0309,0.167,1,1,5,0,9,1.0,,,,,,,0.0980215072631836,0.6908639669418335,2.123387336730957,0.01675,,0.1875
387,20000,0.0,24,2,0.0,30.0,0.0,0.0006108263623900712,0.26923757791519165,0.2726486623287201,0.29794085025787354,-0.08602235466241837,0.006063151638954878,0.370925635099411,0.00028206652496010065,0.0018225304083898664,1.3723372220993042,64,0.0406,0.0,2,0,6,0,8,0.875,,,,,,,0.06268310546875,0.7126845121383667,2.1322247982025146,0.0167,,0.1875
388,20000,0.0,24,2,0.0,30.0,0.0,0.0018617406021803617,0.3102850914001465,0.2967188358306885,0.4732702970504761,-0.08136990666389465,0.009245378896594048,0.5349003672599792,0.00023042067186906934,0.0024981279857456684,1.5222150087356567,64,0.0497,0.0,2,0,5,0,9,0.778,,,,,,,0.0534549355506897,0.6960915923118591,2.0347180366516113,0.01665,,0.1875
389,20000,0.0,24,2,0.125,29.12,0.125,0.0009994909632951021,0.2630641758441925,0.26297232508659363,0.3776473104953766,-0.09156407415866852,0.0256551094353199,0.41664281487464905,0.0003095554420724511,0.0025166820269078016,1.297472357749939,64,0.057,0.125,4,0,5,2,4,1.0,,,,,,,0.07057112455368042,0.6738480925559998,2.054729700088501,0.0167,,0.1875
390,20000,0.0,24,2,0.25,30.0,0.25,0.000596287427470088,0.30663439631462097,0.30790358781814575,0.3858279883861542,-0.08830845355987549,0.005281334742903709,0.46239739656448364,0.00027935972320847213,0.002352762268856168,0.946883499622345,64,0.0243,0.25,1,0,3,0,11,0.727,,,,,,,0.0932622104883194,0.6952389478683472,1.9947383403778076,0.01665,,0.1875
391,20000,0.0,24,2,0.1667,29.33,0.1667,0.0004717025440186262,0.2847718596458435,0.28580397367477417,0.27104508876800537,-0.09164084494113922,0.005771872587502003,0.35008561611175537,0.00020072981715202332,0.002113164169713855,1.0684226751327515,64,0.0334,0.333,3,1,3,1,7,1.0,,,,,,,0.0857720822095871,0.6192775964736938,2.135005474090576,0.01675,,0.1875
392,20000,0.0,24,2,0.0,30.0,0.0,0.0004884846857748926,0.2355736494064331,0.2342388927936554,0.7476938962936401,-0.09310895204544067,0.02310667186975479,0.7934079766273499,0.00022039485338609666,0.0023630927316844463,0.8656632304191589,64,0.0375,0.0,2,0,6,0,8,0.75,0.0682,0.2427,0.104,1,41,2,0.10755793750286102,0.5906285643577576,1.8768153190612793,0.01655,0.0833,0.1875
393,20000,0.0,24,2,0.1429,29.57,0.1429,0.0003196742036379874,0.26115572452545166,0.26415228843688965,0.4066793918609619,-0.08977923542261124,0.061965785920619965,0.37141022086143494,0.00021797993395011872,0.002233681967481971,2.0535728931427,64,0.0506,0.143,2,0,4,2,7,0.857,,,,,,,0.043718546628952026,0.6265519261360168,2.1196212768554688,0.0166,,0.1875
394,20000,0.0,24,2,0.0,30.0,0.0,0.000977648887783289,0.24973636865615845,0.24353700876235962,0.28718501329421997,-0.09493730962276459,0.004880730528384447,0.37118256092071533,0.00029299050220288336,0.002356612356379628,1.2496265172958374,64,0.027,0.0,3,0,7,2,4,0.75,,,,,,,0.0759725421667099,0.6105175018310547,2.1109917163848877,0.0165,,0.1875
395,20000,0.0,24,2,0.0,30.0,0.0,0.0005296269082464278,0.20308592915534973,0.20048683881759644,0.46345454454421997,-0.09998524188995361,0.0037490762770175934,0.5549523234367371,0.0004127211286686361,0.0019786071497946978,0.732279360294342,64,0.0333,0.0,4,0,6,0,6,1.0,,,,,,,0.1365397572517395,0.6358142495155334,1.861921787261963,0.01655,,0.1875
396,20000,0.0,24,2,0.2,29.8,0.2,0.00117692316416651,0.24705000221729279,0.2541038990020752,0.33389776945114136,-0.09739993512630463,0.00698541384190321,0.41671478748321533,0.0009981218026950955,0.0012241748627275229,0.9666752815246582,64,0.0312,0.2,4,0,2,2,7,0.571,,,,,,,0.1007576584815979,0.5881073474884033,2.0810718536376953,0.0165,,0.1875
397,20000,0.0,24,2,0.0,30.0,0.0,0.0002686083025764674,0.31640976667404175,0.31655067205429077,0.33420488238334656,-0.09344708919525146,0.0046098846942186356,0.4167897701263428,0.00021303785615600646,0.003284858539700508,0.9549733400344849,64,0.0587,0.0,2,0,6,1,7,0.857,,,,,,,0.09785308688879013,0.6975568532943726,2.07901668548584,0.01655,,0.1875
398,20000,0.0,24,2,0.0,29.43,0.0,0.0009329590247943997,0.26843321323394775,0.2687748670578003,0.2864871025085449,-0.0868479311466217,0.023266417905688286,0.32526448369026184,0.00019534770399332047,0.0030754422768950462,1.0752753019332886,64,0.0462,0.0,1,0,6,1,8,1.0,,,,,,,0.08076809346675873,0.5800702571868896,2.1899657249450684,0.01665,,0.1875
399,20000,0.0,24,2,0.0,30.0,0.0,0.0008186729392036796,0.2472664713859558,0.2474440187215805,0.44273704290390015,-0.09689584374427795,0.026750005781650543,0.4850628972053528,0.000300368556054309,0.0021399506367743015,0.7791112661361694,64,0.0305,0.0,1,0,7,0,8,0.875,0.0616,0.2666,0.0,0,45,3,0.12436714768409729,0.5490366816520691,1.9959635734558105,0.01665,0.0,0.1875
400,20000,0.0,24,2,0.1111,29.22,0.1111,0.00039325462421402335,0.2840471565723419,0.280036985874176,0.4310305416584015,-0.08938364684581757,0.02856476604938507,0.4623624384403229,0.0002571733493823558,0.0018444574670866132,1.2236517667770386,64,0.0388,0.111,0,0,7,1,7,1.0,,,,,,,0.07304663211107254,0.6636571288108826,1.978113055229187,0.01675,,0.1875
401,20000,0.0,24,2,0.1667,30.0,0.1667,0.0003393156221136451,0.2661192715167999,0.27252352237701416,0.3204345405101776,-0.06346138566732407,0.0055107614025473595,0.37085312604904175,0.0002752893778961152,0.004042562562972307,1.700623869895935,64,0.0255,0.167,2,0,5,0,8,0.875,,,,,,,0.03731653094291687,0.669491708278656,2.138962507247925,0.01695,,0.1875
402,20000,0.0,24,2,0.0,29.7,0.0,0.00020989702898077667,0.3396543860435486,0.34019899368286133,0.45510387420654297,-0.08966275304555893,0.06370532512664795,0.4166175127029419,0.00021534712868742645,0.001476945006288588,0.8991069197654724,64,0.0386,0.0,4,0,9,1,2,1.0,,,,,,,0.09972423315048218,0.6784817576408386,2.075326919555664,0.01675,,0.1875
403,20000,0.0,24,2,0.0,30.0,0.0,0.0007543148822151124,0.2670193016529083,0.2650615870952606,0.4272993206977844,-0.09552189707756042,0.02960525080561638,0.46239906549453735,0.0002241098991362378,0.0024232727009803057,0.9072415232658386,64,0.042,0.0,2,0,5,0,9,1.0,,,,,,,0.10528828203678131,0.6105415225028992,2.0032577514648438,0.01685,,0.1875
404,20000,0.0,24,2,0.1429,29.14,0.1429,0.0006912688259035349,0.2871353030204773,0.2929976284503937,0.24673208594322205,-0.09678404033184052,0.008541503921151161,0.3252512216567993,0.00020766544912476093,0.0023638138081878424,1.32673180103302,64,0.0308,0.143,0,0,4,2,9,1.0,,,,,,,0.07294921576976776,0.6240091919898987,2.197201728820801,0.01685,,0.1875
405,20000,0.0,24,2,0.0,30.0,0.0,0.0003675153711810708,0.24746333062648773,0.24455112218856812,0.26506316661834717,-0.08972392231225967,0.013847204856574535,0.32520484924316406,0.00040215099579654634,0.0037756834644824266,1.6072380542755127,64,0.0558,0.0,2,0,5,0,9,0.778,,,,,,,0.05582491308450699,0.5952481627464294,2.185241222381592,0.0168,,0.1875
406,20000,0.0,24,2,0.0,30.0,0.0,0.0004111462621949613,0.27569305896759033,0.27824586629867554,0.31002265214920044,-0.08623164147138596,0.006832496728748083,0.38144463300704956,0.0002471226325724274,0.002289384603500366,1.3665030002593994,64,0.0472,0.0,4,0,8,0,4,1.0,0.0585,0.2256,0.062,0,43,2,0.06310388445854187,0.7266320586204529,2.059842586517334,0.01665,0.0625,0.1875
407,20000,0.0,24,2,0.1667,30.0,0.1667,0.0007164812996052206,0.2360873520374298,0.23850955069065094,0.25459787249565125,-0.08561471104621887,0.006927243899554014,0.3251826763153076,0.00020862105884589255,0.0023508775047957897,1.1810530424118042,64,0.0566,0.167,1,0,4,1,9,0.889,,,,,,,0.0724901556968689,0.7052282094955444,2.189171075820923,0.0167,,0.1875
408,20000,0.0,24,2,0.1111,28.89,0.1111,0.0005385495605878532,0.248132586479187,0.2515101432800293,0.29358330368995667,-0.09058232605457306,0.009133029729127884,0.3649526834487915,0.00020969398610759526,0.0018937581917271018,1.2448070049285889,64,0.0594,0.111,0,0,7,1,7,0.857,,,,,,,0.07276816666126251,0.6467294096946716,2.0220794677734375,0.01655,,0.1875
409,20000,0.0,24,2,0.0,29.67,0.0,0.0005967641482129693,0.25522398948669434,0.2577137351036072,0.47336360812187195,-0.09070371091365814,0.004397197626531124,0.5539588332176208,0.00021401139383669943,0.002628154354169965,0.8146023750305176,64,0.042,0.167,2,1,5,0,8,0.75,,,,,,,0.11134722083806992,0.6505251526832581,1.855772852897644,0.01655,,0.1875
410,20000,0.0,24,2,0.1111,29.89,0.1111,0.00054504896979779,0.3148545026779175,0.3150443136692047,0.3220849633216858,-0.07535450160503387,0.012929732911288738,0.3708914518356323,0.00028192499303258955,0.0013771210797131062,1.4241892099380493,64,0.0388,0.111,1,0,7,1,6,1.0,,,,,,,0.0529104545712471,0.6653647422790527,2.113706111907959,0.01635,,0.1875
411,20000,0.0,24,2,0.0,30.0,0.0,0.0005192479584366083,0.2866489887237549,0.2832367420196533,0.4437205195426941,-0.09500563144683838,0.014858454465866089,0.5080993175506592,0.00029427604749798775,0.0018198691541329026,1.3878954648971558,64,0.048,0.0,1,0,6,0,9,0.556,,,,,,,0.06845301389694214,0.6317304968833923,1.9270799160003662,0.01625,,0.1875
412,20000,0.0,24,2,0.1111,29.78,0.1111,0.0005265471991151571,0.28240883350372314,0.28486260771751404,0.3600565195083618,-0.09522981196641922,0.04140958935022354,0.37128448486328125,0.000441432319348678,0.002365331631153822,0.9180316925048828,64,0.0336,0.111,5,0,7,1,2,1.0,,,,,,,0.10373259335756302,0.6426392793655396,2.1112308502197266,0.01615,,0.1875
413,20000,0.0,24,2,0.0,30.0,0.0,0.0004840290639549494,0.23243221640586853,0.22861778736114502,0.2817862331867218,-0.08316291868686676,0.019128873944282532,0.3253477215766907,0.000342218583682552,0.002687399508431554,1.7907428741455078,64,0.0429,0.0,1,0,9,0,6,0.833,0.0651,0.3055,0.104,1,40,3,0.04644045978784561,0.608415961265564,2.1748437881469727,0.0159,0.0833,0.1875
414,20000,0.0,24,2,0.0,29.57,0.0,0.0003079302841797471,0.24327675998210907,0.24508662521839142,0.35788244009017944,-0.08116713166236877,0.0098969591781497,0.4168286919593811,0.00028365044272504747,0.004853907972574234,2.0108487606048584,64,0.0394,0.0,3,0,6,1,6,1.0,,,,,,,0.04036461189389229,0.738295316696167,2.0704476833343506,0.0158,,0.1875
415,20000,0.0,24,2,0.0,29.71,0.0,0.001008354127407074,0.27155402302742004,0.27455344796180725,0.3021200895309448,-0.0942331850528717,0.03515520691871643,0.32518598437309265,0.00021258369088172913,0.0017137723043560982,1.456766963005066,64,0.0383,0.0,3,0,5,2,6,1.0,,,,,,,0.06468652188777924,0.6323641538619995,2.1870040893554688,0.0158,,0.1875
416,20000,0.0,24,2,0.0,30.0,0.0,0.00024726541596464813,0.24900013208389282,0.24659867584705353,0.2957046627998352,-0.08527501672506332,0.004537470638751984,0.37090611457824707,0.0003061766328755766,0.0019972596783190966,1.7061913013458252,64,0.0493,0.125,1,1,7,0,7,0.857,,,,,,,0.04997975006699562,0.6466411352157593,2.1258885860443115,0.0158,,0.1875
417,20000,0.0,24,2,0.0,29.14,0.0,0.0015524295158684254,0.3008495271205902,0.307780921459198,0.26050958037376404,-0.0749054029583931,0.004308374132961035,0.3258087635040283,0.0003684572293423116,0.0019789361394941807,2.2767913341522217,64,0.0549,0.0,1,0,5,2,8,0.75,,,,,,,0.03289954736828804,0.6787686347961426,2.167479991912842,0.0157,,0.1875
418,20000,0.0,24,2,0.1429,28.43,0.1429,0.000408676773076877,0.30667686462402344,0.3108886480331421,0.25336509943008423,-0.08727212250232697,0.007069922052323818,0.3252753019332886,0.0002129603672074154,0.0024441229179501534,1.182212471961975,64,0.0292,0.143,4,0,5,1,5,0.6,,,,,,,0.07382100820541382,0.6336938738822937,2.184934616088867,0.01565,,0.1875
419,20000,0.0,24,2,0.2,30.0,0.2,0.0008463736739940941,0.2639825642108917,0.26295456290245056,0.38760703802108765,-0.08526499569416046,0.004518270026892424,0.46231627464294434,0.0003110541438218206,0.0030384089332073927,0.9681742787361145,64,0.0367,0.2,3,0,4,0,8,1.0,,,,,,,0.08806781470775604,0.6153240203857422,1.978271245956421,0.0158,,0.1875
420,20000,0.0,24,2,0.125,29.88,0.125,0.00035940128145739436,0.25081419944763184,0.2506335973739624,0.37716543674468994,-0.0932832807302475,0.003635746892541647,0.4623449444770813,0.00024391620536334813,0.0016646008007228374,0.7669920325279236,64,0.0413,0.125,3,0,7,0,5,1.0,0.0657,0.2574,0.042,0,40,6,0.121622234582901,0.6149340867996216,1.993412733078003,0.01575,0.0417,0.1875
421,20000,0.0,24,2,0.0,29.67,0.0,0.0005886646104045212,0.241254523396492,0.23936493694782257,0.3851800560951233,-0.09450960159301758,0.008385119959712029,0.4622862935066223,0.00029933906625956297,0.0012662360677495599,1.0865992307662964,64,0.0566,0.0,1,0,2,1,12,0.833,,,,,,,0.08697741478681564,0.5604444742202759,1.9976211786270142,0.0161,,0.1875
422,20000,0.0,24,2,0.0,30.0,0.0,0.002301824977621436,0.26473158597946167,0.2691606879234314,0.3720874488353729,-0.09651712328195572,0.02523477002978325,0.41676247119903564,0.00017557080718688667,0.002745099598541856,1.1524872779846191,64,0.0384,0.0,3,0,7,0,6,0.667,,,,,,,0.08374680578708649,0.6305562257766724,2.064952850341797,0.01605,,0.1875
423,20000,0.0,24,2,0.1429,29.86,0.1429,0.0006074970588088036,0.28581860661506653,0.286535382270813,0.3526283800601959,-0.09132393449544907,0.035630472004413605,0.37094151973724365,0.0002452672924846411,0.003499675542116165,1.0225361585617065,64,0.0282,0.143,2,0,6,0,7,0.571,,,,,,,0.08931121230125427,0.5792254209518433,2.1239845752716064,0.0159,,0.1875
424,20000,0.0,24,2,0.0,30.0,0.0,0.000354104588041082,0.2604738771915436,0.26158881187438965,0.24803763628005981,-0.08647890388965607,0.004156590439379215,0.3252801299095154,0.00046711694449186325,0.0018464759923517704,2.2266852855682373,64,0.0433,0.0,0,0,8,0,8,0.875,,,,,,,0.038837507367134094,0.6070147156715393,2.187335968017578,0.0158,,0.1875
425,20000,0.0,24,2,0.2,30.0,0.2,0.00037378433626145124,0.23482201993465424,0.23320886492729187,0.4234466254711151,-0.08846436440944672,0.04695349186658859,0.41669997572898865,0.0003383825533092022,0.0026080620009452105,0.9337058067321777,64,0.0413,0.2,4,0,4,0,7,1.0,,,,,,,0.09474543482065201,0.715395450592041,2.038468837738037,0.0158,,0.1875
426,20000,0.0,24,2,0.1667,30.0,0.1667,0.0017094304785132408,0.282831072807312,0.2787862718105316,0.3401135802268982,-0.09095580875873566,0.006870180368423462,0.41666120290756226,0.00019092335423920304,0.0013356428826227784,1.4966181516647339,64,0.0443,0.167,2,0,4,1,8,0.75,,,,,,,0.06077422946691513,0.6106462478637695,2.0457887649536133,0.0157,,0.1875
427,20000,0.0,24,2,0.0,30.0,0.0,0.0008498501847498119,0.24442119896411896,0.2416645884513855,0.3882678747177124,-0.06699784100055695,0.041520971804857254,0.3708639144897461,0.00029896770138293505,0.002719684736803174,1.4393720626831055,64,0.0314,0.0,3,0,6,0,7,0.857,0.0588,0.2295,0.042,1,41,5,0.0465465784072876,0.658470094203949,2.1384360790252686,0.0157,0.0208,0.1875
428,20000,0.0,24,2,0.0,30.0,0.0,0.0002934141957666725,0.275377482175827,0.27615371346473694,0.3833974301815033,-0.09255126118659973,0.006318032741546631,0.4623492658138275,0.00026867358246818185,0.001926708617247641,0.9247550964355469,64,0.0383,0.0,1,0,7,0,8,0.75,,,,,,,0.1000819206237793,0.6340053081512451,2.0050792694091797,0.0156,,0.1875
429,20000,0.0,24,2,0.0,29.36,0.0,0.0005512721836566925,0.2637713551521301,0.2592773139476776,0.497825562953949,-0.09276819974184036,0.006443949416279793,0.5766777396202087,0.00037759554106742144,0.002056238241493702,0.9802650809288025,64,0.0417,0.0,0,0,9,2,5,0.4,,,,,,,0.09463582932949066,0.6283524036407471,1.8886171579360962,0.0154,,0.1875
430,20000,0.0,24,2,0.0,30.0,0.0,0.00040939718019217253,0.24626362323760986,0.24286144971847534,0.39352160692214966,-0.08277799934148788,0.0065541574731469154,0.4624779522418976,0.00028126154211349785,0.0014266935177147388,1.1049485206604004,64,0.0342,0.0,1,0,6,0,9,0.889,,,,,,,0.07491570711135864,0.6188668012619019,2.001641273498535,0.0155,,0.1875
431,20000,0.0,24,2,0.0,30.0,0.0,0.0003328477032482624,0.26373884081840515,0.2631452679634094,0.3582622706890106,-0.08347201347351074,0.027830077335238457,0.3852068781852722,0.00022833255934529006,0.0017344808438792825,1.280362606048584,64,0.0343,0.0,4,0,5,1,6,1.0,,,,,,,0.0651940405368805,0.6383864879608154,2.0703647136688232,0.0155,,0.1875
432,20000,0.0,24,2,0.0,29.88,0.0,0.00044485944090411067,0.26020586490631104,0.2623421251773834,0.2906511127948761,-0.08973575383424759,0.0041069146245718,0.3709050118923187,0.00027493853121995926,0.002536043059080839,1.807765245437622,64,0.0457,0.125,2,1,6,1,6,1.0,,,,,,,0.04963904991745949,0.5973635911941528,2.121032953262329,0.01535,,0.1875
433,20000,0.0,24,2,0.1667,29.33,0.1667,0.00031357811531051993,0.27775970101356506,0.2774301767349243,0.38910210132598877,-0.09209015220403671,0.006580140441656113,0.4667484164237976,0.0002065915905404836,0.002567135728895664,1.0693384408950806,64,0.059,0.167,4,0,4,1,6,1.0,,,,,,,0.08611880987882614,0.5869259834289551,2.0152711868286133,0.0154,,0.1875
434,20000,0.0,24,2,0.0,29.17,0.0,0.00029161953716538846,0.2579154372215271,0.25903570652008057,0.3706768751144409,-0.08386461436748505,0.016630282625555992,0.4201681911945343,0.0002560750290285796,0.002225471194833517,2.4636123180389404,64,0.0355,0.0,3,0,4,2,7,0.857,0.0659,0.2861,0.062,2,41,4,0.03404131904244423,0.6712002754211426,1.982710838317871,0.01525,0.0208,0.1875
435,20000,0.0,24,2,0.3333,29.83,0.3333,0.0003230866859667003,0.26167580485343933,0.258506178855896,0.2626378834247589,-0.0844971239566803,0.009090632200241089,0.32737720012664795,0.0003201731888111681,0.0031530968844890594,2.0178205966949463,64,0.055,0.333,2,0,4,0,8,0.875,,,,,,,0.0418754443526268,0.6321746706962585,2.166177988052368,0.01535,,0.1875
436,20000,0.0,24,2,0.0,30.0,0.0,0.0003517964214552194,0.25644704699516296,0.2599601149559021,0.6331366896629333,-0.09104394912719727,0.17569957673549652,0.3710154592990875,0.00030030138441361487,0.003532035043463111,1.1392312049865723,64,0.034,0.0,2,0,8,0,6,0.833,,,,,,,0.07991699874401093,0.6011219620704651,2.1085872650146484,0.01525,,0.1875
437,20000,0.0,24,2,0.0,30.0,0.0,0.0007179639651440084,0.27351611852645874,0.27472639083862305,0.3724440038204193,-0.08098544925451279,0.017337743192911148,0.41659751534461975,0.00036568022915162146,0.00431293249130249,1.399864912033081,64,0.0454,0.0,3,0,5,0,8,0.875,,,,,,,0.05785233527421951,0.6739648580551147,2.064509391784668,0.01535,,0.1875
438,20000,0.0,24,2,0.0,30.0,0.0,0.0006053043762221932,0.25611069798469543,0.2545969486236572,0.37845611572265625,-0.08769223839044571,0.023762209340929985,0.4176788032054901,0.00023369232076220214,0.0018902181182056665,1.5372852087020874,64,0.0326,0.0,2,0,6,0,8,0.5,,,,,,,0.05704357475042343,0.5039750337600708,2.0697836875915527,0.0151,,0.1875
439,20000,0.0,24,2,0.125,29.88,0.125,0.0008105103624984622,0.21116182208061218,0.21115702390670776,0.4327671527862549,-0.0935201570391655,0.0765000581741333,0.37229233980178833,0.0003147070819977671,0.001989704789593816,1.4445403814315796,64,0.0457,0.125,1,0,7,0,7,1.0,,,,,,,0.06474041938781738,0.6563142538070679,2.1118922233581543,0.0151,,0.1875
440,20000,0.0,24,2,0.0,30.0,0.0,0.00046105036744847894,0.2547990679740906,0.25261589884757996,0.3840671181678772,-0.08928672969341278,0.0734451413154602,0.3251582384109497,0.00019338805577717721,0.0026106974110007286,1.0506073236465454,64,0.0336,0.0,4,0,8,0,4,0.75,,,,,,,0.08498582243919373,0.6845675706863403,2.189542531967163,0.01495,,0.1875
441,20000,0.0,24,2,0.125,30.0,0.125,0.00022642705880571157,0.27310216426849365,0.27355897426605225,0.36849352717399597,-0.08841333538293839,0.01957576349377632,0.4166765511035919,0.00027077691629529,0.0021575915161520243,0.9105416536331177,64,0.0312,0.125,1,0,6,1,7,1.0,0.0608,0.263,0.021,0,40,7,0.09709971398115158,0.6333662271499634,2.053037405014038,0.015,0.0208,0.1875
442,20000,0.0,24,2,0.3333,29.83,0.3333,0.0008864977862685919,0.2624099552631378,0.26027911901474,0.3491724729537964,-0.08912789821624756,0.010385429486632347,0.41658538579940796,0.0005121516878716648,0.0018882685108110309,1.170965552330017,64,0.0409,0.333,3,0,4,0,7,0.714,,,,,,,0.07611487805843353,0.6049878597259521,2.06424880027771,0.0152,,0.1875
443,20000,0.0,24,2,0.1667,29.5,0.1667,0.0005818834761157632,0.2396005094051361,0.24040499329566956,0.48799028992652893,-0.09299507737159729,0.01300562173128128,0.5538935661315918,0.0002339348866371438,0.0021611028350889683,0.830841064453125,64,0.064,0.167,3,0,3,2,7,1.0,,,,,,,0.11192885041236877,0.7230820059776306,1.8579157590866089,0.01525,,0.1875
444,20000,0.0,24,2,0.0,29.62,0.0,0.0005671959952451289,0.24527858197689056,0.23695990443229675,0.2829299867153168,-0.09784539043903351,0.004611521493643522,0.3708750009536743,0.00037283290293999016,0.0013546280097216368,1.3863404989242554,64,0.0337,0.0,2,0,7,1,6,1.0,,,,,,,0.0705781877040863,0.5795568227767944,2.132697105407715,0.0152,,0.1875
445,20000,0.0,24,2,0.1429,30.0,0.1429,0.001998891355469823,0.2371213436126709,0.23197722434997559,0.3420814275741577,-0.09165613353252411,0.00785888358950615,0.41668301820755005,0.0005282339407131076,0.0026735514402389526,1.6642351150512695,64,0.0414,0.143,3,0,6,0,6,1.0,,,,,,,0.05507402867078781,0.7210179567337036,2.0642056465148926,0.0153,,0.1875
446,20000,0.0,24,2,0.0,30.0,0.0,0.00036435038782656193,0.23304224014282227,0.2328900396823883,0.3052937388420105,-0.08410162478685379,0.008748907595872879,0.370871365070343,0.0002457059163134545,0.002052347408607602,1.61773681640625,64,0.0459,0.0,3,0,5,0,8,0.875,,,,,,,0.051987212151288986,0.6447007656097412,2.1174824237823486,0.01535,,0.1875
447,20000,0.0,24,2,0.0,30.0,0.0,0.0006555808940902352,0.22905617952346802,0.22831489145755768,0.2925616502761841,-0.09223863482475281,0.0065233102068305016,0.3709031641483307,0.0002096883108606562,0.001701026689261198,1.2498081922531128,64,0.0474,0.0,1,0,6,1,8,0.75,,,,,,,0.07380223274230957,0.5983487367630005,2.1285908222198486,0.01525,,0.1875
448,20000,0.0,24,2,0.125,30.0,0.125,0.0020989710465073586,0.2534009516239166,0.24751494824886322,0.2624930739402771,-0.07898850739002228,0.0076867397874593735,0.32514601945877075,0.00033031441853381693,0.001924147829413414,1.3217815160751343,64,0.0281,0.125,3,0,7,0,5,1.0,0.0563,0.2685,0.021,0,41,6,0.059759125113487244,0.6233954429626465,2.195347309112549,0.01525,0.0208,0.1875
449,20000,0.0,24,2,0.0,30.0,0.0,0.0006150338449515402,0.2816442549228668,0.2760208547115326,0.35101738572120667,-0.08905087411403656,0.011332380585372448,0.4166126251220703,0.0002644462219905108,0.0015817260136827826,1.3197861909866333,64,0.0271,0.0,2,0,6,0,8,0.75,,,,,,,0.06747370958328247,0.6438024044036865,2.059342622756958,0.01515,,0.1875
450,20000,0.0,24,2,0.0,29.78,0.0,0.0002812602324411273,0.280769407749176,0.28326424956321716,0.3567228317260742,-0.0755516067147255,0.05271141231060028,0.3253514766693115,0.0002491994819138199,0.003000261029228568,1.8155287504196167,64,0.0366,0.111,1,1,8,0,6,0.833,,,,,,,0.0416141077876091,0.7219628095626831,2.1967592239379883,0.0152,,0.1875
451,20000,0.0,24,2,0.0,30.0,0.0,0.0004206164157949388,0.2817768454551697,0.2828216850757599,0.3265431225299835,-0.0814090445637703,0.01706567406654358,0.3722495138645172,0.00025078453472815454,0.0031426160130649805,1.5807626247406006,64,0.0335,0.0,3,0,6,0,7,1.0,,,,,,,0.0514998584985733,0.6084620356559753,2.1121163368225098,0.0151,,0.1875
452,20000,0.0,24,2,0.2,29.8,0.2,0.0010352882090955973,0.2434834986925125,0.23644989728927612,0.38114461302757263,-0.0846053808927536,0.05605892837047577,0.3526650667190552,0.0002639594313222915,0.001934107393026352,1.4313291311264038,64,0.0471,0.2,2,0,3,1,9,0.778,,,,,,,0.05910966545343399,0.675633430480957,2.134598970413208,0.01505,,0.1875
453,20000,0.0,24,2,0.125,30.0,0.125,0.00018580388859845698,0.24874813854694366,0.24911965429782867,0.2989882528781891,-0.09848714619874954,0.01275448314845562,0.3708581328392029,0.00022879579046275467,0.0022166334092617035,1.416062355041504,64,0.0411,0.125,0,0,6,1,8,0.75,,,,,,,0.06955000758171082,0.734611451625824,2.1349434852600098,0.01505,,0.1875
454,20000,0.0,24,2,0.2222,29.89,0.2222,0.0004800609312951565,0.2600748538970947,0.25953277945518494,0.35016798973083496,-0.09486304223537445,0.028089474886655807,0.38764527440071106,0.0002544975432101637,0.002413628390058875,1.1746093034744263,64,0.0274,0.222,3,0,6,1,4,0.75,,,,,,,0.08076135814189911,0.7029416561126709,2.075350284576416,0.01505,,0.1875
455,20000,0.0,24,2,0.25,29.88,0.25,0.0008677155710756779,0.2760336101055145,0.27281221747398376,0.32654598355293274,-0.09656735509634018,0.02545091137290001,0.370942085981369,0.00030308697023428977,0.0025388787034898996,1.5167919397354126,64,0.0376,0.25,3,0,5,1,5,1.0,0.0533,0.2216,0.021,0,44,3,0.06366552412509918,0.6343086957931519,2.12014102935791,0.015,0.0208,0.1875
456,20000,0.0,24,2,0.0,30.0,0.0,0.00037222731043584645,0.19441083073616028,0.19084376096725464,0.25192227959632874,-0.0898977667093277,0.007832763716578484,0.3252267837524414,0.000430798449087888,0.0018554512644186616,1.5568300485610962,64,0.0242,0.0,3,0,4,0,9,1.0,,,,,,,0.057744111865758896,0.5758824944496155,2.189072608947754,0.0152,,0.1875
457,20000,0.0,24,2,0.1667,29.33,0.1667,0.00024698779452592134,0.24566030502319336,0.24734148383140564,0.2925138771533966,-0.08902132511138916,0.026109669357538223,0.32526546716690063,0.00025515235029160976,0.00810078252106905,1.3995006084442139,64,0.0327,0.167,1,0,4,1,9,0.889,,,,,,,0.06360935419797897,0.6205661296844482,2.1627933979034424,0.01525,,0.1875
458,20000,0.0,24,2,0.1111,30.0,0.1111,0.0007968664867803454,0.2680516541004181,0.26778578758239746,0.3376997113227844,-0.09179024398326874,0.006052752025425434,0.4165831208229065,0.0004930026479996741,0.0016026744851842523,1.2322758436203003,64,0.0367,0.111,1,0,8,0,6,0.667,,,,,,,0.07448838651180267,0.6617106199264526,2.0727951526641846,0.01515,,0.1875
459,20000,0.0,24,2,0.0,29.43,0.0,0.00044995074858888984,0.25390222668647766,0.2528388500213623,0.40135902166366577,-0.07910344004631042,0.008581793867051601,0.46231818199157715,0.00033824797719717026,0.0019613627810031176,1.2078241109848022,64,0.0478,0.0,2,0,5,2,7,1.0,,,,,,,0.06549252569675446,0.6285972595214844,1.991776943206787,0.0153,,0.1875
460,20000,0.0,24,2,0.1667,30.0,0.1667,0.0002570687502156943,0.28111132979393005,0.28642651438713074,0.5097584128379822,-0.08551324158906937,0.020189743489027023,0.5541682839393616,0.0003000992874149233,0.001447825925424695,1.146464228630066,64,0.0508,0.167,3,0,4,1,7,0.571,,,,,,,0.07458867132663727,0.6744410395622253,1.835129976272583,0.01535,,0.1875
461,20000,0.0,24,2,0.0,29.0,0.0,0.00019307673210278153,0.2589654326438904,0.2601355314254761,0.39102232456207275,-0.0899951234459877,0.008945252746343613,0.46229609847068787,0.0001637790846871212,0.0016616667853668332,1.3078044652938843,64,0.0195,0.0,4,0,2,1,9,0.889,,,,,,,0.06881389021873474,0.6473584175109863,1.9893851280212402,0.0156,,0.1875
462,20000,0.0,24,2,0.125,29.88,0.125,0.0002939959813375026,0.26187413930892944,0.26059362292289734,0.25818002223968506,-0.08093361556529999,0.004898332059383392,0.3282617926597595,0.00027083331951871514,0.0021103338804095984,2.7144343852996826,64,0.031,0.125,3,0,7,0,5,1.0,0.062,0.2826,0.083,0,41,3,0.02981601655483246,0.6829648017883301,2.169987678527832,0.0156,0.0833,0.1875
463,20000,0.0,24,2,0.0,29.33,0.0,0.00041525857523083687,0.28640031814575195,0.29036691784858704,0.42652615904808044,-0.08719410002231598,0.02533213421702385,0.46228688955307007,0.00032394015579484403,0.001538218930363655,1.0948894023895264,64,0.0754,0.0,2,0,5,1,8,0.625,,,,,,,0.07963736355304718,0.6101688742637634,1.9954588413238525,0.01555,,0.1875
464,20000,0.0,24,2,0.1429,29.86,0.1429,0.00024564078194089234,0.24057064950466156,0.23962292075157166,0.33700188994407654,-0.09198831021785736,0.005732799880206585,0.4165816009044647,0.0003001161676365882,0.0018860027194023132,1.191252589225769,64,0.0289,0.143,1,0,6,0,8,0.75,,,,,,,0.07721981406211853,0.7092644572257996,2.0535526275634766,0.01555,,0.1875
465,20000,0.0,24,2,0.0,30.0,0.0,0.0003537131124176085,0.21437206864356995,0.21382403373718262,0.3741694688796997,-0.0529855377972126,0.004698069300502539,0.41659316420555115,0.00031632473110221326,0.0023313499987125397,1.4148612022399902,64,0.0463,0.0,4,0,4,0,8,0.875,,,,,,,0.03744928166270256,0.6431254148483276,2.0594377517700195,0.01565,,0.1875
466,20000,0.0,24,2,0.0,30.0,0.0,0.0016694730147719383,0.23338580131530762,0.22932210564613342,0.44509992003440857,-0.08285422623157501,0.05516936630010605,0.41662344336509705,0.00029348680982366204,0.0019839326851069927,1.087610125541687,64,0.036,0.0,4,0,3,0,9,1.0,,,,,,,0.07618008553981781,0.6300445795059204,2.0700769424438477,0.0159,,0.1875
467,20000,0.0,24,2,0.0,30.0,0.0,0.0009199990308843553,0.28676503896713257,0.2824684679508209,0.3909860849380493,-0.08691437542438507,0.00724819116294384,0.46231597661972046,0.00039523481973446906,0.0021761504467576742,1.4223588705062866,64,0.0391,0.0,1,0,7,1,7,1.0,,,,,,,0.06110580265522003,0.7304310202598572,1.9928289651870728,0.01575,,0.1875
468,20000,0.0,24,2,0.0,30.0,0.0,0.0002419773954898119,0.2537051737308502,0.25501322746276855,0.4617176353931427,-0.0851152092218399,0.01890650764107704,0.5081095695495605,0.00023777510796207935,0.0018204926745966077,0.9650710225105286,64,0.0348,0.0,0,0,6,0,10,0.8,,,,,,,0.08819580078125,0.6095005869865417,1.9268863201141357,0.0158,,0.1875
469,20000,0.0,24,2,0.125,30.0,0.125,0.00023246396449394524,0.23052167892456055,0.23155483603477478,0.47327813506126404,-0.08893323689699173,0.07211240381002426,0.41691577434539795,0.00024299509823322296,0.002141617937013507,1.4928414821624756,64,0.0361,0.125,3,0,7,0,5,0.8,0.0532,0.2609,0.042,0,42,4,0.05957312881946564,0.724007785320282,2.0456795692443848,0.0156,0.0417,0.1875
470,20000,0.0,24,2,0.125,29.12,0.125,0.00031952038989402354,0.23169422149658203,0.23523038625717163,0.4132039546966553,-0.08381946384906769,0.016964629292488098,0.4623014032840729,0.0002257745509268716,0.0015854953089728951,1.2154622077941895,64,0.0371,0.125,3,0,6,1,5,0.8,,,,,,,0.06896097958087921,0.6647894382476807,1.9966250658035278,0.0156,,0.1875
471,20000,0.0,24,2,0.0,30.0,0.0,0.00030506306211464107,0.23029690980911255,0.2320779412984848,0.3152654469013214,-0.09069566428661346,0.008134542964398861,0.38879314064979553,0.0002627340145409107,0.001797763048671186,1.3678959608078003,64,0.0453,0.0,1,0,8,1,6,0.833,,,,,,,0.06630303710699081,0.555409848690033,2.0615553855895996,0.0156,,0.1875
472,20000,0.0,24,2,0.0,29.88,0.0,0.0003106755902990699,0.22216396033763885,0.2267797738313675,0.37472638487815857,-0.08424951136112213,0.020712390542030334,0.4165993332862854,0.00024972809478640556,0.0019036155426874757,1.3839362859725952,64,0.0463,0.0,1,0,7,1,7,1.0,,,,,,,0.060876719653606415,0.6406752467155457,2.076240062713623,0.0156,,0.1875
473,20000,0.0,24,2,0.2,29.8,0.2,0.0003750279429368675,0.22367402911186218,0.22738686203956604,0.33277440071105957,-0.08855877816677094,0.024610279127955437,0.3708952069282532,0.0004190162580925971,0.002434853930026293,1.6315571069717407,64,0.0499,0.2,6,0,4,0,5,0.8,,,,,,,0.05427868664264679,0.6426658630371094,2.121314525604248,0.0155,,0.1875
474,20000,0.0,24,2,0.0,30.0,0.0,0.00047720930888317525,0.2505726218223572,0.2483767569065094,0.32954511046409607,-0.07183270156383514,0.014786671847105026,0.37095826864242554,0.00026519218226894736,0.0016924348892644048,1.8254364728927612,64,0.0351,0.0,2,0,8,0,6,0.833,,,,,,,0.039350979030132294,0.688400149345398,2.1284093856811523,0.0154,,0.1875
475,20000,0.0,24,2,0.0,29.89,0.0,0.0002754040469881147,0.24943463504314423,0.25044530630111694,0.33507198095321655,-0.08210404217243195,0.02271493524312973,0.37085720896720886,0.00027575623244047165,0.0017778633628040552,2.033369779586792,64,0.0453,0.0,1,0,7,2,6,1.0,,,,,,,0.04037832096219063,0.6178345680236816,2.1285362243652344,0.0154,,0.1875
476,20000,0.0,24,2,0.0,29.71,0.0,0.0005208118236623704,0.31501686573028564,0.3169952630996704,0.39168745279312134,-0.08867761492729187,0.008355380967259407,0.4624848961830139,0.00020677749125752598,0.0023388154804706573,1.2540818452835083,64,0.0509,0.0,3,0,6,1,6,1.0,0.0646,0.2583,0.0,0,45,3,0.0707111805677414,0.6913644671440125,1.9905600547790527,0.0155,0.0,0.1875
477,20000,0.0,24,2,0.0,30.0,0.0,0.0006382051506079733,0.2475425750017166,0.25281739234924316,0.41744571924209595,-0.09105430543422699,0.04510527849197388,0.41681671142578125,0.00021627593378070742,0.0029455411713570356,1.179476022720337,64,0.0251,0.0,2,0,6,1,7,1.0,,,,,,,0.07719894498586655,0.7125171422958374,2.0700666904449463,0.01565,,0.1875
478,20000,0.0,24,2,0.125,30.0,0.125,0.0002639868180267513,0.2392195165157318,0.23860415816307068,0.3005133867263794,-0.08750471472740173,0.008015850558876991,0.37090522050857544,0.0003033336251974106,0.002162313787266612,1.661734938621521,64,0.0319,0.125,0,0,7,0,8,0.75,,,,,,,0.052658647298812866,0.6555657386779785,2.129647731781006,0.01565,,0.1875
479,20000,0.0,24,2,0.2,30.0,0.2,0.0003682489332277328,0.2706654667854309,0.2735521197319031,0.2836444079875946,-0.05396126210689545,0.005067638587206602,0.3265160322189331,0.0002729932311922312,0.0019086940446868539,2.0789053440093994,64,0.0428,0.2,2,0,7,1,4,1.0,,,,,,,0.025956574827432632,0.6281353831291199,2.173099994659424,0.0156,,0.1875
480,20000,0.0,24,2,0.0,30.0,0.0,0.0004574970807880163,0.2254672646522522,0.2283385992050171,0.33768537640571594,-0.08785298466682434,0.004153188318014145,0.4165712594985962,0.0003741190012078732,0.0013214085483923554,1.7745863199234009,64,0.0562,0.0,4,0,5,0,7,0.857,,,,,,,0.04950617998838425,0.6159266829490662,2.0537405014038086,0.0156,,0.1875
481,20000,0.0,24,2,0.1667,30.0,0.1667,0.0008721987251192331,0.28944021463394165,0.2966499924659729,0.28937822580337524,-0.0925481766462326,0.00501624308526516,0.3708683252334595,0.0004371684044599533,0.002051188377663493,1.5889381170272827,64,0.0643,0.167,3,0,5,0,7,0.857,,,,,,,0.05824529752135277,0.6732008457183838,2.1347882747650146,0.01565,,0.1875
482,20000,0.0,24,2,0.25,29.75,0.25,0.001194463111460209,0.268649697303772,0.26478368043899536,0.3883310556411743,-0.08524675667285919,0.005169818643480539,0.46228891611099243,0.0002432472538203001,0.0018985068891197443,1.7942825555801392,64,0.0281,0.25,1,0,3,0,11,1.0,,,,,,,0.04751022160053253,0.6138070821762085,1.989194393157959,0.0159,,0.1875
483,20000,0.0,24,2,0.1111,30.0,0.1111,0.0005340913776308298,0.24075302481651306,0.24390432238578796,0.39027002453804016,-0.08763904124498367,0.007356660440564156,0.46231281757354736,0.0003664967371150851,0.0017658493015915155,1.227376937866211,64,0.0345,0.111,1,0,7,1,6,0.833,0.0622,0.2737,0.062,0,39,6,0.07140352576971054,0.6409681439399719,1.9964580535888672,0.0157,0.0625,0.1875
484,20000,0.0,24,2,0.2,30.0,0.2,0.0005950931808911264,0.2498069405555725,0.25341975688934326,0.30079925060272217,-0.08967877924442291,0.030954208225011826,0.3271934986114502,0.00023517674708273262,0.0027522719465196133,1.2757453918457031,64,0.0237,0.2,6,0,3,1,5,0.4,,,,,,,0.07029520720243454,0.6436061263084412,2.185110569000244,0.01575,,0.1875
485,20000,0.0,24,2,0.0,30.0,0.0,0.0006387914181686938,0.2708550691604614,0.27263444662094116,0.38499146699905396,-0.08627650141716003,0.004093538969755173,0.46238160133361816,0.0002351509319851175,0.0013985378900542855,1.4630368947982788,64,0.0289,0.0,1,0,8,0,7,1.0,,,,,,,0.05897083133459091,0.6563093662261963,1.9687142372131348,0.01565,,0.1875
486,20000,0.0,24,2,0.1429,30.0,0.1429,0.00034271704498678446,0.2683603763580322,0.2660274803638458,0.2757014036178589,-0.09119865298271179,0.008556222543120384,0.34881874918937683,0.00021447120525408536,0.0019377373391762376,1.15556800365448,64,0.0344,0.143,3,0,6,0,6,0.833,,,,,,,0.07892106473445892,0.7124499082565308,2.1391797065734863,0.0158,,0.1875
487,20000,0.0,24,2,0.2222,29.89,0.2222,0.0007988223806023598,0.21831685304641724,0.22646179795265198,0.4623931050300598,-0.0938372015953064,0.023375459015369415,0.5083645582199097,0.00023621103900950402,0.002229714998975396,0.8651205897331238,64,0.039,0.222,1,0,7,0,6,1.0,,,,,,,0.10846719145774841,0.6743947863578796,1.9321411848068237,0.01585,,0.1875
488,20000,0.0,24,2,0.0,28.86,0.0,0.0006020678556524217,0.27473780512809753,0.27776315808296204,0.2507767677307129,-0.08784811943769455,0.0061186193488538265,0.3251761198043823,0.00026082448312081397,0.002423068741336465,1.8717262744903564,64,0.0517,0.0,1,0,5,2,8,0.875,,,,,,,0.04693427309393883,0.723198413848877,2.19227933883667,0.0159,,0.1875
489,20000,0.0,24,2,0.0,30.0,0.0,0.0003149217809550464,0.2757718563079834,0.2753000259399414,0.3364809453487396,-0.07920124381780624,0.021718135103583336,0.3711668848991394,0.00019257828535046428,0.0021580634638667107,1.5413464307785034,64,0.0281,0.0,4,0,6,0,6,1.0,,,,,,,0.05138445645570755,0.6663968563079834,2.117671489715576,0.0159,,0.1875
