iter,buffer,beta,ei_hi,ei_lo,roll_succ,roll_len,roll_ret,critic_loss,q_mean,target_mean,actor_loss,pg_loss,bc_loss,grip_loss,aux_c,aux_a,lam,n_expert,roll_min_pos,roll_close,roll_skip,roll_miss,roll_timeout,roll_fail,exp_kept,exp_succ,eval_min_pos,eval_min_rot,eval_close,eval_miss,eval_timeout,eval_fail,q_pi,a_absmean,grip_logit,buf_pos,eval_succ,best_succ
0,332,0.5,24,22,0.5,29.5,0.5,0.007707994431257248,0.3468385636806488,0.33434075117111206,0.4101725220680237,-0.0998247042298317,0.051817458122968674,0.39899522066116333,0.00830619502812624,0.014734123833477497,0.2693498432636261,64,0.0219,0.667,5,1,2,0,5,0.6,,,,,,,0.37061357498168945,0.7037352919578552,2.209853410720825,0.01807,,-1.0
1,701,0.4921,24,22,0.0,30.0,0.0,0.004109041765332222,0.3474884033203125,0.34683313965797424,0.5514641404151917,-0.09894237667322159,0.09933099150657654,0.4427626132965088,0.0062453048303723335,0.01796388067305088,0.3039906919002533,64,0.0214,0.0,4,0,3,0,9,1.0,,,,,,,0.32547831535339355,0.8165361285209656,2.104506492614746,0.0214,,-1.0
2,1062,0.4841,24,22,0.25,30.0,0.25,0.006377796176820993,0.36202144622802734,0.35799792408943176,0.43160536885261536,-0.09978584945201874,0.04816875979304314,0.42620378732681274,0.008345629088580608,0.017699824646115303,0.29885146021842957,64,0.0124,0.25,4,0,2,1,8,0.875,,,,,,,0.33389782905578613,0.6624494194984436,2.1834518909454346,0.02166,,-1.0
3,1521,0.4762,24,22,0.0,30.0,0.0,0.0069524794816970825,0.388704776763916,0.3841598629951477,0.7350211143493652,-0.09886392951011658,0.05480821430683136,0.7129991054534912,0.007625324185937643,0.022538989782333374,0.2908911406993866,64,0.0063,0.0,1,0,6,0,9,0.889,,,,,,,0.3398657441139221,0.7065454721450806,1.981177806854248,0.02038,,-1.0
4,1945,0.4683,24,21,0.4,30.0,0.4,0.0033397311344742775,0.3645894527435303,0.3662790060043335,0.4522028863430023,-0.09785878658294678,0.0347137376666069,0.4696413278579712,0.0044834972359240055,0.02198568359017372,0.3214660584926605,64,0.0116,0.4,2,0,6,0,4,1.0,,,,,,,0.3044140934944153,0.6587494611740112,2.015152931213379,0.02005,,-1.0
5,2368,0.4603,24,21,0.0,29.62,0.0,0.0036312458105385303,0.3279872536659241,0.31805914640426636,0.3505069613456726,-0.09982156753540039,0.030631056055426598,0.37915199995040894,0.003959496971219778,0.01982884667813778,0.3078640401363373,64,0.0144,0.0,2,0,7,1,6,0.833,,,,,,,0.3242391347885132,0.6989854574203491,2.045395851135254,0.01858,,-1.0
6,2812,0.4524,24,21,0.7143,29.71,0.7143,0.009014289826154709,0.3651989996433258,0.34394609928131104,0.5177814364433289,-0.09994092583656311,0.04084514081478119,0.5310185551643372,0.004904108587652445,0.010027006268501282,0.2850516736507416,64,0.0212,0.714,1,0,2,0,8,0.875,,,,,,,0.35060638189315796,0.6015945076942444,1.9058194160461426,0.01991,,-1.0
7,3265,0.4444,24,21,0.0,30.0,0.0,0.01928561180830002,0.38094907999038696,0.3690195679664612,0.3453938066959381,-0.09999999403953552,0.03218812495470047,0.37069636583328247,0.00704092625528574,0.02064235880970955,0.3156529366970062,64,0.0168,0.0,1,0,3,0,12,0.75,0.1594,0.7902,0.0,0,48,0,0.31680363416671753,0.6414284706115723,2.090630531311035,0.01991,0.0,0.0
8,3712,0.4365,24,21,0.0,29.25,0.0,0.0034769100602716208,0.338129460811615,0.3480800688266754,0.5080777406692505,-0.09970147907733917,0.025766491889953613,0.5483505129814148,0.0035456824116408825,0.0157913938164711,0.39919862151145935,64,0.0083,0.0,1,0,7,1,7,0.714,,,,,,,0.24975408613681793,0.6654918193817139,1.8928661346435547,0.01886,,0.0
9,4164,0.4286,24,21,0.0,30.0,0.0,0.004626456182450056,0.3083689212799072,0.30698826909065247,0.38295644521713257,-0.09972657263278961,0.02964775077998638,0.41650980710983276,0.003810655325651169,0.013755430467426777,0.3277852535247803,64,0.0074,0.0,1,0,11,0,4,0.5,,,,,,,0.30424362421035767,0.5813155770301819,1.9361109733581543,0.01729,,0.0
10,4620,0.4206,24,21,0.4286,29.86,0.4286,0.004842644091695547,0.27686214447021484,0.27535054087638855,0.3442089855670929,-0.09822407364845276,0.0295950248837471,0.37267816066741943,0.005473843310028315,0.02112966775894165,0.36223238706588745,64,0.0172,0.714,1,2,2,0,8,0.875,,,,,,,0.27116313576698303,0.6486471891403198,2.0564002990722656,0.01775,,0.0
11,4982,0.4127,24,21,0.0,30.0,0.0,0.006965508684515953,0.21661069989204407,0.2255113124847412,0.4409990608692169,-0.09866060316562653,0.019957516342401505,0.4926738739013672,0.008096729405224323,0.014141523279249668,0.39978569746017456,64,0.0084,0.0,4,0,7,0,5,0.6,,,,,,,0.24678373336791992,0.6915701627731323,2.062262535095215,0.01706,,0.0
12,5317,0.4048,24,20,0.0,30.0,0.0,0.004217703826725483,0.2999442219734192,0.28916144371032715,0.44561246037483215,-0.09828637540340424,0.03285220265388489,0.47272026538848877,0.003549153683707118,0.01094838883727789,0.4179495871067047,64,0.0092,0.0,5,0,6,0,5,0.8,,,,,,,0.23516325652599335,0.5810010433197021,1.9181665182113647,0.01674,,0.0
13,5681,0.3968,24,20,0.0,30.0,0.0,0.003620955627411604,0.31825101375579834,0.32308948040008545,0.32694220542907715,-0.09857246279716492,0.03469114750623703,0.34807127714157104,0.0029915461782366037,0.016122210770845413,0.4681278169155121,64,0.0217,0.0,4,0,7,0,5,0.8,,,,,,,0.2105674147605896,0.6933867335319519,2.150599956512451,0.01637,,0.0
14,6077,0.3889,24,20,0.0,30.0,0.0,0.002899771323427558,0.31149569153785706,0.3028576374053955,0.37384477257728577,-0.0987764298915863,0.021127087995409966,0.42304283380508423,0.002418164163827896,0.014648369513452053,0.4583517611026764,64,0.0254,0.0,3,0,7,0,6,0.833,0.1105,0.7848,0.021,0,46,1,0.21550355851650238,0.6710195541381836,1.9915592670440674,0.01613,0.0208,0.0208
15,6436,0.381,24,20,0.2,30.0,0.2,0.004660030826926231,0.26583537459373474,0.25190469622612,0.31015461683273315,-0.09752978384494781,0.02170836552977562,0.3604845404624939,0.004221947398036718,0.007566272281110287,0.5833204388618469,64,0.0199,0.2,4,0,4,0,7,0.571,,,,,,,0.1671976000070572,0.5521944761276245,2.122396945953369,0.016,,0.0208
16,6796,0.373,24,20,0.25,28.0,0.25,0.0033270567655563354,0.2785024046897888,0.2755506932735443,0.35896050930023193,-0.09872302412986755,0.01777590624988079,0.4177438020706177,0.002621342660859227,0.008775836788117886,0.45994988083839417,64,0.0067,0.25,4,0,2,1,8,1.0,,,,,,,0.21463865041732788,0.6407808661460876,2.0860512256622314,0.01648,,0.0208
17,7192,0.3651,24,20,0.25,29.25,0.25,0.004845685791224241,0.25235846638679504,0.24931876361370087,0.3354869782924652,-0.09995695948600769,0.02023877203464508,0.3893485367298126,0.002492031781002879,0.011235727928578854,0.5317593216896057,64,0.0233,0.25,3,0,2,1,9,1.0,,,,,,,0.18797406554222107,0.5482651591300964,2.1872410774230957,0.01696,,0.0208
18,7612,0.3571,24,20,0.1429,30.0,0.1429,0.004820308182388544,0.26899629831314087,0.2705933749675751,0.3486350178718567,-0.09785724431276321,0.03311317414045334,0.37492436170578003,0.0028386160265654325,0.010683116503059864,0.4304908215999603,64,0.0161,0.143,2,0,6,0,7,0.857,,,,,,,0.2273155003786087,0.7034682631492615,1.9711167812347412,0.01695,,0.0208
19,8062,0.3492,24,19,0.0,29.33,0.0,0.0031152223236858845,0.22953598201274872,0.227341890335083,0.3210257887840271,-0.09807127714157104,0.0273502878844738,0.355404257774353,0.002522971946746111,0.01798446662724018,0.5071403384208679,64,0.0188,0.0,1,0,8,1,6,1.0,,,,,,,0.1933809518814087,0.6877192258834839,2.1347551345825195,0.01675,,0.0208
20,8517,0.3413,24,19,0.0,30.0,0.0,0.00459212064743042,0.2653433084487915,0.2728627920150757,0.30706846714019775,-0.09917634725570679,0.03075006604194641,0.33727753162384033,0.003720563370734453,0.014934313483536243,0.6750507354736328,64,0.0132,0.0,1,0,9,0,6,0.833,,,,,,,0.14691686630249023,0.6286512017250061,2.1726536750793457,0.01644,,0.0208
21,8945,0.3333,24,19,0.0,30.0,0.0,0.0035194596275687218,0.257179319858551,0.26462358236312866,0.3056914210319519,-0.09699630737304688,0.033557355403900146,0.33018529415130615,0.002385866828262806,0.010775423608720303,0.5533894896507263,64,0.0119,0.0,2,0,5,0,9,0.889,0.1327,0.7012,0.042,2,46,0,0.1752767562866211,0.669650673866272,2.1546237468719482,0.01655,0.0,0.0208
22,9335,0.3254,24,19,0.0,29.38,0.0,0.006257570348680019,0.22476467490196228,0.2405906319618225,0.3982091546058655,-0.0946623831987381,0.05734122544527054,0.37272879481315613,0.0026612498331815004,0.010920591652393341,0.6473568677902222,64,0.0239,0.0,3,0,7,1,5,0.8,,,,,,,0.1462290734052658,0.6328026056289673,2.115938901901245,0.01628,,0.0208
23,9731,0.3175,24,19,0.0,30.0,0.0,0.004336566664278507,0.18948134779930115,0.17976859211921692,0.3930674195289612,-0.09925782680511475,0.047713764011859894,0.3926362097263336,0.0026074822526425123,0.00852299202233553,0.6171883940696716,64,0.0224,0.0,3,0,7,0,6,0.833,,,,,,,0.1608225703239441,0.5524961352348328,2.059292793273926,0.01613,,0.0208
24,10127,0.3095,24,19,0.3333,29.83,0.3333,0.0034787131007760763,0.27723267674446106,0.26574021577835083,0.318179726600647,-0.09809189289808273,0.038947977125644684,0.33308538794517517,0.0016357027925550938,0.010580552741885185,0.6172751188278198,64,0.0147,0.333,3,0,4,0,7,0.857,,,,,,,0.15891113877296448,0.6393877267837524,2.0970959663391113,0.01629,,0.0208
25,10555,0.3016,24,19,0.2,30.0,0.2,0.00476085813716054,0.2544204890727997,0.24146583676338196,0.3569270968437195,-0.0987214744091034,0.014429301023483276,0.42187976837158203,0.0019133695168420672,0.009820393286645412,0.688845157623291,64,0.0133,0.2,2,0,4,0,9,0.889,,,,,,,0.14331446588039398,0.5898297429084778,2.0430378913879395,0.01649,,0.0208
26,10979,0.2937,24,19,0.0,30.0,0.0,0.004807051736861467,0.21586725115776062,0.20684272050857544,0.5929928421974182,-0.09952133893966675,0.03047390840947628,0.6252238750457764,0.0024110290687531233,0.012684897519648075,0.5791051387786865,64,0.0145,0.0,2,0,9,0,5,0.6,,,,,,,0.1718536764383316,0.6867998838424683,2.0582568645477295,0.01612,,0.0208
27,11436,0.2857,24,18,0.125,30.0,0.125,0.005464828573167324,0.3088192343711853,0.3098510503768921,0.327753484249115,-0.09858635067939758,0.04036073759198189,0.33935338258743286,0.003052147338166833,0.012529966421425343,0.5927248597145081,64,0.014,0.125,1,0,7,0,7,0.857,,,,,,,0.1663273423910141,0.71041339635849,2.040602207183838,0.01609,,0.0208
28,11865,0.2778,24,18,0.0,30.0,0.0,0.00258226552978158,0.2233509123325348,0.22572071850299835,0.6114696860313416,-0.09938935935497284,0.044641733169555664,0.6155230402946472,0.00198367633856833,0.012105117551982403,0.7356200218200684,64,0.0182,0.0,2,0,5,0,9,1.0,0.1177,0.6414,0.0,0,47,1,0.13510964810848236,0.5943896174430847,2.1010985374450684,0.01627,0.0,0.0208
29,12230,0.2698,24,18,0.0,30.0,0.0,0.0033252849243581295,0.2575708031654358,0.27034905552864075,0.37539729475975037,-0.096967414021492,0.015547972172498703,0.4373237192630768,0.0014901637332513928,0.007890105247497559,0.6072255373001099,64,0.0115,0.0,4,0,7,0,5,1.0,,,,,,,0.1596893072128296,0.6281508207321167,2.0086183547973633,0.01619,,0.0208
30,12657,0.2619,24,18,0.0,30.0,0.0,0.0032232976518571377,0.25819703936576843,0.24802547693252563,0.3844563066959381,-0.09791965782642365,0.017741931602358818,0.44077998399734497,0.002119125099852681,0.012224243022501469,0.6481538414955139,64,0.0123,0.0,2,0,6,1,7,1.0,,,,,,,0.15107472240924835,0.5767470002174377,2.012586832046509,0.0162,,0.0208
31,13053,0.254,24,18,0.0,30.0,0.0,0.0026872807648032904,0.2176174372434616,0.20505104959011078,0.32656747102737427,-0.09644800424575806,0.04397522658109665,0.3292858898639679,0.0016093157464638352,0.011558321304619312,1.0289233922958374,64,0.0383,0.0,3,0,5,0,8,0.875,,,,,,,0.09373681247234344,0.6381890773773193,2.147083044052124,0.01624,,0.0208
32,13543,0.246,24,18,0.0,30.0,0.0,0.004956286866217852,0.2080031931400299,0.19604867696762085,0.31662842631340027,-0.09710289537906647,0.014417323283851147,0.3812830448150635,0.0015769762685522437,0.0072272163815796375,0.6752621531486511,64,0.0152,0.0,0,0,6,0,10,0.8,,,,,,,0.1438003033399582,0.6006287336349487,2.053986072540283,0.01624,,0.0208
33,13965,0.2381,24,18,0.2,29.8,0.2,0.003872891655191779,0.2731100022792816,0.27823886275291443,0.6501749753952026,-0.09559871256351471,0.02408769354224205,0.6921787261962891,0.0014625942567363381,0.01083909347653389,0.8480309844017029,64,0.0385,0.2,2,0,7,1,4,0.75,,,,,,,0.11273021250963211,0.6407899856567383,2.0385563373565674,0.01611,,0.0208
34,14392,0.2302,24,17,0.0,30.0,0.0,0.003643335308879614,0.24329616129398346,0.24544155597686768,0.3027614653110504,-0.09716925024986267,0.03333685174584389,0.3288505971431732,0.002457852941006422,0.008812826126813889,0.7703813910484314,64,0.0209,0.0,2,0,7,0,7,1.0,,,,,,,0.1261313557624817,0.6530041098594666,2.180069923400879,0.01612,,0.0208
35,14820,0.2222,24,17,0.0,30.0,0.0,0.006059547420591116,0.2100909948348999,0.21537181735038757,0.4147317111492157,-0.09037971496582031,0.015886789187788963,0.4692947268486023,0.001909106969833374,0.008086277171969414,0.7302879095077515,64,0.0284,0.0,2,0,5,1,8,0.875,0.1255,0.616,0.0,0,46,2,0.12375900149345398,0.6516969203948975,1.9962660074234009,0.01613,0.0,0.0208
36,15277,0.2143,24,17,0.0,29.83,0.0,0.0031707892194390297,0.19053524732589722,0.18800437450408936,0.40219905972480774,-0.0944993868470192,0.03677862137556076,0.4190134108066559,0.0018529320368543267,0.008255628868937492,0.7441534996032715,64,0.0311,0.0,1,0,5,1,9,0.889,,,,,,,0.12698911130428314,0.6474199295043945,2.1634278297424316,0.01617,,0.0208
37,15731,0.2063,24,17,0.0,30.0,0.0,0.004749827552586794,0.21603086590766907,0.20113922655582428,0.36854133009910583,-0.09642553329467773,0.019695697352290154,0.4214007258415222,0.0018341876566410065,0.008349469862878323,0.9927355647087097,64,0.024,0.0,1,0,10,0,5,0.6,,,,,,,0.09713113307952881,0.6879271864891052,2.109445810317993,0.01589,,0.0208
38,16149,0.1984,24,17,0.1667,29.5,0.1667,0.0022352554369717836,0.22515329718589783,0.234485924243927,0.3493225574493408,-0.0955578088760376,0.0529174730181694,0.33369481563568115,0.0018759423401206732,0.01070118322968483,1.0450495481491089,64,0.03,0.167,2,0,4,1,8,0.75,,,,,,,0.09143853187561035,0.6590322256088257,2.122000217437744,0.01591,,0.0208
39,16606,0.1905,24,17,0.0,30.0,0.0,0.006111932452768087,0.19623175263404846,0.1982264518737793,0.3360954523086548,-0.09284177422523499,0.01625719852745533,0.3915348947048187,0.0017843983368948102,0.009775852784514427,0.8625028729438782,64,0.0216,0.0,1,0,7,0,8,0.875,,,,,,,0.1076422706246376,0.6430274248123169,2.035982608795166,0.0159,,0.0208
40,17027,0.1825,24,17,0.25,30.0,0.25,0.002213765401393175,0.2340526282787323,0.226362943649292,0.35595449805259705,-0.09686756879091263,0.037577517330646515,0.37340104579925537,0.0012387705501168966,0.008532016538083553,0.8084784746170044,64,0.019,0.25,2,0,6,0,6,0.833,,,,,,,0.11981464922428131,0.6911892294883728,2.058272361755371,0.01592,,0.0208
41,17424,0.1746,24,17,0.3333,30.0,0.3333,0.0027096308767795563,0.19785244762897491,0.19142264127731323,0.3707980513572693,-0.09550471603870392,0.05483480915427208,0.3519212007522583,0.00219332380220294,0.009423923678696156,0.8795661926269531,64,0.0146,0.333,3,0,4,0,7,1.0,,,,,,,0.10858161747455597,0.6951247453689575,2.0771126747131348,0.01607,,0.0208
42,17819,0.1667,24,16,0.0,30.0,0.0,0.0034733228385448456,0.2036590278148651,0.21977803111076355,0.3772972524166107,-0.09121990948915482,0.020624157041311264,0.42133083939552307,0.0019663635175675154,0.011876033619046211,1.0302144289016724,64,0.0342,0.0,3,0,7,1,5,1.0,0.1294,0.6433,0.021,0,46,1,0.08854459226131439,0.6261203289031982,2.02462100982666,0.01599,0.0208,0.0208
43,18185,0.1587,24,16,0.1667,30.0,0.1667,0.002186687896028161,0.21457013487815857,0.22005042433738708,0.3438323736190796,-0.09455354511737823,0.026461144909262657,0.38159024715423584,0.001319955219514668,0.007746747694909573,1.0289289951324463,64,0.0151,0.167,4,0,5,0,6,1.0,,,,,,,0.09189511835575104,0.6218600869178772,1.951185703277588,0.01606,,0.0208
44,18605,0.1508,24,16,0.0833,29.83,0.0833,0.003050992963835597,0.22329701483249664,0.22421330213546753,0.3272264301776886,-0.09391076117753983,0.021086815744638443,0.37339118123054504,0.002020551823079586,0.011144754476845264,0.8301008343696594,64,0.0273,0.25,2,2,8,1,2,1.0,,,,,,,0.11313175410032272,0.6754717826843262,2.0885396003723145,0.01586,,0.0208
45,19093,0.1429,24,16,0.0,30.0,0.0,0.0023100068792700768,0.273456871509552,0.2777503728866577,0.32578328251838684,-0.09774820506572723,0.02447221800684929,0.3707565367221832,0.0015167809324339032,0.007661047857254744,0.8150192499160767,64,0.0337,0.0,0,0,8,0,8,0.875,,,,,,,0.11993362009525299,0.6540460586547852,2.0920498371124268,0.01582,,0.0208
46,19575,0.1349,24,16,0.1667,29.83,0.1667,0.004424754995852709,0.22813184559345245,0.23334135115146637,0.48162204027175903,-0.09566811472177505,0.052464671432971954,0.46501460671424866,0.0022666319273412228,0.014692438766360283,0.9985877275466919,64,0.0313,0.167,0,0,9,1,4,1.0,,,,,,,0.0958034098148346,0.697314977645874,2.075995922088623,0.01573,,0.0208
47,20000,0.127,24,16,0.0,30.0,0.0,0.002980906516313553,0.1770654320716858,0.17480063438415527,0.6372232437133789,-0.09149441123008728,0.060216810554265976,0.6026252508163452,0.0015749980229884386,0.011317657306790352,0.891331672668457,64,0.0389,0.0,2,0,9,0,5,1.0,,,,,,,0.10264912992715836,0.6110026240348816,1.9560601711273193,0.01565,,0.0208
48,20425,0.119,24,16,0.0,30.0,0.0,0.002449256833642721,0.19271527230739594,0.1893969476222992,0.4035525321960449,-0.09338787943124771,0.03688209876418114,0.41779693961143494,0.0016837846487760544,0.01075852569192648,0.8778271079063416,64,0.0265,0.0,2,0,6,0,8,0.75,,,,,,,0.10638527572154999,0.6655482649803162,2.0525152683258057,0.01562,,0.0208
49,20823,0.1111,24,15,0.0,30.0,0.0,0.0020492346957325935,0.2034347653388977,0.21086135506629944,0.5204025506973267,-0.09627563506364822,0.033593159168958664,0.5460057854652405,0.0014441220555454493,0.006972154136747122,0.8010472655296326,64,0.0149,0.0,3,0,5,0,8,1.0,0.1126,0.5602,0.062,1,43,2,0.12018720805644989,0.6060261726379395,1.969436526298523,0.0157,0.0417,0.0417
50,21254,0.1032,24,15,0.0,30.0,0.0,0.0025749460328370333,0.20456930994987488,0.20900607109069824,0.3702932596206665,-0.086616151034832,0.0400521457195282,0.37113386392593384,0.0012108205119147897,0.011342514306306839,1.5320137739181519,64,0.0157,0.0,2,0,3,0,11,0.909,,,,,,,0.0565374493598938,0.6461003422737122,2.1352076530456543,0.01586,,0.0417
51,21604,0.0952,24,15,0.0,29.6,0.0,0.0029057173524051905,0.19355852901935577,0.1783595085144043,0.40745803713798523,-0.09226890653371811,0.039270415902137756,0.41590219736099243,0.0012591802515089512,0.010567865334451199,0.9090625643730164,64,0.0321,0.0,4,0,4,1,7,0.714,,,,,,,0.10149896144866943,0.6751197576522827,1.9256904125213623,0.01583,,0.0417
52,22057,0.0873,24,15,0.0,30.0,0.0,0.0032261256128549576,0.2232464849948883,0.23032550513744354,0.3437248170375824,-0.07944691181182861,0.046578049659729004,0.32580849528312683,0.001159778912551701,0.00841426383703947,1.1758521795272827,64,0.0332,0.0,1,0,7,0,8,0.75,,,,,,,0.06756539642810822,0.6037713289260864,2.1078715324401855,0.01578,,0.0417
53,22502,0.0794,24,15,0.0,29.0,0.0,0.003953087143599987,0.17800787091255188,0.16766655445098877,0.6822229027748108,-0.09331494569778442,0.030772194266319275,0.7102921009063721,0.0018296705093234777,0.007402809336781502,0.7014498114585876,64,0.0414,0.0,1,0,8,2,5,1.0,,,,,,,0.13303154706954956,0.6024381518363953,1.9751536846160889,0.01569,,0.0417
54,22928,0.0714,24,15,0.125,30.0,0.125,0.0035349195823073387,0.18946033716201782,0.18047243356704712,0.3649792969226837,-0.07589131593704224,0.027965370565652847,0.3812277317047119,0.0015260220970958471,0.007424311712384224,1.011218786239624,64,0.0285,0.125,2,0,7,0,6,0.833,,,,,,,0.07504934072494507,0.7094230651855469,2.10841965675354,0.01566,,0.0417
55,23233,0.0635,24,15,0.0,30.0,0.0,0.0034630480222404003,0.25880497694015503,0.2386752963066101,0.32902008295059204,-0.09484051167964935,0.023958560079336166,0.3713971972465515,0.0009223854285664856,0.009092581458389759,1.124945044517517,64,0.0424,0.0,6,0,4,1,5,0.8,,,,,,,0.08430679142475128,0.6406441926956177,2.1561174392700195,0.01562,,0.0417
56,23629,0.0556,24,15,0.0,30.0,0.0,0.0034338352270424366,0.20826052129268646,0.20851680636405945,0.3721734583377838,-0.09091933816671371,0.018720678985118866,0.421511173248291,0.0012950756354257464,0.008280513808131218,0.8320878148078918,64,0.0306,0.0,3,0,7,0,6,1.0,0.0994,0.5868,0.0,0,42,6,0.10926651954650879,0.6576678156852722,2.11553692817688,0.01562,0.0,0.0417
57,23994,0.0476,24,14,0.0,29.83,0.0,0.004012496210634708,0.25597745180130005,0.27480548620224,0.36734190583229065,-0.09191244840621948,0.031500235199928284,0.38897109031677246,0.0013178535737097263,0.01456559356302023,1.1320542097091675,64,0.0249,0.0,4,0,5,1,6,1.0,,,,,,,0.08119085431098938,0.5692622065544128,2.019456148147583,0.01563,,0.0417
58,24453,0.0397,24,14,0.1667,30.0,0.1667,0.0029663792811334133,0.22837720811367035,0.22991715371608734,0.3046656548976898,-0.09523241221904755,0.010732099413871765,0.3741360604763031,0.0011525029549375176,0.008595666848123074,0.9392849206924438,64,0.0385,0.167,1,0,5,0,9,0.889,,,,,,,0.10138820111751556,0.5540719628334045,2.1714882850646973,0.0157,,0.0417
59,24866,0.0317,24,14,0.0,29.09,0.0,0.002451756037771702,0.1857842355966568,0.1895107626914978,0.5638220310211182,-0.0800127387046814,0.030063649639487267,0.5792597532272339,0.001450147246941924,0.008895369246602058,0.9442678689956665,64,0.068,0.0,2,0,9,2,3,1.0,,,,,,,0.0847352147102356,0.6906265020370483,2.059803009033203,0.01556,,0.0417
60,25294,0.0238,24,14,0.1667,30.0,0.1667,0.003643516916781664,0.1838957667350769,0.19307968020439148,0.4050082564353943,-0.0853102058172226,0.03493833541870117,0.4173261225223541,0.0014739611651748419,0.006231335457414389,1.0778402090072632,64,0.0375,0.167,2,0,5,0,8,1.0,,,,,,,0.07914920151233673,0.7146016359329224,2.0602965354919434,0.01566,,0.0417
61,25658,0.0159,24,14,0.2,29.4,0.2,0.0029073385521769524,0.22640377283096313,0.23161593079566956,0.45593464374542236,-0.09470347315073013,0.03933599591255188,0.4670218229293823,0.0012037815758958459,0.009888616390526295,0.9435979127883911,64,0.0352,0.2,4,0,3,1,7,0.857,,,,,,,0.10036423057317734,0.6052102446556091,1.8832066059112549,0.01571,,0.0417
62,26115,0.0079,24,14,0.0,30.0,0.0,0.0025516648311167955,0.19360923767089844,0.20595800876617432,0.3142545819282532,-0.07997922599315643,0.024626389145851135,0.34101951122283936,0.0010392447002232075,0.007923013530671597,1.1940593719482422,64,0.049,0.0,1,0,8,0,7,1.0,,,,,,,0.06698094308376312,0.6916244029998779,2.090993881225586,0.0157,,0.0417
63,26541,0.0,24,14,0.0,29.86,0.0,0.002804929856210947,0.22619782388210297,0.2276141494512558,0.5878952145576477,-0.09645780920982361,0.1066422313451767,0.4668891131877899,0.0010194875067099929,0.008358778432011604,1.0591862201690674,64,0.0423,0.0,2,0,6,1,7,1.0,0.13,0.5745,0.042,0,42,4,0.0910678431391716,0.6621574759483337,2.0062928199768066,0.01571,0.0417,0.0417
64,26968,0.0,24,13,0.0,30.0,0.0,0.005875703878700733,0.19105499982833862,0.19419103860855103,0.38687238097190857,-0.09802764654159546,0.018433334305882454,0.44549399614334106,0.0016580070368945599,0.005078755784779787,0.6946232318878174,64,0.0352,0.0,2,0,6,1,7,1.0,,,,,,,0.1411234736442566,0.5826808214187622,2.008643627166748,0.01572,,0.0417
65,27332,0.0,24,13,0.0,30.0,0.0,0.0027838977985084057,0.2007489651441574,0.201995387673378,0.42487573623657227,-0.09078913182020187,0.0469050332903862,0.41824018955230713,0.0013449585530906916,0.007229222916066647,1.1001319885253906,64,0.0457,0.0,4,0,8,0,4,1.0,,,,,,,0.08252567052841187,0.665851354598999,2.0429563522338867,0.01566,,0.0417
66,27782,0.0,24,13,0.0,29.33,0.0,0.002298584207892418,0.18148677051067352,0.17578673362731934,0.6987860202789307,-0.09217759221792221,0.019320499151945114,0.7482262849807739,0.0013929136330261827,0.00819261185824871,1.0659170150756836,64,0.066,0.111,1,1,7,1,6,1.0,,,,,,,0.08647726476192474,0.6194746494293213,2.0391430854797363,0.01562,,0.0417
67,28242,0.0,24,13,0.0,30.0,0.0,0.002046148758381605,0.22357454895973206,0.23104454576969147,0.41077718138694763,-0.09028377383947372,0.027330931276082993,0.443509578704834,0.001046735211275518,0.005779045168310404,1.3334113359451294,64,0.0423,0.0,1,0,5,0,10,1.0,,,,,,,0.06770886480808258,0.5643349289894104,1.9606000185012817,0.01572,,0.0417
68,28698,0.0,24,13,0.0,30.0,0.0,0.0014136690879240632,0.22585631906986237,0.22696946561336517,0.48382192850112915,-0.09229934215545654,0.028559258207678795,0.5155554413795471,0.0009575262665748596,0.006894638761878014,0.804135799407959,64,0.0483,0.0,1,0,9,0,6,1.0,,,,,,,0.11478079110383987,0.6629860401153564,1.855515718460083,0.01568,,0.0417
69,29155,0.0,24,13,0.1667,29.67,0.1667,0.0013944657985121012,0.19121012091636658,0.18936052918434143,0.3690010905265808,-0.09701091051101685,0.022564928978681564,0.4182865619659424,0.0013865024084225297,0.005191147793084383,0.97089022397995,64,0.053,0.167,1,0,5,0,9,0.889,,,,,,,0.09991955012083054,0.6284121870994568,2.1056065559387207,0.01574,,0.0417
70,29628,0.0,24,13,0.1429,29.43,0.1429,0.0016964698443189263,0.21011869609355927,0.2033647894859314,0.3841930329799652,-0.08786173164844513,0.024365229532122612,0.41906848549842834,0.0013746032491326332,0.008511639200150967,1.2706280946731567,64,0.05,0.286,0,1,5,0,9,0.667,0.1271,0.5463,0.062,2,44,1,0.06914826482534409,0.6809757947921753,2.0513157844543457,0.01573,0.0208,0.0417
71,30119,0.0,24,13,0.0,30.0,0.0,0.002747124060988426,0.16066858172416687,0.16402192413806915,0.4144320785999298,-0.09632077813148499,0.030788805335760117,0.44420138001441956,0.0014101392589509487,0.009947688318789005,0.8436681032180786,64,0.0608,0.0,0,0,5,0,11,1.0,,,,,,,0.11416904628276825,0.6910474300384521,2.0295908451080322,0.01584,,0.0417
72,30541,0.0,24,12,0.0,29.0,0.0,0.0030223920475691557,0.20118774473667145,0.19258764386177063,0.4829745292663574,-0.09579791128635406,0.03317296877503395,0.5094833970069885,0.001299174502491951,0.005886181257665157,1.4076118469238281,64,0.0644,0.167,2,1,4,1,8,1.0,,,,,,,0.06805705279111862,0.6479210257530212,2.1889472007751465,0.01588,,0.0417
73,30968,0.0,24,12,0.0,30.0,0.0,0.0056987046264112,0.22358480095863342,0.2072753757238388,0.3778190612792969,-0.09716017544269562,0.0722479373216629,0.3264198899269104,0.0008111100760288537,0.00812695361673832,1.2406835556030273,64,0.0426,0.0,2,0,7,0,7,1.0,,,,,,,0.07831180840730667,0.6854985952377319,2.171424627304077,0.01589,,0.0417
74,31425,0.0,24,12,0.0,30.0,0.0,0.0019781398586928844,0.17001019418239594,0.16606566309928894,0.2987585663795471,-0.09329808503389359,0.026871755719184875,0.3331051468849182,0.0020449100993573666,0.010415946133434772,1.2330011129379272,64,0.0638,0.0,1,0,8,0,7,0.857,,,,,,,0.07566747069358826,0.7072846293449402,2.1229350566864014,0.01585,,0.0417
75,31908,0.0,24,12,0.0,29.82,0.0,0.003531990572810173,0.16812768578529358,0.16751468181610107,0.31678009033203125,-0.08921919018030167,0.036855824291706085,0.32825636863708496,0.002303528832271695,0.008062563836574554,1.520702600479126,64,0.0574,0.0,0,0,9,2,5,1.0,,,,,,,0.058669716119766235,0.6229690909385681,2.1480276584625244,0.01576,,0.0417
76,32366,0.0,24,12,0.0,30.0,0.0,0.0027828242164105177,0.1737281084060669,0.1687113493680954,0.39579808712005615,-0.09343897551298141,0.055900998413562775,0.37360459566116333,0.0014329375699162483,0.007660951931029558,1.2190479040145874,64,0.0329,0.0,1,0,7,0,8,0.75,,,,,,,0.07664914429187775,0.6473573446273804,2.0495595932006836,0.01573,,0.0417
77,32730,0.0,24,12,0.0,30.0,0.0,0.007506374269723892,0.1815330535173416,0.21484914422035217,0.3394160568714142,-0.08910618722438812,0.025639012455940247,0.37171706557273865,0.001625942182727158,0.011054353788495064,1.2328239679336548,64,0.0498,0.0,4,0,8,0,4,0.75,0.1022,0.5443,0.062,0,44,1,0.07227811217308044,0.6360914707183838,2.130863904953003,0.01564,0.0625,0.0625
78,33186,0.0,24,12,0.1667,29.5,0.1667,0.003326236270368099,0.24013105034828186,0.22921481728553772,0.755623996257782,-0.09471622109413147,0.053314290940761566,0.7401883602142334,0.0016924405936151743,0.007046620827168226,1.0512763261795044,64,0.0524,0.167,1,0,4,1,9,1.0,,,,,,,0.09009641408920288,0.6087679862976074,2.085906505584717,0.01573,,0.0625
79,33544,0.0,24,11,0.0,27.5,0.0,0.0024329600855708122,0.21310757100582123,0.21183402836322784,0.4447067379951477,-0.08786910027265549,0.0310188140720129,0.46669143438339233,0.0010488941334187984,0.007693537510931492,1.9508886337280273,64,0.073,0.0,4,0,3,1,8,0.875,,,,,,,0.0450405515730381,0.7252926826477051,2.0606868267059326,0.01577,,0.0625
80,33986,0.0,24,11,0.0,30.0,0.0,0.002197550842538476,0.2163279950618744,0.20858259499073029,0.4695982336997986,-0.09711255133152008,0.09548278152942657,0.37182098627090454,0.0014753172872588038,0.007848506793379784,1.3832205533981323,64,0.0513,0.0,1,0,7,0,8,0.75,,,,,,,0.07020756602287292,0.7156219482421875,2.0788776874542236,0.01574,,0.0625
81,34411,0.0,24,11,0.25,29.88,0.25,0.0020447452552616596,0.18922090530395508,0.18890294432640076,0.5086064338684082,-0.08962991833686829,0.058806903660297394,0.4779466688632965,0.001226943451911211,0.005351764615625143,0.9392819404602051,64,0.0341,0.25,2,0,5,1,6,1.0,,,,,,,0.0954238772392273,0.6082988977432251,2.0242104530334473,0.01578,,0.0625
82,34862,0.0,24,11,0.0,29.6,0.0,0.006262769922614098,0.20524415373802185,0.2139526903629303,0.43144237995147705,-0.09101754426956177,0.03740590438246727,0.44362378120422363,0.0014478430384770036,0.00804862566292286,0.8089931607246399,64,0.0492,0.0,1,0,8,2,5,0.8,,,,,,,0.1125071793794632,0.6933488249778748,1.9971601963043213,0.01569,,0.0625
83,35283,0.0,24,11,0.1111,29.56,0.1111,0.0019539333879947662,0.20829014480113983,0.20963653922080994,0.4245668053627014,-0.0983457937836647,0.02759125456213951,0.464349627494812,0.0008130567730404437,0.006760964635759592,1.2906910181045532,64,0.0458,0.111,2,0,7,1,5,1.0,,,,,,,0.07619623094797134,0.664687991142273,1.9047391414642334,0.01567,,0.0625
84,35738,0.0,24,11,0.0,29.88,0.0,0.00179498759098351,0.16947363317012787,0.17096130549907684,0.5698749423027039,-0.09559819102287292,0.053963206708431244,0.5545191764831543,0.0012157090241089463,0.006055112462490797,0.6062921285629272,64,0.0415,0.0,1,0,7,1,7,0.857,0.1119,0.4722,0.021,0,46,1,0.15767677128314972,0.645581841468811,1.8684637546539307,0.01564,0.0208,0.0625
85,36224,0.0,24,11,0.1,30.0,0.1,0.0018760557286441326,0.20300957560539246,0.18668150901794434,0.34396007657051086,-0.09515872597694397,0.054896824061870575,0.3254063129425049,0.001417643390595913,0.007837717421352863,1.6395502090454102,64,0.0459,0.1,0,0,9,0,6,0.833,,,,,,,0.058039531111717224,0.6513435244560242,2.1922240257263184,0.0156,,0.0625
86,36671,0.0,24,11,0.0,30.0,0.0,0.0023402643855661154,0.22549080848693848,0.23567816615104675,0.5784499049186707,-0.09489267319440842,0.08729320764541626,0.49542737007141113,0.0010751966619864106,0.006657542195171118,1.3584680557250977,64,0.0755,0.0,1,0,6,0,9,0.889,,,,,,,0.06985270977020264,0.6865568161010742,2.1178393363952637,0.01563,,0.0625
87,37130,0.0,24,10,0.1667,30.0,0.1667,0.003650285303592682,0.18475663661956787,0.16988706588745117,0.3855331540107727,-0.09423540532588959,0.02828187309205532,0.4179270267486572,0.0015088930958881974,0.010555555112659931,0.8940473794937134,64,0.0668,0.167,1,0,5,0,9,1.0,,,,,,,0.10540314763784409,0.7442187666893005,2.0899624824523926,0.0157,,0.0625
88,37556,0.0,24,10,0.1429,29.86,0.1429,0.0012288333382457495,0.1599191427230835,0.1582241952419281,0.5219078660011292,-0.0938057079911232,0.10952845215797424,0.393343448638916,0.0012316200882196426,0.006626487709581852,1.0635653734207153,64,0.0518,0.143,2,0,6,0,7,1.0,,,,,,,0.08819928765296936,0.6167311668395996,2.003845691680908,0.01574,,0.0625
89,37979,0.0,24,10,0.1818,30.0,0.1818,0.0018639033660292625,0.19681301712989807,0.19597701728343964,0.6000151038169861,-0.0914386734366417,0.049060724675655365,0.5869730710983276,0.0013510212302207947,0.012718613259494305,1.4201769828796387,64,0.0515,0.182,2,0,9,0,3,1.0,,,,,,,0.06438540667295456,0.659489631652832,2.146840810775757,0.01569,,0.0625
90,38379,0.0,24,10,0.0,30.0,0.0,0.0052638123743236065,0.21048733592033386,0.20974646508693695,0.3817308247089386,-0.06915692985057831,0.037788283079862595,0.3714856505393982,0.0013637557858601213,0.0076510971412062645,1.1954982280731201,64,0.0443,0.0,3,0,3,0,10,1.0,,,,,,,0.05784779042005539,0.7104889154434204,2.116940975189209,0.01579,,0.0625
91,38775,0.0,24,10,0.2,29.6,0.2,0.0019180821254849434,0.24069976806640625,0.23198795318603516,0.39097267389297485,-0.096383236348629,0.07856608927249908,0.3269997239112854,0.001150278840214014,0.006448043510317802,1.438411831855774,64,0.0365,0.2,3,0,4,0,8,0.875,0.1076,0.5118,0.021,0,45,2,0.06700670719146729,0.6419548392295837,2.169461250305176,0.01583,0.0208,0.0625
92,39259,0.0,24,10,0.0,29.91,0.0,0.0023905488196760416,0.19199174642562866,0.1865045726299286,0.44221311807632446,-0.08554475009441376,0.05378860980272293,0.4173409938812256,0.0011583571322262287,0.005679295863956213,1.1492213010787964,64,0.038,0.0,0,0,9,2,5,1.0,,,,,,,0.07443714141845703,0.7433775663375854,2.0783193111419678,0.01577,,0.0625
93,39655,0.0,24,10,0.0,30.0,0.0,0.0017098155803978443,0.16790175437927246,0.1681436449289322,0.3990841507911682,-0.09446591138839722,0.035709530115127563,0.41965141892433167,0.0011096723610535264,0.004959187004715204,1.476336121559143,64,0.0521,0.0,3,0,7,0,6,1.0,,,,,,,0.06398673355579376,0.6059780120849609,2.0258994102478027,0.01576,,0.0625
94,39957,0.0,24,9,0.125,30.0,0.125,0.001801730366423726,0.20044687390327454,0.20374953746795654,0.5716074109077454,-0.09708699584007263,0.07718077301979065,0.5108619928359985,0.0012422233121469617,0.006941673811525106,0.9242039918899536,64,0.026,0.125,6,0,7,0,2,1.0,,,,,,,0.10504931956529617,0.6627061367034912,1.9063913822174072,0.01572,,0.0625
95,40412,0.0,24,9,0.4286,29.57,0.4286,0.0027729617431759834,0.19752371311187744,0.1924515962600708,0.47598275542259216,-0.09480038285255432,0.06683888286352158,0.43404528498649597,0.0014618082204833627,0.006120116449892521,0.9315536618232727,64,0.0255,0.429,1,0,2,2,8,1.0,,,,,,,0.10176588594913483,0.7299971580505371,2.0708699226379395,0.01581,,0.0625
96,40866,0.0,24,9,0.0,29.57,0.0,0.002332504140213132,0.21221765875816345,0.20621925592422485,0.45392319560050964,-0.09276331961154938,0.08565783500671387,0.3717859983444214,0.0015123162884265184,0.007169673684984446,1.43763267993927,64,0.0394,0.0,1,0,6,1,8,0.875,,,,,,,0.0645250454545021,0.6378488540649414,2.0808043479919434,0.01581,,0.0625
97,41317,0.0,24,9,0.2,29.8,0.2,0.0028156728949397802,0.19228464365005493,0.19197258353233337,0.4757179617881775,-0.06630973517894745,0.03777669370174408,0.46332603693008423,0.0007438347092829645,0.006296532694250345,0.8399524092674255,64,0.0361,0.2,1,0,4,0,10,0.7,,,,,,,0.0789446234703064,0.8017842173576355,2.0070295333862305,0.01583,,0.0625
98,41714,0.0,24,9,0.1667,30.0,0.1667,0.0032417327165603638,0.19967547059059143,0.2011924386024475,0.3255794644355774,-0.0931847095489502,0.043326400220394135,0.3279361128807068,0.0012091954704374075,0.00835051853209734,1.5117180347442627,64,0.0363,0.167,3,0,5,0,7,1.0,0.0796,0.4294,0.146,0,38,3,0.061641596257686615,0.6868530511856079,2.153945207595825,0.01587,0.1458,0.1458
99,42079,0.0,24,9,0.0,30.0,0.0,0.0023170567583292723,0.19209223985671997,0.19050846993923187,0.47498923540115356,-0.0814947858452797,0.11229151487350464,0.32717591524124146,0.002138084964826703,0.009450160898268223,1.6013895273208618,64,0.0283,0.0,4,0,6,1,5,1.0,,,,,,,0.05089004337787628,0.6502818465232849,2.159384250640869,0.01585,,0.1458
100,42465,0.0,24,9,0.125,28.88,0.125,0.0017806724645197392,0.22131730616092682,0.21893037855625153,0.35811877250671387,-0.09487815201282501,0.020462801679968834,0.40810495615005493,0.0010357999708503485,0.007932724431157112,1.7089214324951172,64,0.0515,0.25,3,1,4,2,5,0.8,,,,,,,0.05551932007074356,0.633887767791748,2.1503500938415527,0.01582,,0.1458
101,42824,0.0,24,9,0.1111,29.56,0.1111,0.0022851089015603065,0.182145893573761,0.19280318915843964,0.4180271029472351,-0.09208391606807709,0.06573750078678131,0.37555211782455444,0.0014293906278908253,0.006167765241116285,1.7155704498291016,64,0.0531,0.111,4,0,8,0,3,1.0,,,,,,,0.053675390779972076,0.7771319150924683,2.1385042667388916,0.01579,,0.1458
102,43277,0.0,24,8,0.0,29.8,0.0,0.005424058996140957,0.17868274450302124,0.17560048401355743,0.5061743259429932,-0.09479973465204239,0.09983917325735092,0.39809006452560425,0.0008794611785560846,0.006411299109458923,1.1189783811569214,64,0.0451,0.0,1,0,8,2,5,1.0,,,,,,,0.08471989631652832,0.6969931125640869,2.0322203636169434,0.01574,,0.1458
103,43704,0.0,24,8,0.1667,29.83,0.1667,0.0042341905646026134,0.22322720289230347,0.23020021617412567,0.3408586382865906,-0.08926136791706085,0.050004132091999054,0.32606425881385803,0.001038967864587903,0.00809497106820345,1.0600794553756714,64,0.0291,0.167,2,0,4,1,8,0.875,,,,,,,0.08420252799987793,0.7393023371696472,2.19674015045166,0.01577,,0.1458
104,44130,0.0,24,8,0.0,29.86,0.0,0.0033173782285302877,0.19828662276268005,0.21471688151359558,0.5067088603973389,-0.09049461036920547,0.0882703959941864,0.418027400970459,0.0012102997861802578,0.005270547699183226,1.2296525239944458,64,0.0762,0.0,2,0,6,1,7,0.857,,,,,,,0.0735936388373375,0.6428505778312683,2.065370559692383,0.01575,,0.1458
105,44556,0.0,24,8,0.4,29.6,0.4,0.0015228271950036287,0.18253052234649658,0.18807584047317505,0.36143064498901367,-0.08965341001749039,0.03750200197100639,0.3721253275871277,0.0012312583858147264,0.00790944043546915,1.0305604934692383,64,0.0252,0.6,2,1,2,0,9,0.778,0.1028,0.4395,0.062,1,40,5,0.08699481189250946,0.6786757707595825,2.1124753952026367,0.0158,0.0417,0.1458
106,45012,0.0,24,8,0.1667,29.5,0.1667,0.002889699302613735,0.17397381365299225,0.17431899905204773,0.3669723570346832,-0.09412530064582825,0.04129626601934433,0.37369781732559204,0.001167900045402348,0.009614617563784122,1.1669737100601196,64,0.0436,0.167,1,0,5,0,9,1.0,,,,,,,0.08065760135650635,0.7701102495193481,2.157180070877075,0.01586,,0.1458
107,45440,0.0,24,8,0.0,30.0,0.0,0.0014324323274195194,0.22328686714172363,0.21815647184848785,0.3172668516635895,-0.09567256271839142,0.0406007245182991,0.32757627964019775,0.001204789150506258,0.008323346264660358,1.2450305223464966,64,0.0386,0.0,2,0,6,0,8,0.625,,,,,,,0.07684354484081268,0.6340117454528809,2.185957670211792,0.01582,,0.1458
108,45865,0.0,24,8,0.2857,29.71,0.2857,0.003600020194426179,0.18863597512245178,0.19005122780799866,0.4489426612854004,-0.09853314608335495,0.03197547793388367,0.4804360270500183,0.001382677466608584,0.006177668459713459,0.9173580408096313,64,0.0315,0.286,2,0,5,0,7,1.0,,,,,,,0.10740970075130463,0.6804699897766113,1.9068243503570557,0.01587,,0.1458
109,46171,0.0,24,7,0.0,30.0,0.0,0.0014996916288509965,0.23750266432762146,0.23711666464805603,0.3932062089443207,-0.08968375623226166,0.031069502234458923,0.4177548289299011,0.0015829994808882475,0.005992210004478693,0.9978983998298645,64,0.0484,0.0,6,0,4,0,6,0.833,,,,,,,0.08987264335155487,0.6187725067138672,2.0692362785339355,0.01588,,0.1458
110,46660,0.0,24,7,0.4,29.6,0.4,0.0014673146652057767,0.20874185860157013,0.2065126746892929,0.4678032398223877,-0.09018836915493011,0.08143492788076401,0.3915902376174927,0.0009813066571950912,0.007063040975481272,1.1572860479354858,64,0.0397,0.4,0,0,2,1,11,0.909,,,,,,,0.07793092727661133,0.6497938632965088,2.0534348487854004,0.01597,,0.1458
111,47017,0.0,24,7,0.3333,28.5,0.3333,0.002840235363692045,0.20014652609825134,0.20886822044849396,0.40125444531440735,-0.09010914713144302,0.05764123052358627,0.37347841262817383,0.001331213628873229,0.005205466412007809,2.385206460952759,64,0.0458,0.333,4,0,2,2,6,1.0,,,,,,,0.037778340280056,0.7906471490859985,2.1248488426208496,0.01602,,0.1458
112,47411,0.0,24,7,0.2857,29.86,0.2857,0.0015165060758590698,0.1986711025238037,0.20063920319080353,0.509271502494812,-0.09594477713108063,0.11498306691646576,0.37179461121559143,0.0011100006522610784,0.00691106915473938,1.1314283609390259,64,0.0302,0.286,3,0,5,0,6,0.833,0.0751,0.4343,0.167,0,37,3,0.08479969203472137,0.755529522895813,2.085822105407715,0.01603,0.1667,0.1667
113,47839,0.0,24,7,0.1667,30.0,0.1667,0.0020446949638426304,0.21596384048461914,0.21750064194202423,0.39425963163375854,-0.0940898135304451,0.03675808012485504,0.4103047847747803,0.0012145133223384619,0.009056995622813702,0.9453179240226746,64,0.0499,0.333,2,1,3,1,8,0.875,,,,,,,0.09953245520591736,0.7395881414413452,2.0074031352996826,0.01605,,0.1667
114,48325,0.0,24,7,0.3333,29.5,0.3333,0.0023621905129402876,0.18670010566711426,0.19614219665527344,0.3627845048904419,-0.0976732149720192,0.04249707981944084,0.37121322751045227,0.001335684210062027,0.008500682190060616,1.6446809768676758,64,0.0343,0.333,0,0,4,0,10,0.9,,,,,,,0.05938732996582985,0.6647001504898071,2.125330924987793,0.01612,,0.1667
115,48810,0.0,24,7,0.0,29.9,0.0,0.0015288622817024589,0.20320448279380798,0.1972055584192276,0.4260464310646057,-0.09656324237585068,0.09084071964025497,0.338471919298172,0.001725694164633751,0.004912624601274729,1.0426104068756104,64,0.0649,0.0,0,0,9,1,6,1.0,,,,,,,0.09261679649353027,0.6894779205322266,2.097217559814453,0.01608,,0.1667
116,49233,0.0,24,7,0.0,29.5,0.0,0.0020990632474422455,0.1778472363948822,0.18219277262687683,0.8216214179992676,-0.09696577489376068,0.07002823054790497,0.7748464941978455,0.0013985541881993413,0.007368390914052725,0.930544376373291,64,0.0525,0.0,2,0,3,1,10,0.7,,,,,,,0.10420328378677368,0.6398441791534424,1.8864655494689941,0.01609,,0.1667
117,49713,0.0,24,6,0.4286,29.71,0.4286,0.002458263887092471,0.19757652282714844,0.19692984223365784,0.3550170361995697,-0.08366841077804565,0.031588103622198105,0.37218713760375977,0.0012270130682736635,0.006644205655902624,1.5241466760635376,64,0.0282,0.429,0,0,4,0,9,0.778,,,,,,,0.054895248264074326,0.6476362347602844,2.1516776084899902,0.01613,,0.1667
118,50159,0.0,24,6,0.0,28.62,0.0,0.002781636780127883,0.2420898973941803,0.24019761383533478,0.48663440346717834,-0.09555071592330933,0.06843192875385284,0.4408540427684784,0.000913839612621814,0.008934454061090946,0.7526230216026306,64,0.0525,0.125,1,1,5,2,7,1.0,,,,,,,0.12695693969726562,0.6463490724563599,2.011448860168457,0.01613,,0.1667
119,50571,0.0,24,6,0.0,29.57,0.0,0.001592351938597858,0.22113755345344543,0.22052252292633057,0.3627622127532959,-0.09590022265911102,0.0509648397564888,0.35375314950942993,0.0013732867082580924,0.005959204398095608,1.201053500175476,64,0.0367,0.0,2,0,6,1,7,0.857,0.0917,0.513,0.208,0,32,6,0.07984675467014313,0.6089926958084106,2.0384883880615234,0.01612,0.2083,0.2083
120,51057,0.0,24,6,0.2,30.0,0.2,0.0028648320585489273,0.24406829476356506,0.24612218141555786,0.34623855352401733,-0.08509473502635956,0.050281181931495667,0.3262386620044708,0.0013236430240795016,0.009064537473022938,1.5776463747024536,64,0.0409,0.2,0,0,8,0,6,0.833,,,,,,,0.053937770426273346,0.7978591918945312,2.191431999206543,0.0161,,0.2083
121,51508,0.0,24,6,0.125,29.25,0.125,0.0022802441380918026,0.2420133352279663,0.22529810667037964,0.3643081486225128,-0.08879761397838593,0.060251906514167786,0.3259706199169159,0.0008662899490445852,0.013262697495520115,1.3464487791061401,64,0.0594,0.25,1,1,5,1,7,0.857,,,,,,,0.06594949215650558,0.8233842849731445,2.112139940261841,0.01609,,0.2083
122,51953,0.0,24,6,0.1,29.0,0.1,0.002477723639458418,0.20949889719486237,0.21143178641796112,0.36951783299446106,-0.09578408300876617,0.03998803719878197,0.3817753195762634,0.0018802934791892767,0.007101037539541721,1.3658185005187988,64,0.049,0.1,1,0,5,4,5,0.8,,,,,,,0.07012943923473358,0.7175207138061523,2.116745948791504,0.01605,,0.2083
123,52379,0.0,24,6,0.0,30.0,0.0,0.0025470193941146135,0.20769374072551727,0.2129523903131485,0.4423908591270447,-0.09617069363594055,0.05850845202803612,0.4174826145172119,0.0010686820605769753,0.008124038577079773,1.0099246501922607,64,0.057,0.0,2,0,6,0,8,0.625,,,,,,,0.09522562474012375,0.679719090461731,2.04191517829895,0.01602,,0.2083
124,52832,0.0,24,5,0.25,29.5,0.25,0.0029301114846020937,0.1701967716217041,0.16789957880973816,0.6359380483627319,-0.08655111491680145,0.09202772378921509,0.5347328186035156,0.0013131453888490796,0.007401862181723118,1.0971816778182983,64,0.0344,0.25,1,0,5,1,7,1.0,,,,,,,0.07888494431972504,0.766325831413269,2.1161410808563232,0.01605,,0.2083
125,53220,0.0,24,5,0.0,29.29,0.0,0.0013964965473860502,0.1756717562675476,0.1738535761833191,0.6835253834724426,-0.0897519513964653,0.055097486823797226,0.658772349357605,0.0009133648127317429,0.008619993925094604,1.5230005979537964,64,0.0465,0.0,3,0,6,1,6,0.667,,,,,,,0.058931004256010056,0.6828221082687378,2.132922649383545,0.01601,,0.2083
126,53491,0.0,24,5,0.0,30.0,0.0,0.002847890602424741,0.19597089290618896,0.21339590847492218,0.648822009563446,-0.08023439347743988,0.09403738379478455,0.5380648374557495,0.0009419923298992217,0.005833669099956751,1.0153826475143433,64,0.0403,0.0,7,0,7,1,1,1.0,0.072,0.3706,0.062,0,38,7,0.07901887595653534,0.8472689390182495,2.0403947830200195,0.01595,0.0625,0.2083
127,53910,0.0,24,5,0.0909,29.64,0.0909,0.0018679347122088075,0.20042097568511963,0.19371891021728516,0.34945040941238403,-0.08982496708631516,0.03093893826007843,0.37213605642318726,0.000933660427108407,0.010522913187742233,1.067343831062317,64,0.0589,0.182,2,1,9,0,3,1.0,,,,,,,0.08415748178958893,0.6400675773620605,2.119265556335449,0.0159,,0.2083
128,54308,0.0,24,5,0.0,30.0,0.0,0.003140194807201624,0.24654121696949005,0.23990082740783691,0.31214913725852966,-0.08994969725608826,0.03642863407731056,0.32534468173980713,0.0012194724986329675,0.007793775759637356,1.6509770154953003,64,0.0474,0.0,3,0,5,0,8,1.0,,,,,,,0.054482705891132355,0.6645760536193848,2.1805777549743652,0.01593,,0.2083
129,54732,0.0,24,5,0.1667,29.33,0.1667,0.0014287966769188643,0.20368357002735138,0.1972769796848297,0.6388221979141235,-0.08822276443243027,0.1531146764755249,0.41724443435668945,0.0010581722017377615,0.0071423351764678955,0.9931362271308899,64,0.0396,0.167,2,0,4,1,8,0.75,,,,,,,0.08883249014616013,0.8807511329650879,2.0445187091827393,0.01593,,0.2083
130,55148,0.0,24,5,0.2,29.2,0.2,0.0026848758570849895,0.22195875644683838,0.2355424016714096,0.35676974058151245,-0.08858248591423035,0.035102322697639465,0.37127694487571716,0.0010336929699406028,0.007741298992186785,1.349847674369812,64,0.0508,0.2,2,0,6,2,4,1.0,,,,,,,0.06562405824661255,0.5692738890647888,2.1499223709106445,0.01592,,0.2083
131,55541,0.0,24,5,0.0,29.57,0.0,0.0010397648438811302,0.24065467715263367,0.23775193095207214,0.43944230675697327,-0.09477783739566803,0.07897865772247314,0.37159717082977295,0.0010103426175191998,0.009331261739134789,0.9483813643455505,64,0.0436,0.0,3,0,5,2,6,1.0,,,,,,,0.09993642568588257,0.7849990129470825,2.1396613121032715,0.01592,,0.2083
132,55967,0.0,24,4,0.0,29.86,0.0,0.0025152089074254036,0.21494805812835693,0.21852101385593414,0.36212146282196045,-0.0905672162771225,0.03539694473147392,0.37971919775009155,0.0009222872904501855,0.004351224284619093,0.9489665031433105,64,0.028,0.0,2,0,4,3,7,1.0,,,,,,,0.09543773531913757,0.6391434669494629,2.054396152496338,0.01592,,0.2083
133,56421,0.0,24,4,0.0,29.62,0.0,0.0012526195496320724,0.14299376308918,0.14581483602523804,0.4603859484195709,-0.08790634572505951,0.08677159249782562,0.3711465299129486,0.0011991544160991907,0.007205205038189888,1.3094793558120728,64,0.0397,0.0,1,0,6,2,7,0.429,0.0702,0.3889,0.25,2,36,0,0.06713075935840607,0.6536159515380859,2.1158554553985596,0.01585,0.2083,0.2083
134,56876,0.0,24,4,0.0,30.0,0.0,0.0018232106231153011,0.1833726316690445,0.18439912796020508,0.4023340344429016,-0.09629757702350616,0.0607718750834465,0.3717791736125946,0.001305182813666761,0.010617345571517944,1.2634787559509277,64,0.0745,0.0,1,0,10,0,5,1.0,,,,,,,0.07621622085571289,0.7801084518432617,2.163769245147705,0.01581,,0.2083
135,57355,0.0,24,4,0.2222,29.22,0.2222,0.001981843262910843,0.1886621117591858,0.18511903285980225,0.45418575406074524,-0.09453149139881134,0.06428370624780655,0.417444109916687,0.0010783789912238717,0.00541142700240016,1.1228454113006592,64,0.0511,0.222,0,0,6,1,7,0.429,,,,,,,0.08418923616409302,0.6201469898223877,2.0074033737182617,0.01576,,0.2083
136,57748,0.0,24,4,0.4286,29.57,0.4286,0.0018536518327891827,0.2134585827589035,0.21365398168563843,0.3653123378753662,-0.09299001097679138,0.041743144392967224,0.37132513523101807,0.0010033386060968041,0.006981826387345791,1.2579480409622192,64,0.0272,0.429,3,0,4,0,6,1.0,,,,,,,0.07392198592424393,0.690685510635376,2.1142287254333496,0.01581,,0.2083
137,58143,0.0,24,4,0.0,30.0,0.0,0.0023490097373723984,0.18484394252300262,0.19456136226654053,0.4035649299621582,-0.08638802170753479,0.057563990354537964,0.3720971345901489,0.0008929475443437696,0.005455687642097473,2.0320324897766113,64,0.0423,0.0,3,0,8,0,5,0.8,,,,,,,0.04251311346888542,0.6758508682250977,2.0859858989715576,0.01577,,0.2083
138,58567,0.0,24,4,0.0,30.0,0.0,0.0018751221941784024,0.15063431859016418,0.1535026729106903,0.4252064824104309,-0.07835235446691513,0.08660566061735153,0.32611164450645447,0.0014044544659554958,0.008471712470054626,1.3709381818771362,64,0.0323,0.0,2,0,10,0,4,0.75,,,,,,,0.057152364403009415,0.7466558218002319,2.1662259101867676,0.01571,,0.2083
139,58994,0.0,24,3,0.3333,29.83,0.3333,0.0027710963040590286,0.21048960089683533,0.20521661639213562,0.3665581941604614,-0.09793088585138321,0.06304046511650085,0.3327767252922058,0.0013526487164199352,0.011262857355177402,1.2951339483261108,64,0.0326,0.333,2,0,3,1,8,0.75,,,,,,,0.07561448216438293,0.6968207359313965,2.1030220985412598,0.01573,,0.2083
140,59451,0.0,24,3,0.2,30.0,0.2,0.0034245930146425962,0.20397140085697174,0.20625333487987518,0.4033333361148834,-0.09486687928438187,0.0540827140212059,0.38636472821235657,0.0011678739683702588,0.007340104319155216,1.2633424997329712,64,0.0474,0.2,1,0,4,0,10,0.8,0.0696,0.3556,0.312,2,30,3,0.07509196549654007,0.6592392325401306,2.1207680702209473,0.01576,0.2708,0.2708
141,59904,0.0,24,3,0.0,29.5,0.0,0.0026351395063102245,0.15884709358215332,0.1701807677745819,0.43745025992393494,-0.08090412616729736,0.09451466798782349,0.3258007764816284,0.0011166874319314957,0.007048529107123613,1.529984951019287,64,0.0559,0.0,1,0,7,1,7,1.0,,,,,,,0.05287903547286987,0.7018115520477295,2.1836047172546387,0.01576,,0.2708
142,60294,0.0,24,3,0.25,30.0,0.25,0.00165975047275424,0.20779575407505035,0.20640531182289124,0.5658447742462158,-0.09304991364479065,0.07630270719528198,0.5025953054428101,0.0013086717808619142,0.007387879770249128,0.9131317138671875,64,0.0327,0.25,3,0,3,0,9,0.778,,,,,,,0.10190196335315704,0.8492991924285889,2.1119956970214844,0.01579,,0.2708
143,60720,0.0,24,3,0.25,30.0,0.25,0.0034866086207330227,0.1568777859210968,0.1548849195241928,0.4045846164226532,-0.09198109805583954,0.06055980920791626,0.3712465167045593,0.0010044953087344766,0.008399167098104954,1.0138248205184937,64,0.0271,0.25,2,0,6,0,6,0.833,,,,,,,0.0907268226146698,0.6919821500778198,2.1266417503356934,0.01579,,0.2708
144,61175,0.0,24,3,0.0,29.75,0.0,0.0020623214077204466,0.2508993148803711,0.2534791827201843,0.5392169952392578,-0.09582897275686264,0.10768940299749374,0.4171087443828583,0.0009918625000864267,0.0051168641075491905,0.7979432940483093,64,0.0649,0.0,1,0,7,1,7,1.0,,,,,,,0.12009496241807938,0.8452630043029785,2.0479323863983154,0.01579,,0.2708
145,61627,0.0,24,3,0.125,29.75,0.125,0.003314778208732605,0.21014322340488434,0.21259620785713196,0.3708851635456085,-0.09426815807819366,0.045308828353881836,0.37151098251342773,0.0008221622556447983,0.006049346644431353,1.0257385969161987,64,0.052,0.125,1,0,6,1,7,0.714,,,,,,,0.0919027179479599,0.7256683111190796,2.130159854888916,0.01577,,0.2708
146,62025,0.0,24,3,0.0,30.0,0.0,0.0019859890453517437,0.17046977579593658,0.16098996996879578,0.27992069721221924,-0.09286771714687347,0.02167665585875511,0.3255699872970581,0.0009809868643060327,0.007730249781161547,1.2730680704116821,64,0.048,0.0,3,0,4,1,8,1.0,,,,,,,0.07294796407222748,0.6865776777267456,2.213207244873047,0.0158,,0.2708
147,62478,0.0,24,2,0.1,29.8,0.1,0.004881069529801607,0.2214232087135315,0.20966745913028717,0.42552047967910767,-0.09447655081748962,0.09494303166866302,0.3264332413673401,0.0009008643100969493,0.0073554725386202335,1.131348967552185,64,0.0543,0.1,1,0,9,0,5,1.0,0.0769,0.3906,0.104,0,38,5,0.08350788056850433,0.7396258115768433,2.1488962173461914,0.01578,0.1042,0.2708
148,62906,0.0,24,2,0.1667,30.0,0.1667,0.0020421487279236317,0.1925445795059204,0.20111657679080963,0.62630295753479,-0.09448748081922531,0.043832927942276,0.6308793425559998,0.0010359218576923013,0.004490443971008062,1.1685781478881836,64,0.0281,0.167,2,0,5,0,8,0.75,,,,,,,0.0808567926287651,0.761366605758667,2.0593175888061523,0.01579,,0.2708
149,63331,0.0,24,2,0.2222,30.0,0.2222,0.0014002217212691903,0.1581501066684723,0.16247928142547607,0.4664749801158905,-0.08282019197940826,0.06383518129587173,0.4177224338054657,0.0011353057343512774,0.007804748136550188,1.0193198919296265,64,0.0385,0.222,2,0,7,0,5,1.0,,,,,,,0.08125044405460358,0.7008239030838013,2.0300230979919434,0.01579,,0.2708
150,63726,0.0,24,2,0.2857,29.86,0.2857,0.0029009641148149967,0.238924041390419,0.22536054253578186,0.5084710717201233,-0.09507851302623749,0.0911443829536438,0.41700756549835205,0.001014194916933775,0.008506511338055134,1.0426069498062134,64,0.0294,0.286,3,0,4,1,6,0.833,,,,,,,0.0911930501461029,0.7137341499328613,2.079549789428711,0.0158,,0.2708
151,64154,0.0,24,2,0.3333,30.0,0.3333,0.0020796891767531633,0.15543490648269653,0.16148953139781952,0.4830734133720398,-0.09060405194759369,0.05394556745886803,0.4626123309135437,0.0016492853173986077,0.006347990129143,0.8172378540039062,64,0.0442,0.333,2,0,4,0,8,0.625,,,,,,,0.11086618900299072,0.7104331851005554,1.9931143522262573,0.01581,,0.2708
152,64581,0.0,24,2,0.1429,30.0,0.1429,0.0011293699499219656,0.18314683437347412,0.18378889560699463,0.5738388299942017,-0.08988936245441437,0.04665613919496536,0.5679383277893066,0.0009262069361284375,0.004955125506967306,1.3940931558609009,64,0.0545,0.143,2,0,6,0,7,1.0,,,,,,,0.06447872519493103,0.662772536277771,2.054137706756592,0.01583,,0.2708
153,65071,0.0,24,2,0.0,30.0,0.0,0.0037823007442057133,0.23416317999362946,0.22678864002227783,0.5201088786125183,-0.08857844769954681,0.10079499334096909,0.40328770875930786,0.0008873658371157944,0.007619319949299097,1.450412631034851,64,0.0363,0.0,0,0,6,0,10,0.9,,,,,,,0.061071209609508514,0.7248605489730835,1.9642523527145386,0.01584,,0.2708
154,65521,0.0,24,2,0.25,29.5,0.25,0.004051923286169767,0.16840490698814392,0.17094972729682922,0.5688334107398987,-0.09787411987781525,0.048104193061590195,0.5671916604042053,0.001932633458636701,0.006614962592720985,0.9661680459976196,64,0.0504,0.25,1,0,6,0,7,0.714,0.0608,0.353,0.271,2,31,4,0.10130134969949722,0.6682940721511841,1.8804125785827637,0.01584,0.2292,0.2708
155,65941,0.0,24,2,0.1667,28.67,0.1667,0.0020513401832431555,0.1983618140220642,0.20164364576339722,0.5512270331382751,-0.09266921877861023,0.06248566508293152,0.5149351954460144,0.0011806620750576258,0.007979518733918667,0.6567939519882202,64,0.0431,0.167,2,0,4,1,8,1.0,,,,,,,0.14109328389167786,0.7142010927200317,1.8992741107940674,0.01588,,0.2708
156,66308,0.0,24,2,0.2,30.0,0.2,0.002035667421296239,0.12362723052501678,0.12361747026443481,0.4664476811885834,-0.0924544408917427,0.04268942400813103,0.46847057342529297,0.0013543319655582309,0.010105428285896778,0.9693306088447571,64,0.0229,0.4,4,1,3,0,7,1.0,,,,,,,0.09537968039512634,0.6862134337425232,1.974095106124878,0.01591,,0.2708
157,66755,0.0,24,2,0.2857,30.0,0.2857,0.003951589576900005,0.1698470413684845,0.16302841901779175,0.5701995491981506,-0.09631579369306564,0.12314480543136597,0.4172850251197815,0.0014698086306452751,0.0058814482763409615,1.1641745567321777,64,0.0298,0.286,1,0,5,0,8,0.75,,,,,,,0.08273312449455261,0.6948441863059998,2.0573549270629883,0.01592,,0.2708
158,67240,0.0,24,2,0.2,29.9,0.2,0.002945943269878626,0.16082298755645752,0.16131950914859772,0.3845331370830536,-0.07707832008600235,0.06671849638223648,0.32593995332717896,0.0013531879521906376,0.004469047766178846,2.518585443496704,64,0.0515,0.2,0,0,8,0,6,1.0,,,,,,,0.030603814870119095,0.6777352690696716,2.1635055541992188,0.01593,,0.2708
159,67623,0.0,24,2,0.6667,28.67,0.6667,0.0024511893279850483,0.2021568864583969,0.1979142129421234,0.48143282532691956,-0.09446926414966583,0.07701395452022552,0.41937005519866943,0.00100115523673594,0.00500825559720397,0.9230170249938965,64,0.0249,0.667,3,0,0,1,10,0.8,,,,,,,0.10234834253787994,0.6297259330749512,2.0090112686157227,0.01599,,0.2708
160,67983,0.0,24,2,0.1667,29.0,0.1667,0.0017476947978138924,0.19923889636993408,0.20397958159446716,0.5345953106880188,-0.09716587513685226,0.06333829462528229,0.5007104277610779,0.000853166333399713,0.008748263120651245,1.4273532629013062,64,0.05,0.167,4,0,4,1,6,1.0,,,,,,,0.06807415932416916,0.7529510855674744,2.178972005844116,0.016,,0.2708
161,68470,0.0,24,2,0.1429,29.71,0.1429,0.001956494525074959,0.1892470121383667,0.1884172558784485,0.358405739068985,-0.09819360822439194,0.0410480871796608,0.37164306640625,0.0017159474082291126,0.00572019349783659,1.1041315793991089,64,0.0395,0.143,0,0,6,0,9,0.778,0.0675,0.3583,0.208,0,35,3,0.08893288671970367,0.6480822563171387,2.141155242919922,0.01601,0.2083,0.2708
162,68928,0.0,24,2,0.1429,30.0,0.1429,0.0019941541831940413,0.15606597065925598,0.15970605611801147,0.5408172011375427,-0.09502862393856049,0.03868832439184189,0.5554195642471313,0.0013466858072206378,0.006099258083850145,0.7531313300132751,64,0.0279,0.143,1,0,5,1,8,1.0,,,,,,,0.12617802619934082,0.7281427383422852,1.8696612119674683,0.01603,,0.2708
163,69352,0.0,24,2,0.0,30.0,0.0,0.0048085604794323444,0.18766282498836517,0.17892268300056458,0.6096552014350891,-0.09548680484294891,0.14211201667785645,0.4173443019390106,0.0017057351069524884,0.007147257681936026,1.0076931715011597,64,0.0695,0.0,2,0,7,0,7,0.857,,,,,,,0.09475782513618469,0.7876832485198975,2.0748252868652344,0.01602,,0.2708
164,69752,0.0,24,2,0.0,30.0,0.0,0.002723181387409568,0.1814940869808197,0.17080964148044586,0.32153424620628357,-0.09529542922973633,0.0302133671939373,0.35276085138320923,0.0014563797740265727,0.007284148130565882,1.3687894344329834,64,0.0459,0.0,3,0,3,0,10,1.0,,,,,,,0.06962022185325623,0.6477088928222656,2.1258864402770996,0.01607,,0.2708
165,70146,0.0,24,2,0.0,29.86,0.0,0.0029482324607670307,0.23925435543060303,0.24124783277511597,0.3437715768814087,-0.09715674817562103,0.03227447718381882,0.3725825250148773,0.0012308547738939524,0.007593703921884298,1.1517752408981323,64,0.0387,0.0,3,0,6,1,6,0.833,,,,,,,0.08435392379760742,0.6750409007072449,2.15484356880188,0.01605,,0.2708
166,70512,0.0,24,2,0.0,30.0,0.0,0.003440732602030039,0.21533948183059692,0.21209906041622162,0.5100343227386475,-0.08913104981184006,0.12516939640045166,0.346835732460022,0.0010661262786015868,0.003981757443398237,1.0478845834732056,64,0.0473,0.0,4,0,6,0,6,1.0,,,,,,,0.08505807816982269,0.729214608669281,2.1613235473632812,0.01605,,0.2708
167,70910,0.0,24,2,0.25,30.0,0.25,0.001966067124158144,0.1828325241804123,0.19290782511234283,0.40817826986312866,-0.08875814825296402,0.06717276573181152,0.358917772769928,0.0011661986354738474,0.007346221245825291,1.0121592283248901,64,0.0162,0.25,3,0,3,0,9,0.889,,,,,,,0.08769188076257706,0.8081094622612,2.0727412700653076,0.01609,,0.2708
168,71300,0.0,24,2,0.3333,29.56,0.3333,0.002736228285357356,0.19154907763004303,0.20449668169021606,0.44553735852241516,-0.09386565536260605,0.05896391719579697,0.41691485047340393,0.0018349335296079516,0.009120622649788857,0.8690937161445618,64,0.0284,0.333,3,0,6,0,4,1.0,0.0828,0.3768,0.146,0,38,3,0.10800406336784363,0.7080556750297546,2.089569091796875,0.0161,0.1458,0.2708
169,71668,0.0,24,2,0.0,30.0,0.0,0.003048864658921957,0.1777198314666748,0.1777101755142212,0.34936758875846863,-0.08798220753669739,0.0538099966943264,0.3255397379398346,0.0021918495185673237,0.008380123414099216,2.5938477516174316,64,0.0575,0.0,4,0,4,0,8,1.0,,,,,,,0.033919572830200195,0.6952847838401794,2.200176239013672,0.01613,,0.2708
170,72151,0.0,24,2,0.4,29.7,0.4,0.0016317160334438086,0.1957448571920395,0.19960297644138336,0.37964192032814026,-0.0963548868894577,0.05025021359324455,0.3716587424278259,0.0009938763687387109,0.0076752942986786366,1.0839474201202393,64,0.0455,0.4,0,0,6,0,6,1.0,,,,,,,0.08889257907867432,0.7929509878158569,2.1206107139587402,0.01616,,0.2708
171,72546,0.0,24,2,0.1429,29.86,0.1429,0.002783598843961954,0.2182389795780182,0.2156563699245453,0.4254840910434723,-0.09479422867298126,0.03908076882362366,0.4381178617477417,0.0011760060442611575,0.007997793145477772,1.2985743284225464,64,0.0443,0.143,3,0,6,0,6,1.0,,,,,,,0.07299869507551193,0.5952756404876709,2.0996265411376953,0.01617,,0.2708
172,72997,0.0,24,2,0.25,29.25,0.25,0.0024707824923098087,0.21816162765026093,0.22144317626953125,0.4509555697441101,-0.0945863276720047,0.10884611308574677,0.32582253217697144,0.0013542610686272383,0.004054286517202854,1.1663167476654053,64,0.0426,0.25,1,0,4,2,7,1.0,,,,,,,0.08109831809997559,0.6675885915756226,2.1410646438598633,0.01619,,0.2708
173,73352,0.0,24,2,0.2857,28.57,0.2857,0.0019831093959510326,0.17234480381011963,0.16600051522254944,0.4071316123008728,-0.0949496477842331,0.04068746417760849,0.41780102252960205,0.0010458551114425063,0.005810607690364122,0.849011242389679,64,0.0485,0.286,4,0,4,1,5,1.0,,,,,,,0.1118355542421341,0.6329327821731567,2.028160333633423,0.01621,,0.2708
174,73808,0.0,24,2,0.125,29.88,0.125,0.001986380899325013,0.15774670243263245,0.1571498066186905,0.43327799439430237,-0.09014343470335007,0.07735521346330643,0.36555296182632446,0.0008504350553266704,0.006316075567156076,1.1104824542999268,64,0.0372,0.25,1,1,6,0,7,1.0,,,,,,,0.08117502182722092,0.6988348960876465,2.054561138153076,0.01622,,0.2708
175,74142,0.0,24,2,0.1429,30.0,0.1429,0.0017345729283988476,0.16604173183441162,0.16830138862133026,0.4240439832210541,-0.09597119688987732,0.050046395510435104,0.4175710678100586,0.0013562983367592096,0.004702622536569834,0.760487973690033,64,0.0331,0.143,5,0,6,0,4,1.0,0.0661,0.3033,0.229,1,34,3,0.12619687616825104,0.689033031463623,2.0388946533203125,0.01621,0.2083,0.2708
176,74539,0.0,24,2,0.0,30.0,0.0,0.0015656696632504463,0.24339164793491364,0.2325361669063568,0.45159971714019775,-0.08321723341941833,0.09620390832424164,0.3390014171600342,0.0009116611327044666,0.006815426982939243,1.4226244688034058,64,0.0332,0.0,3,0,6,0,7,0.857,,,,,,,0.058495573699474335,0.7365078926086426,2.1342015266418457,0.01621,,0.2708
177,74994,0.0,24,2,0.1,30.0,0.1,0.0021102281752973795,0.11217590421438217,0.10705392062664032,0.43304020166397095,-0.0940718948841095,0.06389220803976059,0.3956995904445648,0.0013271082425490022,0.007256138604134321,1.0265284776687622,64,0.0422,0.1,1,0,9,0,5,0.8,,,,,,,0.09164080023765564,0.761776328086853,2.071136951446533,0.01617,,0.2708
178,75359,0.0,24,2,0.1667,29.83,0.1667,0.005847166758030653,0.17349201440811157,0.18892115354537964,0.4619152843952179,-0.0898781269788742,0.042984556406736374,0.4630737602710724,0.0012103401822969317,0.005501112900674343,1.1625312566757202,64,0.0347,0.167,4,0,4,1,6,0.833,,,,,,,0.07731243968009949,0.6839586496353149,2.0084588527679443,0.01618,,0.2708
179,75781,0.0,24,2,0.1,30.0,0.1,0.0026614139787852764,0.20864227414131165,0.20627303421497345,0.34277093410491943,-0.09214453399181366,0.04032294452190399,0.35031893849372864,0.0009042116580531001,0.007901337929069996,1.2514647245407104,64,0.0324,0.1,2,0,9,0,4,0.75,,,,,,,0.07362934947013855,0.7366673350334167,2.116358757019043,0.01614,,0.2708
180,76178,0.0,24,2,0.0,29.5,0.0,0.0012808768078684807,0.1796330064535141,0.17879122495651245,0.38557055592536926,-0.08896125853061676,0.04712580889463425,0.3777017593383789,0.0008391406154260039,0.005156886298209429,1.0828771591186523,64,0.0276,0.0,3,0,2,2,9,1.0,,,,,,,0.08215268701314926,0.7508836984634399,2.089850425720215,0.01617,,0.2708
181,76668,0.0,24,2,0.0,30.0,0.0,0.0022767148911952972,0.17934319376945496,0.1819818615913391,0.36257049441337585,-0.09394189715385437,0.06350719928741455,0.32546859979629517,0.0014187925262376666,0.008058764971792698,1.2342246770858765,64,0.0305,0.0,0,0,6,0,10,1.0,,,,,,,0.07611410319805145,0.7593505382537842,2.192636489868164,0.0162,,0.2708
182,77005,0.0,24,2,0.0,30.0,0.0,0.00393014308065176,0.23126015067100525,0.2362040877342224,0.4681496322154999,-0.09465478360652924,0.04085596650838852,0.4774778485298157,0.0009173148428089917,0.00722925690934062,0.7982214689254761,64,0.0355,0.0,5,0,4,0,7,1.0,0.056,0.319,0.271,2,31,4,0.1185820996761322,0.6792535781860352,2.0970096588134766,0.01622,0.2292,0.2708
183,77426,0.0,24,2,0.1429,29.29,0.1429,0.0021612411364912987,0.2259092628955841,0.22665280103683472,0.4798078238964081,-0.09232829511165619,0.07547181844711304,0.418149471282959,0.0011038423981517553,0.006086039822548628,1.1028400659561157,64,0.0403,0.143,2,0,5,1,7,0.857,,,,,,,0.0837186723947525,0.7479028701782227,2.0639214515686035,0.01622,,0.2708
184,77824,0.0,24,2,0.2727,28.55,0.2727,0.0018373847706243396,0.23515792191028595,0.23720231652259827,0.33208587765693665,-0.09465193748474121,0.04883171617984772,0.3255935311317444,0.0012578230816870928,0.006961718201637268,1.2010724544525146,64,0.057,0.364,2,1,4,3,3,0.667,,,,,,,0.07880619168281555,0.6860944032669067,2.2060739994049072,0.0162,,0.2708
185,78271,0.0,24,2,0.1667,30.0,0.1667,0.0013243540888652205,0.21620577573776245,0.21161559224128723,0.3465177118778229,-0.09008660167455673,0.0534246563911438,0.32670462131500244,0.0013501648791134357,0.006100776139646769,1.1180899143218994,64,0.0334,0.167,1,0,5,0,9,0.778,,,,,,,0.08057187497615814,0.6770948171615601,2.1688120365142822,0.01621,,0.2708
186,78700,0.0,24,2,0.0,30.0,0.0,0.0023981411941349506,0.2232629358768463,0.23139026761054993,0.36910176277160645,-0.08856809139251709,0.06431497633457184,0.3264008164405823,0.0011448276927694678,0.005278146825730801,1.2605688571929932,64,0.0349,0.0,2,0,5,0,9,0.778,,,,,,,0.0702604129910469,0.6821855306625366,2.1449952125549316,0.01621,,0.2708
187,79160,0.0,24,2,0.2,30.0,0.2,0.0025421767495572567,0.2076835036277771,0.20700275897979736,0.5677132606506348,-0.0884089395403862,0.07491027563810349,0.5030576586723328,0.0010985524859279394,0.00648800004273653,0.956176221370697,64,0.0402,0.2,1,0,4,0,10,0.9,,,,,,,0.09246093034744263,0.7827174067497253,2.0313167572021484,0.01625,,0.2708
188,79523,0.0,24,2,0.0,29.86,0.0,0.0026046819984912872,0.20833267271518707,0.20279386639595032,0.4014509618282318,-0.09772664308547974,0.08143194019794464,0.3330739140510559,0.0007699445704929531,0.006479649338871241,0.755759060382843,64,0.0306,0.0,4,0,5,2,5,0.6,,,,,,,0.1293092519044876,0.8262278437614441,2.1514554023742676,0.01621,,0.2708
189,79892,0.0,24,2,0.0,30.0,0.0,0.002566412789747119,0.24327076971530914,0.24356290698051453,0.5509807467460632,-0.09656766802072525,0.08930577337741852,0.4659893214702606,0.0009751830948516726,0.0058951410464942455,0.9625744223594666,64,0.065,0.333,4,1,2,0,9,0.778,0.0589,0.3658,0.146,0,36,5,0.10032228380441666,0.6711248755455017,1.9457192420959473,0.01622,0.1458,0.2708
190,80277,0.0,24,2,0.0,29.2,0.0,0.001495838863775134,0.20156319439411163,0.20193511247634888,0.36507534980773926,-0.09325659275054932,0.04206977039575577,0.37138038873672485,0.001116140279918909,0.005624053068459034,0.8552820086479187,64,0.0492,0.0,3,0,8,2,3,0.667,,,,,,,0.10903607308864594,0.6146101951599121,2.1437630653381348,0.01617,,0.2708
191,80662,0.0,24,2,0.25,28.75,0.25,0.002772189909592271,0.19585946202278137,0.18993139266967773,0.33079075813293457,-0.09584031999111176,0.04777881130576134,0.3279329538345337,0.0012305006384849548,0.006281042937189341,1.2371423244476318,64,0.0481,0.25,3,0,5,1,5,1.0,,,,,,,0.0774691104888916,0.7327609062194824,2.1690568923950195,0.01618,,0.2708
192,81087,0.0,24,2,0.125,30.0,0.125,0.0013277354883030057,0.247743159532547,0.24802862107753754,0.45587968826293945,-0.09485629200935364,0.0839923545718193,0.37965425848960876,0.0012604300864040852,0.006194018758833408,1.0315717458724976,64,0.0271,0.125,2,0,6,1,6,0.833,,,,,,,0.09195317327976227,0.7108931541442871,2.0733911991119385,0.01617,,0.2708
193,81501,0.0,24,2,0.3333,29.83,0.3333,0.0016250864136964083,0.20535489916801453,0.20181161165237427,0.49560150504112244,-0.08694176375865936,0.05636198818683624,0.4661957025527954,0.0010377969592809677,0.007247141562402248,0.8914472460746765,64,0.0409,0.5,2,1,3,0,8,0.5,,,,,,,0.09752878546714783,0.7350740432739258,1.9086735248565674,0.01616,,0.2708
194,81907,0.0,24,2,0.0,28.5,0.0,0.0039052190259099007,0.2308398187160492,0.22799232602119446,0.38502025604248047,-0.09360650181770325,0.05207810550928116,0.37200093269348145,0.0011956678936257958,0.004939201753586531,1.144370198249817,64,0.0433,0.0,2,0,4,4,6,0.833,,,,,,,0.08179739117622375,0.6563615798950195,2.1545681953430176,0.01614,,0.2708
195,82331,0.0,24,2,0.0,29.75,0.0,0.0019379989244043827,0.19761922955513,0.19589579105377197,0.48749253153800964,-0.09293566644191742,0.08052155375480652,0.4161810874938965,0.000993085210211575,0.006408048328012228,0.8986973166465759,64,0.0323,0.125,2,1,4,3,6,1.0,,,,,,,0.10341152548789978,0.7165406942367554,1.9983861446380615,0.01613,,0.2708
196,82666,0.0,24,2,0.2,29.8,0.2,0.0017611345974728465,0.1646859049797058,0.15911750495433807,0.4605056643486023,-0.08602462708950043,0.07106423377990723,0.39933109283447266,0.001300700707361102,0.010141470469534397,0.9957084059715271,64,0.0438,0.2,5,0,4,0,6,1.0,0.0575,0.3365,0.271,0,30,5,0.08639539778232574,0.7639187574386597,1.9856314659118652,0.01615,0.2708,0.2708
197,83064,0.0,24,2,0.5,29.75,0.5,0.002259884960949421,0.17881706357002258,0.18133147060871124,0.36607158184051514,-0.09419509023427963,0.0419919416308403,0.37224218249320984,0.0012341473484411836,0.008081221021711826,1.0855495929718018,64,0.0242,0.5,3,0,2,0,9,1.0,,,,,,,0.08677179366350174,0.7369717359542847,2.08797550201416,0.0162,,0.2708
198,83489,0.0,24,2,0.25,29.88,0.25,0.00211904663592577,0.23634882271289825,0.23930715024471283,0.6208718419075012,-0.09520767629146576,0.1492552012205124,0.4150588810443878,0.0013323357561603189,0.005020549986511469,0.7474364638328552,64,0.0385,0.25,2,0,4,2,6,1.0,,,,,,,0.1273789405822754,0.7956976890563965,2.006544589996338,0.01622,,0.2708
199,83945,0.0,24,2,0.0,30.0,0.0,0.0022647413425147533,0.21123020350933075,0.21426348388195038,0.7160511016845703,-0.09050403535366058,0.10060776770114899,0.6030144095420837,0.0010633725905790925,0.00465036416426301,1.16831636428833,64,0.0427,0.0,1,0,9,0,6,1.0,,,,,,,0.07746535539627075,0.796900749206543,2.1202120780944824,0.0162,,0.2708
200,84338,0.0,24,2,0.4286,29.57,0.4286,0.0017957299714908004,0.20520290732383728,0.20476967096328735,0.4411177337169647,-0.08530564606189728,0.07459945976734161,0.3724634349346161,0.0006709212902933359,0.009522007778286934,1.821287751197815,64,0.0535,0.429,3,0,3,1,6,0.833,,,,,,,0.04683808982372284,0.6215137839317322,2.0870227813720703,0.01622,,0.2708
201,84794,0.0,24,2,0.1667,29.5,0.1667,0.0012490719091147184,0.19234636425971985,0.19556066393852234,0.6199135780334473,-0.09415210783481598,0.032974615693092346,0.6456475257873535,0.0009750061435624957,0.004937842488288879,0.9924980998039246,64,0.0519,0.167,1,0,4,1,9,1.0,,,,,,,0.09486376494169235,0.6872755885124207,2.070736885070801,0.01625,,0.2708
202,85203,0.0,24,2,0.2857,29.43,0.2857,0.0016600056551396847,0.20201142132282257,0.21436506509780884,0.48991551995277405,-0.08731819689273834,0.09195239841938019,0.3911021947860718,0.0013251559576019645,0.004453503526747227,1.178982138633728,64,0.0208,0.286,2,0,4,1,7,0.714,,,,,,,0.07406236231327057,0.7074546813964844,2.062227249145508,0.01626,,0.2708
203,85658,0.0,24,2,0.25,29.75,0.25,0.0018798585515469313,0.22564347088336945,0.2155115306377411,0.34627315402030945,-0.09553731977939606,0.033560480922460556,0.37140369415283203,0.001197896315716207,0.006571657955646515,1.0916167497634888,64,0.0381,0.25,1,0,5,1,7,1.0,0.072,0.3515,0.083,1,41,3,0.0875191017985344,0.7504681348800659,2.1242575645446777,0.01627,0.0625,0.2708
204,86078,0.0,24,2,0.25,29.5,0.25,0.0016302979784086347,0.19686836004257202,0.19167274236679077,0.4549441635608673,-0.09616026282310486,0.0867295116186142,0.37457942962646484,0.0007352626416832209,0.0061319670639932156,1.0032633543014526,64,0.0464,0.25,2,0,6,0,6,0.667,,,,,,,0.095847487449646,0.8853415250778198,2.162099838256836,0.01626,,0.2708
205,86530,0.0,24,2,0.3,29.7,0.3,0.0012396009406074882,0.10687855631113052,0.10384815186262131,0.4473659098148346,-0.09389620274305344,0.06020724028348923,0.41726046800613403,0.0012505720369517803,0.007174324709922075,0.8124845623970032,64,0.0301,0.3,1,0,5,2,5,1.0,,,,,,,0.11556676030158997,0.7665901184082031,2.060375213623047,0.01627,,0.2708
206,86980,0.0,24,2,0.1111,29.33,0.1111,0.0023294431157410145,0.25850391387939453,0.2621989846229553,0.3563368320465088,-0.09914956241846085,0.056111954152584076,0.3403647243976593,0.0012286698911339045,0.0057955398224294186,1.0335677862167358,64,0.0204,0.111,1,0,7,1,6,0.833,,,,,,,0.09592942893505096,0.643514096736908,2.1275033950805664,0.01626,,0.2708
207,87424,0.0,24,2,0.1429,29.71,0.1429,0.00238622585311532,0.17649933695793152,0.1765131652355194,0.49611738324165344,-0.0942443460226059,0.08298573642969131,0.42232802510261536,0.0015556549187749624,0.004124476108700037,0.908345639705658,64,0.0416,0.143,1,0,5,1,8,0.875,,,,,,,0.10375383496284485,0.677142322063446,1.996549129486084,0.01627,,0.2708
208,87884,0.0,24,2,0.2,30.0,0.2,0.0028581195510923862,0.2193184792995453,0.22386927902698517,0.46669450402259827,-0.09685253351926804,0.09440545737743378,0.3715325593948364,0.0008629950461909175,0.006407128181308508,0.9098055958747864,64,0.0429,0.2,1,0,4,0,10,1.0,,,,,,,0.10645410418510437,0.8081464767456055,2.057173252105713,0.01631,,0.2708
209,88279,0.0,24,2,0.0,30.0,0.0,0.0027049025520682335,0.19205954670906067,0.1875714659690857,0.39745524525642395,-0.08742424100637436,0.07776984572410583,0.32682228088378906,0.0008401544764637947,0.005035035777837038,1.193471908569336,64,0.0464,0.0,3,0,8,0,5,1.0,,,,,,,0.07325202971696854,0.8345446586608887,2.1755807399749756,0.01629,,0.2708
210,88737,0.0,24,2,0.0,29.83,0.0,0.0019145963015034795,0.1515774130821228,0.15437757968902588,0.5095228552818298,-0.08212587237358093,0.1012299656867981,0.38720595836639404,0.00125700025819242,0.003965683281421661,0.9497244954109192,64,0.0547,0.0,1,0,5,1,9,0.778,0.0662,0.3695,0.083,0,42,2,0.08647336065769196,0.7799698710441589,2.043671131134033,0.01628,0.0833,0.2708
211,89161,0.0,24,2,0.0,29.89,0.0,0.0017312588170170784,0.17157378792762756,0.16470840573310852,0.4445258378982544,-0.0861893817782402,0.05562010034918785,0.4175540804862976,0.0013351753586903214,0.0038419023621827364,1.0819982290267944,64,0.0353,0.0,2,0,8,1,5,1.0,,,,,,,0.07965759932994843,0.6925286054611206,2.06111478805542,0.01626,,0.2708
212,89557,0.0,24,2,0.2857,30.0,0.2857,0.001403851667419076,0.2234688699245453,0.2230406403541565,0.4672449231147766,-0.0911971926689148,0.06927059590816498,0.41747745871543884,0.0011465470306575298,0.004846902564167976,1.2928262948989868,64,0.0316,0.286,3,0,5,0,6,0.833,,,,,,,0.07054094970226288,0.7416350245475769,2.0547244548797607,0.01627,,0.2708
213,89955,0.0,24,2,0.2,30.0,0.2,0.002311181975528598,0.18189600110054016,0.17559245228767395,0.35020291805267334,-0.08979428559541702,0.055836647748947144,0.3256523907184601,0.001136227510869503,0.005343026015907526,1.0476547479629517,64,0.0243,0.2,3,0,4,0,8,0.875,,,,,,,0.08570980280637741,0.7269369959831238,2.1870734691619873,0.01629,,0.2708
214,90369,0.0,24,2,0.3,29.7,0.3,0.0029006307013332844,0.17112502455711365,0.157083198428154,0.5709306597709656,-0.09810288995504379,0.12452772259712219,0.4173130393028259,0.0011549120536074042,0.005330223124474287,0.9918363690376282,64,0.0389,0.3,2,0,6,1,4,0.75,,,,,,,0.0989103615283966,0.6697942614555359,2.0470614433288574,0.01628,,0.2708
215,90790,0.0,24,2,0.4,28.6,0.4,0.0016665905714035034,0.20451800525188446,0.2041298747062683,0.42024779319763184,-0.09662061184644699,0.07012718170881271,0.3730834424495697,0.0009243719978258014,0.007061176002025604,0.8960056304931641,64,0.0521,0.4,2,0,2,1,9,0.667,,,,,,,0.1078348308801651,0.6379536986351013,2.09519624710083,0.01629,,0.2708
216,91187,0.0,24,2,0.2,29.8,0.2,0.0009079750161617994,0.1948452889919281,0.19774876534938812,0.44440552592277527,-0.0954456701874733,0.08088043332099915,0.3714216947555542,0.0007994076586328447,0.01333727315068245,1.035910964012146,64,0.0509,0.2,3,0,4,0,8,0.875,,,,,,,0.09213694930076599,0.8510078191757202,2.14390230178833,0.01631,,0.2708
217,91609,0.0,24,2,0.0,30.0,0.0,0.0017916117794811726,0.20235083997249603,0.2019740641117096,0.5279523730278015,-0.0873100757598877,0.0979899913072586,0.4170062839984894,0.0009251641458831728,0.004552376456558704,1.2644182443618774,64,0.0748,0.0,2,0,5,0,9,0.667,0.0569,0.3218,0.167,0,39,1,0.0690515786409378,0.7380186915397644,2.0163655281066895,0.0163,0.1667,0.2708
218,92030,0.0,24,2,0.0,29.5,0.0,0.0018512631068006158,0.22321827709674835,0.2212703973054886,0.33527871966362,-0.09390190243721008,0.02626754157245159,0.3744205832481384,0.0009514952544122934,0.004449881613254547,1.008180022239685,64,0.0231,0.25,2,1,2,1,10,0.8,,,,,,,0.09314000606536865,0.5907551050186157,2.115053176879883,0.01631,,0.2708
219,92455,0.0,24,2,0.2857,29.71,0.2857,0.0018983583431690931,0.2202790081501007,0.2286190688610077,0.45670777559280396,-0.08571457117795944,0.08331403136253357,0.37295976281166077,0.001208223053254187,0.005669040139764547,1.3447468280792236,64,0.036,0.286,2,0,5,0,7,1.0,,,,,,,0.0637403056025505,0.741179883480072,2.1202635765075684,0.01633,,0.2708
220,92883,0.0,24,2,0.0,30.0,0.0,0.0013921322533860803,0.1712225079536438,0.17652207612991333,0.5278611779212952,-0.09108081459999084,0.09778362512588501,0.41989901661872864,0.0007728294003754854,0.006951459683477879,0.9579653739929199,64,0.0449,0.0,2,0,6,0,8,0.875,,,,,,,0.09507736563682556,0.6638660430908203,1.9953207969665527,0.01633,,0.2708
221,93307,0.0,24,2,0.25,29.75,0.25,0.0019840786699205637,0.23799073696136475,0.23571939766407013,0.4280804395675659,-0.09447111934423447,0.04546627029776573,0.4293071925640106,0.0010623395210132003,0.004623670596629381,0.9832558035850525,64,0.0308,0.25,2,0,5,1,6,0.833,,,,,,,0.09607990086078644,0.6344692707061768,1.988008737564087,0.01633,,0.2708
222,93753,0.0,24,2,0.4,29.6,0.4,0.00313090393319726,0.1976718306541443,0.19128726422786713,0.48155224323272705,-0.09658972173929214,0.0769956111907959,0.420160710811615,0.0007513035088777542,0.007980075664818287,0.9090571403503418,64,0.0255,0.6,1,1,2,0,10,0.8,,,,,,,0.10625262558460236,0.6660277843475342,2.0836477279663086,0.01636,,0.2708
223,94067,0.0,24,2,0.125,29.12,0.125,0.0011855545453727245,0.24857698380947113,0.24898774921894073,0.5365551114082336,-0.091035857796669,0.11888965219259262,0.38703376054763794,0.0008718502940610051,0.005555760581046343,1.1988605260849,64,0.0315,0.25,5,1,5,1,3,0.667,,,,,,,0.07593531906604767,0.7299827337265015,2.1380677223205566,0.01634,,0.2708
224,94463,0.0,24,2,0.0,30.0,0.0,0.001611037994734943,0.19883403182029724,0.20514363050460815,0.39783695340156555,-0.096841961145401,0.0372745618224144,0.41699230670928955,0.0011131374631077051,0.006274975836277008,0.953241765499115,64,0.0388,0.0,3,0,7,0,6,1.0,0.0551,0.3253,0.125,0,39,3,0.10159223526716232,0.7193220853805542,2.0786490440368652,0.01633,0.125,0.2708
225,94885,0.0,24,2,0.4444,29.78,0.4444,0.003138922154903412,0.14037783443927765,0.13886255025863647,0.3845839202404022,-0.08561664819717407,0.03661138564348221,0.39418289065361023,0.0011493314523249865,0.005589780863374472,1.1930594444274902,64,0.0339,0.444,2,0,5,0,5,0.8,,,,,,,0.07176226377487183,0.6292712688446045,2.042721748352051,0.01635,,0.2708
226,95249,0.0,24,2,0.125,30.0,0.125,0.0025472433771938086,0.17711691558361053,0.1748342663049698,0.49818170070648193,-0.09421467781066895,0.10861329734325409,0.3712112009525299,0.0014143603621050715,0.0079171909019351,0.8776025176048279,64,0.0216,0.125,4,0,7,0,4,1.0,,,,,,,0.10735461115837097,0.829401969909668,2.114744186401367,0.01634,,0.2708
227,95646,0.0,24,2,0.1667,30.0,0.1667,0.0021856562234461308,0.20173802971839905,0.1919177621603012,0.4139302968978882,-0.09459644556045532,0.0897049754858017,0.3268766403198242,0.0010071207070723176,0.004480305593460798,0.9006840586662292,64,0.0435,0.167,3,0,5,0,7,1.0,,,,,,,0.10502732545137405,0.8096098899841309,2.188288927078247,0.01635,,0.2708
228,96036,0.0,24,2,0.4,28.4,0.4,0.002081684535369277,0.16448312997817993,0.16440431773662567,0.4381793141365051,-0.09542950987815857,0.07978525012731552,0.3713274598121643,0.0009010421927087009,0.005421762820333242,1.2412766218185425,64,0.0519,0.4,3,0,1,2,8,0.875,,,,,,,0.07688013464212418,0.7901378870010376,2.119929075241089,0.01638,,0.2708
229,96504,0.0,24,2,0.1111,29.11,0.1111,0.003274453803896904,0.19476711750030518,0.19501768052577972,0.5565023422241211,-0.09444733709096909,0.10831957310438156,0.43068453669548035,0.0008892634068615735,0.007251948118209839,0.7893895506858826,64,0.055,0.111,0,0,5,3,7,0.857,,,,,,,0.11964605748653412,0.6772063970565796,1.9829257726669312,0.01637,,0.2708
230,96901,0.0,24,2,0.25,29.75,0.25,0.0026612412184476852,0.20095011591911316,0.20029717683792114,0.40769118070602417,-0.0873883068561554,0.06012339890003204,0.37200379371643066,0.0007967108394950628,0.005657802801579237,1.6578733921051025,64,0.0228,0.25,3,0,3,0,9,0.667,,,,,,,0.052711084485054016,0.7612428665161133,2.117908477783203,0.01638,,0.2708
231,97379,0.0,24,2,0.1429,30.0,0.1429,0.001970170997083187,0.22582781314849854,0.21676167845726013,0.46681633591651917,-0.09461303055286407,0.11640594899654388,0.32605838775634766,0.001592246233485639,0.005118168890476227,0.9558808207511902,64,0.0487,0.143,0,0,6,0,9,0.778,0.0562,0.3215,0.229,0,34,3,0.09897994250059128,0.6829220056533813,2.209045886993408,0.01638,0.2292,0.2708
232,97746,0.0,24,2,0.25,30.0,0.25,0.003131390316411853,0.20076686143875122,0.19578604400157928,0.5411159992218018,-0.07711556553840637,0.07656705379486084,0.4630706012248993,0.0011282870545983315,0.004053752403706312,0.9421817660331726,64,0.0361,0.25,4,0,3,0,8,0.75,,,,,,,0.08184786885976791,0.7900748252868652,1.9901676177978516,0.01639,,0.2708
233,98110,0.0,24,2,0.2857,29.86,0.2857,0.0020446814596652985,0.17800964415073395,0.1672772914171219,0.5841455459594727,-0.09714484214782715,0.08362948149442673,0.5114002227783203,0.0011431266320869327,0.005262339953333139,0.7117999792098999,64,0.0442,0.286,4,0,5,0,5,1.0,,,,,,,0.1364777386188507,0.7022988796234131,1.8824212551116943,0.0164,,0.2708
234,98566,0.0,24,2,0.1429,29.71,0.1429,0.00389155768789351,0.23079226911067963,0.23890839517116547,0.6551142930984497,-0.08941139280796051,0.06784617155790329,0.6062600612640381,0.001048704027198255,0.005146527197211981,1.0811727046966553,64,0.0404,0.143,1,0,5,1,8,1.0,,,,,,,0.0826985314488411,0.6613332033157349,2.1880621910095215,0.01642,,0.2708
235,98992,0.0,24,2,0.2,29.6,0.2,0.0011103702709078789,0.23004743456840515,0.22053362429141998,0.41397762298583984,-0.09575363248586655,0.08074484765529633,0.3460877537727356,0.0008282249909825623,0.004307657480239868,1.0078693628311157,64,0.0256,0.2,2,0,4,0,9,0.778,,,,,,,0.09500598907470703,0.8182826042175293,2.119684934616089,0.01643,,0.2708
236,99446,0.0,24,2,0.0,29.78,0.0,0.001974254148080945,0.1588243842124939,0.16053104400634766,0.38358044624328613,-0.07562379539012909,0.06532076746225357,0.325556218624115,0.0017607853515073657,0.006012968253344297,1.5454555749893188,64,0.0417,0.0,1,0,8,1,6,1.0,,,,,,,0.0489330068230629,0.7068879008293152,2.1884639263153076,0.01641,,0.2708
237,99872,0.0,24,2,0.0,30.0,0.0,0.001529572531580925,0.22852998971939087,0.23058950901031494,0.5991423726081848,-0.09469294548034668,0.11451898515224457,0.462763249874115,0.0009069675579667091,0.004068221431225538,0.8287431001663208,64,0.0342,0.0,2,0,4,1,9,0.889,,,,,,,0.11426091194152832,0.6587321162223816,1.9701354503631592,0.01642,,0.2708
238,100000,0.0,24,2,0.2857,29.86,0.2857,0.0031037747394293547,0.21449777483940125,0.21461087465286255,0.5660186409950256,-0.09628074616193771,0.14324115216732025,0.37293508648872375,0.0014487780863419175,0.005764036905020475,1.0287017822265625,64,0.0352,0.286,2,0,5,0,7,1.0,0.0627,0.317,0.188,2,38,1,0.09359441697597504,0.6673676371574402,2.1065731048583984,0.01644,0.1458,0.2708
239,100000,0.0,24,2,0.1429,30.0,0.1429,0.002286234637722373,0.23156949877738953,0.2372184693813324,0.4113600254058838,-0.09069162607192993,0.038384824991226196,0.4211699962615967,0.0011893215123564005,0.008223993703722954,1.2277491092681885,64,0.0383,0.143,2,0,5,1,7,1.0,,,,,,,0.07386820763349533,0.6846463084220886,2.0578248500823975,0.01642,,0.2708
240,100000,0.0,24,2,0.0,30.0,0.0,0.0013287612237036228,0.23095257580280304,0.23892144858837128,0.3668116331100464,-0.0909847691655159,0.04157893359661102,0.37173396348953247,0.0011982159921899438,0.005809147376567125,1.3333895206451416,64,0.0378,0.0,3,0,8,2,3,0.667,,,,,,,0.06823569536209106,0.7492462396621704,2.1255950927734375,0.01635,,0.2708
241,100000,0.0,24,2,0.125,29.62,0.125,0.0030836297664791346,0.22011107206344604,0.21594704687595367,0.32898586988449097,-0.09904702007770538,0.04925411194562912,0.32665109634399414,0.0008635380654595792,0.00574712548404932,0.8515133261680603,64,0.0379,0.125,1,0,5,2,7,0.857,,,,,,,0.11631882190704346,0.7094573378562927,2.171262741088867,0.01635,,0.2708
242,100000,0.0,24,2,0.5,30.0,0.5,0.0018310855375602841,0.2193666696548462,0.2199491262435913,0.496876060962677,-0.09160657227039337,0.08414928615093231,0.41726481914520264,0.0008530233171768486,0.005838530138134956,0.696005642414093,64,0.0167,0.5,3,0,1,0,11,0.909,,,,,,,0.13161757588386536,0.92894047498703,2.078333854675293,0.01638,,0.2708
243,100000,0.0,24,2,0.1429,30.0,0.1429,0.001707826042547822,0.23031508922576904,0.23121377825737,0.4053027629852295,-0.09461979568004608,0.039022088050842285,0.41717907786369324,0.0012976968428120017,0.009398607537150383,1.0652096271514893,64,0.0388,0.143,2,0,5,1,7,0.857,,,,,,,0.08882739394903183,0.6417564749717712,2.081543445587158,0.0164,,0.2708
244,100000,0.0,24,2,0.25,29.38,0.25,0.0017055838834494352,0.2227056920528412,0.2270531952381134,0.419155091047287,-0.08467273414134979,0.08692924678325653,0.3273709714412689,0.001584576559253037,0.005196761339902878,1.4225786924362183,64,0.0431,0.25,3,0,5,1,5,1.0,,,,,,,0.059520602226257324,0.737616240978241,2.1730403900146484,0.01636,,0.2708
245,100000,0.0,24,2,0.5,29.83,0.5,0.0019043907523155212,0.18792903423309326,0.19311630725860596,0.5943717360496521,-0.09185163676738739,0.09562629461288452,0.4924255609512329,0.0015076486160978675,0.005090419203042984,0.8408481478691101,64,0.0229,0.5,0,0,3,0,10,0.9,0.0554,0.3839,0.229,1,34,3,0.10923689603805542,0.7403507232666016,2.0285956859588623,0.01639,0.2083,0.2708
246,100000,0.0,24,2,0.2,30.0,0.2,0.0025370968505740166,0.233238086104393,0.22511225938796997,0.3075770139694214,-0.09073731303215027,0.03479050472378731,0.32577085494995117,0.0013299480779096484,0.005924954079091549,1.242128610610962,64,0.0303,0.2,2,0,4,0,9,0.778,,,,,,,0.07304985076189041,0.7515987753868103,2.161134719848633,0.01641,,0.2708
247,100000,0.0,24,2,0.4,29.4,0.4,0.0021836739033460617,0.17777225375175476,0.16971854865550995,0.47999295592308044,-0.09384510666131973,0.03091023489832878,0.5091426372528076,0.0013939423952251673,0.005749900825321674,0.7316370010375977,64,0.0374,0.4,1,0,3,0,10,0.9,,,,,,,0.128267303109169,0.6881464719772339,1.9592030048370361,0.0165,,0.2708
248,100000,0.0,24,2,0.25,29.75,0.25,0.001910677645355463,0.21155431866645813,0.20722587406635284,0.4629846215248108,-0.0954316258430481,0.10143566131591797,0.35361170768737793,0.0007881469209678471,0.003866451559588313,1.2215641736984253,64,0.026,0.25,5,0,2,1,7,1.0,,,,,,,0.07812247425317764,0.7092126607894897,2.1448631286621094,0.01651,,0.2708
249,100000,0.0,24,2,0.4,30.0,0.4,0.002496363129466772,0.16933636367321014,0.17512501776218414,0.3967415690422058,-0.09494734555482864,0.035691022872924805,0.4181394577026367,0.0011720397742465138,0.004334792494773865,1.1490017175674438,64,0.0383,0.4,1,0,3,0,10,0.8,,,,,,,0.08263464272022247,0.768025815486908,2.0697433948516846,0.01656,,0.2708
250,100000,0.0,24,2,0.1667,29.83,0.1667,0.0018430519849061966,0.24396932125091553,0.23976975679397583,0.4510865807533264,-0.09626440703868866,0.06377054005861282,0.4172617197036743,0.0011332050198689103,0.005096351262181997,0.7833830714225769,64,0.0245,0.167,5,0,4,1,5,1.0,,,,,,,0.12288293987512589,0.6946567893028259,2.041518449783325,0.01658,,0.2708
251,100000,0.0,24,2,0.4,29.8,0.4,0.002465000143274665,0.25732338428497314,0.24390867352485657,0.8036743998527527,-0.09454099833965302,0.06949102878570557,0.7556039690971375,0.0010186756262555718,0.007258800324052572,1.2577098608016968,64,0.0183,0.4,3,0,1,2,8,0.5,,,,,,,0.0751691609621048,0.6484713554382324,2.091742992401123,0.0166,,0.2708
252,100000,0.0,24,2,0.0,30.0,0.0,0.0013279829872772098,0.18918484449386597,0.18031375110149384,0.46279001235961914,-0.0949367880821228,0.046069275587797165,0.46369469165802,0.0008210481028072536,0.0037871012464165688,0.9130916595458984,64,0.0372,0.0,3,0,4,0,9,0.667,0.0528,0.3364,0.208,1,36,2,0.103972889482975,0.6406532526016235,1.9936738014221191,0.01661,0.1875,0.2708
253,100000,0.0,24,2,0.0,30.0,0.0,0.002248489297926426,0.19319722056388855,0.20264214277267456,0.3741341233253479,-0.09278792887926102,0.06916516274213791,0.32548046112060547,0.0009402883006259799,0.006222554482519627,1.0119763612747192,64,0.0351,0.0,2,0,4,0,10,1.0,,,,,,,0.0916898250579834,0.8776976466178894,2.190062999725342,0.01665,,0.2708
254,100000,0.0,24,2,0.5714,29.43,0.5714,0.0022049108520150185,0.21796883642673492,0.2194596529006958,0.5848196148872375,-0.09448400139808655,0.1747957170009613,0.3263782262802124,0.0007590100285597146,0.006667920388281345,0.8103494048118591,64,0.0536,0.571,3,0,3,0,6,0.833,,,,,,,0.11659660935401917,0.8447319865226746,2.1781139373779297,0.01664,,0.2708
255,100000,0.0,24,2,0.375,29.75,0.375,0.004469767212867737,0.19573965668678284,0.18284380435943604,0.37888771295547485,-0.09852535277605057,0.02880529873073101,0.4171145558357239,0.0014686944196000695,0.0053757973946630955,0.8700029253959656,64,0.028,0.375,2,0,5,0,6,0.667,,,,,,,0.11324715614318848,0.6505689024925232,2.0889217853546143,0.01661,,0.2708
256,100000,0.0,24,2,0.2,30.0,0.2,0.0028519181068986654,0.23247401416301727,0.22942470014095306,0.3661169707775116,-0.0899670273065567,0.04094643145799637,0.37126582860946655,0.0008616765262559056,0.0058506387285888195,1.1612199544906616,64,0.0252,0.2,2,0,4,0,9,1.0,,,,,,,0.07747630029916763,0.5935877561569214,2.134823799133301,0.01665,,0.2708
257,100000,0.0,24,2,0.2222,29.22,0.2222,0.0024658869951963425,0.19995953142642975,0.20652291178703308,0.5069442987442017,-0.09491468220949173,0.06249621510505676,0.4741048812866211,0.0013549793511629105,0.005523339379578829,0.7477457523345947,64,0.0322,0.222,3,0,5,2,4,0.75,,,,,,,0.12693442404270172,0.750723123550415,1.9656758308410645,0.01664,,0.2708
258,100000,0.0,24,2,0.0,30.0,0.0,0.0023845629766583443,0.24261903762817383,0.24923443794250488,0.28542953729629517,-0.09435255825519562,0.02362889051437378,0.32803472876548767,0.0011688645463436842,0.008979220874607563,0.955482006072998,64,0.0454,0.0,2,0,6,0,8,1.0,,,,,,,0.09874866157770157,0.6973934173583984,2.138192653656006,0.01667,,0.2708
259,100000,0.0,24,2,0.2857,29.71,0.2857,0.0017641307786107063,0.201486736536026,0.1901196539402008,0.3751029372215271,-0.09442085772752762,0.06798703968524933,0.33134835958480835,0.0012063030153512955,0.004402669612318277,1.1128813028335571,64,0.0226,0.286,1,0,5,0,8,1.0,0.0576,0.3202,0.104,0,38,5,0.08484359830617905,0.688086986541748,2.1443119049072266,0.01668,0.1042,0.2708
260,100000,0.0,24,2,0.25,29.75,0.25,0.002669422421604395,0.2138497531414032,0.21827346086502075,0.3704473674297333,-0.09456269443035126,0.044031690806150436,0.3732745349407196,0.0012872053775936365,0.007344301324337721,1.0644288063049316,64,0.0319,0.5,1,1,2,0,11,1.0,,,,,,,0.08883890509605408,0.8397517204284668,2.1659185886383057,0.01677,,0.2708
261,100000,0.0,24,2,0.0,30.0,0.0,0.0032508440781384706,0.19937917590141296,0.1935642808675766,0.3977748155593872,-0.08256394416093826,0.07600320875644684,0.3262460231781006,0.0016448624664917588,0.004172647371888161,1.5349955558776855,64,0.0291,0.0,1,0,4,1,10,0.7,,,,,,,0.05378774181008339,0.8251354694366455,2.1994142532348633,0.01678,,0.2708
262,100000,0.0,24,2,0.0,30.0,0.0,0.0007040825439617038,0.20141038298606873,0.20148660242557526,0.4194573163986206,-0.09129424393177032,0.06873038411140442,0.3712449073791504,0.0006499416194856167,0.004091768525540829,0.8691482543945312,64,0.0264,0.0,0,0,5,0,11,0.818,,,,,,,0.10503874719142914,0.7608343958854675,2.13275146484375,0.01675,,0.2708
263,100000,0.0,24,2,0.0,30.0,0.0,0.002592613687738776,0.23745150864124298,0.23856638371944427,1.1014142036437988,-0.08275190740823746,0.09321518987417221,0.995610237121582,0.001147836446762085,0.004250979516655207,1.23497474193573,64,0.0282,0.0,1,0,5,1,9,1.0,,,,,,,0.06700696051120758,0.6426136493682861,2.123642921447754,0.01678,,0.2708
264,100000,0.0,24,2,0.0,30.0,0.0,0.0020893884357064962,0.18382665514945984,0.1889726221561432,0.3563493490219116,-0.09682053327560425,0.06235309690237045,0.32540977001190186,0.0012038185959681869,0.006107828114181757,1.2927197217941284,64,0.0318,0.0,1,0,8,0,7,1.0,,,,,,,0.07489676773548126,0.7031106352806091,2.1718204021453857,0.01679,,0.2708
265,100000,0.0,24,2,0.0,29.83,0.0,0.0018664803355932236,0.15861450135707855,0.17037028074264526,0.378360778093338,-0.09817203879356384,0.05085771530866623,0.3722136318683624,0.00114186923019588,0.005207469221204519,0.9400731921195984,64,0.0484,0.0,3,0,4,2,7,0.857,,,,,,,0.10443021357059479,0.7520260810852051,2.1248717308044434,0.01679,,0.2708
266,100000,0.0,24,2,0.0,30.0,0.0,0.004928347654640675,0.18774372339248657,0.17104634642601013,0.44278350472450256,-0.09577676653862,0.05830658599734306,0.4197525680065155,0.0010919938795268536,0.004389033652842045,0.8749006390571594,64,0.0264,0.0,1,0,6,1,8,0.875,0.0519,0.3084,0.229,0,35,2,0.10947158932685852,0.7048742771148682,2.043884038925171,0.01677,0.2292,0.2708
267,100000,0.0,24,2,0.25,29.12,0.25,0.002034592442214489,0.2672994136810303,0.2701909840106964,0.42328327894210815,-0.08748969435691833,0.09148520231246948,0.3253973722457886,0.0010434708092361689,0.004810372367501259,1.2763710021972656,64,0.0437,0.25,0,0,3,3,8,0.875,,,,,,,0.06854565441608429,0.7005707621574402,2.2097530364990234,0.0168,,0.2708
268,100000,0.0,24,2,0.0,30.0,0.0,0.0015320817474275827,0.2330271303653717,0.22479566931724548,0.4142845869064331,-0.09537607431411743,0.06680426001548767,0.3724249601364136,0.000743353390134871,0.007254349067807198,1.0249963998794556,64,0.0416,0.0,1,0,9,0,6,0.833,,,,,,,0.09305015206336975,0.8421584963798523,2.110325574874878,0.01676,,0.2708
269,100000,0.0,24,2,0.2,28.6,0.2,0.0031129985582083464,0.21878868341445923,0.22271181643009186,0.5219350457191467,-0.07786323130130768,0.11152753233909607,0.37204882502555847,0.0007659327820874751,0.009388793259859085,1.2393684387207031,64,0.0522,0.2,4,0,3,1,7,1.0,,,,,,,0.06282492727041245,0.7855884432792664,2.0948803424835205,0.01678,,0.2708
270,100000,0.0,24,2,0.0,30.0,0.0,0.0016797417774796486,0.2351548671722412,0.2387608140707016,0.3790476322174072,-0.09630335867404938,0.03713250160217285,0.3989941477775574,0.0009362426353618503,0.00418367562815547,0.9672606587409973,64,0.0197,0.0,2,0,6,0,8,0.875,,,,,,,0.09956298768520355,0.7364014387130737,2.0477256774902344,0.01682,,0.2708
271,100000,0.0,24,2,0.1667,29.83,0.1667,0.0017087231390178204,0.18702679872512817,0.18574383854866028,0.6762155890464783,-0.09802894294261932,0.11634339392185211,0.5386409759521484,0.0007922439253889024,0.005833471659570932,0.7475820779800415,64,0.021,0.167,1,0,4,1,9,0.889,,,,,,,0.1311279982328415,0.6708824038505554,1.8627140522003174,0.01681,,0.2708
272,100000,0.0,24,2,0.25,29.75,0.25,0.0019086886895820498,0.24975080788135529,0.24907605350017548,0.31881633400917053,-0.0907253697514534,0.01774783991277218,0.3710545301437378,0.0006744301063008606,0.005983011797070503,1.3318073749542236,64,0.0373,0.25,2,0,3,0,10,0.9,,,,,,,0.06812199205160141,0.721137523651123,2.114003896713257,0.01685,,0.2708
273,100000,0.0,24,2,0.1429,29.86,0.1429,0.0029121225234121084,0.1480092704296112,0.1414961963891983,0.5383418202400208,-0.08937732875347137,0.09998743236064911,0.42447301745414734,0.001969860168173909,0.006542521063238382,0.8540856242179871,64,0.038,0.143,1,0,6,0,8,1.0,0.0528,0.3032,0.229,1,37,0,0.10464680194854736,0.7546242475509644,1.982778549194336,0.01686,0.2083,0.2708
274,100000,0.0,24,2,0.2222,29.67,0.2222,0.0017606910550966859,0.2020125389099121,0.20237109065055847,0.4176729619503021,-0.08524301648139954,0.06376262754201889,0.37210243940353394,0.0008386050467379391,0.006576592568308115,1.2826718091964722,64,0.0308,0.222,3,0,5,2,4,0.75,,,,,,,0.06645738333463669,0.872667670249939,2.121087074279785,0.01687,,0.2708
275,100000,0.0,24,2,0.0,29.57,0.0,0.0018324819393455982,0.22745507955551147,0.23864856362342834,0.5387298464775085,-0.0924597755074501,0.15104135870933533,0.3257169723510742,0.0011102344142273068,0.006779782939702272,1.192626714706421,64,0.0414,0.0,2,0,6,1,7,1.0,,,,,,,0.07752616703510284,0.6953923106193542,2.1918349266052246,0.01689,,0.2708
276,100000,0.0,24,2,0.1667,29.83,0.1667,0.0022653420455753803,0.22686593234539032,0.22978094220161438,0.4437471330165863,-0.09169522672891617,0.054001882672309875,0.4237157702445984,0.0009745293064042926,0.007445654831826687,0.8244368433952332,64,0.0185,0.167,2,0,5,0,8,0.75,,,,,,,0.11122165620326996,0.7461125254631042,2.093064785003662,0.0169,,0.2708
277,100000,0.0,24,2,0.0,30.0,0.0,0.0027530945371836424,0.1838761568069458,0.17139771580696106,0.3212997317314148,-0.09668008983135223,0.04032764583826065,0.3354489207267761,0.0015255814651027322,0.0037512138951569796,1.1964651346206665,64,0.0211,0.0,3,0,5,0,8,0.625,,,,,,,0.08080477267503738,0.6313000917434692,2.1114602088928223,0.01687,,0.2708
278,100000,0.0,24,2,0.5,30.0,0.5,0.002559483516961336,0.2842927575111389,0.2973949611186981,0.5771458148956299,-0.09429338574409485,0.09915664047002792,0.46970489621162415,0.0009441024158149958,0.006842073053121567,0.7359115481376648,64,0.0323,0.5,1,0,2,0,11,0.909,,,,,,,0.1281314194202423,0.8646370768547058,2.0418365001678467,0.01691,,0.2708
279,100000,0.0,24,2,0.0,30.0,0.0,0.0029905522242188454,0.23887455463409424,0.25250717997550964,0.3307453393936157,-0.09033603966236115,0.02348346635699272,0.37159988284111023,0.0014849468134343624,0.005029130261391401,0.7938830256462097,64,0.0137,0.0,1,0,6,0,9,1.0,,,,,,,0.1137901172041893,0.6829200983047485,2.1289331912994385,0.01693,,0.2708
280,100000,0.0,24,2,0.125,30.0,0.125,0.00280204089358449,0.2253924459218979,0.2156696915626526,0.6029667854309082,-0.09046731144189835,0.12456715106964111,0.4419806897640228,0.0009032337693497539,0.004638208542019129,0.9629030227661133,64,0.032,0.125,1,0,7,0,7,0.857,0.0466,0.3186,0.188,0,36,3,0.09395266324281693,0.8468804359436035,2.0330913066864014,0.01691,0.1875,0.2708
281,100000,0.0,24,2,0.1,29.4,0.1,0.002077337121590972,0.2705124318599701,0.253429651260376,0.3703746497631073,-0.09320948272943497,0.055781926959753036,0.3492661714553833,0.000960549630690366,0.005508260801434517,1.2213093042373657,64,0.0381,0.3,0,2,6,1,6,0.667,,,,,,,0.07631930708885193,0.8225522041320801,2.0838661193847656,0.01691,,0.2708
282,100000,0.0,24,2,0.1429,28.86,0.1429,0.0020043442491441965,0.190992534160614,0.19447366893291473,0.646765947341919,-0.09693589806556702,0.13408897817134857,0.472962886095047,0.0013868754031136632,0.005121899303048849,0.6269716024398804,64,0.0467,0.143,2,0,4,2,7,1.0,,,,,,,0.15460972487926483,0.7885065078735352,1.9010732173919678,0.01694,,0.2708
283,100000,0.0,24,2,0.1,30.0,0.1,0.0032147096935659647,0.23856164515018463,0.2533290386199951,0.38872087001800537,-0.09094518423080444,0.02872573584318161,0.42028865218162537,0.001600482384674251,0.0038518905639648438,1.070608139038086,64,0.0326,0.1,3,0,9,0,3,1.0,,,,,,,0.08494721353054047,0.6869676113128662,1.9911248683929443,0.01694,,0.2708
284,100000,0.0,24,2,0.0,29.83,0.0,0.00234966934658587,0.19865809381008148,0.2054806649684906,0.5003825426101685,-0.09496188163757324,0.07427859306335449,0.4443967938423157,0.0009172838181257248,0.004780835006386042,0.7978125810623169,64,0.0521,0.0,3,0,5,1,7,0.857,,,,,,,0.11902780085802078,0.6188506484031677,2.006744384765625,0.01696,,0.2708
285,100000,0.0,24,2,0.5,29.5,0.5,0.0012545527424663305,0.2317146509885788,0.22602513432502747,0.4744364023208618,-0.09751307964324951,0.09852707386016846,0.37203192710876465,0.0005597931449301541,0.00572680588811636,0.9343129396438599,64,0.0343,0.5,2,0,1,2,8,0.75,,,,,,,0.10436875373125076,0.8122538924217224,2.117783546447754,0.01699,,0.2708
286,100000,0.0,24,2,0.0,30.0,0.0,0.0013535321922972798,0.1776147186756134,0.17887930572032928,0.4409942924976349,-0.09201572090387344,0.05597291514277458,0.4183352589607239,0.0008407558198086917,0.005457819439470768,1.157056212425232,64,0.0283,0.0,2,0,8,0,6,0.833,,,,,,,0.07952570915222168,0.7590309381484985,2.0261781215667725,0.01697,,0.2708
287,100000,0.0,24,2,0.1,30.0,0.1,0.0012166223023086786,0.12607425451278687,0.1221928671002388,0.630090594291687,-0.09391770511865616,0.12231196463108063,0.47701314091682434,0.0010841834591701627,0.004742341581732035,0.8623666763305664,64,0.0339,0.2,2,1,7,1,4,1.0,0.0552,0.4132,0.125,0,40,2,0.10890693217515945,0.7164010405540466,2.0176830291748047,0.0169,0.125,0.2708
288,100000,0.0,24,2,0.2857,30.0,0.2857,0.001711921882815659,0.18803292512893677,0.19968900084495544,0.34376415610313416,-0.09628800302743912,0.055864572525024414,0.32535627484321594,0.0009573253337293863,0.005933478474617004,0.7255510091781616,64,0.0221,0.286,1,0,4,1,8,0.875,,,,,,,0.13271017372608185,0.7711485624313354,2.203118324279785,0.01693,,0.2708
289,100000,0.0,24,2,0.1429,29.71,0.1429,0.0028538049664348364,0.17365789413452148,0.1719161570072174,0.5510052442550659,-0.08923044800758362,0.08679258823394775,0.4635888934135437,0.00105086260009557,0.006123316008597612,0.92564457654953,64,0.0293,0.143,2,0,5,1,7,1.0,,,,,,,0.09639817476272583,0.7463005781173706,1.983774185180664,0.01695,,0.2708
290,100000,0.0,24,2,0.1429,30.0,0.1429,0.0022192583419382572,0.18673112988471985,0.1744544804096222,0.4118098318576813,-0.09102029353380203,0.06472574174404144,0.37108200788497925,0.0008525102748535573,0.004593227989971638,1.2723581790924072,64,0.0214,0.143,4,0,6,0,5,1.0,,,,,,,0.07153668999671936,0.821182131767273,2.140700340270996,0.01697,,0.2708
291,100000,0.0,24,2,0.125,29.88,0.125,0.001977064646780491,0.2383558750152588,0.2418966144323349,0.4829135537147522,-0.09467820078134537,0.0738772302865982,0.4269065260887146,0.0011679064482450485,0.005861522629857063,1.0079911947250366,64,0.0272,0.125,4,0,7,0,4,0.75,,,,,,,0.09392760694026947,0.8908971548080444,2.053584098815918,0.01696,,0.2708
292,100000,0.0,24,2,0.125,30.0,0.125,0.0013613012852147222,0.19042718410491943,0.1944475769996643,0.6102710366249084,-0.09573322534561157,0.17682915925979614,0.35047388076782227,0.0009533442207612097,0.0037440794985741377,0.7755884528160095,64,0.0262,0.25,3,1,6,0,5,1.0,,,,,,,0.12343301624059677,0.7757089138031006,2.1555185317993164,0.01696,,0.2708
293,100000,0.0,24,2,0.0,29.71,0.0,0.0026263778563588858,0.21040627360343933,0.20009613037109375,0.395186185836792,-0.09413708001375198,0.0802416056394577,0.32565057277679443,0.0012122405460104346,0.006378932856023312,1.2396068572998047,64,0.0315,0.0,1,0,5,2,8,0.75,,,,,,,0.0759410709142685,0.8284508585929871,2.185964822769165,0.01696,,0.2708
294,100000,0.0,24,2,0.4,29.8,0.4,0.0012994854478165507,0.22953975200653076,0.2354828417301178,0.4191737771034241,-0.07223494350910187,0.08125422149896622,0.32652580738067627,0.0010841181501746178,0.004748930688947439,1.1568354368209839,64,0.0298,0.4,2,0,3,0,9,0.889,0.0664,0.342,0.167,0,37,3,0.06244184821844101,0.8979300260543823,2.170222282409668,0.01699,0.1667,0.2708
295,100000,0.0,24,2,0.125,29.88,0.125,0.00208009104244411,0.23687158524990082,0.24004195630550385,0.42930811643600464,-0.09338141232728958,0.09072636812925339,0.33585286140441895,0.0010476632742211223,0.010767904110252857,1.5677109956741333,64,0.0477,0.25,1,1,5,1,7,0.857,,,,,,,0.05956544727087021,0.7073240280151367,2.1790847778320312,0.01697,,0.2708
296,100000,0.0,24,2,0.375,29.88,0.375,0.0034404585603624582,0.20753681659698486,0.1984884887933731,0.4266929030418396,-0.09197227656841278,0.04871014505624771,0.4178853929042816,0.002288518473505974,0.006719018332660198,1.141000747680664,64,0.036,0.375,1,0,4,1,7,0.714,,,,,,,0.08060666173696518,0.7507321238517761,2.006889820098877,0.01701,,0.2708
297,100000,0.0,24,2,0.2857,29.71,0.2857,0.0023137060925364494,0.20487071573734283,0.20336024463176727,0.4837680757045746,-0.09129390865564346,0.10039570927619934,0.37160804867744446,0.0013171551981940866,0.005325037986040115,0.8205629587173462,64,0.0358,0.286,0,0,5,0,9,0.778,,,,,,,0.1112576574087143,0.7628183364868164,2.1035406589508057,0.01701,,0.2708
298,100000,0.0,24,2,0.375,29.88,0.375,0.002023496199399233,0.19990476965904236,0.19768360257148743,0.4574463665485382,-0.09133599698543549,0.06470544636249542,0.41689708828926086,0.0011852341704070568,0.004948797635734081,0.7515098452568054,64,0.018,0.375,1,0,5,0,7,1.0,,,,,,,0.12153667211532593,0.7539781332015991,2.022261142730713,0.01703,,0.2708
299,100000,0.0,24,2,0.4,30.0,0.4,0.0020309544634073973,0.23596271872520447,0.2436845302581787,0.41071054339408875,-0.09447754174470901,0.06554504483938217,0.3718540072441101,0.001280558411963284,0.004487975034862757,0.9133766293525696,64,0.0295,0.4,2,0,3,0,9,0.778,,,,,,,0.10343766212463379,0.8048120737075806,2.1229403018951416,0.01706,,0.2708
300,100000,0.0,24,2,0.25,29.5,0.25,0.0022444771602749825,0.2107219398021698,0.2104632705450058,0.40262559056282043,-0.09367631375789642,0.04810851812362671,0.3976535499095917,0.0010913852602243423,0.004862600937485695,0.958578884601593,64,0.0307,0.25,1,0,4,2,7,0.857,,,,,,,0.09772415459156036,0.7869042158126831,2.0581583976745605,0.01705,,0.2708
301,100000,0.0,24,2,0.125,29.88,0.125,0.002838609740138054,0.18035322427749634,0.18143171072006226,0.33203795552253723,-0.09416952729225159,0.0494571253657341,0.32569795846939087,0.0009073477704077959,0.0031905826181173325,1.0055129528045654,64,0.0255,0.125,2,0,6,1,6,1.0,0.0478,0.3071,0.083,0,42,2,0.09365321695804596,0.8011182546615601,2.1211700439453125,0.01707,0.0833,0.2708
302,100000,0.0,24,2,0.125,29.38,0.125,0.0024966986384242773,0.21051518619060516,0.20138317346572876,0.5343189835548401,-0.09878946095705032,0.09983903169631958,0.4311664402484894,0.0009595464216545224,0.004527947399765253,0.9430996775627136,64,0.0346,0.125,3,0,6,1,5,0.2,,,,,,,0.10474975407123566,0.8555831909179688,2.072601795196533,0.01704,,0.2708
303,100000,0.0,24,2,0.3333,29.67,0.3333,0.001702595385722816,0.2543814182281494,0.2539469003677368,0.5069730281829834,-0.09299293905496597,0.08881078660488129,0.4196954667568207,0.0009171158890239894,0.005297884810715914,0.8313817977905273,64,0.0277,0.333,3,0,2,0,10,0.8,,,,,,,0.1118534654378891,0.7097994685173035,2.016669988632202,0.01707,,0.2708
304,100000,0.0,24,2,0.2,30.0,0.2,0.004028945229947567,0.19592483341693878,0.17903468012809753,0.4634607434272766,-0.09587481617927551,0.06899121403694153,0.4179689884185791,0.002537370892241597,0.006768290419131517,0.7404283881187439,64,0.0278,0.2,1,0,4,0,10,1.0,,,,,,,0.1294856071472168,0.7655388712882996,2.1086180210113525,0.01709,,0.2708
305,100000,0.0,24,2,0.0,30.0,0.0,0.0018110501114279032,0.20770668983459473,0.20380467176437378,0.5744866728782654,-0.09145539999008179,0.1442977786064148,0.37430858612060547,0.0011919436510652304,0.0060759116895496845,1.1036385297775269,64,0.0419,0.0,3,0,5,0,8,0.875,,,,,,,0.08286716789007187,0.6798622012138367,2.1083316802978516,0.01711,,0.2708
306,100000,0.0,24,2,0.2222,29.67,0.2222,0.0012518656440079212,0.17614218592643738,0.17876681685447693,0.5628982186317444,-0.09874540567398071,0.15493808686733246,0.3497045636177063,0.0009318447555415332,0.004125697072595358,0.6080723404884338,64,0.0414,0.222,2,0,6,1,5,1.0,,,,,,,0.16239088773727417,0.7823819518089294,2.1143712997436523,0.01708,,0.2708
307,100000,0.0,24,2,0.1667,29.67,0.1667,0.0020128898322582245,0.22278544306755066,0.22317638993263245,0.4929099380970001,-0.08456313610076904,0.03768714889883995,0.4986979365348816,0.0009791625197976828,0.006801653187721968,1.0718238353729248,64,0.0614,0.167,2,0,4,1,8,0.875,,,,,,,0.07889649271965027,0.8203505873680115,2.0544424057006836,0.0171,,0.2708
308,100000,0.0,24,2,0.1,29.6,0.1,0.001562654972076416,0.18548426032066345,0.18207211792469025,0.43683791160583496,-0.09378183633089066,0.07817018032073975,0.371241956949234,0.0007650096667930484,0.006074829027056694,0.9309379458427429,64,0.0206,0.1,3,0,7,2,3,0.667,0.057,0.2787,0.042,0,37,9,0.10073907673358917,0.7966034412384033,2.1404190063476562,0.01705,0.0417,0.2708
309,100000,0.0,24,2,0.6667,30.0,0.6667,0.0019594021141529083,0.2230595052242279,0.22277304530143738,0.34833845496177673,-0.09350676089525223,0.032540444284677505,0.37302032113075256,0.001267794519662857,0.00748799741268158,1.1225543022155762,64,0.0208,0.667,2,0,1,0,11,0.818,,,,,,,0.0832982063293457,0.7072867751121521,2.1214218139648438,0.01709,,0.2708
310,100000,0.0,24,2,0.0,30.0,0.0,0.0025212967302650213,0.18179664015769958,0.1765795797109604,0.40404605865478516,-0.09868359565734863,0.06429100781679153,0.37194690108299255,0.0012226080289110541,0.004401429556310177,0.744263768196106,64,0.022,0.0,2,0,6,0,8,0.75,,,,,,,0.13259224593639374,0.8262008428573608,2.1590495109558105,0.01706,,0.2708
311,100000,0.0,24,2,0.1667,28.67,0.1667,0.0011999169364571571,0.1906091272830963,0.19174793362617493,0.3921830356121063,-0.09486427903175354,0.056415289640426636,0.3712751567363739,0.0009236313053406775,0.005883171223104,0.9633720517158508,64,0.0366,0.167,3,0,4,1,7,1.0,,,,,,,0.09847108274698257,0.6888467669487,2.108858823776245,0.01708,,0.2708
312,100000,0.0,24,2,0.125,29.0,0.125,0.0010055038146674633,0.1761377900838852,0.17524918913841248,0.3890310823917389,-0.0935097187757492,0.07634638994932175,0.3265092968940735,0.0007697666296735406,0.006677471101284027,1.0050479173660278,64,0.0234,0.125,1,0,5,2,7,1.0,,,,,,,0.09304006397724152,0.6517276763916016,2.158860445022583,0.0171,,0.2708
313,100000,0.0,24,2,0.1667,30.0,0.1667,0.0021354276686906815,0.2303682565689087,0.2361530363559723,0.43841007351875305,-0.09415654838085175,0.056191496551036835,0.4179360270500183,0.0009385705343447626,0.004495232366025448,0.7847326993942261,64,0.0266,0.167,4,0,5,0,6,1.0,,,,,,,0.11998549103736877,0.7207850217819214,2.0577826499938965,0.01715,,0.2708
314,100000,0.0,24,2,0.5,29.5,0.5,0.0015464958269149065,0.19542017579078674,0.19003024697303772,0.7060962915420532,-0.08679398894309998,0.1068500280380249,0.5770052671432495,0.0007932977750897408,0.004370028153061867,1.177268624305725,64,0.0357,0.5,2,0,4,0,6,0.667,,,,,,,0.07372488081455231,0.796401858329773,2.0873537063598633,0.01718,,0.2708
315,100000,0.0,24,2,0.2,29.5,0.2,0.002409410895779729,0.1884075105190277,0.19202673435211182,0.4232082664966583,-0.09368543326854706,0.048536982387304306,0.4177491068840027,0.0008692391566000879,0.004141269251704216,0.9288344383239746,64,0.0255,0.3,1,1,7,0,5,1.0,0.0572,0.3018,0.083,0,39,5,0.10086344182491302,0.7891491651535034,2.049130439758301,0.01719,0.0833,0.2708
316,100000,0.0,24,2,0.2,29.8,0.2,0.0013082846999168396,0.25823959708213806,0.2548169195652008,0.41901248693466187,-0.08651213347911835,0.06559928506612778,0.37193426489830017,0.0007192943012341857,0.004783544223755598,1.002031922340393,64,0.028,0.3,2,1,6,1,4,1.0,,,,,,,0.08633670210838318,0.6587694883346558,2.123420238494873,0.01717,,0.2708
317,100000,0.0,24,2,0.2857,29.43,0.2857,0.001677787397056818,0.20105352997779846,0.19701924920082092,0.574338436126709,-0.0967497006058693,0.12578028440475464,0.41605260968208313,0.001163532375358045,0.0069499025121331215,0.6196882724761963,64,0.0238,0.286,1,0,4,1,8,0.875,,,,,,,0.15612639486789703,0.6575451493263245,1.9181835651397705,0.01718,,0.2708
318,100000,0.0,24,2,0.0,30.0,0.0,0.0023945930879563093,0.2173340618610382,0.22383753955364227,0.6905296444892883,-0.09238450229167938,0.0671868547797203,0.6462080478668213,0.001109758042730391,0.004664750304073095,0.6331498026847839,64,0.0213,0.0,1,0,5,0,10,0.6,,,,,,,0.1459125429391861,0.6912166476249695,1.9129149913787842,0.01717,,0.2708
319,100000,0.0,24,2,0.1111,30.0,0.1111,0.0021035452373325825,0.29368311166763306,0.2875083088874817,0.40654629468917847,-0.09674818813800812,0.04159867763519287,0.41687679290771484,0.0008454766357317567,0.006440622266381979,0.6346065402030945,64,0.0381,0.111,2,0,8,0,5,1.0,,,,,,,0.15245382487773895,0.7791321277618408,2.0681748390197754,0.01717,,0.2708
320,100000,0.0,24,2,0.125,30.0,0.125,0.003115534782409668,0.19366055727005005,0.19802021980285645,0.6137983202934265,-0.09042519330978394,0.16327756643295288,0.3721776604652405,0.0011518143583089113,0.01098141074180603,1.111297607421875,64,0.024,0.125,5,0,6,1,3,1.0,,,,,,,0.08136902004480362,0.958422839641571,2.1060879230499268,0.01718,,0.2708
321,100000,0.0,24,2,0.2222,29.89,0.2222,0.0022787151392549276,0.18156065046787262,0.17549720406532288,0.5035179853439331,-0.09459446370601654,0.0648593008518219,0.4662359654903412,0.0014663655310869217,0.004315786994993687,0.897221565246582,64,0.0327,0.222,2,0,7,0,5,1.0,,,,,,,0.10543043911457062,0.8566384315490723,1.948058009147644,0.01719,,0.2708
322,100000,0.0,24,2,0.1,29.3,0.1,0.001507677137851715,0.20332133769989014,0.19925811886787415,0.40514540672302246,-0.0829903706908226,0.0801692008972168,0.3254328966140747,0.0010130299488082528,0.00472898269072175,1.2362836599349976,64,0.0373,0.1,0,0,8,1,6,1.0,0.0432,0.243,0.104,0,41,2,0.06712891161441803,0.9964097738265991,2.1883273124694824,0.0172,0.1042,0.2708
323,100000,0.0,24,2,0.125,30.0,0.125,0.0024554110132157803,0.27024897933006287,0.27173948287963867,0.46971166133880615,-0.09679466485977173,0.05029568076133728,0.46401679515838623,0.0009499574080109596,0.0037963199429214,0.6724966764450073,64,0.0284,0.125,4,0,7,0,4,1.0,,,,,,,0.14393331110477448,0.7578456401824951,1.9332501888275146,0.01719,,0.2708
324,100000,0.0,24,2,0.0,29.0,0.0,0.0032400861382484436,0.23112642765045166,0.23873698711395264,0.3147449493408203,-0.09143033623695374,0.0387018620967865,0.32590681314468384,0.0008925460278987885,0.005729519762098789,1.075268030166626,64,0.0464,0.0,5,0,2,1,8,0.875,,,,,,,0.08503027260303497,0.6957542896270752,2.1724438667297363,0.0172,,0.2708
325,100000,0.0,24,2,0.1429,29.86,0.1429,0.001414003549143672,0.21075397729873657,0.20773495733737946,0.3425064980983734,-0.0866352766752243,0.025852497667074203,0.37477606534957886,0.0013026295928284526,0.005321458913385868,1.2416034936904907,64,0.0237,0.143,2,0,5,1,7,1.0,,,,,,,0.06977692991495132,0.6747583746910095,2.142775058746338,0.01719,,0.2708
326,100000,0.0,24,2,0.0,30.0,0.0,0.001990482909604907,0.189017653465271,0.18568067252635956,0.3697754740715027,-0.09648476541042328,0.04251715540885925,0.3789653778076172,0.0011182849993929267,0.0045211538672447205,0.7626146674156189,64,0.0282,0.2,3,1,4,0,8,0.75,,,,,,,0.1265183687210083,0.6758447885513306,2.0634398460388184,0.01717,,0.2708
327,100000,0.0,24,2,0.1667,29.83,0.1667,0.002508915029466152,0.16204585134983063,0.1586795300245285,0.6755062341690063,-0.09652625024318695,0.0674080178141594,0.6334149837493896,0.0011048995656892657,0.007602931000292301,0.603593111038208,64,0.0363,0.333,1,1,3,1,9,1.0,,,,,,,0.15991941094398499,0.8200117945671082,1.9244598150253296,0.01721,,0.2708
328,100000,0.0,24,2,0.0,29.17,0.0,0.002174052409827709,0.2547261714935303,0.24938279390335083,0.42006751894950867,-0.09464296698570251,0.0702608972787857,0.3715154826641083,0.001180043676868081,0.005346439778804779,0.7318601012229919,64,0.0395,0.0,2,0,5,1,8,0.75,,,,,,,0.12931838631629944,0.6796368956565857,2.110564708709717,0.01717,,0.2708
329,100000,0.0,24,2,0.5,30.0,0.5,0.0011498709209263325,0.1901455521583557,0.18768064677715302,0.37569108605384827,-0.0953584611415863,0.04824836179614067,0.3721868395805359,0.0008791585569269955,0.004731944762170315,0.9360170364379883,64,0.0197,0.5,2,0,3,0,8,0.875,0.0484,0.2287,0.188,0,37,2,0.10187683999538422,0.7666956782341003,2.1171693801879883,0.01718,0.1875,0.2708
330,100000,0.0,24,2,0.0,29.83,0.0,0.0017873856704682112,0.21478910744190216,0.21556290984153748,0.387803852558136,-0.08759793639183044,0.0503065399825573,0.37171533703804016,0.0006864772294647992,0.006146709900349379,1.2644717693328857,64,0.028,0.0,2,0,5,1,8,0.875,,,,,,,0.06927631050348282,0.6816916465759277,2.0919387340545654,0.01722,,0.2708
331,100000,0.0,24,2,0.0,30.0,0.0,0.002025200519710779,0.20603877305984497,0.20592957735061646,0.8170349597930908,-0.09280110895633698,0.13298097252845764,0.6419368386268616,0.0009639966883696616,0.0038745743222534657,0.8694395422935486,64,0.033,0.0,0,0,4,0,12,0.917,,,,,,,0.1067366972565651,0.764367938041687,2.0446512699127197,0.01724,,0.2708
332,100000,0.0,24,2,0.4286,30.0,0.4286,0.008427774533629417,0.21230483055114746,0.22470435500144958,0.43280088901519775,-0.0775422602891922,0.0451306514441967,0.4169811010360718,0.0012417719699442387,0.0062014940194785595,1.1150997877120972,64,0.0289,0.571,1,1,3,0,8,0.875,,,,,,,0.06953839957714081,0.8319572806358337,2.0698952674865723,0.01728,,0.2708
333,100000,0.0,24,2,0.1,29.5,0.1,0.0012998615857213736,0.23841935396194458,0.23346129059791565,0.37632012367248535,-0.08800525963306427,0.05568217486143112,0.350425660610199,0.0008467549923807383,0.005070774350315332,1.4775694608688354,64,0.0402,0.2,1,1,6,2,5,0.8,,,,,,,0.05956082046031952,0.7962659597396851,2.1101157665252686,0.01723,,0.2708
334,100000,0.0,24,2,0.1429,29.86,0.1429,0.0014871845487505198,0.2519840598106384,0.26004651188850403,0.3636966049671173,-0.09363396465778351,0.04103615880012512,0.37272921204566956,0.000973530113697052,0.005058086942881346,1.1989907026290894,64,0.0317,0.143,3,0,5,1,6,1.0,,,,,,,0.0780939906835556,0.6926308870315552,2.1021909713745117,0.01725,,0.2708
335,100000,0.0,24,2,0.0,30.0,0.0,0.0018081339076161385,0.22405025362968445,0.21784381568431854,0.43843773007392883,-0.09249922633171082,0.05576483905315399,0.41729915142059326,0.0008303625509142876,0.004216243978589773,0.8887357711791992,64,0.0302,0.0,0,0,4,1,11,1.0,,,,,,,0.10407955199480057,0.6284273266792297,2.045686960220337,0.01724,,0.2708
336,100000,0.0,24,2,0.1111,29.78,0.1111,0.0019274470396339893,0.19547238945960999,0.19199317693710327,0.3628573715686798,-0.09361942112445831,0.018590614199638367,0.417120099067688,0.0008889929158613086,0.004350988660007715,0.8456441164016724,64,0.0312,0.111,3,0,7,1,4,1.0,0.0675,0.4391,0.146,2,37,4,0.1107078343629837,0.5530351996421814,2.0472817420959473,0.01723,0.1042,0.2708
337,100000,0.0,24,2,0.25,30.0,0.25,0.0034182704985141754,0.1890169382095337,0.1861954927444458,0.4622628688812256,-0.09493578970432281,0.09190507978200912,0.3712552785873413,0.0016212580958381295,0.004266419447958469,0.8600867390632629,64,0.0304,0.25,3,0,6,0,5,1.0,,,,,,,0.11037932336330414,0.6582432985305786,2.142618179321289,0.01725,,0.2708
338,100000,0.0,24,2,0.2,30.0,0.2,0.003736350452527404,0.2755085229873657,0.28106340765953064,0.4044722318649292,-0.09459730982780457,0.07573216408491135,0.345170795917511,0.0010980375809594989,0.004868845921009779,0.9382702112197876,64,0.0216,0.2,3,0,4,0,8,1.0,,,,,,,0.10082096606492996,0.8745558261871338,2.1091222763061523,0.0173,,0.2708
339,100000,0.0,24,2,0.1667,30.0,0.1667,0.00134442956186831,0.19827015697956085,0.1918734908103943,0.49848318099975586,-0.09299801290035248,0.0624246709048748,0.4633660912513733,0.0007983192917890847,0.006531557533890009,1.0447866916656494,64,0.0426,0.167,2,0,5,0,8,1.0,,,,,,,0.08901149034500122,0.7292734980583191,1.9799448251724243,0.01734,,0.2708
340,100000,0.0,24,2,0.0,30.0,0.0,0.0014062735717743635,0.21773388981819153,0.21559271216392517,0.48585450649261475,-0.09838303923606873,0.056920431554317474,0.4677993953227997,0.0011748350225389004,0.005194517318159342,0.4608922004699707,64,0.0235,0.0,3,0,7,0,6,0.833,,,,,,,0.21346214413642883,0.8425043821334839,1.953620195388794,0.01734,,0.2708
341,100000,0.0,24,2,0.2,30.0,0.2,0.0017459969967603683,0.21773657202720642,0.22429858148097992,0.302619993686676,-0.09483683109283447,0.033973824232816696,0.32551702857017517,0.0008524666191078722,0.007984289899468422,1.006375789642334,64,0.0269,0.2,3,0,4,0,8,1.0,,,,,,,0.09423600137233734,0.6426288485527039,2.2183094024658203,0.01737,,0.2708
342,100000,0.0,24,2,0.1111,29.78,0.1111,0.0013779770815744996,0.2251918911933899,0.22423328459262848,0.5533776879310608,-0.09222715348005295,0.11272503435611725,0.41678962111473083,0.0008515094523318112,0.006730285007506609,0.7616946697235107,64,0.0286,0.222,1,1,7,0,6,0.667,,,,,,,0.12108152359724045,0.7969282865524292,2.054779052734375,0.01733,,0.2708
343,100000,0.0,24,2,0.25,30.0,0.25,0.0016028177924454212,0.1969156265258789,0.19902682304382324,0.4275747835636139,-0.0911063551902771,0.07120533287525177,0.372708261013031,0.0011764924274757504,0.0071244449354708195,0.9210456013679504,64,0.022,0.25,2,0,3,0,10,0.9,0.0443,0.2562,0.125,0,39,3,0.09891622513532639,0.8020321726799011,2.1120433807373047,0.01735,0.125,0.2708
344,100000,0.0,24,2,0.5714,29.43,0.5714,0.001312374253757298,0.2497653216123581,0.25212424993515015,0.36067143082618713,-0.09141799807548523,0.062123414129018784,0.3256400227546692,0.0007505023968406022,0.0044051408767700195,1.0524466037750244,64,0.0203,0.571,2,0,3,0,7,0.857,,,,,,,0.08686235547065735,0.8315914869308472,2.1873340606689453,0.01737,,0.2708
345,100000,0.0,24,2,0.0,30.0,0.0,0.0018780647078529,0.20825020968914032,0.22057439386844635,0.42216646671295166,-0.09227462112903595,0.0462750568985939,0.4192426800727844,0.0009167026728391647,0.005296560004353523,0.9663134813308716,64,0.0397,0.0,1,0,9,0,6,1.0,,,,,,,0.09549139440059662,0.6590103507041931,2.0269229412078857,0.01735,,0.2708
346,100000,0.0,24,2,0.3333,29.83,0.3333,0.003208645386621356,0.20789805054664612,0.21372860670089722,0.40796026587486267,-0.09498783200979233,0.018184415996074677,0.4635319113731384,0.000844008638523519,0.006094674114137888,0.7862731218338013,64,0.0228,0.333,2,0,4,0,8,0.75,,,,,,,0.12080768495798111,0.6146478652954102,2.0251269340515137,0.01734,,0.2708
347,100000,0.0,24,2,0.375,29.88,0.375,0.0018799215322360396,0.21999439597129822,0.23271150887012482,0.4177628457546234,-0.08659464120864868,0.06510193645954132,0.37141504883766174,0.0009266299312002957,0.005477130878716707,1.129499912261963,64,0.0329,0.375,3,0,5,0,5,1.0,,,,,,,0.07666636258363724,0.8268892765045166,2.1235692501068115,0.01735,,0.2708
348,100000,0.0,24,2,0.1667,29.67,0.1667,0.0026079288218170404,0.20935899019241333,0.2122780978679657,0.3991774618625641,-0.09651871025562286,0.08319099992513657,0.3260640501976013,0.0010883895447477698,0.006500265095382929,0.8320078253746033,64,0.0267,0.167,2,0,4,1,8,0.875,,,,,,,0.11600697040557861,0.7971363067626953,2.156930446624756,0.01732,,0.2708
349,100000,0.0,24,2,0.125,30.0,0.125,0.0019001971231773496,0.23098990321159363,0.23145940899848938,0.5649577379226685,-0.09220606833696365,0.11822819709777832,0.41705262660980225,0.0012656378094106913,0.007309521082788706,1.1916780471801758,64,0.021,0.125,2,0,6,1,6,0.667,,,,,,,0.07737497985363007,0.7075052261352539,2.050952672958374,0.01729,,0.2708
350,100000,0.0,24,2,0.0,29.86,0.0,0.0021510026417672634,0.1917496919631958,0.19613777101039886,0.445313960313797,-0.09724678099155426,0.06136634573340416,0.41731107234954834,0.0010154518531635404,0.005033975932747126,0.652826726436615,64,0.032,0.0,2,0,6,1,7,0.714,0.0517,0.3139,0.104,1,40,3,0.14896263182163239,0.7270068526268005,2.0434725284576416,0.01727,0.0833,0.2708
351,100000,0.0,24,2,0.0,30.0,0.0,0.0015765140997245908,0.20871788263320923,0.19855543971061707,0.3929165303707123,-0.09481488168239594,0.033085741102695465,0.41890832781791687,0.0009200831991620362,0.005303207319229841,0.8133658766746521,64,0.0278,0.0,5,0,4,0,7,0.571,,,,,,,0.11657100170850754,0.7655496597290039,2.039964437484741,0.01723,,0.2708
352,100000,0.0,24,2,0.25,29.75,0.25,0.0027080210857093334,0.1599334478378296,0.1564413607120514,0.47780728340148926,-0.09261901676654816,0.09813740104436874,0.3712945282459259,0.0014006843557581306,0.005713948514312506,0.9738957285881042,64,0.0173,0.25,1,0,6,0,7,0.571,,,,,,,0.09510158002376556,0.836717963218689,2.109133720397949,0.01721,,0.2708
353,100000,0.0,24,2,0.2,30.0,0.2,0.001369392848573625,0.20364655554294586,0.20893892645835876,0.4346473217010498,-0.0938575342297554,0.0541750006377697,0.41694915294647217,0.0009088204824365675,0.006411418318748474,0.8430199027061462,64,0.0335,0.2,1,0,4,0,10,0.8,,,,,,,0.1113348975777626,0.8262311816215515,2.088901996612549,0.01724,,0.2708
354,100000,0.0,24,2,0.1429,29.71,0.1429,0.0018445674795657396,0.18889662623405457,0.1882186084985733,0.600117027759552,-0.0955733209848404,0.16037043929100037,0.3720622658729553,0.0011110738851130009,0.005774341989308596,0.6577169895172119,64,0.0292,0.143,2,0,5,1,7,0.857,,,,,,,0.14531069993972778,0.9410518407821655,2.0670220851898193,0.01724,,0.2708
355,100000,0.0,24,2,0.4,30.0,0.4,0.0022234939970076084,0.27665644884109497,0.26322126388549805,0.3679603040218353,-0.09516428411006927,0.04442676156759262,0.37162625789642334,0.0010245740413665771,0.005289606750011444,1.3147660493850708,64,0.0355,0.4,3,0,3,0,8,0.875,,,,,,,0.0723811537027359,0.7259529829025269,2.1248722076416016,0.01724,,0.2708
356,100000,0.0,24,2,0.0,30.0,0.0,0.0018022276926785707,0.23782503604888916,0.23020246624946594,0.5408303141593933,-0.09638173878192902,0.08569963276386261,0.4636819362640381,0.0011115171946585178,0.004261775407940149,0.5623162388801575,64,0.033,0.0,4,0,5,0,7,0.857,,,,,,,0.17140130698680878,0.6393547654151917,1.9376437664031982,0.01724,,0.2708
357,100000,0.0,24,2,0.1667,29.5,0.1667,0.0030119000002741814,0.16851095855236053,0.16590216755867004,0.7097882628440857,-0.09406670928001404,0.10979686677455902,0.582154393196106,0.0010098284110426903,0.004213664215058088,0.7482296228408813,64,0.0228,0.167,3,0,4,1,7,1.0,0.0607,0.3158,0.062,1,38,7,0.12571904063224792,0.7161335945129395,1.9997684955596924,0.01727,0.0417,0.2708
358,100000,0.0,24,2,0.2857,29.43,0.2857,0.0013648143503814936,0.22058843076229095,0.20948681235313416,0.47600942850112915,-0.0925285741686821,0.09463139623403549,0.3774058222770691,0.0006718419608660042,0.003738732310011983,1.102080225944519,64,0.0244,0.286,5,0,4,1,4,0.75,,,,,,,0.08395811170339584,0.7456912994384766,2.046776533126831,0.01727,,0.2708
359,100000,0.0,24,2,0.0,30.0,0.0,0.0032399999909102917,0.24925708770751953,0.24604755640029907,0.497945100069046,-0.09734898805618286,0.05687372013926506,0.4795174300670624,0.000972335459664464,0.004058399237692356,0.636936604976654,64,0.0247,0.0,4,0,3,0,9,1.0,,,,,,,0.15283936262130737,0.6761932373046875,2.0255839824676514,0.0173,,0.2708
360,100000,0.0,24,2,0.1429,30.0,0.1429,0.0011310658883303404,0.20019453763961792,0.19951684772968292,0.5477858781814575,-0.0959566980600357,0.12345897406339645,0.3946702480316162,0.001023398363031447,0.004308760166168213,0.8703429102897644,64,0.0319,0.143,2,0,6,0,7,0.857,,,,,,,0.11025159060955048,0.7140977382659912,2.03783917427063,0.01732,,0.2708
361,100000,0.0,24,2,0.125,30.0,0.125,0.002363258972764015,0.26249417662620544,0.26915696263313293,0.4039873778820038,-0.09680343419313431,0.06316499412059784,0.3719288110733032,0.0009764106944203377,0.005064021330326796,0.9094294905662537,64,0.0267,0.125,3,0,7,0,5,1.0,,,,,,,0.10644412785768509,0.8776876330375671,2.1130781173706055,0.01733,,0.2708
362,100000,0.0,24,2,0.1429,29.86,0.1429,0.00285136210732162,0.19691480696201324,0.183807373046875,0.4583207666873932,-0.08952002227306366,0.06376376003026962,0.417896032333374,0.0011774204904213548,0.004834445659071207,1.1485241651535034,64,0.0356,0.143,2,0,6,0,7,1.0,,,,,,,0.07794351875782013,0.7383960485458374,2.051706314086914,0.01736,,0.2708
363,100000,0.0,24,2,0.25,30.0,0.25,0.0013164044357836246,0.22241857647895813,0.22429269552230835,0.47625526785850525,-0.09535346180200577,0.06656016409397125,0.43550559878349304,0.0009599889162927866,0.005965597927570343,0.7020271420478821,64,0.0182,0.25,6,0,3,0,6,0.833,,,,,,,0.13582588732242584,0.7161502242088318,1.9901700019836426,0.01735,,0.2708
364,100000,0.0,24,2,0.1429,30.0,0.1429,0.0012947674840688705,0.1534554809331894,0.15021942555904388,0.357656329870224,-0.09466162323951721,0.061568163335323334,0.32595741748809814,0.0010147496359422803,0.006448474247008562,1.0441482067108154,64,0.0435,0.143,2,0,5,1,7,0.857,0.0492,0.2124,0.062,0,42,3,0.09065918624401093,0.6114003658294678,2.1733551025390625,0.01737,0.0625,0.2708
365,100000,0.0,24,2,0.1667,30.0,0.1667,0.0018963438924401999,0.24441954493522644,0.23916715383529663,0.5964565873146057,-0.08468768000602722,0.09560553729534149,0.48792341351509094,0.0010192763293161988,0.004019579384475946,0.7027031183242798,64,0.0234,0.167,2,0,5,0,8,1.0,,,,,,,0.12051700800657272,0.9543824195861816,1.9256600141525269,0.01744,,0.2708
366,100000,0.0,24,2,0.2,29.8,0.2,0.0020353947766125202,0.2245408594608307,0.2135852873325348,0.4136449992656708,-0.09012617915868759,0.0874338299036026,0.3254883289337158,0.0010567852295935154,0.006830386817455292,1.0598946809768677,64,0.0274,0.2,4,0,4,0,7,1.0,,,,,,,0.08503314852714539,0.7434655427932739,2.219165802001953,0.01748,,0.2708
367,100000,0.0,24,2,0.0,29.75,0.0,0.002707835752516985,0.19656936824321747,0.1858687400817871,0.6409952044487,-0.095840685069561,0.18082714080810547,0.3714900314807892,0.0014300082111731172,0.007383184973150492,0.6819578409194946,64,0.0346,0.0,5,0,3,1,7,0.857,,,,,,,0.1405375599861145,0.8597575426101685,2.0854878425598145,0.01746,,0.2708
368,100000,0.0,24,2,0.25,29.88,0.25,0.0017420182703062892,0.20081797242164612,0.20958179235458374,0.31688493490219116,-0.08808793127536774,0.03854077309370041,0.32549771666526794,0.0008101969142444432,0.004787232261151075,1.4206255674362183,64,0.0367,0.25,1,0,6,0,7,0.714,,,,,,,0.06200644001364708,0.6354384422302246,2.174830198287964,0.01746,,0.2708
369,100000,0.0,24,2,0.0,30.0,0.0,0.003734786994755268,0.209217831492424,0.21475651860237122,0.3631516396999359,-0.08927826583385468,0.039571285247802734,0.37098604440689087,0.0010032865684479475,0.004602639935910702,1.2565548419952393,64,0.0328,0.2,3,1,4,0,8,1.0,,,,,,,0.07105003297328949,0.6822237968444824,2.119399070739746,0.01748,,0.2708
370,100000,0.0,24,2,0.0,29.86,0.0,0.002389102941378951,0.18763774633407593,0.18737372756004333,0.42223408818244934,-0.0967056006193161,0.049509964883327484,0.41728878021240234,0.0010532236192375422,0.005261985119432211,0.7905387282371521,64,0.0429,0.0,0,0,6,1,9,0.778,,,,,,,0.1223287284374237,0.7093658447265625,2.0587925910949707,0.01748,,0.2708
371,100000,0.0,24,2,0.0,29.4,0.0,0.0017458489164710045,0.2722122073173523,0.2599110007286072,0.508999228477478,-0.09654447436332703,0.09258781373500824,0.4178296625614166,0.0009751003235578537,0.005076942499727011,0.7554015517234802,64,0.0206,0.0,2,0,4,1,9,0.778,0.048,0.2685,0.188,2,31,8,0.12780550122261047,0.8396560549736023,2.054986000061035,0.01749,0.1458,0.2708
372,100000,0.0,24,2,0.0,30.0,0.0,0.0025430212263017893,0.19654838740825653,0.18828719854354858,0.597760796546936,-0.09542093425989151,0.13683754205703735,0.4170062243938446,0.0008379298378713429,0.005000817123800516,0.742239236831665,64,0.0236,0.0,3,0,7,0,6,1.0,,,,,,,0.1285581886768341,0.8213391304016113,2.02396821975708,0.01752,,0.2708
373,100000,0.0,24,2,0.1,29.6,0.1,0.0015749766025692225,0.1977955400943756,0.20062650740146637,0.42637431621551514,-0.08803430944681168,0.09253346920013428,0.3268921971321106,0.001086084870621562,0.0048989588394761086,1.0825060606002808,64,0.0335,0.1,4,0,8,1,2,1.0,,,,,,,0.08132454007863998,0.7918977737426758,2.1763100624084473,0.01751,,0.2708
374,100000,0.0,24,2,0.1667,30.0,0.1667,0.0018331927713006735,0.22011545300483704,0.21709200739860535,0.4980970323085785,-0.09727999567985535,0.06464838981628418,0.4631412625312805,0.0014456833014264703,0.005877959541976452,0.8786435127258301,64,0.0229,0.167,2,0,5,0,8,0.625,,,,,,,0.11071611940860748,0.6636871099472046,1.9872488975524902,0.01754,,0.2708
375,100000,0.0,24,2,0.2,29.2,0.2,0.0015102775068953633,0.18310801684856415,0.17920133471488953,0.48030805587768555,-0.09324778616428375,0.08656919002532959,0.3980367183685303,0.0008329332922585309,0.004761450923979282,1.0660725831985474,64,0.0441,0.2,3,0,1,3,8,1.0,,,,,,,0.08746851980686188,0.7061235308647156,2.066188097000122,0.01755,,0.2708
376,100000,0.0,24,2,0.1667,30.0,0.1667,0.0015678982017561793,0.18831594288349152,0.1839677095413208,0.33340394496917725,-0.09272316843271255,0.04866175353527069,0.3259669542312622,0.0015550986863672733,0.0056732879020273685,1.2824578285217285,64,0.03,0.167,1,0,5,0,9,0.889,,,,,,,0.07230114936828613,0.7029750347137451,2.1948742866516113,0.01756,,0.2708
377,100000,0.0,24,2,0.1429,29.86,0.1429,0.004309548996388912,0.2636796832084656,0.27067139744758606,0.4051862955093384,-0.09519676119089127,0.08556949347257614,0.3256741166114807,0.001065900200046599,0.007139902096241713,1.0234882831573486,64,0.0257,0.143,2,0,6,0,7,0.857,,,,,,,0.09301206469535828,0.6922307014465332,2.1740360260009766,0.0176,,0.2708
378,100000,0.0,24,2,0.0,30.0,0.0,0.00405153539031744,0.18614435195922852,0.17020493745803833,0.46681544184684753,-0.08979484438896179,0.0653073862195015,0.42246514558792114,0.0010939593194052577,0.007060696836560965,1.0739282369613647,64,0.0366,0.0,3,0,3,0,10,0.9,0.0488,0.2562,0.146,2,34,7,0.08361344784498215,0.6605606079101562,2.082141876220703,0.01764,0.1042,0.2708
379,100000,0.0,24,2,0.1667,30.0,0.1667,0.0019503678195178509,0.2446148693561554,0.25179606676101685,0.44718870520591736,-0.09312192350625992,0.09475090354681015,0.3474186062812805,0.0009245526744052768,0.0067804474383592606,0.9671036601066589,64,0.0153,0.167,4,0,5,0,6,0.667,,,,,,,0.0962894931435585,0.6982935667037964,2.1142759323120117,0.01763,,0.2708
380,100000,0.0,24,2,0.0,29.67,0.0,0.0011728289537131786,0.2340364158153534,0.23657254874706268,0.38198569416999817,-0.09323529899120331,0.0505896732211113,0.37146252393722534,0.0007671426865272224,0.005158219952136278,0.9925304651260376,64,0.0242,0.0,2,0,1,2,11,0.818,,,,,,,0.0939369648694992,0.7162882089614868,2.0952506065368652,0.01764,,0.2708
381,100000,0.0,24,2,0.375,29.88,0.375,0.001170182484202087,0.24083498120307922,0.24451503157615662,0.47193416953086853,-0.08526443690061569,0.11196756362915039,0.3308350443840027,0.0009619835764169693,0.004856863059103489,0.9520784616470337,64,0.0332,0.375,2,0,5,0,6,0.667,,,,,,,0.08955609798431396,0.9141381978988647,2.178360939025879,0.01761,,0.2708
382,100000,0.0,24,2,0.1,30.0,0.1,0.001451060175895691,0.19794541597366333,0.20637726783752441,0.500308632850647,-0.09554730355739594,0.05874946340918541,0.4763171076774597,0.000927845248952508,0.004079768899828196,0.703948438167572,64,0.0201,0.2,3,1,8,0,3,1.0,,,,,,,0.1357305347919464,0.6777565479278564,1.9355852603912354,0.01758,,0.2708
383,100000,0.0,24,2,0.0,29.43,0.0,0.0025867619551718235,0.19106149673461914,0.200065016746521,0.5631774067878723,-0.09275504946708679,0.11041464656591415,0.4332992136478424,0.0008135827956721187,0.0036078174598515034,0.9745880961418152,64,0.0272,0.0,1,0,5,2,8,0.875,,,,,,,0.09517359733581543,0.7541364431381226,2.023258924484253,0.01758,,0.2708
384,100000,0.0,24,2,0.1667,29.5,0.1667,0.001861336175352335,0.2511165142059326,0.24678346514701843,0.3034977316856384,-0.09968339651823044,0.015218883752822876,0.3710932731628418,0.001217666082084179,0.0033001750707626343,0.6003056168556213,64,0.0325,0.333,3,1,3,1,7,1.0,,,,,,,0.1660543978214264,0.6580466628074646,2.1448543071746826,0.01761,,0.2708
385,100000,0.0,24,2,0.2,29.6,0.2,0.0021111664827913046,0.27062463760375977,0.26577889919281006,0.4183907210826874,-0.09421104192733765,0.06918217241764069,0.3719741106033325,0.0008794106543064117,0.004526636563241482,1.2865815162658691,64,0.0337,0.2,2,0,3,1,9,0.889,0.048,0.3012,0.188,0,35,4,0.07322586327791214,0.6774494051933289,2.079798698425293,0.01764,0.1875,0.2708
386,100000,0.0,24,2,0.5,30.0,0.5,0.003152243560180068,0.19793443381786346,0.19054558873176575,0.5651410222053528,-0.0980309471487999,0.05334988981485367,0.554049015045166,0.0008844448602758348,0.0048463852144777775,0.7349472641944885,64,0.0128,0.5,1,0,3,0,9,1.0,,,,,,,0.13338500261306763,0.710157573223114,2.0130558013916016,0.01769,,0.2708
387,100000,0.0,24,2,0.1667,30.0,0.1667,0.0013005061773583293,0.22960010170936584,0.22872623801231384,0.557547390460968,-0.09407861530780792,0.15027570724487305,0.34862661361694336,0.000810646393802017,0.004895975347608328,0.9547862410545349,64,0.0248,0.167,2,0,5,0,8,0.875,,,,,,,0.09853368997573853,0.7961456179618835,2.14105224609375,0.01771,,0.2708
388,100000,0.0,24,2,0.2,30.0,0.2,0.0018462655134499073,0.2053009420633316,0.21569916605949402,0.4368177652359009,-0.08944244682788849,0.05222446843981743,0.4191979169845581,0.0009941867319867015,0.005226726643741131,1.0134891271591187,64,0.028,0.2,2,0,3,1,9,0.778,,,,,,,0.0882520079612732,0.787874698638916,2.0554587841033936,0.01771,,0.2708
389,100000,0.0,24,2,0.0,28.75,0.0,0.002540494315326214,0.24139229953289032,0.23673172295093536,0.41589412093162537,-0.09021127223968506,0.06605678051710129,0.3718152642250061,0.0008646800415590405,0.004353104159235954,0.8993776440620422,64,0.061,0.0,4,0,6,2,4,1.0,,,,,,,0.10030411183834076,0.7854279279708862,2.175114154815674,0.01769,,0.2708
390,100000,0.0,24,2,0.0,30.0,0.0,0.0021634730510413647,0.18869195878505707,0.18034519255161285,0.46360471844673157,-0.09439300000667572,0.04534148424863815,0.46368616819381714,0.0012462777085602283,0.00725716445595026,0.8949665427207947,64,0.0143,0.0,1,0,4,0,11,0.727,,,,,,,0.10547098517417908,0.8301238417625427,1.9831739664077759,0.01771,,0.2708
391,100000,0.0,24,2,0.1667,29.5,0.1667,0.0027101230807602406,0.22300449013710022,0.22049856185913086,0.41030794382095337,-0.09714809060096741,0.06703219562768936,0.3711886703968048,0.0010073167504742742,0.0044059911742806435,0.6677104830741882,64,0.0277,0.333,3,1,4,0,7,1.0,,,,,,,0.14549431204795837,0.7780331373214722,2.118765354156494,0.01771,,0.2708
392,100000,0.0,24,2,0.0,30.0,0.0,0.0017586611211299896,0.19208288192749023,0.19214004278182983,0.36998075246810913,-0.09265787154436111,0.04417644068598747,0.3712785243988037,0.0006258470239117742,0.006014473270624876,0.7549390196800232,64,0.0181,0.0,2,0,5,1,8,0.75,0.0459,0.2866,0.188,1,38,1,0.12273557484149933,0.7028009295463562,2.1164205074310303,0.01768,0.1667,0.2708
393,100000,0.0,24,2,0.1429,29.57,0.1429,0.0017236392013728619,0.2170211374759674,0.22100330889225006,0.5783430337905884,-0.09374324977397919,0.10119439661502838,0.46682173013687134,0.000924744235817343,0.005751440767198801,0.6701908707618713,64,0.0233,0.143,2,0,4,2,7,0.857,,,,,,,0.13987544178962708,0.6924847960472107,1.957943081855774,0.01768,,0.2708
394,100000,0.0,24,2,0.1111,30.0,0.1111,0.001436264836229384,0.20962563157081604,0.21529905498027802,0.39577043056488037,-0.09273478388786316,0.05519319698214531,0.37584495544433594,0.000991001375950873,0.0045476979576051235,0.7912481427192688,64,0.0196,0.111,3,0,8,0,4,0.75,,,,,,,0.11720063537359238,0.6878895163536072,2.0887038707733154,0.01765,,0.2708
395,100000,0.0,24,2,0.0,30.0,0.0,0.0013984688557684422,0.23802855610847473,0.23298107087612152,0.3913397490978241,-0.09822392463684082,0.034840941429138184,0.41724783182144165,0.0011992717627435923,0.005267894361168146,0.6553230881690979,64,0.0241,0.0,4,0,6,0,6,1.0,,,,,,,0.14988625049591064,0.6960029602050781,2.0740888118743896,0.01764,,0.2708
396,100000,0.0,24,2,0.4,29.8,0.4,0.0013421638868749142,0.23550868034362793,0.23361167311668396,0.5839934945106506,-0.09151624143123627,0.10105963796377182,0.47083109617233276,0.0011096015805378556,0.005118783097714186,1.048519492149353,64,0.0324,0.4,4,0,3,0,7,0.571,,,,,,,0.08728139102458954,0.7702719569206238,2.17970609664917,0.01762,,0.2708
397,100000,0.0,24,2,0.2857,29.57,0.2857,0.0020232812967151403,0.20997178554534912,0.22134634852409363,0.4218534827232361,-0.09580793976783752,0.06745708733797073,0.38044819235801697,0.0009274917538277805,0.00459812069311738,1.3209079504013062,64,0.045,0.286,2,0,4,1,7,0.857,,,,,,,0.07253188639879227,0.7308065295219421,2.0650746822357178,0.01761,,0.2708
398,100000,0.0,24,2,0.0,29.43,0.0,0.002719685435295105,0.21619102358818054,0.21021130681037903,0.325533926486969,-0.09709693491458893,0.024216165766119957,0.3719756603240967,0.0007430552504956722,0.004445740953087807,0.8667909502983093,64,0.039,0.143,1,1,4,2,8,1.0,,,,,,,0.11201886832714081,0.7178849577903748,2.1078076362609863,0.01763,,0.2708
399,100000,0.0,24,2,0.0,30.0,0.0,0.001093209022656083,0.22853252291679382,0.22866752743721008,0.40252095460891724,-0.09604936838150024,0.08517910540103912,0.32562240958213806,0.0007735232939012349,0.005179401952773333,0.7920472621917725,64,0.0194,0.0,1,0,7,0,8,0.875,0.0443,0.2966,0.042,0,42,4,0.12126722186803818,0.7504615783691406,2.1829543113708496,0.01759,0.0417,0.2708
400,100000,0.0,24,2,0.1111,30.0,0.1111,0.0026128250174224377,0.1776188313961029,0.1725258082151413,0.48446598649024963,-0.09463270008563995,0.05544471740722656,0.4648067355155945,0.0011536601232364774,0.00680502038449049,0.7921156287193298,64,0.0251,0.111,0,0,8,0,7,1.0,,,,,,,0.11946828663349152,0.6916560530662537,1.9933912754058838,0.01757,,0.2708
401,100000,0.0,24,2,0.1667,30.0,0.1667,0.0019713754300028086,0.24989360570907593,0.25693362951278687,0.3337843120098114,-0.09670872241258621,0.051388658583164215,0.32539689540863037,0.0010508705163374543,0.0046376571990549564,0.8890314102172852,64,0.021,0.167,2,0,4,1,8,0.875,,,,,,,0.10877987742424011,0.6734444499015808,2.176374912261963,0.01758,,0.2708
402,100000,0.0,24,2,0.3,29.6,0.3,0.0029878842178732157,0.2165566384792328,0.2100105583667755,0.5334811210632324,-0.09683537483215332,0.05891571193933487,0.510447084903717,0.0010223306016996503,0.004076034761965275,0.7805950045585632,64,0.0298,0.3,4,0,7,0,2,1.0,,,,,,,0.12405329942703247,0.6241475343704224,1.8779147863388062,0.01757,,0.2708
403,100000,0.0,24,2,0.2,30.0,0.2,0.0011110010091215372,0.20038916170597076,0.2058757245540619,0.5040078163146973,-0.09313611686229706,0.086337149143219,0.4210722744464874,0.0009347482700832188,0.006794692948460579,1.0406370162963867,64,0.0297,0.2,2,0,4,0,9,1.0,,,,,,,0.08949913829565048,0.7201353907585144,2.058772563934326,0.01759,,0.2708
404,100000,0.0,24,2,0.4286,29.29,0.4286,0.0014577279798686504,0.23884251713752747,0.23341548442840576,0.4377739429473877,-0.08869668841362,0.0757279098033905,0.3719675838947296,0.0014571811771020293,0.006094454322010279,1.356882929801941,64,0.0274,0.429,0,0,3,1,9,1.0,,,,,,,0.06536796689033508,0.8216651678085327,2.109387159347534,0.0176,,0.2708
405,100000,0.0,24,2,0.0,30.0,0.0,0.002616198966279626,0.18610796332359314,0.19026148319244385,0.34489792585372925,-0.0990942046046257,0.04844074696302414,0.3449629843235016,0.001764620770700276,0.00429529370740056,0.8196312785148621,64,0.0323,0.0,2,0,5,0,9,0.778,,,,,,,0.1209009513258934,0.7067221403121948,2.11260986328125,0.01762,,0.2708
406,100000,0.0,24,2,0.25,30.0,0.25,0.001242035417817533,0.26279664039611816,0.25888264179229736,0.4201812744140625,-0.09484498202800751,0.07020799070596695,0.37169766426086426,0.0009050996159203351,0.005825244355946779,0.9457897543907166,64,0.0223,0.25,4,0,6,0,4,1.0,0.0501,0.3101,0.167,1,37,3,0.1002812460064888,0.7703966498374939,2.1100282669067383,0.01761,0.1458,0.2708
407,100000,0.0,24,2,0.1667,29.83,0.1667,0.0017543708672747016,0.21534067392349243,0.22488601505756378,0.5938939452171326,-0.09534943103790283,0.06015780195593834,0.565899133682251,0.0009187315008603036,0.006057280115783215,0.8786613345146179,64,0.0289,0.167,1,0,5,0,9,0.889,,,,,,,0.10851670801639557,0.7214712500572205,2.1058735847473145,0.01761,,0.2708
408,100000,0.0,24,2,0.1111,28.89,0.1111,0.001565632876008749,0.2631896734237671,0.2713615298271179,0.5958425998687744,-0.0986655205488205,0.05029826983809471,0.5912352800369263,0.0009229741990566254,0.005352574400603771,0.836357057094574,64,0.0485,0.222,0,1,5,2,7,0.857,,,,,,,0.11797057092189789,0.7785787582397461,2.021008014678955,0.01759,,0.2708
409,100000,0.0,24,2,0.3333,30.0,0.3333,0.0017685152124613523,0.20975913107395172,0.2053445279598236,0.3584866523742676,-0.09443538635969162,0.03975585848093033,0.37136897444725037,0.001026916434057057,0.004082670900970697,1.054000735282898,64,0.0338,0.333,2,0,4,0,8,0.75,,,,,,,0.08959707617759705,0.6656398773193359,2.1372344493865967,0.01757,,0.2708
410,100000,0.0,24,2,0.3333,29.89,0.3333,0.0010403546039015055,0.20330187678337097,0.21135541796684265,0.3750300407409668,-0.08766913414001465,0.06657718122005463,0.32734033465385437,0.0008320111082866788,0.004408964421600103,1.1870101690292358,64,0.026,0.333,1,0,6,0,6,1.0,,,,,,,0.07385709881782532,0.7471563816070557,2.211052417755127,0.01758,,0.2708
411,100000,0.0,24,2,0.0,30.0,0.0,0.001458662562072277,0.1736636459827423,0.18273428082466125,0.41337695717811584,-0.09741400182247162,0.04519399255514145,0.4172906279563904,0.0012758736265823245,0.0062247165478765965,0.8984767198562622,64,0.0171,0.0,1,0,5,1,9,0.556,,,,,,,0.10842128843069077,0.7331332564353943,2.088871955871582,0.01755,,0.2708
412,100000,0.0,24,2,0.1111,30.0,0.1111,0.002462220611050725,0.23758909106254578,0.23040592670440674,0.6150045394897461,-0.0961676687002182,0.06566906720399857,0.5778971314430237,0.000828498334158212,0.003873818553984165,0.6413645148277283,64,0.033,0.111,5,0,8,0,2,1.0,,,,,,,0.1499422937631607,0.7136356234550476,1.812782645225525,0.01751,,0.2708
413,100000,0.0,24,2,0.1111,29.78,0.1111,0.0016565356636419892,0.24506139755249023,0.2503179609775543,0.4004404842853546,-0.08742289245128632,0.03397127985954285,0.4173208475112915,0.0009620458004064858,0.005199997220188379,0.6953234076499939,64,0.0274,0.111,1,0,8,0,6,0.833,0.0456,0.3039,0.062,1,41,4,0.12572982907295227,0.7042266130447388,2.0682036876678467,0.01748,0.0417,0.2708
414,100000,0.0,24,2,0.2857,30.0,0.2857,0.00305677717551589,0.20666909217834473,0.21111717820167542,0.424044668674469,-0.09530586749315262,0.048267804086208344,0.4191736578941345,0.0011969450861215591,0.0072825318202376366,0.8920060992240906,64,0.0241,0.286,3,0,4,1,6,1.0,,,,,,,0.10684441775083542,0.677139401435852,2.0296716690063477,0.01751,,0.2708
415,100000,0.0,24,2,0.4286,30.0,0.4286,0.00266724219545722,0.26266342401504517,0.27127641439437866,0.36488664150238037,-0.09193682670593262,0.06483235955238342,0.3255705237388611,0.0007834350108169019,0.00317645026370883,0.780221164226532,64,0.0345,0.429,3,0,4,0,6,1.0,,,,,,,0.11783430725336075,0.8170613646507263,2.1733832359313965,0.01752,,0.2708
416,100000,0.0,24,2,0.0,29.75,0.0,0.0010583181865513325,0.23635897040367126,0.22746796905994415,0.4226413667201996,-0.09401050209999084,0.04857224225997925,0.41764700412750244,0.0008778170449659228,0.003720789449289441,0.8250099420547485,64,0.032,0.0,1,0,6,2,7,0.857,,,,,,,0.11395074427127838,0.8616079092025757,2.020888090133667,0.01754,,0.2708
417,100000,0.0,24,2,0.0,29.43,0.0,0.0017836915794759989,0.22617724537849426,0.22531238198280334,0.45665478706359863,-0.09646309912204742,0.09518744051456451,0.36054229736328125,0.0011988092446699739,0.004401471000164747,0.8941267132759094,64,0.032,0.0,1,0,6,1,8,0.75,,,,,,,0.10788527131080627,0.6730297803878784,2.0720713138580322,0.01754,,0.2708
418,100000,0.0,24,2,0.1429,28.43,0.1429,0.0015158320311456919,0.22857984900474548,0.22630047798156738,0.3698512315750122,-0.09761340916156769,0.046902358531951904,0.37117916345596313,0.0010131507879123092,0.004961495753377676,1.058499813079834,64,0.0239,0.143,4,0,4,2,5,0.6,,,,,,,0.09221863001585007,0.8506524562835693,2.096526622772217,0.01753,,0.2708
419,100000,0.0,24,2,0.2,30.0,0.2,0.004823725670576096,0.23829638957977295,0.2453320175409317,0.34351661801338196,-0.09733110666275024,0.03263111412525177,0.37347257137298584,0.000673233880661428,0.004225877579301596,0.7442979216575623,64,0.0311,0.4,3,1,3,0,8,1.0,,,,,,,0.1307690143585205,0.7349705696105957,2.126162052154541,0.01756,,0.2708
420,100000,0.0,24,2,0.125,30.0,0.125,0.0019544996321201324,0.18280187249183655,0.18924643099308014,0.4750411808490753,-0.09523439407348633,0.11632825434207916,0.33488529920578003,0.001436511636711657,0.005467534996569157,0.9640830159187317,64,0.0198,0.125,3,0,6,1,5,1.0,0.0516,0.3234,0.042,0,42,4,0.09878234565258026,0.8521894216537476,2.0975303649902344,0.01754,0.0417,0.2708
421,100000,0.0,24,2,0.0,30.0,0.0,0.0017629596404731274,0.290190726518631,0.2871914505958557,0.49609437584877014,-0.0966702252626419,0.06283937394618988,0.46275794506073,0.0010652057826519012,0.008655847050249577,0.5986842513084412,64,0.0293,0.0,1,0,3,0,12,0.833,,,,,,,0.16147112846374512,0.7582232356071472,1.9909175634384155,0.01754,,0.2708
422,100000,0.0,24,2,0.4286,30.0,0.4286,0.0023093349300324917,0.19678615033626556,0.18310490250587463,0.3999418616294861,-0.09722140431404114,0.03875013068318367,0.4180675446987152,0.0007766422349959612,0.003190954215824604,0.8762990832328796,64,0.0305,0.429,3,0,4,0,6,0.667,,,,,,,0.11094546318054199,0.6777097582817078,2.081177234649658,0.01754,,0.2708
423,100000,0.0,24,2,0.1429,30.0,0.1429,0.001523263519629836,0.23301666975021362,0.22744415700435638,0.4370759129524231,-0.08540643751621246,0.07350963354110718,0.3726421296596527,0.0007881800411269069,0.0056419214233756065,1.4333322048187256,64,0.0273,0.143,2,0,6,0,7,0.571,,,,,,,0.05958592891693115,0.8246466517448425,2.090486764907837,0.01753,,0.2708
424,100000,0.0,24,2,0.0,29.88,0.0,0.004452118184417486,0.26555824279785156,0.27918532490730286,0.44634294509887695,-0.09614969044923782,0.06131008267402649,0.41790494322776794,0.0008024306152947247,0.003935042303055525,0.6163023114204407,64,0.0326,0.0,0,0,7,1,8,0.875,,,,,,,0.15601059794425964,0.6902036070823669,2.0607168674468994,0.01752,,0.2708
425,100000,0.0,24,2,0.4,29.4,0.4,0.001543502090498805,0.24440398812294006,0.24590635299682617,0.39626345038414,-0.08770506083965302,0.07765285670757294,0.3265131413936615,0.000602890329901129,0.004299366846680641,0.9938408136367798,64,0.028,0.4,4,0,2,1,7,1.0,,,,,,,0.0882486030459404,0.6870757937431335,2.171320676803589,0.01756,,0.2708
426,100000,0.0,24,2,0.1667,30.0,0.1667,0.0017772031715139747,0.26984965801239014,0.2719244360923767,0.6984511017799377,-0.09586426615715027,0.09276755899190903,0.6063429117202759,0.0010030767880380154,0.004874715115875006,0.8379611968994141,64,0.0303,0.167,2,0,5,0,8,0.75,,,,,,,0.11440180242061615,0.7208606004714966,2.0869669914245605,0.01754,,0.2708
427,100000,0.0,24,2,0.0,30.0,0.0,0.0018159421160817146,0.22645877301692963,0.22717417776584625,0.3446793258190155,-0.09166000783443451,0.053321585059165955,0.3258487284183502,0.0009769443422555923,0.007694910746067762,1.181963324546814,64,0.021,0.0,3,0,6,0,7,0.857,0.0432,0.2265,0.104,0,35,8,0.07754894345998764,0.8027405738830566,2.2255282402038574,0.01752,0.1042,0.2708
428,100000,0.0,24,2,0.0,29.86,0.0,0.0016600231174379587,0.23033155500888824,0.24099820852279663,0.3673793375492096,-0.08760206401348114,0.06364341825246811,0.32546162605285645,0.0009441035217605531,0.00446587149053812,1.0080102682113647,64,0.0213,0.0,1,0,6,1,8,0.75,,,,,,,0.08690591156482697,0.7063104510307312,2.191768169403076,0.01752,,0.2708
429,100000,0.0,24,2,0.0,29.36,0.0,0.0022454301360994577,0.20712366700172424,0.2152661383152008,0.42014190554618835,-0.09481600672006607,0.09317347407341003,0.32663998007774353,0.0012010514037683606,0.003941982053220272,1.24441659450531,64,0.0276,0.0,0,0,8,3,5,0.4,,,,,,,0.07619313895702362,0.8234026432037354,2.1944103240966797,0.0175,,0.2708
430,100000,0.0,24,2,0.3333,30.0,0.3333,0.0017190556973218918,0.23532399535179138,0.23010215163230896,0.44107845425605774,-0.09560489654541016,0.08033452928066254,0.3739689886569977,0.00059025693917647,0.004090626258403063,1.2332842350006104,64,0.0141,0.333,1,0,4,0,9,0.889,,,,,,,0.07752057909965515,0.7178483009338379,2.100861072540283,0.01753,,0.2708
431,100000,0.0,24,2,0.0,30.0,0.0,0.0023404366802424192,0.2276671826839447,0.22533588111400604,0.39554405212402344,-0.08788205683231354,0.06729285418987274,0.34534579515457153,0.000974286871496588,0.006989225745201111,0.8497430086135864,64,0.0145,0.0,4,0,5,1,6,1.0,,,,,,,0.10342192649841309,0.7072811126708984,2.130779266357422,0.01753,,0.2708
432,100000,0.0,24,2,0.0,29.5,0.0,0.0013975545298308134,0.21525537967681885,0.21460577845573425,0.5958714485168457,-0.09467990696430206,0.10277443379163742,0.4804385006427765,0.001011321903206408,0.009127991273999214,0.771446943283081,64,0.0346,0.0,2,0,7,1,6,1.0,,,,,,,0.12273029237985611,0.8445703983306885,1.8959887027740479,0.01753,,0.2708
433,100000,0.0,24,2,0.1667,30.0,0.1667,0.0018276110058650374,0.1791292428970337,0.17820140719413757,0.5028800964355469,-0.09496808052062988,0.0430559478700161,0.5095128417015076,0.0009194361045956612,0.004446859937161207,0.8015441298484802,64,0.0301,0.167,4,0,5,0,6,1.0,,,,,,,0.11848141252994537,0.8598650693893433,1.943131685256958,0.01756,,0.2708
434,100000,0.0,24,2,0.1667,29.33,0.1667,0.0012214896269142628,0.21894730627536774,0.2202901542186737,0.42108553647994995,-0.09554243087768555,0.09403286874294281,0.32666704058647156,0.0009908926440402865,0.003790350863710046,0.8443131446838379,64,0.0337,0.167,3,0,3,2,7,0.857,0.0481,0.3139,0.146,2,35,6,0.11315995454788208,0.695591926574707,2.1449666023254395,0.01758,0.1042,0.2708
435,100000,0.0,24,2,0.3333,29.67,0.3333,0.0027755051851272583,0.2303646057844162,0.2287738174200058,0.5007531642913818,-0.09723635762929916,0.08852177113294601,0.4182756543159485,0.0009850079659372568,0.00534064369276166,0.7839182615280151,64,0.0382,0.333,2,0,4,0,8,0.875,,,,,,,0.12403889745473862,0.7041382193565369,2.0463833808898926,0.01757,,0.2708
436,100000,0.0,24,2,0.25,30.0,0.25,0.001319855684414506,0.18199022114276886,0.16654342412948608,0.39371156692504883,-0.08972757309675217,0.05494829639792442,0.37166911363601685,0.0008452212787233293,0.0037468441296368837,1.249541163444519,64,0.0203,0.25,2,0,6,0,6,0.833,,,,,,,0.07180842012166977,0.8344374895095825,2.101681709289551,0.01754,,0.2708
437,100000,0.0,24,2,0.0,30.0,0.0,0.001203092746436596,0.16455185413360596,0.16355997323989868,0.5925602316856384,-0.09501851350069046,0.05762189254164696,0.5701138377189636,0.0008462783880531788,0.004442241508513689,0.6078864336013794,64,0.0235,0.0,3,0,5,0,8,0.875,,,,,,,0.15630964934825897,0.6671313643455505,1.8745691776275635,0.01753,,0.2708
438,100000,0.0,24,2,0.1667,29.5,0.1667,0.0024813960772007704,0.19299419224262238,0.20291751623153687,0.5001717209815979,-0.09459984302520752,0.08762338757514954,0.41762739419937134,0.001191136077977717,0.0037948000244796276,0.9497590065002441,64,0.0186,0.167,2,0,4,1,8,0.5,,,,,,,0.0996040478348732,0.8672685623168945,2.0709474086761475,0.01752,,0.2708
439,100000,0.0,24,2,0.125,29.88,0.125,0.0021309559233486652,0.30108726024627686,0.30041560530662537,0.4423512816429138,-0.09303584694862366,0.0806027501821518,0.3714104890823364,0.0007481320644728839,0.005542259197682142,1.444337010383606,64,0.0236,0.125,1,0,6,1,7,1.0,,,,,,,0.06441421806812286,0.6494123935699463,2.1045994758605957,0.01751,,0.2708
440,100000,0.0,24,2,0.125,30.0,0.125,0.0021996579598635435,0.22244450449943542,0.2186693251132965,0.5928481817245483,-0.09593093395233154,0.06597931683063507,0.5547995567321777,0.000753171625547111,0.0040419623255729675,0.5924873948097229,64,0.0169,0.125,4,0,7,0,4,0.75,,,,,,,0.161912202835083,0.7037582397460938,1.8501232862472534,0.01747,,0.2708
441,100000,0.0,24,2,0.125,30.0,0.125,0.0016243592835962772,0.23639318346977234,0.23706892132759094,0.350404292345047,-0.09730343520641327,0.05982407182455063,0.32558491826057434,0.0007514799945056438,0.004949344787746668,1.0551378726959229,64,0.0224,0.125,1,0,6,1,7,1.0,0.0444,0.2088,0.042,1,45,1,0.09221868962049484,0.6899945139884949,2.2000386714935303,0.01747,0.0208,0.2708
442,100000,0.0,24,2,0.1667,30.0,0.1667,0.0011886381544172764,0.21144050359725952,0.20785242319107056,0.4450926184654236,-0.09147264063358307,0.05829499289393425,0.4172021746635437,0.0006711478345096111,0.00554621173068881,0.8070513010025024,64,0.0263,0.167,3,0,5,0,7,0.714,,,,,,,0.1133417934179306,0.7038721442222595,2.0804009437561035,0.01746,,0.2708
443,100000,0.0,24,2,0.3333,30.0,0.3333,0.0013046346139162779,0.19514569640159607,0.19020502269268036,0.406238853931427,-0.09385672956705093,0.08606504648923874,0.32548171281814575,0.0010947033297270536,0.0049675446934998035,1.0025800466537476,64,0.0166,0.333,3,0,4,0,7,1.0,,,,,,,0.09361519664525986,0.7298733592033386,2.186959743499756,0.01749,,0.2708
444,100000,0.0,24,2,0.125,30.0,0.125,0.0035957968793809414,0.1986008584499359,0.19954495131969452,0.3945816457271576,-0.09783555567264557,0.05423886328935623,0.38095057010650635,0.001225855783559382,0.0059777856804430485,1.1150869131088257,64,0.0187,0.125,2,0,7,0,6,1.0,,,,,,,0.0877380520105362,0.6812852621078491,2.0648279190063477,0.01748,,0.2708
445,100000,0.0,24,2,0.0,29.86,0.0,0.0022981083020567894,0.2065189778804779,0.2191096842288971,0.3393900990486145,-0.0929025337100029,0.05162481218576431,0.32548266649246216,0.001181822270154953,0.007120688911527395,1.127008318901062,64,0.0309,0.0,3,0,6,1,6,1.0,,,,,,,0.08243286609649658,0.7336174845695496,2.2225492000579834,0.01748,,0.2708
446,100000,0.0,24,2,0.0,30.0,0.0,0.0015593691496178508,0.16849835216999054,0.16971701383590698,0.5830082297325134,-0.09440483152866364,0.0825231671333313,0.5087826251983643,0.0013538029743358493,0.00716812489554286,0.7861253023147583,64,0.0315,0.2,3,1,4,0,8,0.875,,,,,,,0.12008878588676453,0.7108438014984131,1.9106864929199219,0.0175,,0.2708
447,100000,0.0,24,2,0.0,30.0,0.0,0.0015980161260813475,0.19839555025100708,0.20455032587051392,0.4171799421310425,-0.08481986075639725,0.087029367685318,0.32566356658935547,0.0007345287594944239,0.0045550051145255566,1.2402209043502808,64,0.0302,0.0,1,0,6,1,8,0.75,,,,,,,0.06839093565940857,0.7513641119003296,2.173287868499756,0.01745,,0.2708
448,100000,0.0,24,2,0.25,30.0,0.25,0.0015122444601729512,0.21436715126037598,0.20949409902095795,0.30909463763237,-0.08611275255680084,0.033572252839803696,0.3254317045211792,0.0009651686996221542,0.005262357648462057,1.6358898878097534,64,0.0209,0.25,3,0,6,0,5,1.0,0.0466,0.3004,0.125,1,37,5,0.05263969674706459,0.7931946516036987,2.209688663482666,0.01744,0.1042,0.2708
449,100000,0.0,24,2,0.0,30.0,0.0,0.0018863445147871971,0.22615759074687958,0.22783733904361725,0.502816915512085,-0.09287148714065552,0.08824502676725388,0.41689011454582214,0.0011828845599666238,0.004616474267095327,0.9326536059379578,64,0.0372,0.0,2,0,6,0,8,0.75,,,,,,,0.09957768023014069,0.7018419504165649,2.0690557956695557,0.01746,,0.2708
450,100000,0.0,24,2,0.1111,29.89,0.1111,0.0020514950156211853,0.20580732822418213,0.2170899510383606,0.35056039690971375,-0.0878361314535141,0.0427812859416008,0.3510841131210327,0.000888230511918664,0.003499663667753339,0.9002932906150818,64,0.0214,0.111,1,0,8,0,6,0.833,,,,,,,0.09756390750408173,0.7045612335205078,2.0372161865234375,0.01745,,0.2708
451,100000,0.0,24,2,0.3333,30.0,0.3333,0.0016921223141252995,0.1836618334054947,0.18292854726314545,0.4917370080947876,-0.09698590636253357,0.07915942370891571,0.4280339479446411,0.000913140072952956,0.004740225151181221,1.0719860792160034,64,0.0187,0.333,3,0,4,0,7,1.0,,,,,,,0.09047310054302216,0.7580382823944092,2.0981216430664062,0.01748,,0.2708
452,100000,0.0,24,2,0.2,29.6,0.2,0.003683948889374733,0.21202266216278076,0.21012908220291138,0.39376911520957947,-0.08574189990758896,0.0302409790456295,0.4173424243927002,0.0006992117268964648,0.003373268758878112,1.1414968967437744,64,0.0247,0.2,2,0,3,1,9,0.778,,,,,,,0.07511356472969055,0.7065240740776062,2.016179084777832,0.01749,,0.2708
453,100000,0.0,24,2,0.0,29.25,0.0,0.0018491004593670368,0.17884942889213562,0.18381328880786896,0.40133026242256165,-0.0923164039850235,0.05928795784711838,0.37300676107406616,0.0010718200355768204,0.004127998370677233,0.8225242495536804,64,0.0268,0.0,0,0,6,2,8,0.75,,,,,,,0.11223548650741577,0.9199053645133972,2.1212377548217773,0.01747,,0.2708
454,100000,0.0,24,2,0.1111,30.0,0.1111,0.001848353073000908,0.2403445541858673,0.2384393960237503,0.3792506158351898,-0.09291992336511612,0.022374887019395828,0.4248853921890259,0.0011967907194048166,0.005070733372122049,0.7721835970878601,64,0.017,0.111,3,0,7,1,4,0.75,,,,,,,0.12033398449420929,0.6734699606895447,2.0791103839874268,0.01745,,0.2708
455,100000,0.0,24,2,0.25,30.0,0.25,0.0019287880277261138,0.2269333451986313,0.2326778620481491,0.36719566583633423,-0.08688657730817795,0.062370579689741135,0.3264286518096924,0.000923562387470156,0.005824859254062176,1.3590868711471558,64,0.0329,0.25,3,0,5,1,5,1.0,0.0461,0.2785,0.146,2,39,2,0.06393011659383774,0.9158580303192139,2.160557270050049,0.01743,0.1042,0.2708
456,100000,0.0,24,2,0.25,30.0,0.25,0.0011260805185884237,0.21936215460300446,0.2162841409444809,0.3931313157081604,-0.09697476774454117,0.05802386999130249,0.3719775080680847,0.0011900635436177254,0.004161644261330366,0.9378600120544434,64,0.014,0.25,3,0,3,0,9,1.0,,,,,,,0.10340004414319992,0.6333021521568298,2.1256651878356934,0.01746,,0.2708
457,100000,0.0,24,2,0.0,30.0,0.0,0.0018114035483449697,0.1789882779121399,0.1851482093334198,0.4351496398448944,-0.0907474234700203,0.053484104573726654,0.4171106219291687,0.0009940658928826451,0.0036364984698593616,0.7781553268432617,64,0.0176,0.0,1,0,6,0,9,0.889,,,,,,,0.11661865562200546,0.7772486209869385,2.0650014877319336,0.01747,,0.2708
458,100000,0.0,24,2,0.0,30.0,0.0,0.002774119609966874,0.21222515404224396,0.20670856535434723,0.3248227834701538,-0.09919528663158417,0.025754889473319054,0.37114518880844116,0.0007062184740789235,0.002726168604567647,0.7944115996360779,64,0.0286,0.0,1,0,9,0,6,0.667,,,,,,,0.12486636638641357,0.6114978790283203,2.130431890487671,0.01739,,0.2708
459,100000,0.0,24,2,0.1429,29.57,0.1429,0.002231512451544404,0.1803293228149414,0.17868876457214355,0.42059263586997986,-0.08997658640146255,0.04560280963778496,0.4169904291629791,0.0007113045430742204,0.004746380727738142,1.1227748394012451,64,0.0233,0.143,2,0,5,1,7,1.0,,,,,,,0.0801376923918724,0.7026747465133667,2.0538229942321777,0.01743,,0.2708
460,100000,0.0,24,2,0.1667,30.0,0.1667,0.0022690349724143744,0.22191132605075836,0.22146786749362946,0.3355899453163147,-0.09638345241546631,0.05209924280643463,0.3257267475128174,0.0008584604365751147,0.004096359014511108,0.8210105895996094,64,0.0304,0.167,3,0,5,0,7,0.571,,,,,,,0.11739610880613327,0.6369572877883911,2.201331615447998,0.01741,,0.2708
461,100000,0.0,24,2,0.0,30.0,0.0,0.0022308239713311195,0.22645984590053558,0.22226935625076294,0.35520124435424805,-0.09522320330142975,0.03817357122898102,0.3714742362499237,0.0008885475690476596,0.005206096917390823,1.1175092458724976,64,0.0157,0.0,4,0,3,0,9,0.889,,,,,,,0.08521021902561188,0.68170166015625,2.1053385734558105,0.01741,,0.2708
462,100000,0.0,24,2,0.125,29.62,0.125,0.00134441873524338,0.19670778512954712,0.20025452971458435,0.4498988389968872,-0.08972518891096115,0.06045448035001755,0.4169637858867645,0.0008747478132136166,0.003502576844766736,1.0120683908462524,64,0.0243,0.125,3,0,7,0,5,1.0,0.0438,0.2321,0.188,3,37,2,0.0886552631855011,0.7854070663452148,2.020683765411377,0.01741,0.125,0.2708
463,100000,0.0,24,2,0.3333,29.33,0.3333,0.0017677678260952234,0.22479718923568726,0.21863842010498047,0.39452093839645386,-0.08965817093849182,0.07800557464361191,0.3255177140235901,0.0009923529578372836,0.005300520453602076,1.0167086124420166,64,0.0752,0.333,2,0,2,2,8,0.625,,,,,,,0.08818472921848297,0.7488126158714294,2.22446346282959,0.0174,,0.2708
464,100000,0.0,24,2,0.2857,30.0,0.2857,0.0013178582303225994,0.21196386218070984,0.21394693851470947,0.3590799570083618,-0.09610319137573242,0.06306137144565582,0.32646000385284424,0.001030783518217504,0.005200808867812157,0.992231547832489,64,0.0184,0.429,1,1,4,0,8,0.75,,,,,,,0.09685561805963516,0.7010876536369324,2.177765130996704,0.0174,,0.2708
465,100000,0.0,24,2,0.25,30.0,0.25,0.0023525040596723557,0.2938348650932312,0.2999960780143738,0.3435366153717041,-0.09613879024982452,0.05601769685745239,0.32552480697631836,0.0009108196245506406,0.004230409860610962,0.8659143447875977,64,0.0145,0.25,4,0,3,0,8,0.875,,,,,,,0.11102575808763504,0.6984138488769531,2.1916933059692383,0.01743,,0.2708
466,100000,0.0,24,2,0.3333,30.0,0.3333,0.0022041047923266888,0.23790469765663147,0.2363806515932083,0.3764215409755707,-0.09605133533477783,0.06679289788007736,0.3366454243659973,0.0008166386396624148,0.004483289085328579,0.8488882184028625,64,0.0232,0.333,4,0,2,0,9,1.0,,,,,,,0.11314957588911057,0.6886333227157593,2.10666561126709,0.01745,,0.2708
467,100000,0.0,24,2,0.0,30.0,0.0,0.0020976243540644646,0.20591935515403748,0.2009117603302002,0.4564830958843231,-0.09604457020759583,0.06621351838111877,0.417434424161911,0.000996603979729116,0.005332430824637413,0.8146076202392578,64,0.0214,0.0,1,0,7,1,7,1.0,,,,,,,0.11790285259485245,0.6210213899612427,2.058431625366211,0.01744,,0.2708
468,100000,0.0,24,2,0.0,30.0,0.0,0.001577337272465229,0.19551710784435272,0.19717586040496826,0.341713011264801,-0.09786303341388702,0.029603682458400726,0.378715455532074,0.00108824681956321,0.0033064570743590593,0.6997601985931396,64,0.0248,0.0,0,0,6,0,10,0.8,,,,,,,0.13985225558280945,0.6950871348381042,2.1035099029541016,0.01744,,0.2708
469,100000,0.0,24,2,0.25,29.12,0.25,0.0014996221289038658,0.25259172916412354,0.24999690055847168,0.40604686737060547,-0.08962953090667725,0.036739952862262726,0.4197147786617279,0.0008044983842410147,0.0049634105525910854,1.1901898384094238,64,0.043,0.375,3,1,3,2,5,0.8,0.0401,0.2458,0.146,1,35,6,0.07530692219734192,0.8061227798461914,2.0511512756347656,0.01744,0.125,0.2708
470,100000,0.0,24,2,0.0,29.12,0.0,0.004477303009480238,0.23025178909301758,0.24427855014801025,0.43509742617607117,-0.0964755266904831,0.033158835023641586,0.4630235433578491,0.0011111346539109945,0.004463511984795332,0.6845656037330627,64,0.0318,0.0,3,0,7,1,5,0.8,,,,,,,0.14092956483364105,0.6799263954162598,1.982876181602478,0.0174,,0.2708
471,100000,0.0,24,2,0.1111,30.0,0.1111,0.003713407088071108,0.20135673880577087,0.1989482194185257,0.5180373191833496,-0.09573474526405334,0.0730920284986496,0.46620631217956543,0.0007864434737712145,0.002763374475762248,0.8455817103385925,64,0.0415,0.111,1,0,8,0,6,0.833,,,,,,,0.11321760714054108,0.7930647730827332,1.986345648765564,0.01739,,0.2708
472,100000,0.0,24,2,0.0,29.62,0.0,0.0012876439141109586,0.27304500341415405,0.2746678292751312,0.34876343607902527,-0.08910348266363144,0.04227982088923454,0.35108622908592224,0.0008717098389752209,0.004442119039595127,1.213136076927185,64,0.0291,0.0,1,0,6,2,7,1.0,,,,,,,0.07344888150691986,0.725776195526123,2.1409990787506104,0.01737,,0.2708
473,100000,0.0,24,2,0.0,29.8,0.0,0.0021857742685824633,0.20123067498207092,0.2034190595149994,0.5663041472434998,-0.09658664464950562,0.0518866628408432,0.55591881275177,0.0010931693250313401,0.006397339515388012,0.669231116771698,64,0.0358,0.0,6,0,4,1,5,0.8,,,,,,,0.14432480931282043,0.7039110064506531,1.883432388305664,0.01735,,0.2708
474,100000,0.0,24,2,0.0,30.0,0.0,0.0010128803551197052,0.21065375208854675,0.205169215798378,0.3410116732120514,-0.09072276949882507,0.028123151510953903,0.37405693531036377,0.0006652088486589491,0.0028624183032661676,1.288918137550354,64,0.032,0.0,2,0,8,0,6,0.833,,,,,,,0.07038675248622894,0.7509582042694092,2.114276170730591,0.01733,,0.2708
475,100000,0.0,24,2,0.2222,29.89,0.2222,0.0013292741496115923,0.23603025078773499,0.22521108388900757,0.2999614477157593,-0.09680970013141632,0.034805700182914734,0.32533448934555054,0.0012279900256544352,0.003650534898042679,0.9730972647666931,64,0.046,0.222,1,0,5,2,6,1.0,,,,,,,0.09948614984750748,0.6529996395111084,2.2204833030700684,0.01733,,0.2708
476,100000,0.0,24,2,0.1429,30.0,0.1429,0.0011658978182822466,0.2812555134296417,0.27585285902023315,0.3367595076560974,-0.09903319180011749,0.030681710690259933,0.37189772725105286,0.0008237326983362436,0.005063091870397329,0.9121810793876648,64,0.0199,0.286,3,1,5,0,6,1.0,0.0459,0.2558,0.062,0,41,4,0.10856747627258301,0.5999504327774048,2.1099014282226562,0.01735,0.0625,0.2708
477,100000,0.0,24,2,0.1429,29.86,0.1429,0.002359905745834112,0.2292276918888092,0.2287938892841339,0.41663339734077454,-0.09800586104393005,0.047197163105010986,0.4179806709289551,0.0009360990370623767,0.004528532270342112,0.6969556212425232,64,0.028,0.143,2,0,5,1,7,1.0,,,,,,,0.1406199336051941,0.6104927062988281,2.0393435955047607,0.01733,,0.2708
478,100000,0.0,24,2,0.25,30.0,0.25,0.0013851722469553351,0.2347627431154251,0.22971318662166595,0.4426049292087555,-0.09583398699760437,0.05594930797815323,0.4241849184036255,0.0006740104290656745,0.004710761830210686,1.0078943967819214,64,0.0367,0.25,0,0,6,0,8,0.75,,,,,,,0.09508336335420609,0.733687162399292,2.06846284866333,0.01732,,0.2708
479,100000,0.0,24,2,0.1,29.8,0.1,0.0010716055985540152,0.20594066381454468,0.20796358585357666,0.49324873089790344,-0.09742949157953262,0.10733383893966675,0.37408655881881714,0.000813828781247139,0.0038479450158774853,0.9433371424674988,64,0.034,0.1,2,0,7,2,4,1.0,,,,,,,0.10328172147274017,0.6903595924377441,2.11164927482605,0.01733,,0.2708
480,100000,0.0,24,2,0.0,30.0,0.0,0.00194828724488616,0.18400512635707855,0.1866360604763031,0.5236945748329163,-0.09156441688537598,0.12101622670888901,0.37114405632019043,0.0008461936376988888,0.004164916928857565,1.0525554418563843,64,0.0356,0.0,4,0,5,0,7,0.857,,,,,,,0.08699248731136322,0.7696754932403564,2.1111371517181396,0.01735,,0.2708
481,100000,0.0,24,2,0.1667,29.83,0.1667,0.0018391981720924377,0.24769693613052368,0.24242568016052246,0.3687995970249176,-0.0970551148056984,0.04486560821533203,0.3747682571411133,0.0009510904201306403,0.0027104858309030533,0.7258312702178955,64,0.0286,0.333,3,1,4,0,7,0.857,,,,,,,0.13371580839157104,0.8018091917037964,2.060037851333618,0.01733,,0.2708
482,100000,0.0,24,2,0.25,30.0,0.25,0.0016733193770051003,0.22763782739639282,0.22988364100456238,0.357515424489975,-0.09370040893554688,0.03722682595252991,0.37492498755455017,0.0008586848853155971,0.0036744114477187395,0.961029052734375,64,0.0143,0.25,1,0,3,0,11,1.0,,,,,,,0.09750007092952728,0.8152554035186768,2.105527400970459,0.01736,,0.2708
483,100000,0.0,24,2,0.3333,30.0,0.3333,0.0016721393913030624,0.1836313009262085,0.18151724338531494,0.36084774136543274,-0.08815699815750122,0.03494318947196007,0.37691187858581543,0.0008337034378200769,0.004412947688251734,2.1772043704986572,64,0.0241,0.333,1,0,6,0,6,0.833,0.0396,0.2892,0.104,1,40,3,0.04049091413617134,0.6897788047790527,2.124525547027588,0.01736,0.0833,0.2708
484,100000,0.0,24,2,0.4,30.0,0.4,0.001596988644450903,0.22222863137722015,0.21867793798446655,0.4663143754005432,-0.07687932252883911,0.08416447043418884,0.3719417452812195,0.0008842200040817261,0.005846034269779921,1.1032869815826416,64,0.0186,0.4,6,0,3,0,5,0.4,,,,,,,0.06968207657337189,0.7076559066772461,2.065901756286621,0.01733,,0.2708
485,100000,0.0,24,2,0.125,29.88,0.125,0.003725969698280096,0.1838507056236267,0.1833476573228836,0.528839647769928,-0.09178012609481812,0.12258361279964447,0.3729645013809204,0.0012655651662498713,0.004976126365363598,0.9678739905357361,64,0.0208,0.125,1,0,5,2,7,1.0,,,,,,,0.09482653439044952,0.7994207143783569,2.1467466354370117,0.0173,,0.2708
486,100000,0.0,24,2,0.1429,30.0,0.1429,0.0017694866983219981,0.18230539560317993,0.18581761419773102,0.3418402075767517,-0.09397321194410324,0.05370475351810455,0.3253576457500458,0.0009243024978786707,0.006092557683587074,1.1790006160736084,64,0.0392,0.143,3,0,6,0,6,0.833,,,,,,,0.07970581948757172,0.7393287420272827,2.1970791816711426,0.01728,,0.2708
487,100000,0.0,24,2,0.2222,29.89,0.2222,0.0012822591233998537,0.22152522206306458,0.2326708287000656,0.40964630246162415,-0.09206949919462204,0.054026298224925995,0.39158254861831665,0.0008506551384925842,0.004161317367106676,0.7274737358093262,64,0.0249,0.222,1,0,6,1,6,1.0,,,,,,,0.12656056880950928,0.7913095951080322,2.025594472885132,0.01724,,0.2708
488,100000,0.0,24,2,0.2857,29.43,0.2857,0.0016413605771958828,0.19712236523628235,0.2008802592754364,0.4848276376724243,-0.0957760363817215,0.033083438873291016,0.5126801133155823,0.0013243210269138217,0.0035133345518261194,0.7965642809867859,64,0.0423,0.286,1,0,3,2,8,0.875,,,,,,,0.12023641169071198,0.6316660642623901,1.929908037185669,0.01725,,0.2708
489,100000,0.0,24,2,0.0,30.0,0.0,0.005113606341183186,0.25737643241882324,0.27108120918273926,0.45169496536254883,-0.08798899501562119,0.03716299682855606,0.4630063772201538,0.0009515096317045391,0.004703175742179155,0.9650454521179199,64,0.0314,0.0,4,0,6,0,6,1.0,,,,,,,0.09117601066827774,0.8029662370681763,2.007160186767578,0.01722,,0.2708
490,100000,0.0,24,2,0.0,29.4,0.0,0.0023250558879226446,0.2159305214881897,0.21100853383541107,0.29423633217811584,-0.09477593004703522,0.030636504292488098,0.325389564037323,0.0008289684192277491,0.004699425771832466,0.919934093952179,64,0.029,0.0,2,0,2,3,9,1.0,0.0425,0.2414,0.021,0,43,4,0.10302470624446869,0.6739872694015503,2.2094852924346924,0.01725,0.0208,0.2708
491,100000,0.0,24,2,0.0,30.0,0.0,0.0010368461953476071,0.22086310386657715,0.21436354517936707,0.38981643319129944,-0.09539172053337097,0.046188145875930786,0.39028823375701904,0.0007100545917637646,0.005087263882160187,0.8407593965530396,64,0.0296,0.0,4,0,5,0,7,0.857,,,,,,,0.11345900595188141,0.771824061870575,2.143037796020508,0.01726,,0.2708
492,100000,0.0,24,2,0.0,29.6,0.0,0.0012737492797896266,0.19156262278556824,0.1939012110233307,0.4517231285572052,-0.09371916949748993,0.0815042182803154,0.3801076412200928,0.000973278540186584,0.004652411676943302,0.7231569886207581,64,0.0272,0.0,1,0,4,1,10,1.0,,,,,,,0.1295972615480423,0.7192080020904541,2.073653221130371,0.01724,,0.2708
493,100000,0.0,24,2,0.1667,30.0,0.1667,0.0023703465703874826,0.26523441076278687,0.26090681552886963,0.4109669327735901,-0.09382890909910202,0.01983105018734932,0.46273136138916016,0.0009802327258512378,0.004804749973118305,1.3690760135650635,64,0.0386,0.167,4,0,5,0,6,0.833,,,,,,,0.0685344785451889,0.5776953101158142,2.0861878395080566,0.01723,,0.2708
494,100000,0.0,24,2,0.2857,30.0,0.2857,0.001497475546784699,0.1894514262676239,0.18820789456367493,0.5017967224121094,-0.09634394943714142,0.11928723752498627,0.35695022344589233,0.0009508964139968157,0.005232017021626234,0.9340729713439941,64,0.0223,0.286,3,0,5,0,6,1.0,,,,,,,0.10314391553401947,0.8064889311790466,2.096430778503418,0.01725,,0.2708
495,100000,0.0,24,2,0.2,29.6,0.2,0.00259228004142642,0.20953714847564697,0.19954514503479004,0.3150973618030548,-0.09518514573574066,0.04038143903017044,0.3271843492984772,0.0006408338085748255,0.004670538008213043,1.3586143255233765,64,0.0463,0.2,2,0,3,1,9,0.778,,,,,,,0.07006046175956726,0.7784444689750671,2.164858818054199,0.01723,,0.2708
496,100000,0.0,24,2,0.0,30.0,0.0,0.001009610714390874,0.21914102137088776,0.2206186056137085,0.35839638113975525,-0.08228131383657455,0.05546363443136215,0.32656145095825195,0.0008013204205781221,0.006377907935529947,1.8120893239974976,64,0.0173,0.0,4,0,4,0,8,0.875,,,,,,,0.045406874269247055,0.8256727457046509,2.15561580657959,0.01723,,0.2708
497,100000,0.0,24,2,0.1429,29.43,0.1429,0.0017064884305000305,0.24804013967514038,0.2503993809223175,0.41328495740890503,-0.08949946612119675,0.06457887589931488,0.37117958068847656,0.000615599739830941,0.004894191864877939,1.0898739099502563,64,0.0224,0.143,2,0,5,1,7,0.857,0.0403,0.2614,0.125,2,39,3,0.08211909979581833,0.8335904479026794,2.1076135635375977,0.01724,0.0833,0.2708
498,100000,0.0,24,2,0.1111,29.67,0.1111,0.0013740671565756202,0.24925920367240906,0.24148739874362946,0.5137475728988647,-0.09756658226251602,0.09586238116025925,0.4172651171684265,0.0010281526483595371,0.004648517817258835,1.061801552772522,64,0.0287,0.111,2,0,7,1,5,1.0,,,,,,,0.09188776463270187,0.7357239127159119,2.060037136077881,0.01721,,0.2708
499,100000,0.0,24,2,0.0,30.0,0.0,0.001563762896694243,0.2435663938522339,0.2453138530254364,0.4900718629360199,-0.08673461526632309,0.05604330822825432,0.46279042959213257,0.001265213475562632,0.003858871292322874,1.460426688194275,64,0.0175,0.0,2,0,5,0,9,0.667,,,,,,,0.05938991159200668,0.7552785277366638,2.0064783096313477,0.01717,,0.2708
