iter,buffer,beta,ei_hi,ei_lo,roll_succ,roll_len,roll_ret,critic_loss,q_mean,target_mean,actor_loss,pg_loss,bc_loss,grip_loss,aux_c,aux_a,lam,n_expert,roll_min_pos,roll_close,roll_skip,roll_miss,roll_timeout,roll_fail,exp_kept,exp_succ,eval_min_pos,eval_min_rot,eval_close,eval_miss,eval_timeout,eval_fail,q_pi,a_absmean,grip_logit,buf_pos,eval_succ,best_succ
0,334,0.5,24,22,0.5,29.83,0.5,0.005717499181628227,0.36951908469200134,0.37722885608673096,0.4946860373020172,-0.09999999403953552,0.06257428228855133,0.4599043130874634,0.004047319293022156,0.019266314804553986,0.2947390079498291,64,0.0157,0.5,5,0,2,1,5,0.6,,,,,,,0.3392832279205322,0.670982837677002,2.1983530521392822,0.01796,,-1.0
1,703,0.4921,24,22,0.0,30.0,0.0,0.007044701371341944,0.38723045587539673,0.397469162940979,0.39885643124580383,-0.0996808409690857,0.058833636343479156,0.3718252182006836,0.00879786629229784,0.018089568242430687,0.3021562397480011,64,0.0206,0.0,4,0,3,0,9,1.0,,,,,,,0.3298983573913574,0.6271024942398071,2.07548189163208,0.02134,,-1.0
2,1063,0.4841,24,22,0.0,29.75,0.0,0.009586443193256855,0.3678854703903198,0.3535992503166199,0.3903726041316986,-0.09944764524698257,0.046263061463832855,0.39127159118652344,0.006695351097732782,0.012045114301145077,0.2909458577632904,64,0.0124,0.0,4,0,3,1,8,0.875,,,,,,,0.3418080806732178,0.6791418790817261,1.9376373291015625,0.0207,,-1.0
3,1522,0.4762,24,22,0.5,30.0,0.5,0.004870135337114334,0.3726295828819275,0.36810803413391113,0.3659681975841522,-0.09989985078573227,0.027231676504015923,0.40577149391174316,0.006120416335761547,0.011266423389315605,0.2872338891029358,64,0.0103,0.5,1,0,3,0,9,0.889,,,,,,,0.3477996587753296,0.6758238673210144,1.9247455596923828,0.02168,,-1.0
4,1946,0.4683,24,22,0.0,30.0,0.0,0.003578911302611232,0.34558942914009094,0.34574800729751587,0.3267109990119934,-0.09999999403953552,0.03428671509027481,0.3484381437301636,0.003936868626624346,0.019398825243115425,0.3411423861980438,64,0.0071,0.0,2,0,10,0,4,1.0,,,,,,,0.2931327223777771,0.6491300463676453,2.0132040977478027,0.01901,,-1.0
5,2400,0.4603,24,22,0.0,29.62,0.0,0.003603909630328417,0.3313804268836975,0.3188202381134033,0.41295096278190613,-0.09872879087924957,0.03923381119966507,0.4250417649745941,0.00376994744874537,0.016340719535946846,0.3440462052822113,64,0.0142,0.0,1,0,7,1,7,1.0,,,,,,,0.2869637608528137,0.7331428527832031,2.147724151611328,0.01833,,-1.0
6,2815,0.4524,24,22,0.1429,30.0,0.1429,0.007370462641119957,0.3524337410926819,0.36818450689315796,0.7042905688285828,-0.09943346679210663,0.05582012981176376,0.6846082806587219,0.005456389859318733,0.0149509496986866,0.37619006633758545,64,0.0116,0.143,2,0,6,0,7,0.857,,,,,,,0.2643170952796936,0.6322880983352661,2.0979602336883545,0.01812,,-1.0
7,3270,0.4444,24,22,0.0,30.0,0.0,0.003201069077476859,0.29767072200775146,0.2921127676963806,0.3561553657054901,-0.09861889481544495,0.03142952919006348,0.38472625613212585,0.004040195140987635,0.014377868734300137,0.42788606882095337,64,0.0088,0.0,1,0,7,0,8,0.75,0.1602,0.8137,0.0,0,48,0,0.23047932982444763,0.6120890378952026,2.0914111137390137,0.01743,0.0,0.0
8,3726,0.4365,24,22,0.0,30.0,0.0,0.005103386472910643,0.31659436225891113,0.31106075644493103,0.34356456995010376,-0.09854361414909363,0.025735680013895035,0.38218754529953003,0.0042402776889503,0.01689855195581913,0.4461131989955902,64,0.0086,0.0,1,0,9,0,6,1.0,,,,,,,0.2208937406539917,0.6256284713745117,1.9884990453720093,0.01691,,0.0
9,4180,0.4286,24,22,0.0,30.0,0.0,0.005879038944840431,0.27363815903663635,0.2832750678062439,0.3349112272262573,-0.09636680781841278,0.032371409237384796,0.36039185523986816,0.004271302372217178,0.012286693789064884,0.4264318645000458,64,0.006,0.0,1,0,8,0,7,0.571,,,,,,,0.22598406672477722,0.6409071087837219,2.044651985168457,0.01603,,0.0
10,4606,0.4206,24,22,0.0,30.0,0.0,0.003065825905650854,0.2874486446380615,0.28859543800354004,0.3803510367870331,-0.09584043174982071,0.03749247267842293,0.39479655027389526,0.003113533603027463,0.012819933705031872,0.5911875367164612,64,0.0165,0.0,2,0,8,0,6,1.0,,,,,,,0.16211509704589844,0.6969336271286011,2.06021785736084,0.01585,,0.0
11,4999,0.4127,24,21,0.1429,30.0,0.1429,0.004597477614879608,0.2757643163204193,0.2619251608848572,0.3336172103881836,-0.0987483486533165,0.022460825741291046,0.3786280155181885,0.003310014260932803,0.017631785944104195,0.4390488564968109,64,0.0102,0.143,3,0,6,0,6,0.667,,,,,,,0.22491426765918732,0.6909152865409851,2.1326632499694824,0.0156,,0.0
12,5335,0.4048,24,21,0.0,30.0,0.0,0.006771418731659651,0.2858549952507019,0.2872443199157715,0.5891448259353638,-0.09692125022411346,0.0637931153178215,0.5529569387435913,0.005848429165780544,0.011045753955841064,0.5143579244613647,64,0.0094,0.0,5,0,4,0,7,0.714,,,,,,,0.188431516289711,0.7179853320121765,1.9939392805099487,0.01556,,0.0
13,5756,0.3968,24,21,0.1111,29.56,0.1111,0.00330380629748106,0.2979430556297302,0.30179810523986816,0.3481918275356293,-0.09524081647396088,0.026122473180294037,0.38539087772369385,0.0027018573600798845,0.011593643575906754,0.508181631565094,64,0.0198,0.111,2,0,7,1,5,1.0,,,,,,,0.18741491436958313,0.6382094025611877,2.0934808254241943,0.01546,,0.0
14,6152,0.3889,24,21,0.1429,30.0,0.1429,0.003404074814170599,0.25056901574134827,0.25479960441589355,0.4090927541255951,-0.09453198313713074,0.021749241277575493,0.4524171054363251,0.0028451450634747744,0.015418294817209244,0.565102756023407,64,0.0239,0.286,3,1,5,0,6,1.0,0.1414,0.7272,0.0,0,48,0,0.1672828197479248,0.600082278251648,2.00396990776062,0.0156,0.0,0.0
15,6510,0.381,24,21,0.0,30.0,0.0,0.005613719578832388,0.23070019483566284,0.21959412097930908,0.8083934187889099,-0.09651371836662292,0.045459650456905365,0.8075170516967773,0.002677018754184246,0.012941595166921616,0.6338571906089783,64,0.0098,0.0,4,0,5,1,6,0.333,,,,,,,0.15226413309574127,0.7054197192192078,2.1421358585357666,0.01505,,0.0
16,6930,0.373,24,21,0.0,30.0,0.0,0.003182718064635992,0.25631362199783325,0.27171453833580017,0.43124765157699585,-0.09802842885255814,0.03880208730697632,0.4462370276451111,0.002744124038144946,0.010869738645851612,0.615239143371582,64,0.0073,0.0,2,0,2,0,12,0.917,,,,,,,0.15933386981487274,0.6427289843559265,1.9856845140457153,0.01573,,0.0
17,7329,0.3651,24,21,0.0,30.0,0.0,0.0034540044143795967,0.26186317205429077,0.26837384700775146,0.3387756943702698,-0.09749927371740341,0.03471454977989197,0.3606586456298828,0.0027140427846461535,0.012374443002045155,0.5899511575698853,64,0.0127,0.0,3,0,4,0,9,1.0,,,,,,,0.16526669263839722,0.6542311310768127,1.9600127935409546,0.0161,,0.0
18,7726,0.3571,24,21,0.1667,30.0,0.1667,0.003052744548767805,0.2630840539932251,0.26505374908447266,0.43308666348457336,-0.0993204265832901,0.02590310573577881,0.47448593378067017,0.0024589954409748316,0.012229849584400654,0.5179375410079956,64,0.0202,0.167,3,0,5,0,7,1.0,,,,,,,0.19176138937473297,0.6696714758872986,1.9890551567077637,0.01631,,0.0
19,8167,0.3492,24,21,0.0,30.0,0.0,0.009336537681519985,0.25866732001304626,0.2619004249572754,0.409341037273407,-0.0999118834733963,0.028775162994861603,0.4418668746948242,0.002568124094977975,0.019671447575092316,0.5372603535652161,64,0.0236,0.0,1,0,5,0,10,0.8,,,,,,,0.18596547842025757,0.5766414403915405,1.9891588687896729,0.01641,,0.0
20,8558,0.3413,24,21,0.2857,29.29,0.2857,0.002908037044107914,0.2818447947502136,0.2812332510948181,0.36498165130615234,-0.0994444340467453,0.03532195836305618,0.38625892996788025,0.0018219767371192575,0.015046474523842335,0.5968348383903503,64,0.0299,0.286,3,0,4,1,6,1.0,,,,,,,0.1666196882724762,0.6051067113876343,2.0050480365753174,0.01659,,0.0
21,9014,0.3333,24,21,0.0,30.0,0.0,0.004209493286907673,0.3132379949092865,0.29236331582069397,0.3498423397541046,-0.09915298968553543,0.020685426890850067,0.40056201815605164,0.0030100885778665543,0.014124901965260506,0.6207864284515381,64,0.0115,0.0,1,0,8,0,7,0.857,0.1206,0.6808,0.0,0,47,1,0.15972158312797546,0.6196213960647583,2.042785167694092,0.01642,0.0,0.0
22,9413,0.3254,24,21,0.0,30.0,0.0,0.003119003726169467,0.2600109577178955,0.25469836592674255,0.383871465921402,-0.09761734306812286,0.03770620375871658,0.4005371034145355,0.0017137173563241959,0.011078603565692902,0.7373999357223511,64,0.0238,0.0,3,0,3,0,10,0.8,,,,,,,0.13238045573234558,0.6244033575057983,1.9100100994110107,0.01657,,0.0
23,9839,0.3175,24,21,0.0,30.0,0.0,0.0037351027131080627,0.24158518016338348,0.24320712685585022,0.6392946243286133,-0.0967208743095398,0.022267689928412437,0.6833963990211487,0.0020697107538580894,0.016167372465133667,0.6200984716415405,64,0.0122,0.0,2,0,8,0,6,0.5,,,,,,,0.15597663819789886,0.6221349239349365,1.9590814113616943,0.01616,,0.0
24,10173,0.3095,24,21,0.0,30.0,0.0,0.003277367679402232,0.25023096799850464,0.2444353699684143,0.39529043436050415,-0.09933812916278839,0.02963278815150261,0.4294612407684326,0.0017163396114483476,0.011803523637354374,0.6327549815177917,64,0.013,0.0,5,0,7,0,4,1.0,,,,,,,0.15699303150177002,0.609015166759491,2.007378339767456,0.01602,,0.0
25,10629,0.3016,24,21,0.0,30.0,0.0,0.003296414390206337,0.2600415050983429,0.2580171227455139,0.33560869097709656,-0.09855831414461136,0.02661740407347679,0.37497732043266296,0.0016028822865337133,0.011909787543118,0.64664626121521,64,0.0122,0.0,1,0,8,0,7,0.714,,,,,,,0.15241457521915436,0.6094953417778015,2.0639843940734863,0.01581,,0.0
26,11025,0.2937,24,21,0.0,30.0,0.0,0.0030983327887952328,0.20354671776294708,0.20197010040283203,0.41201314330101013,-0.09778008610010147,0.04397137090563774,0.4181153178215027,0.0017567535396665335,0.007470330689102411,0.6680993437767029,64,0.0182,0.0,3,0,7,0,6,1.0,,,,,,,0.14635559916496277,0.7342413663864136,2.0386271476745605,0.01578,,0.0
27,11451,0.2857,24,21,0.0,30.0,0.0,0.004383718594908714,0.21824750304222107,0.2213912010192871,0.4885191023349762,-0.09939873963594437,0.016316434368491173,0.5495213270187378,0.00204275269061327,0.011527277529239655,0.6628941893577576,64,0.0204,0.0,2,0,7,0,7,0.857,,,,,,,0.14994660019874573,0.6252641677856445,2.110944986343384,0.01572,,0.0
28,11908,0.2778,24,21,0.125,30.0,0.125,0.0032247421331703663,0.23743751645088196,0.24805083870887756,0.3570760190486908,-0.09874275326728821,0.030009381473064423,0.38976967334747314,0.001753097167238593,0.012060699984431267,0.7412368059158325,64,0.0119,0.125,1,0,7,0,7,0.857,0.1222,0.6222,0.0,0,47,1,0.13321352005004883,0.5980923771858215,2.077117919921875,0.0157,0.0,0.0
29,12337,0.2698,24,21,0.0,30.0,0.0,0.003833124879747629,0.31630244851112366,0.3238007426261902,0.39381662011146545,-0.09367913007736206,0.04405617713928223,0.39208000898361206,0.0014934811042621732,0.014606792479753494,0.7291455268859863,64,0.0324,0.0,2,0,5,0,9,1.0,,,,,,,0.12847796082496643,0.6107984185218811,1.9603395462036133,0.01589,,0.0
30,12732,0.2619,24,21,0.0,30.0,0.0,0.004147994332015514,0.20520645380020142,0.21822428703308105,0.3716549873352051,-0.09456486254930496,0.04622643440961838,0.3685407340526581,0.002370277186855674,0.010452482849359512,0.7662066221237183,64,0.0209,0.0,3,0,8,0,5,0.8,,,,,,,0.12341953068971634,0.5750021934509277,2.099799156188965,0.01571,,0.0
31,13162,0.254,24,21,0.0,30.0,0.0,0.004113230854272842,0.213456928730011,0.19986426830291748,0.37323105335235596,-0.0995664969086647,0.024058520793914795,0.4195113778114319,0.0016351538943126798,0.01033826544880867,0.75983726978302,64,0.0142,0.0,2,0,4,0,10,1.0,,,,,,,0.13103660941123962,0.708289623260498,2.0761160850524902,0.01596,,0.0
32,13582,0.246,24,21,0.0,30.0,0.0,0.002633936470374465,0.24650463461875916,0.24215152859687805,0.29062387347221375,-0.09908214956521988,0.021055517718195915,0.3430279791355133,0.0019173050532117486,0.009134011343121529,0.6806231141090393,64,0.0146,0.0,2,0,4,0,10,0.8,,,,,,,0.1455756425857544,0.7166533470153809,2.115057945251465,0.01605,,0.0
33,14070,0.2381,24,20,0.0,29.86,0.0,0.005066331941634417,0.22125749289989471,0.20736825466156006,0.3674818277359009,-0.09767825156450272,0.015756316483020782,0.4294905364513397,0.0018451940268278122,0.008313862606883049,0.6818303465843201,64,0.0289,0.0,0,0,6,1,9,0.778,,,,,,,0.14325888454914093,0.6433760523796082,1.9858760833740234,0.01599,,0.0
34,14405,0.2302,24,20,0.0,30.0,0.0,0.002355441451072693,0.2495882660150528,0.24814295768737793,0.4182438254356384,-0.09508658945560455,0.029288275167346,0.44981706142425537,0.0016304756281897426,0.009873639792203903,0.881598949432373,64,0.0194,0.0,5,0,6,0,5,1.0,,,,,,,0.10785697400569916,0.709324061870575,2.1584115028381348,0.01597,,0.0
35,14830,0.2222,24,20,0.1111,30.0,0.1111,0.002153927693143487,0.2625345289707184,0.25165629386901855,0.48602494597435,-0.09547211229801178,0.02928522229194641,0.5183521509170532,0.0015784954885020852,0.009148900397121906,0.725252628326416,64,0.0234,0.111,2,0,7,1,5,1.0,0.2029,0.6139,0.208,10,37,1,0.13163979351520538,0.7088262438774109,2.2197000980377197,0.01591,0.0,0.0
36,15228,0.2143,24,20,0.2,30.0,0.2,0.0028978222981095314,0.21617987751960754,0.2208157628774643,0.48422959446907043,-0.09378603100776672,0.01623684912919998,0.5414084792137146,0.0014865044504404068,0.008266892284154892,0.7793272137641907,64,0.0187,0.2,3,0,4,0,8,0.75,,,,,,,0.12034229934215546,0.643540620803833,2.001478672027588,0.01596,,0.0
37,15710,0.2063,24,20,0.0,29.56,0.0,0.004365491680800915,0.2259950190782547,0.22341281175613403,0.33613547682762146,-0.09722214937210083,0.02722341939806938,0.37219029664993286,0.002134196227416396,0.013440941460430622,0.7368419170379639,64,0.0158,0.222,0,2,7,0,7,0.714,,,,,,,0.13194437325000763,0.6663955450057983,2.1782267093658447,0.01579,,0.0
38,16158,0.1984,24,20,0.0,30.0,0.0,0.0017680039163678885,0.23989002406597137,0.244093656539917,0.3780972957611084,-0.0956304743885994,0.021522020921111107,0.42567116022109985,0.0012291575549170375,0.01002513524144888,0.7166439890861511,64,0.0172,0.0,1,0,9,1,5,0.8,,,,,,,0.13344208896160126,0.6683065295219421,2.024454116821289,0.0156,,0.0
39,16525,0.1905,24,20,0.0,30.0,0.0,0.0022425490897148848,0.20037423074245453,0.19225344061851501,0.3106701076030731,-0.09620527923107147,0.03603034466505051,0.3303980827331543,0.0018713210010901093,0.008833248168230057,0.9159156084060669,64,0.0339,0.0,4,0,5,0,7,0.857,,,,,,,0.10503727197647095,0.6457600593566895,2.1120362281799316,0.01561,,0.0
40,16922,0.1825,24,20,0.0,30.0,0.0,0.003313289489597082,0.24736881256103516,0.2518841326236725,0.3314622640609741,-0.08986611664295197,0.018966587260365486,0.3772866129875183,0.0012075983686372638,0.012217191979289055,0.9213027954101562,64,0.0265,0.0,3,0,5,0,8,0.75,,,,,,,0.09754243493080139,0.588748574256897,2.1150400638580322,0.0156,,0.0
41,17372,0.1746,24,20,0.0,30.0,0.0,0.0031521297059953213,0.24849280714988708,0.2547209858894348,0.41797322034835815,-0.09795615077018738,0.0205683596432209,0.46799176931381226,0.0014373023295775056,0.013601766899228096,0.7745323181152344,64,0.0277,0.0,1,0,9,0,6,0.667,,,,,,,0.12647134065628052,0.6665753722190857,2.026883840560913,0.01543,,0.0
42,17802,0.1667,24,20,0.0,30.0,0.0,0.0038317821454256773,0.24588774144649506,0.2462085485458374,0.3216790556907654,-0.09335635602474213,0.01938091777265072,0.3721741735935211,0.0012613075086846948,0.008198783732950687,0.8434630632400513,64,0.0234,0.0,2,0,3,1,10,1.0,0.127,0.5385,0.0,0,48,0,0.11068220436573029,0.7282638549804688,2.0985071659088135,0.01562,0.0,0.0
43,18229,0.1587,24,20,0.0,30.0,0.0,0.0018261136719956994,0.2425786256790161,0.2426569163799286,0.5044794082641602,-0.09410899132490158,0.022817786782979965,0.5484433174133301,0.0015580861363559961,0.009019076824188232,0.8780971765518188,64,0.0193,0.0,2,0,7,0,7,1.0,,,,,,,0.10717378556728363,0.7057878375053406,2.1761813163757324,0.01563,,0.0
44,18595,0.1508,24,20,0.2,29.8,0.2,0.0015595464501529932,0.18381384015083313,0.19081449508666992,0.3554961085319519,-0.09117361903190613,0.03547496721148491,0.3718913793563843,0.0011789178242906928,0.007656803820282221,1.056020975112915,64,0.0186,0.2,4,0,4,0,7,1.0,,,,,,,0.08633694052696228,0.6209620833396912,2.045102834701538,0.01576,,0.0
45,18986,0.1429,24,20,0.1111,29.67,0.1111,0.0025963876396417618,0.20868054032325745,0.20613130927085876,0.33579298853874207,-0.08767877519130707,0.022293170914053917,0.3753219544887543,0.0010471739806234837,0.0071269371546804905,0.9541646838188171,64,0.0243,0.111,3,0,7,1,4,1.0,,,,,,,0.0918906033039093,0.5420094728469849,2.0662999153137207,0.0157,,0.0
46,19442,0.1349,24,20,0.0,30.0,0.0,0.002385469386354089,0.23281072080135345,0.23798026144504547,0.378292441368103,-0.0951642096042633,0.02493925392627716,0.4185679256916046,0.0016527354018762708,0.010020449757575989,1.0187807083129883,64,0.0235,0.0,1,0,8,0,7,0.714,,,,,,,0.09340991079807281,0.6769460439682007,1.9700827598571777,0.01558,,0.0
47,19867,0.127,24,20,0.0,30.0,0.0,0.002798645291477442,0.2094401717185974,0.2080712616443634,0.45513829588890076,-0.09543737024068832,0.05038360878825188,0.4454287588596344,0.0012679059291258454,0.008759361691772938,1.0325106382369995,64,0.0239,0.0,2,0,7,0,7,0.714,,,,,,,0.09243232756853104,0.6690084338188171,2.1585731506347656,0.0155,,0.0
48,20000,0.119,24,20,0.2,30.0,0.2,0.00307213282212615,0.20186612010002136,0.21469339728355408,0.6420379877090454,-0.09008890390396118,0.028774311766028404,0.6718568801879883,0.0014850646257400513,0.005442694760859013,0.8886887431144714,64,0.0144,0.2,0,0,8,0,6,1.0,,,,,,,0.10137283802032471,0.732812762260437,2.2429027557373047,0.0155,,0.0
49,20000,0.1111,24,20,0.0,30.0,0.0,0.0020381067879498005,0.24853450059890747,0.2490965723991394,0.3727840483188629,-0.09498602151870728,0.021848946809768677,0.41980406641960144,0.0012605086667463183,0.008536231704056263,0.7724493145942688,64,0.03,0.0,3,0,8,0,5,0.8,0.1084,0.557,0.0,0,45,3,0.12296733260154724,0.5994582772254944,2.0547053813934326,0.01525,0.0,0.0
50,20000,0.1032,24,20,0.0,30.0,0.0,0.004295414313673973,0.19172020256519318,0.18808209896087646,0.36516162753105164,-0.09674753993749619,0.019456230103969574,0.4176958501338959,0.003223156090825796,0.010601699352264404,0.940175473690033,64,0.0222,0.0,3,0,5,2,6,1.0,,,,,,,0.10290370881557465,0.6052240133285522,1.9982504844665527,0.0151,,0.0
51,20000,0.0952,24,20,1.0,29.5,1.0,0.0027587462682276964,0.24860484898090363,0.23002168536186218,0.5856268405914307,-0.09248768538236618,0.01581927016377449,0.6422643065452576,0.0015066401101648808,0.00842337030917406,0.7505530118942261,64,0.0075,1.0,3,0,0,0,11,0.909,,,,,,,0.12322606146335602,0.6293664574623108,2.1082611083984375,0.01525,,0.0
52,20000,0.0873,24,20,0.0,30.0,0.0,0.002891990588977933,0.17662830650806427,0.18225306272506714,0.3265099823474884,-0.09272804111242294,0.04491211101412773,0.325732946395874,0.001437035738490522,0.007361722644418478,1.0416035652160645,64,0.0215,0.0,3,0,8,0,5,0.6,,,,,,,0.08902430534362793,0.6960541009902954,2.186828851699829,0.0152,,0.0
53,20000,0.0794,24,20,0.0,30.0,0.0,0.0029551798943430185,0.1867053210735321,0.1898457407951355,0.34199610352516174,-0.09464222192764282,0.030523519963026047,0.37205204367637634,0.0014428176218643785,0.007078445516526699,1.053231954574585,64,0.0291,0.0,2,0,10,0,4,1.0,,,,,,,0.08985885977745056,0.6867471933364868,2.1572346687316895,0.01515,,0.0
54,20000,0.0714,24,19,0.0,29.33,0.0,0.002766139805316925,0.18425334990024567,0.1776307225227356,0.6436723470687866,-0.09964224696159363,0.03467998653650284,0.6702013611793518,0.0013327698688954115,0.0075064366683363914,0.8493216633796692,64,0.0384,0.0,2,0,8,1,5,0.8,,,,,,,0.11731980741024017,0.6092516779899597,2.0810351371765137,0.01495,,0.0
55,20000,0.0635,24,19,0.1429,30.0,0.1429,0.0028638113290071487,0.21535900235176086,0.21667927503585815,0.6442346572875977,-0.09638696908950806,0.03406589478254318,0.6692491173744202,0.0018210982671007514,0.006481462623924017,0.7733945250511169,64,0.0172,0.143,2,0,6,0,7,0.857,,,,,,,0.1246284693479538,0.5851496458053589,1.9930355548858643,0.01505,,0.0
56,20000,0.0556,24,19,0.0,30.0,0.0,0.001973044592887163,0.1988314986228943,0.20251986384391785,0.3353424668312073,-0.09066402912139893,0.01452210545539856,0.3922836184501648,0.00132268900051713,0.009357346221804619,1.0297642946243286,64,0.0181,0.0,5,0,8,0,3,1.0,0.103,0.5713,0.083,2,41,3,0.0880434662103653,0.6211255788803101,2.0843660831451416,0.0149,0.0417,0.0417
57,20000,0.0476,24,19,0.0,30.0,0.0,0.0017978631658479571,0.20207828283309937,0.20008012652397156,0.4321557879447937,-0.09462817758321762,0.0504465326666832,0.422041654586792,0.0014098638202995062,0.007698500994592905,0.8079309463500977,64,0.0394,0.0,5,0,5,0,6,1.0,,,,,,,0.11712408065795898,0.643558919429779,2.0207200050354004,0.0151,,0.0417
58,20000,0.0397,24,19,0.0,29.86,0.0,0.003185061737895012,0.22378981113433838,0.21129360795021057,0.284467488527298,-0.09838911890983582,0.025137878954410553,0.3275316059589386,0.001736094825901091,0.010098536498844624,1.1025134325027466,64,0.0168,0.0,3,0,6,1,6,1.0,,,,,,,0.08924072980880737,0.6241266131401062,2.1330440044403076,0.0152,,0.0417
59,20000,0.0317,24,19,0.1429,30.0,0.1429,0.004857012070715427,0.1932438462972641,0.20609316229820251,0.3591938316822052,-0.09824758023023605,0.01462101936340332,0.4241650104522705,0.001333002233877778,0.00806872546672821,0.8506225943565369,64,0.0212,0.143,0,0,6,0,9,0.889,,,,,,,0.1155007854104042,0.6107792854309082,2.117976665496826,0.01525,,0.0417
60,20000,0.0238,24,19,0.0,30.0,0.0,0.0011815926991403103,0.21156753599643707,0.20609894394874573,0.4888935089111328,-0.09409696608781815,0.0573255829513073,0.4650667905807495,0.0011223256587982178,0.006545094307512045,0.8202764391899109,64,0.0366,0.0,2,0,8,0,6,1.0,,,,,,,0.11471372097730637,0.5997082591056824,2.020158529281616,0.01535,,0.0417
61,20000,0.0159,24,19,0.0,29.62,0.0,0.005578574258834124,0.1934463381767273,0.186185821890831,0.4242168366909027,-0.0985257551074028,0.04299056529998779,0.43223026394844055,0.0009364727884531021,0.00906241312623024,0.9120436906814575,64,0.0513,0.0,2,0,7,1,6,1.0,,,,,,,0.10802745074033737,0.6068077087402344,2.049846649169922,0.01525,,0.0417
62,20000,0.0079,24,19,0.0,30.0,0.0,0.0016139335930347443,0.19415953755378723,0.19947439432144165,0.4113108515739441,-0.09431357681751251,0.019151596352458,0.4639349579811096,0.0013766686897724867,0.006772555410861969,0.8686858415603638,64,0.0241,0.0,3,0,4,0,9,1.0,,,,,,,0.1085704043507576,0.6076892614364624,1.9627822637557983,0.0154,,0.0417
63,20000,0.0,24,19,0.0,30.0,0.0,0.0012812622589990497,0.17270195484161377,0.17129290103912354,0.5625098943710327,-0.09549658000469208,0.04271348565816879,0.5688170790672302,0.0008814932079985738,0.007524881046265364,0.9531416296958923,64,0.0266,0.0,2,0,7,1,6,0.833,0.1153,0.5028,0.021,1,43,4,0.1001913845539093,0.6320871114730835,2.0032002925872803,0.01545,0.0,0.0417
64,20000,0.0,24,19,0.0,29.62,0.0,0.004541055765002966,0.20886513590812683,0.20470300316810608,0.33435487747192383,-0.09290993213653564,0.023620394989848137,0.3760669231414795,0.0013981497613713145,0.007914181798696518,1.1098235845565796,64,0.0293,0.0,1,0,6,2,7,1.0,,,,,,,0.08371595293283463,0.6460554003715515,2.0789408683776855,0.0153,,0.0417
65,20000,0.0,24,19,0.0,29.83,0.0,0.0018298695795238018,0.19529496133327484,0.19500517845153809,0.31719186902046204,-0.09685438871383667,0.02666408382356167,0.3577800393104553,0.0012549549574032426,0.005876152776181698,1.0242336988449097,64,0.0278,0.0,3,0,5,1,7,0.857,,,,,,,0.09456277638673782,0.5897778868675232,2.014226198196411,0.0151,,0.0417
66,20000,0.0,24,19,0.0,29.25,0.0,0.0028622853569686413,0.24677127599716187,0.24578100442886353,0.28130587935447693,-0.09859377890825272,0.025180533528327942,0.32607752084732056,0.0013359325239434838,0.006922140717506409,1.0494710206985474,64,0.0446,0.0,5,0,3,1,7,1.0,,,,,,,0.09394616633653641,0.6757432818412781,2.1530144214630127,0.0152,,0.0417
67,20000,0.0,24,19,0.1111,30.0,0.1111,0.0032798389438539743,0.1915731281042099,0.18484067916870117,0.28873488306999207,-0.09134025871753693,0.021495487540960312,0.33156758546829224,0.0013469780096784234,0.011033204384148121,0.9709014892578125,64,0.0251,0.111,1,0,8,0,6,1.0,,,,,,,0.09407778084278107,0.684982180595398,2.1567444801330566,0.0151,,0.0417
68,20000,0.0,24,19,0.0,30.0,0.0,0.003043282078579068,0.23292580246925354,0.22912608087062836,0.4346606433391571,-0.09428725391626358,0.05410006642341614,0.4174876809120178,0.000982079654932022,0.006520146504044533,0.8821250200271606,64,0.0315,0.0,2,0,6,0,8,1.0,,,,,,,0.10688650608062744,0.6673592329025269,2.0622429847717285,0.01505,,0.0417
69,20000,0.0,24,19,0.125,30.0,0.125,0.0022502022329717875,0.21163079142570496,0.21181535720825195,0.6789887547492981,-0.09833267331123352,0.04974602907896042,0.6737291812896729,0.000651117938105017,0.008200463838875294,0.7293216586112976,64,0.0319,0.125,1,0,7,0,7,1.0,,,,,,,0.13482756912708282,0.6667837500572205,2.0869383811950684,0.01515,,0.0417
70,20000,0.0,24,19,0.0,30.0,0.0,0.0018656260799616575,0.20944218337535858,0.21414360404014587,0.28354108333587646,-0.0980459600687027,0.021119993180036545,0.335837721824646,0.0008674394339323044,0.007018693722784519,0.9168664813041687,64,0.031,0.0,2,0,5,0,9,0.889,0.132,0.4909,0.062,2,42,3,0.10693591833114624,0.6384823322296143,2.1415562629699707,0.0151,0.0208,0.0417
71,20000,0.0,24,19,0.2857,30.0,0.2857,0.0017861910164356232,0.20404928922653198,0.20732125639915466,0.37758496403694153,-0.09451037645339966,0.04885832592844963,0.37144267559051514,0.0010995444608852267,0.005872013512998819,1.0588635206222534,64,0.039,0.429,0,1,4,0,9,0.667,,,,,,,0.08925642818212509,0.6863629221916199,2.0968096256256104,0.0153,,0.0417
72,20000,0.0,24,19,0.0,29.83,0.0,0.0027337553910911083,0.21583291888237,0.2156420648097992,0.39370065927505493,-0.09679339081048965,0.02917153388261795,0.42822301387786865,0.0012526584323495626,0.007855959236621857,0.8238041996955872,64,0.0318,0.0,0,0,5,1,10,0.9,,,,,,,0.11749562621116638,0.6927436590194702,2.0299336910247803,0.01555,,0.0417
73,20000,0.0,24,19,0.0,28.4,0.0,0.0021254101302474737,0.20797619223594666,0.1972200572490692,0.35745832324028015,-0.09897724539041519,0.03823145478963852,0.3748471140861511,0.0011643382022157311,0.01025113184005022,0.716376543045044,64,0.0343,0.0,3,0,4,1,8,0.75,,,,,,,0.1381637006998062,0.6434712409973145,2.080474376678467,0.0156,,0.0417
74,20000,0.0,24,19,0.0,30.0,0.0,0.001691122306510806,0.2084568738937378,0.20692402124404907,0.35468077659606934,-0.09927432239055634,0.01634197309613228,0.4169914722442627,0.0010204766876995564,0.008559362962841988,0.8778741955757141,64,0.0271,0.0,2,0,6,1,7,1.0,,,,,,,0.11308491230010986,0.6040865182876587,2.040956974029541,0.0156,,0.0417
75,20000,0.0,24,18,0.0,30.0,0.0,0.0015153932617977262,0.227842777967453,0.22590427100658417,0.3588563799858093,-0.09573081880807877,0.01647704839706421,0.41943788528442383,0.0011040245881304145,0.004390418529510498,0.7827966213226318,64,0.0383,0.0,2,0,7,0,7,0.857,,,,,,,0.12229335308074951,0.5842899084091187,2.0550155639648438,0.01565,,0.0417
76,20000,0.0,24,18,0.1,29.3,0.1,0.0019534402526915073,0.15788209438323975,0.15348127484321594,0.2919052541255951,-0.09861485660076141,0.030683156102895737,0.3264588713645935,0.0012860539136454463,0.0053898729383945465,1.1287431716918945,64,0.0634,0.1,0,0,8,1,6,0.833,,,,,,,0.0873669683933258,0.65505450963974,2.1869990825653076,0.0155,,0.0417
77,20000,0.0,24,18,0.0,30.0,0.0,0.0020173669327050447,0.2368100881576538,0.2427769899368286,0.2601771652698517,-0.09454064071178436,0.012502833269536495,0.3263976573944092,0.0011330031557008624,0.006628920324146748,1.2939002513885498,64,0.0324,0.0,0,0,8,0,8,0.75,0.0944,0.4288,0.083,2,39,5,0.07306640595197678,0.6809253692626953,2.2094078063964844,0.01535,0.0417,0.0417
78,20000,0.0,24,18,0.0,30.0,0.0,0.0015599709004163742,0.20489837229251862,0.20186485350131989,0.4129343628883362,-0.09957922995090485,0.023649467155337334,0.4630683660507202,0.0008851196616888046,0.004292588215321302,0.7230978012084961,64,0.0386,0.0,5,0,8,0,3,0.333,,,,,,,0.13771197199821472,0.5602134466171265,2.0043222904205322,0.01525,,0.0417
79,20000,0.0,24,18,0.1667,30.0,0.1667,0.003295339411124587,0.18364214897155762,0.1818414032459259,0.40658247470855713,-0.09363088011741638,0.0396478995680809,0.4171493351459503,0.0014944697031751275,0.00753643037751317,0.7263187766075134,64,0.0299,0.167,1,0,5,0,9,1.0,,,,,,,0.128911554813385,0.7009426355361938,2.0323848724365234,0.0152,,0.0417
80,20000,0.0,24,18,0.1111,27.22,0.1111,0.0026220991276204586,0.2121552973985672,0.2129269391298294,0.34108391404151917,-0.09136222302913666,0.044446926563978195,0.34021544456481934,0.0012332621263340116,0.006673668045550585,1.4862533807754517,64,0.0493,0.111,2,0,5,3,5,1.0,,,,,,,0.061471499502658844,0.6668643355369568,2.1316308975219727,0.01515,,0.0417
81,20000,0.0,24,18,0.0,30.0,0.0,0.0015620954800397158,0.20819322764873505,0.20627239346504211,0.3746536672115326,-0.09700455516576767,0.04493900388479233,0.3770712614059448,0.0014321454800665379,0.009417872875928879,0.7785468697547913,64,0.0386,0.0,2,0,9,0,5,1.0,,,,,,,0.12459693104028702,0.6904565691947937,2.124645709991455,0.0151,,0.0417
82,20000,0.0,24,18,0.0,30.0,0.0,0.002458189846947789,0.20502255856990814,0.2088690996170044,0.5520178079605103,-0.09455104172229767,0.11834326386451721,0.40653830766677856,0.0011110148625448346,0.006688016001135111,0.9513756036758423,64,0.0227,0.0,1,0,7,0,8,1.0,,,,,,,0.09938350319862366,0.6803941130638123,2.1772384643554688,0.0152,,0.0417
83,20000,0.0,24,18,0.1,29.0,0.1,0.0023034177720546722,0.21645468473434448,0.21347659826278687,0.3458707928657532,-0.09248867630958557,0.029484739527106285,0.3743765354156494,0.0010022881906479597,0.010026912204921246,1.0276567935943604,64,0.0355,0.1,1,0,7,2,5,0.8,,,,,,,0.08999957889318466,0.7647289037704468,2.1368465423583984,0.01505,,0.0417
84,20000,0.0,24,18,0.2,29.5,0.2,0.0010552790481597185,0.21948650479316711,0.22631195187568665,0.5072706937789917,-0.09275958687067032,0.07807256281375885,0.44068843126296997,0.0010740881552919745,0.006393413059413433,0.9331459999084473,64,0.0393,0.2,2,0,6,2,4,1.0,0.0846,0.4417,0.146,4,33,8,0.09940522909164429,0.8058868646621704,1.9870328903198242,0.015,0.0625,0.0625
85,20000,0.0,24,18,0.125,29.62,0.125,0.0016431256663054228,0.18633578717708588,0.17994654178619385,0.4422784745693207,-0.09347032010555267,0.055609725415706635,0.42024552822113037,0.0010493131121620536,0.008567643351852894,0.8531596064567566,64,0.0547,0.125,1,0,7,0,7,0.857,,,,,,,0.10955782979726791,0.6887025833129883,1.9928078651428223,0.0152,,0.0625
86,20000,0.0,24,18,0.2,30.0,0.2,0.0037628388963639736,0.2075086534023285,0.20940729975700378,0.35629716515541077,-0.097287118434906,0.035578832030296326,0.37844666838645935,0.0010488536208868027,0.007959888316690922,1.0926423072814941,64,0.0365,0.2,0,0,8,0,6,0.833,,,,,,,0.08903839439153671,0.7471309900283813,2.214102029800415,0.0152,,0.0625
87,20000,0.0,24,18,0.0,30.0,0.0,0.002413249108940363,0.23651254177093506,0.25205573439598083,0.4298832416534424,-0.09755682945251465,0.08809131383895874,0.348378449678421,0.0010792138054966927,0.005757959559559822,1.1643589735031128,64,0.0249,0.0,1,0,5,1,9,0.889,,,,,,,0.08378587663173676,0.7095868587493896,2.072237253189087,0.01525,,0.0625
88,20000,0.0,24,18,0.2,29.8,0.2,0.0013889559777453542,0.21913500130176544,0.21827951073646545,0.3582075536251068,-0.09395413845777512,0.015982819721102715,0.4176168441772461,0.001046768156811595,0.005158416926860809,0.9522910118103027,64,0.0321,0.2,1,0,4,0,10,1.0,,,,,,,0.09866116940975189,0.642755389213562,2.074124574661255,0.0156,,0.0625
89,20000,0.0,24,18,0.0,29.86,0.0,0.0022819126024842262,0.2066214382648468,0.2144927978515625,0.4304395020008087,-0.09576115012168884,0.05126447603106499,0.4206845760345459,0.0010462310165166855,0.005974223837256432,0.6830465197563171,64,0.0339,0.143,3,1,6,0,6,1.0,,,,,,,0.14019711315631866,0.6329753398895264,1.9975244998931885,0.0155,,0.0625
90,20000,0.0,24,18,0.0909,29.82,0.0909,0.0019187363795936108,0.22206678986549377,0.22438329458236694,0.7010059356689453,-0.09404312074184418,0.06795015186071396,0.6549619436264038,0.0016470816917717457,0.008373589254915714,0.8233017921447754,64,0.027,0.182,1,1,8,1,4,1.0,,,,,,,0.11422678828239441,0.6748348474502563,1.9595743417739868,0.0154,,0.0625
91,20000,0.0,24,18,0.0,30.0,0.0,0.0011541224084794521,0.20780719816684723,0.20973752439022064,0.4883267879486084,-0.09502534568309784,0.05816847085952759,0.46444329619407654,0.0007975815678946674,0.0051437667571008205,0.7103784084320068,64,0.0549,0.0,3,0,3,0,10,1.0,0.0841,0.3624,0.083,2,36,8,0.13376721739768982,0.7452723383903503,2.024524450302124,0.01545,0.0417,0.0625
92,20000,0.0,24,18,0.0,30.0,0.0,0.0014704384375363588,0.20912645757198334,0.20647914707660675,0.3331722617149353,-0.09318716078996658,0.026343194767832756,0.3714850842952728,0.00115844770334661,0.004375895950943232,1.0542596578598022,64,0.0224,0.0,3,0,5,0,8,0.875,,,,,,,0.08839108794927597,0.6671590805053711,2.107557535171509,0.0155,,0.0625
93,20000,0.0,24,18,0.0,30.0,0.0,0.001844304264523089,0.2081991732120514,0.21826288104057312,0.2852154076099396,-0.09012611210346222,0.023068686947226524,0.32655590772628784,0.0013270301278680563,0.005296448711305857,1.163136601448059,64,0.0436,0.0,0,0,10,0,6,1.0,,,,,,,0.07748541235923767,0.6472428441047668,2.208491563796997,0.0155,,0.0625
94,20000,0.0,24,18,0.0,30.0,0.0,0.0022536013275384903,0.19024699926376343,0.18651887774467468,0.420637845993042,-0.09876298904418945,0.04895847663283348,0.4191179573535919,0.0007833203417249024,0.004731816705316305,0.6954615712165833,64,0.0279,0.0,3,0,8,0,5,1.0,,,,,,,0.14201071858406067,0.6761008501052856,2.0527753829956055,0.01555,,0.0625
95,20000,0.0,24,18,0.1667,30.0,0.1667,0.0020063642878085375,0.22551706433296204,0.23087389767169952,0.3472434878349304,-0.09612614661455154,0.05689608305692673,0.32595908641815186,0.0008994616218842566,0.007236795965582132,1.3358893394470215,64,0.0239,0.167,5,0,5,0,5,1.0,,,,,,,0.07195666432380676,0.6734293699264526,2.1726675033569336,0.01555,,0.0625
96,20000,0.0,24,18,0.1111,30.0,0.1111,0.0028480244800448418,0.2302396297454834,0.22711428999900818,0.4239683747291565,-0.09684484452009201,0.05050728842616081,0.4174056351184845,0.0012076045386493206,0.0047860341146588326,0.8387740254402161,64,0.0266,0.111,1,0,8,0,6,0.833,,,,,,,0.11545999348163605,0.7290041446685791,2.055270195007324,0.01555,,0.0625
97,20000,0.0,24,17,0.1429,29.57,0.1429,0.0022065038792788982,0.18664520978927612,0.18790331482887268,0.37696027755737305,-0.09597110748291016,0.02588260918855667,0.417290598154068,0.0014957352541387081,0.0077510797418653965,0.8379486203193665,64,0.0366,0.143,1,0,5,1,8,1.0,,,,,,,0.1145310178399086,0.6569704413414001,2.070713996887207,0.0157,,0.0625
98,20000,0.0,24,17,0.0,30.0,0.0,0.0015757624059915543,0.23818793892860413,0.2402993142604828,0.3294900953769684,-0.09447060525417328,0.048162199556827545,0.32548508048057556,0.0010756065603345633,0.004302471410483122,0.9876246452331543,64,0.0378,0.0,2,0,5,1,8,0.625,0.087,0.4312,0.083,1,33,11,0.09565436840057373,0.6546030044555664,2.22153902053833,0.01535,0.0625,0.0625
99,20000,0.0,24,17,0.0,29.75,0.0,0.003129667602479458,0.19085022807121277,0.19736090302467346,0.3587496280670166,-0.09319894015789032,0.01626027747988701,0.4170795679092407,0.000798966852016747,0.004696881864219904,0.6904289126396179,64,0.0264,0.0,3,0,3,1,9,1.0,,,,,,,0.134987011551857,0.6137659549713135,2.0810937881469727,0.01565,,0.0625
100,20000,0.0,24,17,0.0,30.0,0.0,0.002755250781774521,0.22110050916671753,0.22218257188796997,0.33184751868247986,-0.09697245061397552,0.04922936484217644,0.3273809552192688,0.0009727141004987061,0.005960583221167326,0.8884158134460449,64,0.037,0.0,4,0,8,0,4,1.0,,,,,,,0.10915210098028183,0.6753643751144409,2.162909507751465,0.0156,,0.0625
101,20000,0.0,24,17,0.125,28.88,0.125,0.0017996517708525062,0.19158217310905457,0.18160508573055267,0.33860644698143005,-0.09760802239179611,0.03121686354279518,0.371355801820755,0.0008148534107021987,0.0048498669639229774,1.328811526298523,64,0.0424,0.125,3,0,5,2,5,0.8,,,,,,,0.07345513254404068,0.5806516408920288,2.14593505859375,0.01575,,0.0625
102,20000,0.0,24,17,0.0,29.9,0.0,0.002550731413066387,0.19374391436576843,0.20058311522006989,0.31608229875564575,-0.09662701189517975,0.01911800727248192,0.3712298274040222,0.00127887271810323,0.006486928090453148,1.0113624334335327,64,0.0503,0.0,4,0,9,1,2,1.0,,,,,,,0.09554143249988556,0.6629358530044556,2.1046669483184814,0.0155,,0.0625
103,20000,0.0,24,17,0.25,29.5,0.25,0.0025578096974641085,0.2467464953660965,0.2586422860622406,0.33952197432518005,-0.09030106663703918,0.027741476893424988,0.37244516611099243,0.0013188988668844104,0.003789823967963457,1.4041742086410522,64,0.0382,0.25,0,0,5,1,8,0.875,,,,,,,0.0643090233206749,0.6525946855545044,2.128849983215332,0.01575,,0.0625
104,20000,0.0,24,17,0.0,29.71,0.0,0.0012965482892468572,0.22890964150428772,0.22449395060539246,0.5327297449111938,-0.0924510583281517,0.03162175416946411,0.5594723224639893,0.0008393243770115077,0.004929904360324144,1.1853481531143188,64,0.0389,0.0,2,0,5,2,7,0.857,,,,,,,0.07799485325813293,0.670724630355835,2.0633912086486816,0.0157,,0.0625
105,20000,0.0,24,17,0.0,30.0,0.0,0.00220523145981133,0.18031513690948486,0.17514929175376892,0.3610250651836395,-0.0912335216999054,0.039147671312093735,0.37145861983299255,0.0010731969960033894,0.005009239539504051,1.1248278617858887,64,0.0369,0.167,2,1,5,0,8,0.875,0.1084,0.4477,0.062,0,43,2,0.08110886812210083,0.7024185061454773,2.109583616256714,0.0157,0.0625,0.0625
106,20000,0.0,24,17,0.1667,30.0,0.1667,0.0028647321742028,0.14750120043754578,0.14330872893333435,0.4316135048866272,-0.09796412289142609,0.07203802466392517,0.38173532485961914,0.0011052234331145883,0.0075324783101677895,0.8561233878135681,64,0.0474,0.167,1,0,5,0,9,0.667,,,,,,,0.11442756652832031,0.6469222903251648,2.1047091484069824,0.01565,,0.0625
107,20000,0.0,24,17,0.1429,29.71,0.1429,0.0035662874579429626,0.2375064492225647,0.23707693815231323,0.37465015053749084,-0.09358864277601242,0.04611334204673767,0.3730582296848297,0.0006209153798408806,0.005907771177589893,1.1402220726013184,64,0.048,0.143,0,0,6,0,9,1.0,,,,,,,0.08207930624485016,0.7160710096359253,2.11862850189209,0.0158,,0.0625
108,20000,0.0,24,17,0.1,29.9,0.1,0.002224263735115528,0.2140091061592102,0.2086402326822281,0.33911916613578796,-0.09649333357810974,0.029377326369285583,0.37401294708251953,0.0008257186855189502,0.005689810495823622,0.9403900504112244,64,0.0337,0.2,1,1,7,1,5,0.8,,,,,,,0.10260990262031555,0.777937114238739,2.1306464672088623,0.0157,,0.0625
109,20000,0.0,24,17,0.0,30.0,0.0,0.0013801909517496824,0.20648093521595,0.21279087662696838,0.3128953278064728,-0.09326231479644775,0.03817833214998245,0.32761862874031067,0.0009585712105035782,0.004364675376564264,1.494800329208374,64,0.042,0.0,2,0,6,0,8,1.0,,,,,,,0.06239115074276924,0.6613161563873291,2.175408363342285,0.0157,,0.0625
110,20000,0.0,24,17,0.0,30.0,0.0,0.0015635443851351738,0.20234933495521545,0.19676263630390167,0.4226260185241699,-0.09602619707584381,0.02482518181204796,0.46635037660598755,0.0007682108553126454,0.005302943754941225,1.179794192314148,64,0.0438,0.0,4,0,2,0,10,0.9,,,,,,,0.0813923254609108,0.5868961215019226,1.9162335395812988,0.0159,,0.0625
111,20000,0.0,24,17,0.0,30.0,0.0,0.0021948940120637417,0.23971974849700928,0.23782365024089813,0.4274972081184387,-0.09480154514312744,0.0506366603076458,0.4184092879295349,0.000842575915157795,0.005232304334640503,0.8703826069831848,64,0.03,0.0,2,0,3,0,11,0.818,,,,,,,0.10891939699649811,0.7700247764587402,2.1077940464019775,0.01605,,0.0625
112,20000,0.0,24,17,0.1429,30.0,0.1429,0.001083452021703124,0.21553447842597961,0.21119238436222076,0.37439045310020447,-0.09394730627536774,0.023624693974852562,0.41734474897384644,0.0009275382035411894,0.007487256545573473,0.891049325466156,64,0.0569,0.143,3,0,6,0,6,1.0,0.1043,0.4253,0.083,1,38,6,0.10543446242809296,0.721685528755188,2.1002871990203857,0.016,0.0625,0.0625
113,20000,0.0,24,17,0.125,28.62,0.125,0.0015220833010971546,0.2169448733329773,0.2125306874513626,0.509821355342865,-0.09883460402488708,0.07129307091236115,0.4628313481807709,0.0009719005902297795,0.006477016489952803,0.6682345867156982,64,0.0548,0.125,1,0,5,2,7,1.0,,,,,,,0.14790405333042145,0.7420848608016968,1.9840768575668335,0.016,,0.0625
114,20000,0.0,24,17,0.25,30.0,0.25,0.0031077407766133547,0.1810944676399231,0.18542811274528503,0.4197937846183777,-0.08780618757009506,0.04281169921159744,0.4173603653907776,0.0018673137528821826,0.009232399985194206,1.023067831993103,64,0.0361,0.25,1,0,6,0,7,0.714,,,,,,,0.08582636713981628,0.7167435884475708,2.0645194053649902,0.016,,0.0625
115,20000,0.0,24,17,0.4,30.0,0.4,0.006345774978399277,0.19523990154266357,0.18980148434638977,0.4138526916503906,-0.09744533151388168,0.06688454002141953,0.37435629963874817,0.0009949575178325176,0.00634530046954751,0.865975022315979,64,0.0273,0.4,1,0,3,0,10,0.9,,,,,,,0.11252672225236893,0.7428743839263916,2.1321423053741455,0.01615,,0.0625
116,20000,0.0,24,17,0.5,29.88,0.5,0.003480520099401474,0.20206481218338013,0.21790285408496857,0.3317263126373291,-0.0965648740530014,0.026294609531760216,0.37295201420783997,0.0008808053680695593,0.005499877035617828,0.7701455950737,64,0.0236,0.5,1,0,4,0,7,0.714,,,,,,,0.12538522481918335,0.7589139342308044,2.147298574447632,0.01625,,0.0625
117,20000,0.0,24,17,0.0,30.0,0.0,0.004617874510586262,0.21609652042388916,0.22645144164562225,0.3243893086910248,-0.09701058268547058,0.0233130045235157,0.37121057510375977,0.0010046870447695255,0.007126601878553629,1.0253645181655884,64,0.0446,0.0,2,0,5,0,9,0.889,,,,,,,0.09461082518100739,0.6399290561676025,2.1199355125427246,0.01625,,0.0625
118,20000,0.0,24,16,0.25,29.75,0.25,0.0008311079582199454,0.24352091550827026,0.2437353879213333,0.4542759954929352,-0.09751728922128677,0.04242250323295593,0.46320125460624695,0.0007176226354204118,0.007494019344449043,0.7315093874931335,64,0.0343,0.25,3,0,3,0,9,0.889,,,,,,,0.13330969214439392,0.6710823774337769,1.9701220989227295,0.01635,,0.0625
119,20000,0.0,24,16,0.0,29.8,0.0,0.001169293886050582,0.23785772919654846,0.24369394779205322,0.4262935519218445,-0.09760861098766327,0.04755217954516411,0.4262322783470154,0.0010330857476219535,0.005131086800247431,0.6205569505691528,64,0.0535,0.0,2,0,4,1,9,0.778,0.0869,0.3876,0.083,1,39,5,0.1572919487953186,0.7315583229064941,1.9930365085601807,0.01625,0.0625,0.0625
120,20000,0.0,24,16,0.6,29.2,0.6,0.0015135277062654495,0.2609501779079437,0.26367276906967163,0.34025290608406067,-0.09311088174581528,0.03949246555566788,0.351909875869751,0.0007484210073016584,0.004937918856739998,1.004550814628601,64,0.0359,0.6,2,0,1,1,9,0.889,,,,,,,0.09268906712532043,0.8239912390708923,2.070180892944336,0.0165,,0.0625
121,20000,0.0,24,16,0.1667,30.0,0.1667,0.0017822906374931335,0.1651088148355484,0.16629615426063538,0.743536114692688,-0.09547966718673706,0.0309276320040226,0.7746882438659668,0.0010542789241299033,0.0049445792101323605,0.7486701011657715,64,0.0609,0.167,2,0,5,0,8,0.875,,,,,,,0.12753236293792725,0.6961182355880737,1.926015853881836,0.01655,,0.0625
122,20000,0.0,24,16,0.0,29.75,0.0,0.0023078436497598886,0.20619821548461914,0.20687761902809143,0.33951589465141296,-0.09507301449775696,0.029639020562171936,0.37193429470062256,0.0008821266237646341,0.006753169931471348,0.9010764956474304,64,0.0495,0.0,1,0,7,1,7,0.714,,,,,,,0.10551048070192337,0.6561524868011475,2.1059441566467285,0.0165,,0.0625
123,20000,0.0,24,16,0.25,29.88,0.25,0.00124813721049577,0.25640931725502014,0.255379319190979,0.27259793877601624,-0.09719669818878174,0.020683344453573227,0.3257007598876953,0.0008719984907656908,0.0054543763399124146,0.8003801703453064,64,0.0344,0.25,1,0,6,0,7,1.0,,,,,,,0.1214381530880928,0.6667331457138062,2.2012224197387695,0.0167,,0.0625
124,20000,0.0,24,16,0.0,29.33,0.0,0.0012690412113443017,0.22002163529396057,0.21696287393569946,0.3398832380771637,-0.09741926193237305,0.031680863350629807,0.37152427434921265,0.000924477179069072,0.004832960665225983,0.7631779909133911,64,0.0301,0.0,4,0,5,1,6,0.667,,,,,,,0.1276494562625885,0.7690913081169128,2.1073927879333496,0.0166,,0.0625
125,20000,0.0,24,16,0.0,29.8,0.0,0.002469909843057394,0.25382572412490845,0.24727480113506317,0.3937419056892395,-0.09475833922624588,0.030788090080022812,0.4217692017555237,0.0008905873401090503,0.010309666395187378,0.6585189700126648,64,0.0306,0.0,1,0,4,1,10,0.9,,,,,,,0.14389613270759583,0.7020666003227234,2.090157985687256,0.01695,,0.0625
126,20000,0.0,24,16,0.0909,29.91,0.0909,0.0010426287772133946,0.2294553816318512,0.2278788536787033,0.3290514349937439,-0.09655246138572693,0.0247054360806942,0.372483491897583,0.0007437330787070096,0.007419036701321602,0.9691422581672668,64,0.0463,0.091,3,0,10,0,2,1.0,0.075,0.3696,0.146,0,36,5,0.09962671995162964,0.7302977442741394,2.106480360031128,0.01665,0.1458,0.1458
127,20000,0.0,24,16,0.0,29.67,0.0,0.0025003869086503983,0.217176616191864,0.2135237455368042,0.4167049527168274,-0.09608053416013718,0.06398224085569382,0.38196688890457153,0.0008611576049588621,0.005708221811801195,0.8147093653678894,64,0.0511,0.0,5,0,5,1,5,0.8,,,,,,,0.1179322823882103,0.6889784336090088,2.0676465034484863,0.0166,,0.1458
128,20000,0.0,24,16,0.0,29.9,0.0,0.0014529188629239798,0.2320972979068756,0.23501572012901306,0.4028864800930023,-0.08893050253391266,0.04573081061244011,0.39768674969673157,0.0007378010195679963,0.005337255075573921,1.0129964351654053,64,0.0325,0.0,2,0,9,1,4,0.75,,,,,,,0.08778955042362213,0.7421280741691589,2.180375576019287,0.01645,,0.1458
129,20000,0.0,24,16,0.0,30.0,0.0,0.0017250706441700459,0.1645883321762085,0.17142601311206818,0.4406672418117523,-0.08593539893627167,0.07651019096374512,0.3715922236442566,0.001158218365162611,0.00398007920011878,1.0507313013076782,64,0.0384,0.0,4,0,8,0,4,1.0,,,,,,,0.08178627490997314,0.7118706703186035,2.114645004272461,0.01645,,0.1458
130,20000,0.0,24,16,0.0,30.0,0.0,0.0009711348684504628,0.1823038011789322,0.1877097338438034,0.3615344166755676,-0.09527846425771713,0.04072565212845802,0.3719083070755005,0.0008817429770715535,0.006906496826559305,0.7541102766990662,64,0.028,0.0,2,0,7,0,7,0.857,,,,,,,0.12634553015232086,0.7131680250167847,2.088021755218506,0.01645,,0.1458
131,20000,0.0,24,16,0.0,30.0,0.0,0.0012832342181354761,0.17971107363700867,0.17561925947666168,0.4021815061569214,-0.09156721830368042,0.036927901208400726,0.4172017574310303,0.0008846883429214358,0.00538232084363699,0.8751654028892517,64,0.0294,0.0,3,0,8,0,5,0.8,,,,,,,0.10462847352027893,0.6671802401542664,2.0878961086273193,0.0164,,0.1458
132,20000,0.0,24,16,0.0,30.0,0.0,0.0014689334202557802,0.24296779930591583,0.24366889894008636,0.4183623790740967,-0.09698209166526794,0.047330014407634735,0.4188627600669861,0.0008541326387785375,0.0036434077192097902,0.7941906452178955,64,0.059,0.0,6,0,6,0,4,1.0,,,,,,,0.12211437523365021,0.7027493715286255,2.03989839553833,0.0163,,0.1458
133,20000,0.0,24,16,0.0,29.83,0.0,0.001416799146682024,0.21354514360427856,0.2062678039073944,0.3233138620853424,-0.09629986435174942,0.045658521354198456,0.3257400393486023,0.0008352607255801558,0.005113310646265745,1.0045989751815796,64,0.0311,0.167,2,1,5,0,8,1.0,0.0794,0.3833,0.062,0,38,7,0.09585901349782944,0.866395115852356,2.183088779449463,0.01645,0.0625,0.1458
134,20000,0.0,24,16,0.2857,29.29,0.2857,0.0011700253235176206,0.21000346541404724,0.2094351053237915,0.47848066687583923,-0.09426519274711609,0.07475730776786804,0.42064040899276733,0.0007195731741376221,0.005181658547371626,0.9902806282043457,64,0.0402,0.286,2,0,4,1,7,0.714,,,,,,,0.0951903834939003,0.7329608798027039,2.028395175933838,0.01645,,0.1458
135,20000,0.0,24,16,0.3333,30.0,0.3333,0.0011952517088502645,0.17515063285827637,0.16807019710540771,0.44347083568573,-0.09692689776420593,0.05973067134618759,0.41794994473457336,0.0010580966481938958,0.005972883198410273,0.8331362009048462,64,0.0387,0.333,1,0,6,0,6,0.667,,,,,,,0.1163397952914238,0.640260636806488,2.071187734603882,0.0164,,0.1458
136,20000,0.0,24,16,0.0,29.83,0.0,0.0013130687875673175,0.20842745900154114,0.20833879709243774,0.4517877399921417,-0.09201714396476746,0.039246007800102234,0.4632090926170349,0.0007648823084309697,0.0042075514793396,1.1758817434310913,64,0.0411,0.0,1,0,5,1,9,0.778,,,,,,,0.07825374603271484,0.683001697063446,2.1309149265289307,0.0162,,0.1458
137,20000,0.0,24,16,0.0,30.0,0.0,0.001587185077369213,0.1758733093738556,0.1749505251646042,0.4078894257545471,-0.09259971976280212,0.04021085053682327,0.41765356063842773,0.0013061154168099165,0.004827731288969517,0.8403474688529968,64,0.0421,0.0,3,0,6,0,7,0.857,,,,,,,0.1101921796798706,0.6365556716918945,2.0169248580932617,0.0162,,0.1458
138,20000,0.0,24,16,0.0,28.75,0.0,0.0026205736212432384,0.2281942516565323,0.22593489289283752,0.3851463794708252,-0.09668615460395813,0.05374789237976074,0.37179145216941833,0.0011318434262648225,0.005090613383799791,0.7831641435623169,64,0.0629,0.0,2,0,7,1,6,0.833,,,,,,,0.12345580756664276,0.7993669509887695,2.1653692722320557,0.0162,,0.1458
139,20000,0.0,24,16,0.0,29.9,0.0,0.0016563853714615107,0.20392143726348877,0.2029029279947281,0.4537150263786316,-0.09578925371170044,0.046453505754470825,0.45398056507110596,0.0007298084674403071,0.005233404692262411,0.9884105920791626,64,0.0435,0.0,3,0,9,1,3,1.0,,,,,,,0.09691241383552551,0.710660457611084,2.200258255004883,0.01585,,0.1458
140,20000,0.0,24,15,0.2857,29.71,0.2857,0.0010700643761083484,0.21702750027179718,0.2176748514175415,0.3450687825679779,-0.09509212523698807,0.03287903964519501,0.37152743339538574,0.0010237139649689198,0.005750762298703194,0.8604832887649536,64,0.0403,0.286,2,0,5,0,7,0.714,0.0873,0.3646,0.167,0,35,5,0.11051013320684433,0.7789563536643982,2.12400221824646,0.01585,0.1667,0.1667
141,20000,0.0,24,15,0.25,29.75,0.25,0.0015230182325467467,0.1587112843990326,0.15281891822814941,0.3498494625091553,-0.08942632377147675,0.05322357267141342,0.3296114504337311,0.0016618118388578296,0.006434401962906122,1.3905725479125977,64,0.0402,0.5,1,1,2,0,11,0.909,,,,,,,0.06430899351835251,0.6237061619758606,2.141927719116211,0.0161,,0.1667
142,20000,0.0,24,15,0.0,30.0,0.0,0.0021626984234899282,0.21378947794437408,0.2068345546722412,0.4225985109806061,-0.09899771958589554,0.028432531282305717,0.4627438485622406,0.0011928193271160126,0.003974631428718567,0.7055148482322693,64,0.0315,0.0,2,0,8,0,6,0.833,,,,,,,0.14031982421875,0.6275795698165894,1.9865690469741821,0.0161,,0.1667
143,20000,0.0,24,15,0.0,30.0,0.0,0.0009367408347316086,0.20949721336364746,0.20565447211265564,0.3366123139858246,-0.0960111916065216,0.05204133689403534,0.32584348320961,0.0008145334431901574,0.005394674837589264,0.9956693053245544,64,0.0317,0.0,3,0,5,0,8,0.75,,,,,,,0.09642879664897919,0.8330610990524292,2.183948040008545,0.0161,,0.1667
144,20000,0.0,24,15,0.5,29.75,0.5,0.001330942497588694,0.21759754419326782,0.21708351373672485,0.4057348966598511,-0.09761244058609009,0.06356216967105865,0.37270796298980713,0.0009140667389146984,0.007030098233371973,0.8535332679748535,64,0.0219,0.5,2,0,4,0,6,1.0,,,,,,,0.11436278373003006,0.7825031280517578,2.0861988067626953,0.01625,,0.1667
145,20000,0.0,24,15,0.2222,30.0,0.2222,0.0034504898358136415,0.21885618567466736,0.2068871259689331,0.30042609572410583,-0.0926639586687088,0.03249264508485794,0.32556456327438354,0.0008883107802830637,0.00508042611181736,0.9296722412109375,64,0.0399,0.222,1,0,6,1,6,0.833,,,,,,,0.0996737852692604,0.7706384658813477,2.194127321243286,0.0162,,0.1667
146,20000,0.0,24,15,0.3077,30.0,0.3077,0.0011686350917443633,0.20846746861934662,0.20833605527877808,0.563075602054596,-0.09524109214544296,0.02683325670659542,0.6023688316345215,0.0008342890068888664,0.00456270482391119,0.6937170028686523,64,0.0288,0.308,2,0,9,0,1,1.0,,,,,,,0.13729098439216614,0.7558876872062683,2.1372644901275635,0.0161,,0.1667
147,20000,0.0,24,15,0.0,30.0,0.0,0.003243429819121957,0.2275892049074173,0.21172857284545898,0.35358697175979614,-0.09824767708778381,0.06124606356024742,0.32662713527679443,0.0010287814075127244,0.0054307738319039345,0.9125539064407349,64,0.0436,0.0,3,0,6,0,7,0.857,0.0903,0.4288,0.125,0,34,8,0.10766232013702393,0.6750404834747314,2.20548415184021,0.016,0.125,0.1667
148,20000,0.0,24,15,0.0,29.82,0.0,0.0012576471781358123,0.15388049185276031,0.14946596324443817,0.38046425580978394,-0.09445850551128387,0.037765271961688995,0.39728283882141113,0.001042292220517993,0.004218784626573324,1.00368070602417,64,0.0328,0.0,0,0,9,2,5,1.0,,,,,,,0.0941121056675911,0.685583770275116,2.0438613891601562,0.01605,,0.1667
149,20000,0.0,24,15,0.4,29.6,0.4,0.0012294447515159845,0.21088525652885437,0.21126756072044373,0.33712443709373474,-0.09258738160133362,0.02723122015595436,0.37267154455184937,0.0006686042179353535,0.005155703518539667,0.9878479242324829,64,0.0447,0.4,3,0,3,0,8,0.75,,,,,,,0.09372635185718536,0.6322335004806519,2.0920305252075195,0.01625,,0.1667
150,20000,0.0,24,15,0.0,29.38,0.0,0.001914293272420764,0.1984642893075943,0.21154499053955078,0.5443015098571777,-0.0967484787106514,0.023363089188933372,0.5917946100234985,0.000822122092358768,0.00505840964615345,0.7104766964912415,64,0.0521,0.0,2,0,7,1,6,1.0,,,,,,,0.1361740529537201,0.6386895179748535,1.9537928104400635,0.0163,,0.1667
151,20000,0.0,24,15,0.1,30.0,0.1,0.0009232469601556659,0.20093819499015808,0.19780224561691284,0.37142178416252136,-0.09468743950128555,0.02339710295200348,0.4170754849910736,0.0008421525708399713,0.004479061346501112,0.8579026460647583,64,0.0355,0.1,2,0,8,1,4,1.0,,,,,,,0.11037084460258484,0.6902128458023071,2.077937126159668,0.0162,,0.1667
152,20000,0.0,24,15,0.5,29.83,0.5,0.001103309914469719,0.20203377306461334,0.20656704902648926,0.4698222279548645,-0.094225212931633,0.0824529379606247,0.39595988392829895,0.0011127429315820336,0.00636336300522089,0.8621110320091248,64,0.0302,0.5,2,0,3,0,8,0.75,,,,,,,0.10929591208696365,0.7364314794540405,2.089461088180542,0.0164,,0.1667
153,20000,0.0,24,15,0.1667,30.0,0.1667,0.0010560997761785984,0.21345120668411255,0.21919797360897064,0.40274593234062195,-0.09179185330867767,0.06034066528081894,0.3712473213672638,0.0005630248342640698,0.0052182930521667,0.8738369345664978,64,0.0328,0.167,3,0,5,0,7,0.857,,,,,,,0.10504458844661713,0.9485844373703003,2.120854377746582,0.0164,,0.1667
154,20000,0.0,24,15,0.0,30.0,0.0,0.001715265098027885,0.21561220288276672,0.22058771550655365,0.449935644865036,-0.09483103454113007,0.08425217866897583,0.3724019229412079,0.0008959461119957268,0.0077207451686263084,0.788597583770752,64,0.0469,0.0,1,0,6,0,9,0.889,0.0856,0.3615,0.125,2,32,10,0.12025275081396103,0.7279547452926636,2.0874128341674805,0.01635,0.0833,0.1667
155,20000,0.0,24,15,0.1429,29.86,0.1429,0.0009498696308583021,0.2079463005065918,0.21432718634605408,0.4046204090118408,-0.09524126350879669,0.01740376465022564,0.4625239968299866,0.000795141386333853,0.005060334224253893,0.6685144305229187,64,0.023,0.143,3,0,6,0,6,1.0,,,,,,,0.14246702194213867,0.6890057921409607,1.9886317253112793,0.01625,,0.1667
156,20000,0.0,24,15,0.5,30.0,0.5,0.0023437910713255405,0.24100863933563232,0.23343996703624725,0.33895960450172424,-0.09228980541229248,0.020342081785202026,0.3871496915817261,0.0008703474304638803,0.006831086240708828,0.8348302841186523,64,0.0361,0.5,3,0,2,0,9,1.0,,,,,,,0.11054917424917221,0.6995067596435547,2.0736865997314453,0.0166,,0.1667
157,20000,0.0,24,15,0.2222,30.0,0.2222,0.001028698869049549,0.24392838776111603,0.24716994166374207,0.4003564417362213,-0.09632452577352524,0.01872040331363678,0.4566442668437958,0.0007157300133258104,0.005191795527935028,0.7486964464187622,64,0.034,0.222,2,0,7,0,5,0.8,,,,,,,0.1286563277244568,0.6078535318374634,2.135248899459839,0.0165,,0.1667
158,20000,0.0,24,15,0.2,28.8,0.2,0.0012394193327054381,0.20274336636066437,0.1988190859556198,0.3349870443344116,-0.09592181444168091,0.04357203096151352,0.3401520848274231,0.00093079888029024,0.007225413341075182,0.8989192843437195,64,0.0334,0.2,1,0,1,3,10,1.0,,,,,,,0.10670793056488037,0.7011984586715698,2.1357665061950684,0.01655,,0.1667
159,20000,0.0,24,15,0.0,30.0,0.0,0.004889458883553743,0.23809273540973663,0.22744116187095642,0.5147301554679871,-0.09617848694324493,0.10576069355010986,0.3968907296657562,0.0007378992740996182,0.004993094131350517,0.7125605940818787,64,0.0556,0.0,2,0,5,0,9,0.889,,,,,,,0.1349758803844452,0.7739042043685913,2.04461669921875,0.0165,,0.1667
160,20000,0.0,24,15,0.4,29.4,0.4,0.001483227708376944,0.20208702981472015,0.20364025235176086,0.3627220690250397,-0.09024564176797867,0.03956625238060951,0.3712126314640045,0.0007792360265739262,0.005245135631412268,0.768532931804657,64,0.0326,0.4,5,0,3,0,6,0.833,,,,,,,0.11742586642503738,0.7165071964263916,2.1068241596221924,0.01655,,0.1667
161,20000,0.0,24,15,0.0,29.5,0.0,0.0017284631030634046,0.23269644379615784,0.2373095154762268,0.33978700637817383,-0.09340018033981323,0.02824265882372856,0.3742051124572754,0.0006908611976541579,0.004993524868041277,0.699876070022583,64,0.0395,0.0,0,0,5,1,10,0.6,0.0827,0.4214,0.062,0,42,3,0.13345244526863098,0.8254337310791016,2.083737850189209,0.01645,0.0625,0.1667
162,20000,0.0,24,15,0.0,29.88,0.0,0.0024243327789008617,0.18205225467681885,0.1815541684627533,0.28714096546173096,-0.09395843744277954,0.019720543175935745,0.339465856552124,0.0010047547984868288,0.004384937696158886,0.824687659740448,64,0.0378,0.0,1,0,6,2,7,1.0,,,,,,,0.11393214762210846,0.6370225548744202,2.138463020324707,0.0164,,0.1667
163,20000,0.0,24,15,0.2222,29.78,0.2222,0.001010289997793734,0.1851169764995575,0.18993216753005981,0.3353562653064728,-0.09573599696159363,0.04965540021657944,0.32903575897216797,0.000748204009141773,0.005491424817591906,0.9513813257217407,64,0.0368,0.222,0,0,6,1,7,0.857,,,,,,,0.10062842071056366,0.7272796630859375,2.177990436553955,0.0162,,0.1667
164,20000,0.0,24,15,0.0,30.0,0.0,0.0011259864550083876,0.18391314148902893,0.18437375128269196,0.34950822591781616,-0.0931830033659935,0.031926125288009644,0.3763194680213928,0.000653840834274888,0.0050390479154884815,0.744327187538147,64,0.0319,0.0,4,0,6,0,6,1.0,,,,,,,0.12519091367721558,0.7512418627738953,2.0703139305114746,0.0162,,0.1667
165,20000,0.0,24,15,0.2,29.8,0.2,0.001183141372166574,0.17166629433631897,0.17411856353282928,0.41356590390205383,-0.09598784148693085,0.06820836663246155,0.37116914987564087,0.0008209298830479383,0.003935733810067177,0.8282899856567383,64,0.0364,0.2,2,0,4,0,9,0.778,,,,,,,0.11588677018880844,0.7014108896255493,2.1206119060516357,0.0162,,0.1667
166,20000,0.0,24,15,0.125,30.0,0.125,0.000953280134126544,0.17179551720619202,0.1726168394088745,0.4677897095680237,-0.0967690497636795,0.04327332600951195,0.47662925720214844,0.0006737977382726967,0.0027657104656100273,0.5825400948524475,64,0.0329,0.125,6,0,7,0,2,1.0,,,,,,,0.16611570119857788,0.7357397079467773,1.887367844581604,0.01605,,0.1667
167,20000,0.0,24,15,0.125,30.0,0.125,0.0019021800253540277,0.15988761186599731,0.16272717714309692,0.5342029333114624,-0.09723599255084991,0.08791497349739075,0.45253366231918335,0.0009339689859189093,0.006150601897388697,0.7401666045188904,64,0.0412,0.125,2,0,6,1,6,1.0,,,,,,,0.131370410323143,0.8035029768943787,1.9592405557632446,0.016,,0.1667
168,20000,0.0,24,15,0.2,29.9,0.2,0.0013250447809696198,0.20212513208389282,0.1960648149251938,0.45526501536369324,-0.09411165118217468,0.08703824877738953,0.37179747223854065,0.0010316985426470637,0.0070053935050964355,0.7576513886451721,64,0.0292,0.3,2,1,6,1,4,1.0,0.0745,0.379,0.062,0,43,2,0.12421497702598572,0.8533434867858887,2.1467771530151367,0.0158,0.0625,0.1667
169,20000,0.0,24,15,0.0,29.8,0.0,0.0019544686656445265,0.17395155131816864,0.17810937762260437,0.31575334072113037,-0.08879939466714859,0.03413312882184982,0.3332306742668152,0.0010380079038441181,0.00611162930727005,0.881605327129364,64,0.0351,0.2,2,1,4,0,9,1.0,,,,,,,0.10072465240955353,0.7878698110580444,2.154944896697998,0.0158,,0.1667
170,20000,0.0,24,15,0.1818,30.0,0.1818,0.0010863960487768054,0.18460576236248016,0.18234771490097046,0.6583995223045349,-0.09446627646684647,0.1592848300933838,0.43157532811164856,0.0007800356252118945,0.005441597662866116,0.8188387751579285,64,0.0311,0.182,0,0,9,0,5,0.6,,,,,,,0.1153661459684372,0.7656902074813843,2.0386343002319336,0.0157,,0.1667
171,20000,0.0,24,15,0.2857,30.0,0.2857,0.0035435210447758436,0.1968548595905304,0.2019600123167038,0.49319177865982056,-0.09613048285245895,0.061669543385505676,0.4631178081035614,0.0009661127696745098,0.005730743985623121,0.58604896068573,64,0.04,0.286,3,0,5,0,6,1.0,,,,,,,0.1640314906835556,0.7890892028808594,2.007213592529297,0.0157,,0.1667
172,20000,0.0,24,15,0.1111,30.0,0.1111,0.0026950824540108442,0.20589429140090942,0.19850261509418488,0.28970813751220703,-0.09482353925704956,0.027884919196367264,0.32588499784469604,0.0007864696090109646,0.005753674544394016,0.967143177986145,64,0.028,0.111,0,0,8,0,7,0.857,,,,,,,0.0980449914932251,0.7770513296127319,2.20273756980896,0.01575,,0.1667
173,20000,0.0,24,15,0.0,29.57,0.0,0.001184766530059278,0.19814839959144592,0.198666051030159,0.4050784111022949,-0.09323389828205109,0.05989278852939606,0.37609997391700745,0.0007589911692775786,0.004853466525673866,0.7735177278518677,64,0.0389,0.0,4,0,5,2,5,1.0,,,,,,,0.12053234130144119,0.7269352674484253,2.0697555541992188,0.01565,,0.1667
174,20000,0.0,24,15,0.1667,29.5,0.1667,0.0012708345893770456,0.2576565742492676,0.2689298987388611,0.41589632630348206,-0.09522895514965057,0.04592695087194443,0.41706985235214233,0.0007296979892998934,0.00440303236246109,0.8244306445121765,64,0.0305,0.333,0,1,3,1,10,1.0,,,,,,,0.11550875008106232,0.6389665603637695,2.0443694591522217,0.01595,,0.1667
175,20000,0.0,24,15,0.0,30.0,0.0,0.001763032516464591,0.21294936537742615,0.21688348054885864,0.28754547238349915,-0.0976579487323761,0.023328345268964767,0.3359938859939575,0.0007847145898267627,0.005105664953589439,0.8537829518318176,64,0.0466,0.0,5,0,7,0,4,1.0,0.0773,0.3798,0.125,1,40,2,0.11438263952732086,0.6953598856925964,2.1705055236816406,0.01595,0.1042,0.1667
176,20000,0.0,24,15,0.0,29.56,0.0,0.0014272083062678576,0.18878865242004395,0.19879692792892456,0.41592782735824585,-0.07938771694898605,0.02581799402832985,0.4416295289993286,0.0013812845572829247,0.0041000558994710445,0.8307877779006958,64,0.0432,0.0,4,0,8,1,3,0.667,,,,,,,0.09555715322494507,0.7815181016921997,1.9722177982330322,0.016,,0.1667
177,20000,0.0,24,15,0.0909,29.45,0.0909,0.0013909849803894758,0.22621849179267883,0.22689980268478394,0.32777369022369385,-0.09217362105846405,0.023083463311195374,0.37155812978744507,0.0006819145637564361,0.004444460850208998,0.807698667049408,64,0.0342,0.091,1,0,8,2,4,1.0,,,,,,,0.11411881446838379,0.7091308832168579,2.133608341217041,0.01595,,0.1667
178,20000,0.0,24,15,0.0,29.67,0.0,0.0013819154119119048,0.2201753556728363,0.20768745243549347,0.39463067054748535,-0.09820741415023804,0.059119414538145065,0.3723933696746826,0.000956899777520448,0.004411747213453054,0.7760733962059021,64,0.0406,0.0,4,0,5,1,6,0.667,,,,,,,0.12654396891593933,0.7654539346694946,2.0847597122192383,0.01585,,0.1667
179,20000,0.0,24,15,0.0,29.67,0.0,0.0016589746810495853,0.17599961161613464,0.16638508439064026,0.4659920632839203,-0.09386845678091049,0.021960601210594177,0.5122100114822388,0.0010575084015727043,0.007458617445081472,0.5905598998069763,64,0.035,0.0,2,0,8,1,5,0.8,,,,,,,0.15894822776317596,0.701295018196106,1.8581278324127197,0.01585,,0.1667
180,20000,0.0,24,15,0.4286,29.57,0.4286,0.001268060295842588,0.2302343100309372,0.22616109251976013,0.43252721428871155,-0.09079065173864365,0.05216584727168083,0.41702234745025635,0.000695774971973151,0.0039276378229260445,1.0787056684494019,64,0.0253,0.429,2,0,4,0,7,1.0,,,,,,,0.08416629582643509,0.6491103172302246,2.0567421913146973,0.0161,,0.1667
181,20000,0.0,24,15,0.25,29.75,0.25,0.0029465227853506804,0.19024664163589478,0.196384459733963,0.32081320881843567,-0.09521535038948059,0.03023364767432213,0.3533117175102234,0.0009537893929518759,0.0044990647584199905,0.8000262379646301,64,0.0197,0.25,0,0,6,0,8,0.875,,,,,,,0.11901528388261795,0.6702544093132019,2.1523966789245605,0.0161,,0.1667
182,20000,0.0,24,15,0.2222,29.89,0.2222,0.0032345461659133434,0.2146093249320984,0.20791329443454742,0.31513842940330505,-0.09683169424533844,0.01869477517902851,0.3718976676464081,0.0007292029913514853,0.005365791264921427,0.970075249671936,64,0.0324,0.222,1,0,7,0,6,1.0,0.0692,0.3691,0.125,1,39,3,0.09981874376535416,0.7235345840454102,2.1000659465789795,0.0162,0.1042,0.1667
183,20000,0.0,24,15,0.0,29.62,0.0,0.0014450205489993095,0.18485409021377563,0.1807653158903122,0.3663327097892761,-0.096744105219841,0.04416489601135254,0.37241825461387634,0.0011641462333500385,0.004657482262700796,0.9508689045906067,64,0.0523,0.125,2,1,7,0,6,0.667,,,,,,,0.10174284875392914,0.7751364707946777,2.079270839691162,0.01605,,0.1667
184,20000,0.0,24,15,0.0,29.3,0.0,0.0008978210389614105,0.2518088221549988,0.2505471110343933,0.3724425435066223,-0.09841590374708176,0.04734323173761368,0.3737573027610779,0.0005885179270990193,0.004829356446862221,0.7838794589042664,64,0.0318,0.0,3,0,7,3,3,1.0,,,,,,,0.1255497932434082,0.7986695766448975,2.0761876106262207,0.0158,,0.1667
185,20000,0.0,24,15,0.0,29.8,0.0,0.001818799297325313,0.17850911617279053,0.18092100322246552,0.44182997941970825,-0.09821315109729767,0.06003468483686447,0.417001873254776,0.0011660305317491293,0.005943789146840572,0.8902382254600525,64,0.0392,0.0,2,0,4,1,9,0.778,,,,,,,0.11032232642173767,0.6875454783439636,2.0599982738494873,0.01595,,0.1667
186,20000,0.0,24,15,0.1429,29.57,0.1429,0.001758885569870472,0.16964304447174072,0.16139835119247437,0.3423381745815277,-0.09790532290935516,0.02964581549167633,0.37809544801712036,0.0009167473763227463,0.005712794605642557,0.6624249219894409,64,0.0228,0.143,1,0,5,1,8,0.75,,,,,,,0.1477983593940735,0.6487516164779663,2.132195472717285,0.016,,0.1667
187,20000,0.0,24,15,0.0,30.0,0.0,0.0007057655020616949,0.25052687525749207,0.2449428141117096,0.43047329783439636,-0.09805324673652649,0.04268483817577362,0.4405295252799988,0.0008749024127610028,0.005254698451608419,0.8270573019981384,64,0.023,0.0,3,0,5,0,8,0.875,,,,,,,0.11855678260326385,0.6729845404624939,2.0809166431427,0.0162,,0.1667
188,20000,0.0,24,15,0.2,30.0,0.2,0.001339433598332107,0.27147430181503296,0.27534860372543335,0.38004547357559204,-0.09791038930416107,0.05165240168571472,0.3716217875480652,0.0011947323800995946,0.006058581173419952,0.7309380769729614,64,0.0156,0.2,3,0,4,0,8,0.875,,,,,,,0.13395169377326965,0.9244521856307983,2.129082441329956,0.0162,,0.1667
189,20000,0.0,24,15,0.25,28.75,0.25,0.0008461624383926392,0.21082748472690582,0.20165938138961792,0.38597333431243896,-0.09679244458675385,0.03109743259847164,0.4176444709300995,0.000724010169506073,0.005852881353348494,0.6598396301269531,64,0.0275,0.25,4,0,2,1,8,0.625,0.0821,0.4866,0.104,2,41,2,0.14669084548950195,0.7518179416656494,2.070833444595337,0.01605,0.0625,0.1667
190,20000,0.0,24,15,0.1429,30.0,0.1429,0.0010622167028486729,0.20712736248970032,0.2091204822063446,0.35904407501220703,-0.09518344700336456,0.03299446031451225,0.38554438948631287,0.0007252616924233735,0.005388445220887661,0.9748492240905762,64,0.0302,0.143,5,0,6,0,4,0.75,,,,,,,0.09763913601636887,0.6667579412460327,2.0542714595794678,0.01605,,0.1667
191,20000,0.0,24,15,0.0,29.0,0.0,0.003689944976940751,0.21731799840927124,0.2239503562450409,0.2954995632171631,-0.09757480025291443,0.026844151318073273,0.33644700050354004,0.0006039597210474312,0.005878075025975704,0.8479493260383606,64,0.048,0.111,3,1,7,1,4,1.0,,,,,,,0.11507150530815125,0.6812890768051147,2.17203950881958,0.01595,,0.1667
192,20000,0.0,24,15,0.0,30.0,0.0,0.0035515979398041964,0.23770835995674133,0.2301432490348816,0.8531470894813538,-0.09893739223480225,0.06626078486442566,0.8170148134231567,0.000874649325851351,0.005096189212054014,0.7227033376693726,64,0.0204,0.0,3,0,7,0,6,0.833,,,,,,,0.13689903914928436,0.6891900300979614,2.048757553100586,0.01575,,0.1667
193,20000,0.0,24,15,0.0,29.83,0.0,0.001443576766178012,0.20918099582195282,0.21616816520690918,0.42063775658607483,-0.0967821329832077,0.04904402419924736,0.41694557666778564,0.0006926144706085324,0.004772554617375135,0.6122058629989624,64,0.0344,0.0,2,0,5,1,8,0.5,,,,,,,0.1580875813961029,0.8550695180892944,2.0597028732299805,0.01555,,0.1667
194,20000,0.0,24,15,0.0,30.0,0.0,0.001653981627896428,0.17267008125782013,0.17525744438171387,0.3382328748703003,-0.0964367687702179,0.03002750501036644,0.37213319540023804,0.0012107485672459006,0.004962845239788294,0.8494095802307129,64,0.0243,0.0,0,0,8,1,7,0.714,,,,,,,0.1135338842868805,0.821794867515564,2.086827039718628,0.0156,,0.1667
195,20000,0.0,24,15,0.0,29.56,0.0,0.001244306331500411,0.18595252931118011,0.17496302723884583,0.5483577847480774,-0.09866981208324432,0.08726345002651215,0.4697861671447754,0.0006330749019980431,0.005429031327366829,0.7110214829444885,64,0.0329,0.111,1,1,7,1,6,1.0,,,,,,,0.1387719213962555,0.7772964835166931,1.9959521293640137,0.0155,,0.1667
196,20000,0.0,24,15,0.0,30.0,0.0,0.0006914256955496967,0.1886921375989914,0.1855982542037964,0.4021238684654236,-0.0978601723909378,0.03291146457195282,0.43173709511756897,0.0007415479049086571,0.004848003387451172,0.7126750946044922,64,0.028,0.0,4,0,3,0,9,1.0,0.0784,0.4464,0.104,0,38,5,0.1373138576745987,0.7503862380981445,1.9931998252868652,0.01585,0.1042,0.1667
197,20000,0.0,24,15,0.125,30.0,0.125,0.0015649726847186685,0.2255268394947052,0.22413069009780884,0.4048672020435333,-0.0962514653801918,0.040459927171468735,0.41715046763420105,0.0006236587068997324,0.006096687167882919,0.9096836447715759,64,0.0355,0.125,4,0,6,1,4,1.0,,,,,,,0.10580761730670929,0.6873838901519775,2.067920207977295,0.0158,,0.1667
198,20000,0.0,24,15,0.1429,30.0,0.1429,0.0018825295846909285,0.195185124874115,0.19658203423023224,0.4120422601699829,-0.09745244681835175,0.06819283962249756,0.371096134185791,0.000708201783709228,0.004025792237371206,0.7421299815177917,64,0.0292,0.143,1,0,6,0,8,1.0,,,,,,,0.13131453096866608,0.7639476656913757,2.120898962020874,0.01585,,0.1667
199,20000,0.0,24,15,0.0,30.0,0.0,0.0013384157791733742,0.21466614305973053,0.2175547182559967,0.46554481983184814,-0.09831968694925308,0.03525422513484955,0.489860475063324,0.0008703366620466113,0.006991168949753046,0.6938247084617615,64,0.0237,0.0,3,0,7,0,6,0.833,,,,,,,0.14170682430267334,0.8050760626792908,2.0266520977020264,0.01585,,0.1667
200,20000,0.0,24,15,0.1111,29.89,0.1111,0.000713631568942219,0.2157495617866516,0.21577884256839752,0.26826709508895874,-0.09777694940567017,0.019206225872039795,0.32550036907196045,0.0008636678103357553,0.0042624627240002155,0.7945454120635986,64,0.0385,0.111,1,0,8,0,6,0.833,,,,,,,0.12306024134159088,0.7263345122337341,2.2117326259613037,0.01575,,0.1667
201,20000,0.0,24,15,0.1429,29.86,0.1429,0.0016189087182283401,0.2311641126871109,0.23107583820819855,0.369748592376709,-0.09562191367149353,0.04606496915221214,0.37131425738334656,0.0005772634176537395,0.0038526037242263556,0.9210726618766785,64,0.0293,0.143,4,0,6,0,5,1.0,,,,,,,0.10381581634283066,0.6308798789978027,2.112943172454834,0.0157,,0.1667
202,20000,0.0,24,15,0.0,29.62,0.0,0.0016210974426940084,0.18584421277046204,0.18463557958602905,0.3570029139518738,-0.09911058843135834,0.06349547952413559,0.3255586326122284,0.0008401325903832912,0.007127805147320032,0.632962167263031,64,0.0471,0.0,0,0,5,3,8,0.75,,,,,,,0.15658217668533325,0.8999788761138916,2.208163022994995,0.0156,,0.1667
203,20000,0.0,24,15,0.0,30.0,0.0,0.0021533246617764235,0.20091396570205688,0.19221588969230652,0.3088103234767914,-0.09524849057197571,0.014695748686790466,0.3715854585170746,0.0007418830646201968,0.006163701415061951,0.9430529475212097,64,0.0517,0.143,3,1,6,0,6,1.0,0.0793,0.4156,0.167,0,37,3,0.10100015997886658,0.6832391619682312,2.0792946815490723,0.01545,0.1667,0.1667
204,20000,0.0,24,15,0.4545,30.0,0.4545,0.0018807961605489254,0.18772198259830475,0.18013980984687805,0.40216246247291565,-0.09920923411846161,0.04119721055030823,0.4168853461742401,0.0009812002535909414,0.00418380880728364,0.7044135332107544,64,0.0379,0.455,0,0,6,0,5,0.8,,,,,,,0.14083947241306305,0.8203867673873901,2.063588857650757,0.01535,,0.1667
205,20000,0.0,24,15,0.0,30.0,0.0,0.000730127387214452,0.23364238440990448,0.22616103291511536,0.3602707087993622,-0.09947574138641357,0.059500738978385925,0.3384260833263397,0.0006726154242642224,0.004637765698134899,0.9151312708854675,64,0.0322,0.0,3,0,4,0,9,0.889,,,,,,,0.10870105773210526,0.7535836100578308,2.1217308044433594,0.0155,,0.1667
206,20000,0.0,24,15,0.3,30.0,0.3,0.0010550685692578554,0.20188671350479126,0.20616523921489716,0.31932753324508667,-0.0988907665014267,0.032019488513469696,0.35229429602622986,0.0009576466982252896,0.0037700245156884193,0.7901598811149597,64,0.0289,0.3,0,0,6,1,6,0.667,,,,,,,0.1251528561115265,0.7002239227294922,2.0601799488067627,0.0152,,0.1667
207,20000,0.0,24,15,0.3333,29.67,0.3333,0.001169779454357922,0.21701553463935852,0.2182762771844864,0.404344379901886,-0.09759809821844101,0.04707108438014984,0.4046918749809265,0.0009548769448883832,0.006216858979314566,0.7310913801193237,64,0.0213,0.333,1,0,2,0,12,0.917,,,,,,,0.13349643349647522,0.8611368536949158,2.028958797454834,0.0154,,0.1667
208,20000,0.0,24,15,0.4286,29.71,0.4286,0.005604073405265808,0.25805217027664185,0.2560916244983673,0.3096127212047577,-0.0996604934334755,0.028042739257216454,0.3504500389099121,0.0010941552463918924,0.0054754093289375305,0.6634415984153748,64,0.0269,0.429,1,0,3,1,8,1.0,,,,,,,0.1502174288034439,0.7012576460838318,2.145019769668579,0.01555,,0.1667
209,20000,0.0,24,15,0.0,30.0,0.0,0.0015659823548048735,0.22378405928611755,0.21363073587417603,0.4024568498134613,-0.09843743592500687,0.040654946118593216,0.4169944226741791,0.0007236795499920845,0.00517996633425355,0.5641382932662964,64,0.0279,0.0,5,0,7,1,3,1.0,,,,,,,0.17449168860912323,0.7427396774291992,2.0431628227233887,0.0154,,0.1667
210,20000,0.0,24,15,0.0,30.0,0.0,0.0013257138198241591,0.19270260632038116,0.1920832246541977,0.3484276533126831,-0.0951322391629219,0.03407106548547745,0.37228214740753174,0.0007975230109877884,0.006271245423704386,1.0826243162155151,64,0.0407,0.0,3,0,7,0,6,1.0,0.0658,0.3546,0.083,0,41,3,0.08787187933921814,0.7176833152770996,2.12530517578125,0.01545,0.0833,0.1667
211,20000,0.0,24,15,0.0,30.0,0.0,0.0011206904891878366,0.1821901649236679,0.18555524945259094,0.43680140376091003,-0.09663490951061249,0.033812515437603,0.46388131380081177,0.0008941783453337848,0.0038599504623562098,0.8520291447639465,64,0.0335,0.0,3,0,8,0,5,1.0,,,,,,,0.1134173721075058,0.6465461850166321,2.009265899658203,0.01545,,0.1667
212,20000,0.0,24,15,0.0,30.0,0.0,0.000736561487428844,0.21214622259140015,0.21389174461364746,0.32458242774009705,-0.09266553819179535,0.04415452107787132,0.32718467712402344,0.0007820106693543494,0.003508497029542923,1.1645698547363281,64,0.0289,0.0,3,0,6,0,7,0.857,,,,,,,0.07957061380147934,0.707056999206543,2.1761956214904785,0.01535,,0.1667
213,20000,0.0,24,15,0.1111,30.0,0.1111,0.0019752655643969774,0.2081833779811859,0.2141895890235901,0.4073266386985779,-0.09668175876140594,0.06541265547275543,0.3711399435997009,0.0008593344246037304,0.0040862723253667355,0.7004562616348267,64,0.0289,0.111,3,0,8,0,4,1.0,,,,,,,0.13802683353424072,0.8331960439682007,2.119344472885132,0.01525,,0.1667
214,20000,0.0,24,15,0.0,30.0,0.0,0.0009652629378251731,0.22936499118804932,0.22925230860710144,0.3479636311531067,-0.09282207489013672,0.05629987269639969,0.32552337646484375,0.000979627831839025,0.005325191654264927,1.0114861726760864,64,0.0317,0.0,2,0,6,0,8,0.875,,,,,,,0.09176801890134811,0.8505065441131592,2.1731510162353516,0.0153,,0.1667
215,20000,0.0,24,15,0.1429,30.0,0.1429,0.0010456866584718227,0.1847006380558014,0.17830410599708557,0.3692390024662018,-0.09831465780735016,0.07002357393503189,0.32563692331314087,0.0007470526616089046,0.003739149309694767,0.6158885359764099,64,0.0324,0.143,2,0,6,0,7,0.857,,,,,,,0.15963059663772583,0.8319704532623291,2.1998727321624756,0.0153,,0.1667
216,20000,0.0,24,15,0.2,30.0,0.2,0.0008127724286168814,0.2013736069202423,0.19844235479831696,0.5310609936714172,-0.09651824831962585,0.08134809136390686,0.46207618713378906,0.0006939602317288518,0.005613731220364571,0.6480743288993835,64,0.0338,0.2,3,0,4,0,8,0.875,,,,,,,0.14893081784248352,0.8507954478263855,2.048706531524658,0.01545,,0.1667
217,20000,0.0,24,15,0.25,29.0,0.25,0.0012521230382844806,0.22188392281532288,0.2266857922077179,0.37318816781044006,-0.09651873260736465,0.025140464305877686,0.41690385341644287,0.0007000975892879069,0.005044217687100172,0.9273848533630371,64,0.0346,0.25,3,0,2,1,9,0.667,0.0623,0.2826,0.146,1,34,7,0.10407625138759613,0.7178125381469727,2.0618646144866943,0.01545,0.125,0.1667
218,20000,0.0,24,15,0.2,30.0,0.2,0.0010330976219847798,0.22896254062652588,0.23026849329471588,0.4030929505825043,-0.09544548392295837,0.016546007245779037,0.46284398436546326,0.0008984121377579868,0.005204854067414999,0.7835729718208313,64,0.0286,0.2,4,0,4,0,7,0.714,,,,,,,0.12180802971124649,0.7768404483795166,1.9821054935455322,0.0154,,0.1667
219,20000,0.0,24,15,0.2,29.2,0.2,0.0012600129703059793,0.18061067163944244,0.1762324571609497,0.42811837792396545,-0.09783519059419632,0.08613067120313644,0.3504903316497803,0.0010995889315381646,0.00640379311516881,0.9046036601066589,64,0.0525,0.2,4,0,3,1,7,0.857,,,,,,,0.10815254598855972,0.8574191331863403,2.1219420433044434,0.01555,,0.1667
220,20000,0.0,24,15,0.1429,30.0,0.1429,0.0017569110495969653,0.20787739753723145,0.20114652812480927,0.2845565378665924,-0.09901098161935806,0.022924140095710754,0.3346143364906311,0.0006627289112657309,0.00620981864631176,0.8428845405578613,64,0.0456,0.143,1,0,5,1,8,1.0,,,,,,,0.11746683716773987,0.6101633310317993,2.1493306159973145,0.0156,,0.1667
221,20000,0.0,24,15,0.1429,30.0,0.1429,0.00076182751217857,0.20345614850521088,0.20506316423416138,0.4023812413215637,-0.09812929481267929,0.017522606998682022,0.4626210629940033,0.0005966746830381453,0.005688574630767107,0.6513872146606445,64,0.0454,0.143,1,0,6,0,8,0.75,,,,,,,0.1506466418504715,0.757962167263031,2.029587745666504,0.01565,,0.1667
222,20000,0.0,24,15,0.0,29.71,0.0,0.0010549586731940508,0.21497896313667297,0.2192554920911789,0.29666775465011597,-0.0959615558385849,0.03214893490076065,0.3258236050605774,0.0008427879656665027,0.0050156814977526665,0.918435275554657,64,0.0475,0.143,4,1,6,0,5,0.6,,,,,,,0.10448374599218369,0.6539371609687805,2.1990599632263184,0.01555,,0.1667
223,20000,0.0,24,15,0.2857,29.86,0.2857,0.0014208890497684479,0.2193152904510498,0.21982580423355103,0.44322118163108826,-0.09800340235233307,0.03792417049407959,0.4627087414264679,0.0007034717127680779,0.005335062276571989,0.8993410468101501,64,0.0202,0.429,3,1,4,0,6,0.833,,,,,,,0.1089724749326706,0.764419436454773,1.9836559295654297,0.0154,,0.1667
224,20000,0.0,24,15,0.0,30.0,0.0,0.001637086272239685,0.2043771743774414,0.19801101088523865,0.3280293345451355,-0.09837618470191956,0.04871397465467453,0.3268849849700928,0.0006786371232010424,0.0041851866990327835,0.776579737663269,64,0.0309,0.0,2,0,6,1,7,1.0,0.0568,0.3279,0.125,0,38,4,0.12667879462242126,0.7565118670463562,2.1666719913482666,0.01555,0.125,0.1667
225,20000,0.0,24,15,0.1,29.9,0.1,0.001741623505949974,0.19292664527893066,0.18577812612056732,0.34145936369895935,-0.0984327495098114,0.03283551707863808,0.37209075689315796,0.0005693113198503852,0.004260678309947252,0.7497609257698059,64,0.0236,0.1,4,0,8,1,2,1.0,,,,,,,0.13128548860549927,0.673911452293396,2.1007137298583984,0.0156,,0.1667
226,20000,0.0,24,15,0.125,29.88,0.125,0.0006719973171129823,0.2036164253950119,0.20300595462322235,0.4287180006504059,-0.09852451086044312,0.031053252518177032,0.4632664620876312,0.0006772673805244267,0.0037390808574855328,0.6326351761817932,64,0.0281,0.25,4,1,6,0,4,1.0,,,,,,,0.15573668479919434,0.7656329870223999,1.973318338394165,0.0156,,0.1667
227,20000,0.0,24,15,0.6667,30.0,0.6667,0.0017286449437960982,0.2321735918521881,0.23771889507770538,0.38785821199417114,-0.0959053635597229,0.028704671189188957,0.42433473467826843,0.000659637211356312,0.00403897138312459,0.6470932364463806,64,0.0228,0.667,3,0,1,0,10,0.9,,,,,,,0.14820949733257294,0.6920517683029175,2.0003435611724854,0.01595,,0.1667
228,20000,0.0,24,15,0.1,29.4,0.1,0.0019364749314263463,0.2209259569644928,0.22461707890033722,0.2577408254146576,-0.09984734654426575,0.01371326856315136,0.32848313450813293,0.0009424599702470005,0.0033569899387657642,0.8347291946411133,64,0.0349,0.1,1,0,7,2,5,0.8,,,,,,,0.11961644887924194,0.6625472903251648,2.153587579727173,0.01595,,0.1667
229,20000,0.0,24,15,0.0,29.0,0.0,0.0007019741460680962,0.20539209246635437,0.2052542120218277,0.3745307922363281,-0.09835522621870041,0.0262113269418478,0.4185369312763214,0.000611626252066344,0.0038528526201844215,0.942794919013977,64,0.0585,0.0,2,0,6,1,7,0.714,,,,,,,0.10432302951812744,0.6823017597198486,2.0372602939605713,0.0157,,0.1667
230,20000,0.0,24,15,0.0,30.0,0.0,0.0011677975999191403,0.19170919060707092,0.19288840889930725,0.3489985764026642,-0.09466564655303955,0.035538189113140106,0.3712295889854431,0.0007161001558415592,0.00271650031208992,1.0281383991241455,64,0.0432,0.0,0,0,4,0,12,0.75,,,,,,,0.09207480400800705,0.6315909624099731,2.1175718307495117,0.01575,,0.1667
231,20000,0.0,24,15,0.4,29.8,0.4,0.0008852587779983878,0.21531511843204498,0.2157939076423645,0.45250019431114197,-0.09810255467891693,0.06593219935894012,0.41700005531311035,0.000817401334643364,0.0034765410237014294,0.6292532682418823,64,0.0281,0.4,4,0,3,0,7,0.714,0.0776,0.3592,0.083,0,41,3,0.15590313076972961,0.8226475119590759,2.0337369441986084,0.0157,0.0833,0.1667
232,20000,0.0,24,15,0.6,29.8,0.6,0.0022177768405526876,0.2313602864742279,0.2190658450126648,0.45433512330055237,-0.09882813692092896,0.026453454047441483,0.49772998690605164,0.0007619143580086529,0.00505272950977087,0.7836791276931763,64,0.0377,0.6,4,0,2,0,7,1.0,,,,,,,0.12610791623592377,0.8123865127563477,2.032553195953369,0.016,,0.1667
233,20000,0.0,24,15,0.1667,30.0,0.1667,0.001477575395256281,0.19760102033615112,0.20336782932281494,0.39286866784095764,-0.0981471985578537,0.035567887127399445,0.41754111647605896,0.000790363410487771,0.00467793270945549,0.8466618657112122,64,0.0398,0.167,3,0,5,0,7,1.0,,,,,,,0.11592254042625427,0.7089316248893738,2.0611846446990967,0.01625,,0.1667
234,20000,0.0,24,15,0.1667,30.0,0.1667,0.0013009710237383842,0.26277488470077515,0.25617164373397827,0.3500291407108307,-0.09867240488529205,0.06026821583509445,0.32547879219055176,0.0006345572764985263,0.0053726667538285255,0.6887580752372742,64,0.0437,0.167,2,0,5,0,8,0.75,,,,,,,0.14326134324073792,0.6595736145973206,2.1621975898742676,0.0163,,0.1667
235,20000,0.0,24,15,0.1667,30.0,0.1667,0.0011348507832735777,0.2273932546377182,0.22684864699840546,0.27151721715927124,-0.09561222791671753,0.01963033340871334,0.3263140320777893,0.0006938507431186736,0.0031095342710614204,0.930500328540802,64,0.024,0.167,1,0,5,0,9,1.0,,,,,,,0.10275356471538544,0.6396838426589966,2.153923988342285,0.01645,,0.1667
236,20000,0.0,24,15,0.0,29.5,0.0,0.0013297058176249266,0.22077560424804688,0.2231276035308838,0.30337366461753845,-0.09518662095069885,0.03416775166988373,0.3283011317253113,0.0007105611148290336,0.0038472802843898535,0.9110209345817566,64,0.0398,0.0,2,0,5,1,8,0.875,,,,,,,0.104483462870121,0.7687149047851562,2.2135558128356934,0.0164,,0.1667
237,20000,0.0,24,15,0.125,29.62,0.125,0.0017805732786655426,0.2252652645111084,0.22350873053073883,0.5138289928436279,-0.09826331585645676,0.050812579691410065,0.5085489749908447,0.0009352873312309384,0.003836377989500761,0.5434237122535706,64,0.0339,0.125,1,0,4,3,7,1.0,,,,,,,0.18082264065742493,0.760086715221405,1.9230446815490723,0.0164,,0.1667
238,20000,0.0,24,15,0.125,30.0,0.125,0.0010692490031942725,0.21497853100299835,0.21626532077789307,0.2727242112159729,-0.0958544909954071,0.020343270152807236,0.32564061880111694,0.000700269010849297,0.004503088537603617,0.8919841647148132,64,0.0194,0.125,2,0,6,1,6,0.833,0.0724,0.3878,0.083,0,40,4,0.10746210068464279,0.7803930640220642,2.2048940658569336,0.01635,0.0833,0.1667
239,20000,0.0,24,15,0.25,29.88,0.25,0.0010057736653834581,0.23801085352897644,0.2380250245332718,0.3186803460121155,-0.09895958006381989,0.021835213527083397,0.372537761926651,0.0006255074986256659,0.002863458590582013,0.713869571685791,64,0.0312,0.25,3,0,6,0,5,0.8,,,,,,,0.1386241614818573,0.6352951526641846,2.1358656883239746,0.0164,,0.1667
240,20000,0.0,24,15,0.1429,29.57,0.1429,0.0012200772762298584,0.253300279378891,0.2533605694770813,0.39543598890304565,-0.09788507223129272,0.036669306457042694,0.4169589877128601,0.0007320706499740481,0.006046917289495468,0.5632819533348083,64,0.027,0.143,1,0,4,2,8,0.875,,,,,,,0.17377632856369019,0.9071733951568604,2.0607738494873047,0.0166,,0.1667
241,20000,0.0,24,15,0.0,30.0,0.0,0.0025000807363539934,0.22334511578083038,0.22533422708511353,0.30389755964279175,-0.09810817241668701,0.03732086345553398,0.3254275321960449,0.0006914391415193677,0.003872907953336835,0.8762192726135254,64,0.0337,0.0,4,0,2,0,10,0.9,,,,,,,0.11196760088205338,0.694893479347229,2.2076265811920166,0.0168,,0.1667
242,20000,0.0,24,15,0.1667,30.0,0.1667,0.0016473745927214622,0.21837680041790009,0.2127508968114853,0.3066398501396179,-0.09916919469833374,0.016190307214856148,0.3713378310203552,0.0011136118555441499,0.004181191325187683,0.682844340801239,64,0.0404,0.167,2,0,5,0,8,0.875,,,,,,,0.14522957801818848,0.7903088331222534,2.150590658187866,0.01705,,0.1667
243,20000,0.0,24,15,0.1667,29.83,0.1667,0.0021916418336331844,0.19503948092460632,0.19472157955169678,0.3234418034553528,-0.09565315395593643,0.0227231215685606,0.37175869941711426,0.0006844893214292824,0.003779984312132001,0.7526489496231079,64,0.029,0.167,4,0,5,0,6,1.0,,,,,,,0.12708866596221924,0.6114389896392822,2.0817813873291016,0.0172,,0.1667
244,20000,0.0,24,15,0.0,30.0,0.0,0.0012727940920740366,0.23939037322998047,0.2376534789800644,0.3347988426685333,-0.09853766858577728,0.029869049787521362,0.37109968066215515,0.0009588073589839041,0.00499741081148386,0.7211553454399109,64,0.0289,0.0,0,0,7,0,9,0.889,,,,,,,0.1366386115550995,0.797264575958252,2.108830451965332,0.0171,,0.1667
245,20000,0.0,24,15,0.0,30.0,0.0,0.0012042426969856024,0.21913623809814453,0.2197168469429016,0.38286226987838745,-0.09806700050830841,0.06983935832977295,0.33896970748901367,0.0007979436195455492,0.0045616808347404,0.7732665538787842,64,0.0335,0.0,2,0,4,0,10,0.8,0.0748,0.3749,0.083,1,41,3,0.12682172656059265,0.947856605052948,2.1237590312957764,0.01715,0.0625,0.1667
246,20000,0.0,24,15,0.0,30.0,0.0,0.002064669970422983,0.18603938817977905,0.1867741346359253,0.3815259635448456,-0.09787939488887787,0.029002845287322998,0.4196040630340576,0.0009437965345568955,0.0035912238527089357,0.678623378276825,64,0.0272,0.0,2,0,7,0,7,0.857,,,,,,,0.14423227310180664,0.5921410322189331,2.032440423965454,0.01705,,0.1667
247,20000,0.0,24,15,0.0,30.0,0.0,0.0008696665754541755,0.23296315968036652,0.23550012707710266,0.5388140678405762,-0.09770093113183975,0.020501308143138885,0.5931301712989807,0.0006834361120127141,0.004764480050653219,0.672532320022583,64,0.0202,0.0,2,0,8,0,6,1.0,,,,,,,0.14527320861816406,0.7092058062553406,2.105335235595703,0.017,,0.1667
248,20000,0.0,24,15,0.0,29.6,0.0,0.0011902031255885959,0.20359653234481812,0.20366662740707397,0.3441452085971832,-0.09753364324569702,0.03245953470468521,0.37471333146095276,0.0007404967327602208,0.004092869348824024,0.7417412996292114,64,0.0355,0.0,4,0,4,1,7,1.0,,,,,,,0.13149280846118927,0.6635675430297852,2.086057424545288,0.0172,,0.1667
249,20000,0.0,24,15,0.0,30.0,0.0,0.0008853942854329944,0.1889851689338684,0.1994577795267105,0.3112889230251312,-0.09857330471277237,0.018201902508735657,0.371163934469223,0.0006506845820695162,0.004588985349982977,0.6386813521385193,64,0.0234,0.0,5,0,5,0,6,0.667,,,,,,,0.1543387919664383,0.6756355166435242,2.1053740978240967,0.01705,,0.1667
250,20000,0.0,24,15,0.1429,29.71,0.1429,0.0008979151025414467,0.22758141160011292,0.2336587905883789,0.4067855179309845,-0.09881480783224106,0.03616318479180336,0.4312185049057007,0.0006139071192592382,0.004110884852707386,0.5722541213035583,64,0.0315,0.143,3,0,4,2,6,0.667,,,,,,,0.1726764440536499,0.7377662658691406,1.9562366008758545,0.01705,,0.1667
251,20000,0.0,24,15,0.0,30.0,0.0,0.000885033281520009,0.26520758867263794,0.2656249403953552,0.49542173743247986,-0.09692032635211945,0.05105318874120712,0.48865455389022827,0.0008258686284534633,0.0031622701790183783,0.8045026659965515,64,0.0424,0.0,3,0,2,0,11,0.909,,,,,,,0.12047234177589417,0.781999945640564,2.1837430000305176,0.01725,,0.1667
252,20000,0.0,24,15,0.0,30.0,0.0,0.0008722073398530483,0.18863731622695923,0.19129504263401031,0.2968868911266327,-0.09291385114192963,0.029945796355605125,0.3273809254169464,0.0007683562580496073,0.0050564357079565525,1.120129942893982,64,0.039,0.0,2,0,7,0,7,0.857,0.0697,0.4173,0.062,0,44,1,0.08294916898012161,0.6996957659721375,2.1602954864501953,0.01715,0.0625,0.1667
253,20000,0.0,24,15,0.0,30.0,0.0,0.0013363264733925462,0.28975236415863037,0.2966237962245941,0.35228753089904785,-0.09821024537086487,0.038045551627874374,0.3721950352191925,0.0008954504155553877,0.004423270467668772,0.6377339363098145,64,0.0316,0.0,2,0,11,0,3,0.667,,,,,,,0.15399876236915588,0.8540892601013184,2.0950825214385986,0.01695,,0.1667
254,20000,0.0,24,15,0.0,30.0,0.0,0.0008579317945986986,0.19072435796260834,0.19218313694000244,0.33621490001678467,-0.09842579066753387,0.028658419847488403,0.3750443458557129,0.0010584566043689847,0.004559068474918604,0.7573645114898682,64,0.0237,0.0,2,0,5,0,9,0.889,,,,,,,0.12995828688144684,0.7112258672714233,2.105527877807617,0.01695,,0.1667
255,20000,0.0,24,15,0.1111,30.0,0.1111,0.0012354603968560696,0.17191626131534576,0.17487993836402893,0.3718878924846649,-0.09805405139923096,0.024934567511081696,0.4177164137363434,0.0013543146196752787,0.004712777677923441,0.7163282036781311,64,0.0279,0.111,2,0,8,0,5,1.0,,,,,,,0.13688425719738007,0.6868829727172852,2.048915386199951,0.0169,,0.1667
256,20000,0.0,24,15,0.3333,30.0,0.3333,0.0020142009016126394,0.2464093714952469,0.24875235557556152,0.3009442985057831,-0.09558968245983124,0.033885657787323,0.32699161767959595,0.0013617713702842593,0.003542102873325348,0.9927412867546082,64,0.0414,0.333,2,0,4,0,8,1.0,,,,,,,0.09628860652446747,0.6609742641448975,2.1674063205718994,0.01685,,0.1667
257,20000,0.0,24,15,0.0,30.0,0.0,0.0016298305708914995,0.27755075693130493,0.27303749322891235,0.3171350061893463,-0.09321203082799911,0.018825771287083626,0.37119948863983154,0.0008166895131580532,0.0029920488595962524,1.106473445892334,64,0.0255,0.0,1,0,8,0,7,1.0,,,,,,,0.08424244076013565,0.7248131632804871,2.1526670455932617,0.01665,,0.1667
258,20000,0.0,24,15,0.0,28.8,0.0,0.0013832580298185349,0.21857546269893646,0.20887435972690582,0.3713044822216034,-0.09747934341430664,0.025003403425216675,0.41676759719848633,0.0007401329348795116,0.004018858075141907,0.8733555674552917,64,0.0229,0.0,3,0,4,1,8,1.0,,,,,,,0.11161472648382187,0.7211250066757202,2.0505928993225098,0.01685,,0.1667
259,20000,0.0,24,15,0.1667,30.0,0.1667,0.0018286275444552302,0.22618338465690613,0.22852203249931335,0.33048015832901,-0.0984548032283783,0.028112899512052536,0.3711552619934082,0.0009417066466994584,0.0031077731400728226,0.9118488430976868,64,0.0251,0.167,0,0,5,0,10,0.7,0.069,0.4124,0.042,1,44,2,0.10797272622585297,0.6671320796012878,2.1194865703582764,0.01695,0.0208,0.1667
260,20000,0.0,24,15,0.0,30.0,0.0,0.0011279419995844364,0.1773708164691925,0.1775297373533249,0.3141480088233948,-0.09492919594049454,0.040390923619270325,0.3253951668739319,0.0007747028721496463,0.005800378974527121,0.950617790222168,64,0.0321,0.0,1,0,3,0,12,0.75,,,,,,,0.0998605266213417,0.6992735266685486,2.179450511932373,0.01705,,0.1667
261,20000,0.0,24,15,0.0,30.0,0.0,0.0015530071686953306,0.1867278516292572,0.18766288459300995,0.3391100764274597,-0.09631281346082687,0.031098391860723495,0.3712834119796753,0.000985023914836347,0.0038853990845382214,0.8275572657585144,64,0.0351,0.0,3,0,6,0,7,0.857,,,,,,,0.11638205498456955,0.8058945536613464,2.1484625339508057,0.0171,,0.1667
262,20000,0.0,24,15,0.125,30.0,0.125,0.0007300568977370858,0.2518300414085388,0.25451505184173584,0.3023734986782074,-0.09600207954645157,0.012500031851232052,0.3711487948894501,0.000751264626160264,0.004453401546925306,0.9048949480056763,64,0.0264,0.125,1,0,7,0,7,1.0,,,,,,,0.10609196126461029,0.6911496520042419,2.126229763031006,0.0172,,0.1667
263,20000,0.0,24,15,0.0,30.0,0.0,0.001199896913021803,0.23446759581565857,0.22887547314167023,0.3145981431007385,-0.0966968908905983,0.018307428807020187,0.371365487575531,0.0009198241750709713,0.006629368290305138,0.6897899508476257,64,0.023,0.0,2,0,6,0,8,0.875,,,,,,,0.14018309116363525,0.7053610682487488,2.112639904022217,0.0171,,0.1667
264,20000,0.0,24,15,0.1429,30.0,0.1429,0.0006982636405155063,0.2315438687801361,0.22687309980392456,0.31044280529022217,-0.0991423949599266,0.0182583536952734,0.37117528915405273,0.0005159855354577303,0.003786432323977351,0.7946323752403259,64,0.0246,0.143,0,0,6,0,9,0.889,,,,,,,0.12476511299610138,0.705580472946167,2.1199774742126465,0.0172,,0.1667
265,20000,0.0,24,15,0.0,30.0,0.0,0.0013640819815918803,0.20956435799598694,0.2128176987171173,0.26075419783592224,-0.09403035789728165,0.0137407211586833,0.3254556357860565,0.0007677819230593741,0.003694945713505149,1.1552060842514038,64,0.0321,0.125,1,1,7,0,7,0.857,,,,,,,0.08139704167842865,0.6759198904037476,2.1975865364074707,0.017,,0.1667
266,20000,0.0,24,15,0.125,30.0,0.125,0.0006094297277741134,0.23122701048851013,0.23183391988277435,0.353861540555954,-0.09721939265727997,0.01585313491523266,0.417411744594574,0.0005923367571085691,0.003925857599824667,0.847447395324707,64,0.0256,0.125,1,0,7,0,7,0.857,0.0735,0.362,0.083,0,42,2,0.11472026258707047,0.6420021057128906,2.0710883140563965,0.017,0.0833,0.1667
267,20000,0.0,24,15,0.125,28.75,0.125,0.0011105532757937908,0.2613372802734375,0.2663031220436096,0.40393537282943726,-0.09640606492757797,0.04051396995782852,0.41716259717941284,0.0008618682622909546,0.004301809705793858,0.7981815934181213,64,0.0489,0.125,3,0,4,3,5,1.0,,,,,,,0.12078211456537247,0.6928214430809021,2.0598182678222656,0.01695,,0.1667
268,20000,0.0,24,15,0.0,30.0,0.0,0.0012957843719050288,0.21990050375461578,0.2289080172777176,0.37994587421417236,-0.09479105472564697,0.020378021523356438,0.4305747151374817,0.0007579539087601006,0.006812343839555979,0.6309845447540283,64,0.0264,0.0,1,0,5,0,10,1.0,,,,,,,0.15022721886634827,0.7593829035758972,2.020939826965332,0.017,,0.1667
269,20000,0.0,24,15,0.25,29.88,0.25,0.0013325517065823078,0.2013522982597351,0.2017681896686554,0.32891327142715454,-0.09816443920135498,0.027153676375746727,0.3710217773914337,0.0009152303682640195,0.0034971816930919886,0.8653058409690857,64,0.0387,0.25,1,0,5,1,7,0.857,,,,,,,0.11344479024410248,0.6125966310501099,2.15193510055542,0.01705,,0.1667
270,20000,0.0,24,15,0.0,29.0,0.0,0.00138844083994627,0.2316446453332901,0.23174291849136353,0.2756575345993042,-0.09693650901317596,0.021224256604909897,0.3281556963920593,0.0009522148175165057,0.00397965544834733,1.0517593622207642,64,0.0291,0.0,2,0,3,2,9,0.889,,,,,,,0.09216605126857758,0.7560023069381714,2.183004379272461,0.01725,,0.1667
271,20000,0.0,24,15,0.0,30.0,0.0,0.0008147500338964164,0.1945110708475113,0.19724217057228088,0.31640663743019104,-0.09322522580623627,0.039973631501197815,0.327643483877182,0.0005558064440265298,0.004082285333424807,1.0574649572372437,64,0.0187,0.0,0,0,7,0,9,1.0,,,,,,,0.08815915882587433,0.7163296937942505,2.182546377182007,0.01725,,0.1667
272,20000,0.0,24,15,0.0,29.27,0.0,0.001957546453922987,0.17826780676841736,0.17462101578712463,0.28383415937423706,-0.09531514346599579,0.024079401046037674,0.32853013277053833,0.0012369530741125345,0.004920703824609518,1.0474773645401,64,0.0279,0.0,2,0,9,2,3,0.333,,,,,,,0.0909949392080307,0.6265137195587158,2.1550052165985107,0.01695,,0.1667
273,20000,0.0,24,15,0.0,29.14,0.0,0.0013247615424916148,0.2360924482345581,0.24181270599365234,0.36767464876174927,-0.09467727690935135,0.041610896587371826,0.37711936235427856,0.0006231023580767214,0.004021526779979467,0.9110081791877747,64,0.0386,0.0,5,0,5,2,4,1.0,0.064,0.3723,0.062,0,37,8,0.10392582416534424,0.7584371566772461,2.1258397102355957,0.01705,0.0625,0.1667
274,20000,0.0,24,15,0.0,29.67,0.0,0.0012763016857206821,0.20990702509880066,0.20150133967399597,0.3324664533138275,-0.09635607898235321,0.027939489111304283,0.37129655480384827,0.0010632857447490096,0.003293978050351143,0.8633403182029724,64,0.0472,0.0,1,0,5,1,9,0.778,,,,,,,0.11160846054553986,0.667204737663269,2.1458001136779785,0.01685,,0.1667
275,20000,0.0,24,15,0.2,29.6,0.2,0.0012042414164170623,0.19189056754112244,0.19370296597480774,0.32757675647735596,-0.09338582307100296,0.044185034930706024,0.3302052319049835,0.0005722680361941457,0.004774580243974924,0.8311575055122375,64,0.0496,0.2,2,0,3,1,9,0.667,,,,,,,0.11235634982585907,0.943072497844696,2.1537628173828125,0.017,,0.1667
276,20000,0.0,24,15,0.0,30.0,0.0,0.0012277645291760564,0.22730238735675812,0.21820896863937378,0.3417065739631653,-0.09849810600280762,0.03367026150226593,0.3710680603981018,0.0006097487057559192,0.0035921914968639612,0.7897992730140686,64,0.0211,0.0,1,0,3,0,12,0.917,,,,,,,0.12471283227205276,0.6976191401481628,2.136270046234131,0.01725,,0.1667
277,20000,0.0,24,15,0.25,29.75,0.25,0.0007378008449450135,0.22353480756282806,0.2239416241645813,0.28772467374801636,-0.09122735261917114,0.02542813867330551,0.32552647590637207,0.0005492062191478908,0.005138507578521967,0.9627627730369568,64,0.0152,0.25,2,0,3,0,10,1.0,,,,,,,0.09475579857826233,0.7632634043693542,2.1762146949768066,0.0174,,0.1667
278,20000,0.0,24,15,0.0,30.0,0.0,0.0005996040999889374,0.24681466817855835,0.2483305186033249,0.6624190211296082,-0.09381753206253052,0.028793929144740105,0.6956389546394348,0.0005521723651327193,0.006019454915076494,0.8872367143630981,64,0.0239,0.0,4,0,5,0,7,1.0,,,,,,,0.10574126988649368,0.6384053230285645,2.067626953125,0.01735,,0.1667
279,20000,0.0,24,15,0.4,29.4,0.4,0.0008734216680750251,0.1809748113155365,0.19845107197761536,0.2777803838253021,-0.08875587582588196,0.019774993881583214,0.3253207802772522,0.0005684682400897145,0.003331024432554841,1.2314199209213257,64,0.0313,0.4,0,0,5,1,6,0.833,,,,,,,0.07207603752613068,0.7126226425170898,2.2084102630615234,0.0172,,0.1667
280,20000,0.0,24,15,0.0,28.2,0.0,0.0009308184962719679,0.1745622307062149,0.17462274432182312,0.4549087584018707,-0.09680437296628952,0.019788242876529694,0.5101070404052734,0.0007765116752125323,0.004059176426380873,0.8223597407341003,64,0.0389,0.0,2,0,3,2,9,1.0,0.0848,0.3483,0.021,1,43,4,0.11771535873413086,0.6672606468200684,1.9342073202133179,0.0172,0.0,0.1667
281,20000,0.0,24,15,0.2222,30.0,0.2222,0.0007630935870110989,0.23946183919906616,0.23296505212783813,0.4107833206653595,-0.09710802882909775,0.03157525137066841,0.44285255670547485,0.0007664074073545635,0.0037765982560813427,0.7832767367362976,64,0.0213,0.222,2,0,7,0,5,1.0,,,,,,,0.12397666275501251,0.7715020179748535,2.0004773139953613,0.0172,,0.1667
282,20000,0.0,24,15,0.2,30.0,0.2,0.0006981234764680266,0.2270326167345047,0.22857186198234558,0.3683790862560272,-0.09455987066030502,0.022178485989570618,0.4168347716331482,0.0006833116058260202,0.003494463162496686,0.74550461769104,64,0.0239,0.2,3,0,4,0,8,0.875,,,,,,,0.12684008479118347,0.7164437174797058,2.055217981338501,0.0172,,0.1667
283,20000,0.0,24,15,0.0,30.0,0.0,0.0013621525140479207,0.20476311445236206,0.20121550559997559,0.3659053444862366,-0.09506545960903168,0.043809354305267334,0.37095993757247925,0.0005616697017103434,0.004784348886460066,0.8386443257331848,64,0.0302,0.0,2,0,6,0,8,0.75,,,,,,,0.11335611343383789,0.7558953762054443,2.1188197135925293,0.01715,,0.1667
284,20000,0.0,24,15,0.125,30.0,0.125,0.001594123663380742,0.19307491183280945,0.19109171628952026,0.3363282382488251,-0.09165598452091217,0.04972844943404198,0.3263505697250366,0.0008332462166436017,0.004353526048362255,1.2240484952926636,64,0.0346,0.25,3,1,6,0,5,1.0,,,,,,,0.07487937808036804,0.6959809064865112,2.158843517303467,0.0171,,0.1667
285,20000,0.0,24,15,0.0,30.0,0.0,0.0013703033328056335,0.16689634323120117,0.16470804810523987,0.4063889682292938,-0.09677351266145706,0.03125208243727684,0.4392389953136444,0.0010038078762590885,0.002838660031557083,0.9476090669631958,64,0.0302,0.0,5,0,8,0,3,1.0,,,,,,,0.10212387144565582,0.6717583537101746,1.9963161945343018,0.01705,,0.1667
286,20000,0.0,24,15,0.0,28.17,0.0,0.001861091936007142,0.2324559986591339,0.24230197072029114,0.3091979920864105,-0.09373831748962402,0.012770223431289196,0.37510764598846436,0.000630696420557797,0.004576456267386675,0.8733019232749939,64,0.0486,0.0,2,0,4,2,8,0.875,,,,,,,0.10733781009912491,0.6717847585678101,2.0657758712768555,0.01705,,0.1667
287,20000,0.0,24,15,0.0,30.0,0.0,0.0014533749781548977,0.24777069687843323,0.2505864202976227,0.2780129611492157,-0.09675196558237076,0.0232560932636261,0.3252163529396057,0.0008184090256690979,0.006072761956602335,1.1233909130096436,64,0.0388,0.0,2,0,10,0,4,1.0,0.0685,0.3179,0.062,1,40,5,0.08612492680549622,0.6532831192016602,2.1793479919433594,0.0169,0.0417,0.1667
288,20000,0.0,24,15,0.0,30.0,0.0,0.0014827194390818477,0.24295508861541748,0.2472643107175827,0.4583582878112793,-0.09813784807920456,0.023221975192427635,0.5087805986404419,0.0005845416453666985,0.0025431811809539795,0.6827461123466492,64,0.0343,0.0,4,0,5,0,7,1.0,,,,,,,0.14373987913131714,0.7587854862213135,1.9086848497390747,0.01685,,0.1667
289,20000,0.0,24,15,0.0,30.0,0.0,0.001043866272084415,0.2816030979156494,0.2845909893512726,0.3526705801486969,-0.09393034875392914,0.04546165466308594,0.3537865877151489,0.0007046510581858456,0.003782094456255436,1.0162649154663086,64,0.0327,0.0,4,0,7,0,5,1.0,,,,,,,0.09242702275514603,0.7962890863418579,2.1070613861083984,0.01675,,0.1667
290,20000,0.0,24,15,0.1429,30.0,0.1429,0.002231357619166374,0.25225526094436646,0.256111741065979,0.3229808807373047,-0.09200142323970795,0.03332313522696495,0.3460887372493744,0.0007284870953299105,0.004494592547416687,1.0397593975067139,64,0.0254,0.143,3,0,6,0,6,0.833,,,,,,,0.08848337829113007,0.7458066344261169,2.134852409362793,0.0167,,0.1667
291,20000,0.0,24,15,0.0,29.71,0.0,0.0005271690897643566,0.16276606917381287,0.16077367961406708,0.4694146513938904,-0.09461869299411774,0.02661862038075924,0.5093919634819031,0.0005259406752884388,0.0028082700446248055,0.671834409236908,64,0.0334,0.0,0,0,5,2,9,0.778,,,,,,,0.14083635807037354,0.7467904090881348,1.8921819925308228,0.01665,,0.1667
292,20000,0.0,24,15,0.0,29.86,0.0,0.0006002341979183257,0.20699462294578552,0.20847859978675842,0.339755654335022,-0.0941644161939621,0.03038555383682251,0.37125271558761597,0.0005133993690833449,0.0037925003562122583,0.7123960852622986,64,0.0314,0.0,2,0,6,1,7,0.857,,,,,,,0.1321798413991928,0.7690762281417847,2.125840663909912,0.0165,,0.1667
293,20000,0.0,24,15,0.0,30.0,0.0,0.000682127894833684,0.15663771331310272,0.1580568253993988,0.35068127512931824,-0.08763507008552551,0.0325312465429306,0.37173736095428467,0.0006865599425509572,0.003032978856936097,1.2991387844085693,64,0.0405,0.0,3,0,7,0,6,1.0,,,,,,,0.06745628267526627,0.6510854363441467,2.1304683685302734,0.0164,,0.1667
294,20000,0.0,24,15,0.1429,30.0,0.1429,0.004912085831165314,0.1656273752450943,0.15120625495910645,0.3267328441143036,-0.09190128743648529,0.0228289645165205,0.3712858259677887,0.0006632786244153976,0.0033808033913373947,1.142165184020996,64,0.0376,0.143,0,0,6,0,9,0.778,0.0719,0.299,0.042,1,43,3,0.08046233654022217,0.6813677549362183,2.1383893489837646,0.01645,0.0208,0.1667
295,20000,0.0,24,15,0.125,29.75,0.125,0.0033131460659205914,0.21285545825958252,0.2020546793937683,0.3623294532299042,-0.09522345662117004,0.019222108647227287,0.41695135831832886,0.000641235732473433,0.004314637277275324,0.9332658648490906,64,0.0281,0.125,0,0,5,2,8,1.0,,,,,,,0.10203251242637634,0.6935223340988159,2.0715484619140625,0.0165,,0.1667
296,20000,0.0,24,15,0.1667,30.0,0.1667,0.0013941079378128052,0.23010969161987305,0.234806090593338,0.3570699095726013,-0.093723826110363,0.03813198581337929,0.3719412684440613,0.000627537549007684,0.005177049431949854,1.0400316715240479,64,0.0197,0.167,2,0,5,0,8,0.875,,,,,,,0.09011632204055786,0.7030739784240723,2.0939414501190186,0.01665,,0.1667
297,20000,0.0,24,15,0.0,30.0,0.0,0.0019020664039999247,0.2247357815504074,0.2286974936723709,0.2967292070388794,-0.09319434314966202,0.020248550921678543,0.3476213812828064,0.0006461888551712036,0.003610163927078247,0.8739686012268066,64,0.021,0.0,2,0,8,0,6,0.667,,,,,,,0.1066335141658783,0.6263289451599121,2.1019604206085205,0.01655,,0.1667
298,20000,0.0,24,15,0.0,29.89,0.0,0.0011802467051893473,0.21650519967079163,0.2102217674255371,0.4173380434513092,-0.09209173172712326,0.04522749036550522,0.4170795679092407,0.0007504841778427362,0.0037904188502579927,0.6870211958885193,64,0.0299,0.0,2,0,8,1,5,0.8,,,,,,,0.13404497504234314,0.819088876247406,2.0712950229644775,0.0162,,0.1667
299,20000,0.0,24,15,0.0,30.0,0.0,0.001654442516155541,0.1943366378545761,0.18651574850082397,0.414347380399704,-0.09392430633306503,0.021441712975502014,0.46262601017951965,0.0007269144407473505,0.005524507723748684,0.6617898941040039,64,0.0511,0.0,1,0,8,0,7,0.571,,,,,,,0.1419246643781662,0.7413126230239868,1.9916808605194092,0.01615,,0.1667
300,20000,0.0,24,15,0.1429,30.0,0.1429,0.0008012838661670685,0.19561472535133362,0.19953590631484985,0.38681891560554504,-0.0876864343881607,0.05066081881523132,0.37100037932395935,0.0006992722046561539,0.004366685636341572,1.0855841636657715,64,0.0371,0.143,4,0,6,0,5,0.8,,,,,,,0.0807735025882721,0.7667288780212402,2.1079139709472656,0.0163,,0.1667
301,20000,0.0,24,15,0.1667,30.0,0.1667,0.0008358643390238285,0.19494496285915375,0.1993732750415802,0.28616806864738464,-0.09733327478170395,0.01610478386282921,0.3494945764541626,0.0007245244341902435,0.0035943968687206507,0.954051673412323,64,0.0356,0.167,1,0,4,1,9,1.0,0.0694,0.3372,0.0,0,42,6,0.10202096402645111,0.7062023878097534,2.149233102798462,0.01635,0.0,0.1667
302,20000,0.0,24,15,0.2,30.0,0.2,0.0006501940079033375,0.1878950297832489,0.1885908842086792,0.25810348987579346,-0.09637279808521271,0.013617567718029022,0.3252107501029968,0.0008927223389036953,0.004060789477080107,1.1649619340896606,64,0.0295,0.2,1,0,4,0,10,0.8,,,,,,,0.0827261358499527,0.7253867983818054,2.1861040592193604,0.01645,,0.1667
303,20000,0.0,24,15,0.1,29.7,0.1,0.000804085866548121,0.26948317885398865,0.271828293800354,0.3230432868003845,-0.09477948397397995,0.022393515333533287,0.37133708596229553,0.0006895902915857732,0.003397311083972454,0.7878972887992859,64,0.0453,0.1,2,0,5,4,4,0.75,,,,,,,0.12029422074556351,0.758692741394043,2.112123489379883,0.01615,,0.1667
304,20000,0.0,24,15,0.0,29.29,0.0,0.016789928078651428,0.20470456779003143,0.2089717835187912,0.4090103209018707,-0.09629091620445251,0.020133106037974358,0.4628305435180664,0.0007031353889033198,0.004408976063132286,0.6631653308868408,64,0.0342,0.0,1,0,4,3,8,0.875,,,,,,,0.14519895613193512,0.69459068775177,1.9767082929611206,0.01625,,0.1667
305,20000,0.0,24,15,0.0,30.0,0.0,0.0009552952833473682,0.2530210614204407,0.2522852420806885,0.35660940408706665,-0.0978449210524559,0.0177252646535635,0.41743671894073486,0.000664623687043786,0.003134124679490924,0.9062706828117371,64,0.0214,0.0,4,0,9,0,3,0.667,,,,,,,0.10796434432268143,0.7042238116264343,2.0687766075134277,0.01595,,0.1667
306,20000,0.0,24,15,0.1667,30.0,0.1667,0.0007590793538838625,0.20336489379405975,0.2008969634771347,0.3136310279369354,-0.09641587734222412,0.018518365919589996,0.371283620595932,0.0006701948586851358,0.003453068668022752,0.976167619228363,64,0.033,0.167,2,0,5,0,8,0.875,,,,,,,0.09876981377601624,0.7238601446151733,2.1239898204803467,0.016,,0.1667
307,20000,0.0,24,15,0.0,30.0,0.0,0.000981147401034832,0.20297503471374512,0.20576387643814087,0.3602239191532135,-0.09245899319648743,0.01637754589319229,0.4168660640716553,0.000948527711443603,0.006123511586338282,0.807233989238739,64,0.031,0.0,3,0,2,1,10,0.7,,,,,,,0.1145380437374115,0.7194291949272156,2.074838638305664,0.016,,0.1667
308,20000,0.0,24,15,0.0,30.0,0.0,0.0008491649059578776,0.16903652250766754,0.16354355216026306,0.370482474565506,-0.08971397578716278,0.02063525840640068,0.41696804761886597,0.0005025482387281954,0.003915793262422085,0.7865282893180847,64,0.0177,0.0,0,0,5,0,11,1.0,0.0791,0.3172,0.0,0,43,5,0.11406325548887253,0.8454761505126953,2.05989146232605,0.0161,0.0,0.1667
309,20000,0.0,24,15,0.1,30.0,0.1,0.0010665104491636157,0.20367509126663208,0.20252501964569092,0.2655329704284668,-0.09828534722328186,0.018287213519215584,0.3253962993621826,0.0008832116727717221,0.003695199964568019,1.139599323272705,64,0.0206,0.1,1,0,9,0,5,0.8,,,,,,,0.08624552935361862,0.8269190192222595,2.205726146697998,0.01595,,0.1667
310,20000,0.0,24,15,0.0,29.86,0.0,0.0009528266382403672,0.1914179027080536,0.18878433108329773,0.3997167944908142,-0.09824751317501068,0.03943098336458206,0.4173576235771179,0.0008244271157309413,0.003489413298666477,0.8473162651062012,64,0.0309,0.0,2,0,6,1,7,1.0,,,,,,,0.11595140397548676,0.7432071566581726,2.035679817199707,0.01595,,0.1667
311,20000,0.0,24,15,0.0,30.0,0.0,0.0013783515896648169,0.21459515392780304,0.20904001593589783,0.4350694715976715,-0.09516145288944244,0.0328383594751358,0.46249935030937195,0.0006896061822772026,0.004109663423150778,0.8633241057395935,64,0.0304,0.0,3,0,4,0,9,0.667,,,,,,,0.11022680252790451,0.8094872236251831,1.9829254150390625,0.01595,,0.1667
312,20000,0.0,24,15,0.0,29.7,0.0,0.0011267426889389753,0.17022109031677246,0.1703873574733734,0.372348427772522,-0.09673689305782318,0.04807589203119278,0.37122735381126404,0.0008138889097608626,0.0034123838413506746,0.8685534596443176,64,0.0236,0.0,2,0,8,2,4,1.0,,,,,,,0.11137701570987701,0.8534542918205261,2.1313767433166504,0.0159,,0.1667
313,20000,0.0,24,15,0.0,30.0,0.0,0.0012886275071650743,0.185910165309906,0.18883682787418365,0.32068532705307007,-0.09121813625097275,0.01942552998661995,0.3710463345050812,0.0007008647662587464,0.004012133926153183,1.0782212018966675,64,0.023,0.0,2,0,7,2,5,0.6,,,,,,,0.08460058271884918,0.8259956240653992,2.1497864723205566,0.0157,,0.1667
314,20000,0.0,24,15,0.25,30.0,0.25,0.0007604315178468823,0.1749509572982788,0.18095123767852783,0.3185075521469116,-0.09366858750581741,0.019712310284376144,0.37102726101875305,0.0007277474505826831,0.0034485086798667908,0.9849327206611633,64,0.022,0.25,1,0,5,1,7,0.714,,,,,,,0.09510151296854019,0.7262656688690186,2.1062426567077637,0.01565,,0.1667
315,20000,0.0,24,15,0.0,30.0,0.0,0.0012218941701576114,0.16472366452217102,0.15777844190597534,0.384743332862854,-0.09596119821071625,0.03083023987710476,0.4168185591697693,0.0006716334610246122,0.0044509535655379295,0.8721462488174438,64,0.0261,0.0,1,0,5,0,10,0.8,0.0813,0.3341,0.042,1,44,2,0.11002878844738007,0.7552146911621094,2.0475916862487793,0.01555,0.0208,0.1667
316,20000,0.0,24,15,0.0,29.43,0.0,0.0016132519813254476,0.20331883430480957,0.20633074641227722,0.3736112117767334,-0.09637424349784851,0.025361433625221252,0.4167884588241577,0.0007190140313468874,0.004948262590914965,0.8365427255630493,64,0.0399,0.0,2,0,6,1,7,1.0,,,,,,,0.11520540714263916,0.6864156723022461,2.07489013671875,0.01555,,0.1667
317,20000,0.0,24,15,0.1111,29.78,0.1111,0.0010546365519985557,0.20881162583827972,0.20796474814414978,0.3280484080314636,-0.09504567086696625,0.0372404009103775,0.34713661670684814,0.0007995595806278288,0.0029533151537179947,0.7676000595092773,64,0.0372,0.111,4,0,8,0,3,1.0,,,,,,,0.12382186949253082,0.7269477844238281,2.127373218536377,0.01545,,0.1667
318,20000,0.0,24,15,0.3,29.9,0.3,0.0005284759681671858,0.17555922269821167,0.1766526699066162,0.5395107269287109,-0.09388467669487,0.0388805978000164,0.5542159080505371,0.0005531102069653571,0.0028366416227072477,0.6342198252677917,64,0.0295,0.3,1,0,7,0,5,0.8,,,,,,,0.14803177118301392,0.6870660781860352,1.8215899467468262,0.01535,,0.1667
319,20000,0.0,24,15,0.1429,30.0,0.1429,0.0005820289952680469,0.2068663239479065,0.2102452516555786,0.303253173828125,-0.08838605880737305,0.03231752663850784,0.32554611563682556,0.0005718137254007161,0.0029160843696445227,1.2207374572753906,64,0.0307,0.286,2,1,5,0,7,1.0,,,,,,,0.07240382581949234,0.7569817304611206,2.185056686401367,0.0155,,0.1667
320,20000,0.0,24,15,0.0,30.0,0.0,0.004867999814450741,0.18537987768650055,0.1765187829732895,0.2810018062591553,-0.09423201531171799,0.024007273837924004,0.3253612220287323,0.0007926987600512803,0.0037161381915211678,0.9367742538452148,64,0.0223,0.0,5,0,4,0,7,0.857,,,,,,,0.10059202462434769,0.7785161733627319,2.2126383781433105,0.0157,,0.1667
321,20000,0.0,24,15,0.0,30.0,0.0,0.0011229105293750763,0.20566630363464355,0.2080582082271576,0.3141665458679199,-0.09829381108283997,0.019950317218899727,0.3709395229816437,0.0006566941156052053,0.0032404307276010513,0.7394691705703735,64,0.025,0.2,4,1,4,0,7,1.0,,,,,,,0.13292482495307922,0.7134019732475281,2.145465850830078,0.01585,,0.1667
322,20000,0.0,24,15,0.0,30.0,0.0,0.0009425772586837411,0.19868478178977966,0.19972144067287445,0.4556063711643219,-0.09617497771978378,0.04374566301703453,0.46252453327178955,0.0005833402392454445,0.003530997782945633,0.8774093985557556,64,0.028,0.0,3,0,5,0,8,0.625,0.0695,0.3091,0.021,0,45,2,0.10961243510246277,0.7998344898223877,1.987202525138855,0.0157,0.0208,0.1667
323,20000,0.0,24,15,0.1667,30.0,0.1667,0.0020722670014947653,0.18830808997154236,0.1884414404630661,0.3224113881587982,-0.08637330681085587,0.017865579575300217,0.3711731731891632,0.0008415810880251229,0.0037607261911034584,1.2006282806396484,64,0.0271,0.167,1,0,5,0,9,0.778,,,,,,,0.07194008678197861,0.6826095581054688,2.0775606632232666,0.01575,,0.1667
324,20000,0.0,24,15,0.0,30.0,0.0,0.0006939064478501678,0.1876244992017746,0.1833312213420868,0.28340911865234375,-0.09350555390119553,0.023663029074668884,0.32785600423812866,0.000617178448010236,0.0034652622416615486,1.2283936738967896,64,0.0358,0.0,2,0,6,0,8,0.75,,,,,,,0.07612018287181854,0.7521543502807617,2.14178729057312,0.01545,,0.1667
325,20000,0.0,24,15,0.125,30.0,0.125,0.0008729067631065845,0.20436769723892212,0.19965583086013794,0.2701402008533478,-0.09297378361225128,0.01812225580215454,0.3252273499965668,0.0007108424906618893,0.0032842853106558323,1.112553596496582,64,0.0192,0.125,2,0,7,0,6,1.0,,,,,,,0.08356790989637375,0.735733687877655,2.2055623531341553,0.01535,,0.1667
326,20000,0.0,24,15,0.1111,29.11,0.1111,0.0007365420460700989,0.2084100842475891,0.21045158803462982,0.35400137305259705,-0.09665632992982864,0.01551101915538311,0.41676831245422363,0.0005153683014214039,0.005734721198678017,0.7430458068847656,64,0.0262,0.111,3,0,6,2,4,1.0,,,,,,,0.13008126616477966,0.653723955154419,2.0688748359680176,0.0153,,0.1667
327,20000,0.0,24,15,0.25,29.0,0.25,0.0007038848707452416,0.18216639757156372,0.17868724465370178,0.3430350124835968,-0.09305904805660248,0.019582580775022507,0.3944680690765381,0.0006872779922559857,0.004921657498925924,0.8632141947746277,64,0.0276,0.25,1,0,2,1,11,0.909,,,,,,,0.1078052893280983,0.7738251686096191,2.0631213188171387,0.01535,,0.1667
328,20000,0.0,24,15,0.0,30.0,0.0,0.0009030163637362421,0.18729951977729797,0.18832089006900787,0.26290974020957947,-0.09342339634895325,0.013802029192447662,0.32521745562553406,0.00044767677900381386,0.007023294921964407,1.0896157026290894,64,0.0221,0.0,1,0,6,0,9,1.0,,,,,,,0.08573976159095764,0.6232682466506958,2.1838316917419434,0.0153,,0.1667
329,20000,0.0,24,15,0.0,29.64,0.0,0.000662474543787539,0.20274870097637177,0.20213580131530762,0.262347549200058,-0.0949242115020752,0.014993686228990555,0.3252830505371094,0.00041456293547526,0.004002666566520929,1.1810098886489868,64,0.0398,0.0,1,0,9,2,4,0.75,0.0826,0.3057,0.042,1,41,5,0.08037546277046204,0.6636869311332703,2.196103096008301,0.01515,0.0208,0.1667
330,20000,0.0,24,15,0.2857,30.0,0.2857,0.0011031110771000385,0.17978745698928833,0.1822851598262787,0.3453109860420227,-0.0942857414484024,0.009519131854176521,0.41859012842178345,0.000636484706774354,0.003936643712222576,0.9122880101203918,64,0.0243,0.286,1,0,4,1,8,0.875,,,,,,,0.10335085541009903,0.6544182300567627,2.0225284099578857,0.01515,,0.1667
331,20000,0.0,24,15,0.0,29.43,0.0,0.001246563857421279,0.1662093997001648,0.1643930971622467,0.3317350745201111,-0.0935252383351326,0.026150550693273544,0.37115776538848877,0.0009462790912948549,0.0036028840113431215,0.9330387115478516,64,0.0319,0.0,2,0,5,2,7,1.0,,,,,,,0.10023725032806396,0.7418819665908813,2.121964454650879,0.0152,,0.1667
332,20000,0.0,24,15,0.0,30.0,0.0,0.0013222726993262768,0.18317179381847382,0.1892990916967392,0.2888253331184387,-0.08271468430757523,0.022031990811228752,0.3253694176673889,0.0006195183959789574,0.004213204141706228,1.2921029329299927,64,0.0205,0.0,3,0,7,0,6,1.0,,,,,,,0.06401555240154266,0.8472609519958496,2.198183059692383,0.0153,,0.1667
333,20000,0.0,24,15,0.0,30.0,0.0,0.0010470941197127104,0.18063849210739136,0.17909589409828186,0.33743318915367126,-0.07944847643375397,0.044806480407714844,0.3253041207790375,0.0005772998556494713,0.00392921594902873,1.3256028890609741,64,0.0229,0.0,1,0,9,0,6,1.0,,,,,,,0.059933848679065704,0.9077180624008179,2.1896309852600098,0.01515,,0.1667
334,20000,0.0,24,15,0.0,30.0,0.0,0.0005317465402185917,0.1892739236354828,0.19421474635601044,0.391519159078598,-0.09352193772792816,0.03234854340553284,0.4186466336250305,0.0006389071349985898,0.0033947781194001436,0.8763397336006165,64,0.0112,0.0,5,0,5,0,6,1.0,,,,,,,0.10671881586313248,0.7438976168632507,2.0345592498779297,0.01525,,0.1667
335,20000,0.0,24,15,0.0,30.0,0.0,0.0011242415057495236,0.1610386073589325,0.15445488691329956,0.33062830567359924,-0.08478658646345139,0.021270737051963806,0.37103626132011414,0.0006350212497636676,0.003674326231703162,1.72337806224823,64,0.0144,0.0,2,0,5,1,8,0.875,,,,,,,0.049197904765605927,0.7757238745689392,2.13188099861145,0.01535,,0.1667
336,20000,0.0,24,15,0.25,30.0,0.25,0.000851271441206336,0.21439044177532196,0.21405726671218872,0.4484848380088806,-0.09581030160188675,0.03970762714743614,0.4627785086631775,0.0008185378392226994,0.004202727228403091,0.6679295897483826,64,0.0327,0.25,3,0,3,0,9,0.889,0.0699,0.3489,0.0,0,42,6,0.14344371855258942,0.7195608019828796,1.9617838859558105,0.0155,0.0,0.1667
337,20000,0.0,24,15,0.1111,30.0,0.1111,0.0008374556200578809,0.22213804721832275,0.2141413688659668,0.31053587794303894,-0.092488132417202,0.03734033182263374,0.32567673921585083,0.000568352930713445,0.005333260167390108,1.5881325006484985,64,0.0213,0.111,2,0,8,0,5,1.0,,,,,,,0.05823703855276108,0.7059301137924194,2.1781411170959473,0.01545,,0.1667
338,20000,0.0,24,15,0.1667,29.0,0.1667,0.0006065127672627568,0.2097461223602295,0.20416682958602905,0.3745630383491516,-0.09143015742301941,0.022723665460944176,0.41749709844589233,0.0005690667894668877,0.00609758123755455,0.8050813674926758,64,0.0337,0.167,3,0,4,1,7,0.571,,,,,,,0.11356634646654129,0.7153089046478271,2.070188283920288,0.0155,,0.1667
339,20000,0.0,24,15,0.4,30.0,0.4,0.0007741812150925398,0.21314367651939392,0.2098456621170044,0.42317336797714233,-0.09683097898960114,0.02775120548903942,0.46328815817832947,0.0007007929380051792,0.0024275791365653276,0.7976377010345459,64,0.0257,0.4,2,0,3,0,9,1.0,,,,,,,0.12139720469713211,0.8010189533233643,1.935199499130249,0.0157,,0.1667
340,20000,0.0,24,15,0.0,29.67,0.0,0.0018122002948075533,0.18580159544944763,0.18426693975925446,0.4886094331741333,-0.0961383730173111,0.025155488401651382,0.5321915149688721,0.0006794900400564075,0.0044906348921358585,0.764894425868988,64,0.0151,0.0,2,0,2,1,11,0.727,,,,,,,0.12568843364715576,0.7910678386688232,2.02990984916687,0.0158,,0.1667
341,20000,0.0,24,15,0.1111,30.0,0.1111,0.0009291028254665434,0.19477859139442444,0.193339005112648,0.2540593147277832,-0.09818552434444427,0.012588022276759148,0.32580339908599854,0.0007728884229436517,0.0025307864416390657,1.0217009782791138,64,0.0284,0.111,2,0,8,0,5,1.0,,,,,,,0.09610006213188171,0.6872014403343201,2.172065019607544,0.0156,,0.1667
342,20000,0.0,24,15,0.0,30.0,0.0,0.0009631355642341077,0.20707833766937256,0.2089807540178299,0.3575165867805481,-0.09689588099718094,0.017511213198304176,0.41783642768859863,0.0005019464297220111,0.0031072504352778196,0.7704820036888123,64,0.0254,0.167,1,1,5,0,9,0.778,,,,,,,0.12576007843017578,0.6223602890968323,2.0622801780700684,0.0157,,0.1667
343,20000,0.0,24,15,0.2,30.0,0.2,0.0007359146839007735,0.21070390939712524,0.21207261085510254,0.2847802937030792,-0.09535251557826996,0.026291897520422935,0.3252670466899872,0.0005070745828561485,0.004563921131193638,0.910787045955658,64,0.0174,0.2,6,0,4,0,5,1.0,0.0685,0.3055,0.042,1,40,6,0.10469243675470352,0.6679240465164185,2.1831932067871094,0.0157,0.0208,0.1667
344,20000,0.0,24,15,0.0,29.5,0.0,0.0008694255957379937,0.20817381143569946,0.20182864367961884,0.5281600952148438,-0.09350202977657318,0.04951932653784752,0.5207101702690125,0.0007085706456564367,0.0038266133051365614,1.1214231252670288,64,0.022,0.0,2,0,5,1,8,0.875,,,,,,,0.08337801694869995,0.7369915843009949,1.9200116395950317,0.0157,,0.1667
345,20000,0.0,24,15,0.0,30.0,0.0,0.0006478159921243787,0.14558859169483185,0.14292293787002563,0.2710610032081604,-0.09159709513187408,0.017737988382577896,0.3255814015865326,0.0006832110811956227,0.0032013985328376293,1.35862398147583,64,0.0231,0.0,4,0,8,0,4,0.5,,,,,,,0.06741902232170105,0.6628344058990479,2.1877005100250244,0.0156,,0.1667
346,20000,0.0,24,15,0.0,30.0,0.0,0.001237295800819993,0.1731846034526825,0.16855061054229736,0.3172481060028076,-0.09601980447769165,0.029805606231093407,0.352428674697876,0.0005481742555275559,0.002456044312566519,1.2226380109786987,64,0.0211,0.0,2,0,5,2,7,1.0,,,,,,,0.07853494584560394,0.6961543560028076,2.1373698711395264,0.01575,,0.1667
347,20000,0.0,24,15,0.1667,29.33,0.1667,0.0011583635350689292,0.21028998494148254,0.20959296822547913,0.40750792622566223,-0.0964871421456337,0.04305083677172661,0.41676610708236694,0.0009427159675396979,0.002254549879580736,0.7241293787956238,64,0.0316,0.167,3,0,4,1,7,0.286,,,,,,,0.13324572145938873,0.773424506187439,2.069035530090332,0.01575,,0.1667
348,20000,0.0,24,15,0.125,29.62,0.125,0.0009806999005377293,0.18190307915210724,0.18736416101455688,0.3738378882408142,-0.09263737499713898,0.023870043456554413,0.41687116026878357,0.0005611088126897812,0.0037280090618878603,0.7916387915611267,64,0.0245,0.125,1,0,7,0,7,1.0,,,,,,,0.11701975762844086,0.6439464688301086,2.085540771484375,0.01585,,0.1667
349,20000,0.0,24,15,0.4,29.8,0.4,0.0014555929228663445,0.20127269625663757,0.20004400610923767,0.2841606140136719,-0.09359952807426453,0.025339609012007713,0.32527369260787964,0.0007620563264936209,0.00361447362229228,0.8064374923706055,64,0.0231,0.4,2,0,3,0,9,0.778,,,,,,,0.11606544256210327,0.723574161529541,2.1884570121765137,0.0158,,0.1667
350,20000,0.0,24,15,0.2222,29.56,0.2222,0.000754287582822144,0.18864083290100098,0.18533746898174286,0.3283507823944092,-0.09551940858364105,0.025307118892669678,0.37130674719810486,0.0005583366728387773,0.0038984024431556463,1.0851596593856812,64,0.0208,0.222,1,0,5,2,6,0.667,0.0751,0.3059,0.042,0,43,3,0.0880233645439148,0.735836386680603,2.132974624633789,0.01565,0.0417,0.1667
351,20000,0.0,24,15,0.2,30.0,0.2,0.000729855615645647,0.21157532930374146,0.2118672877550125,0.30464860796928406,-0.09154847264289856,0.011617260985076427,0.371178537607193,0.0006039054715074599,0.003568043000996113,1.2148832082748413,64,0.0303,0.2,3,0,4,0,8,0.875,,,,,,,0.07535578310489655,0.5867340564727783,2.127955913543701,0.01585,,0.1667
352,20000,0.0,24,15,0.0,30.0,0.0,0.0009949087398126721,0.20646235346794128,0.20541396737098694,0.2652871310710907,-0.09345623105764389,0.01599341630935669,0.3252483308315277,0.0005889114108867943,0.0030163887422531843,1.1762274503707886,64,0.0435,0.0,2,0,4,0,10,0.8,,,,,,,0.0794542133808136,0.7409204840660095,2.184091091156006,0.01595,,0.1667
353,20000,0.0,24,15,0.0,30.0,0.0,0.0007534332689829171,0.20861491560935974,0.21112768352031708,0.3591662645339966,-0.08030585944652557,0.010456021875143051,0.41679149866104126,0.0005711213452741504,0.003537173615768552,0.9291796088218689,64,0.0194,0.0,5,0,4,2,5,0.8,,,,,,,0.08642663061618805,0.6274428367614746,2.0699543952941895,0.016,,0.1667
354,20000,0.0,24,15,0.0,30.0,0.0,0.0005710858386009932,0.17499597370624542,0.17670086026191711,0.3908427655696869,-0.089775949716568,0.03117471933364868,0.41676416993141174,0.0005584752652794123,0.003010226646438241,0.7909712195396423,64,0.0206,0.0,2,0,8,0,6,1.0,,,,,,,0.11350090801715851,0.8081412315368652,2.0621261596679688,0.01595,,0.1667
355,20000,0.0,24,15,0.0,29.5,0.0,0.0006445854087360203,0.20499202609062195,0.20495806634426117,0.2728688716888428,-0.09349565953016281,0.01975489966571331,0.32564568519592285,0.0006571979029104114,0.0024181250482797623,1.177646517753601,64,0.0457,0.0,3,0,5,1,7,1.0,,,,,,,0.0793919563293457,0.7250359058380127,2.192504405975342,0.01595,,0.1667
356,20000,0.0,24,15,0.0,29.62,0.0,0.0005541355349123478,0.22544565796852112,0.22825533151626587,0.27335384488105774,-0.09290193021297455,0.019920218735933304,0.3252285122871399,0.0008185704355128109,0.002373658586293459,1.0294655561447144,64,0.0382,0.0,4,0,7,1,4,1.0,,,,,,,0.09024287760257721,0.6472154259681702,2.222594738006592,0.0158,,0.1667
357,20000,0.0,24,15,0.0,30.0,0.0,0.0013680693227797747,0.17826761305332184,0.1823434829711914,0.4710442125797272,-0.08773988485336304,0.02405400574207306,0.5088450312614441,0.0006993834977038205,0.003662093309685588,1.2674782276153564,64,0.0352,0.0,2,0,6,1,7,0.857,0.064,0.29,0.042,0,43,3,0.06922397762537003,0.7193825244903564,1.8768000602722168,0.0157,0.0417,0.1667
358,20000,0.0,24,15,0.0,30.0,0.0,0.001176733523607254,0.21201470494270325,0.2093048095703125,0.29656100273132324,-0.08789122104644775,0.02825237810611725,0.32521313428878784,0.000594407320022583,0.005468687973916531,1.4228708744049072,64,0.0426,0.0,5,0,3,0,8,0.875,,,,,,,0.06177033856511116,0.7870370745658875,2.1943106651306152,0.0158,,0.1667
359,20000,0.0,24,15,0.0,30.0,0.0,0.0008910164469853044,0.19400036334991455,0.19083595275878906,0.25203028321266174,-0.09495571255683899,0.010133037343621254,0.3251982629299164,0.0006064470508135855,0.0030433544889092445,1.3096868991851807,64,0.023,0.0,3,0,6,0,7,0.857,,,,,,,0.07250259816646576,0.6943540573120117,2.176082134246826,0.0159,,0.1667
360,20000,0.0,24,15,0.1429,29.14,0.1429,0.0010550644947215915,0.23813682794570923,0.24105796217918396,0.4292796552181244,-0.09258995950222015,0.028624719008803368,0.4631977081298828,0.0004593816993292421,0.0028449133969843388,0.940333366394043,64,0.0224,0.143,3,0,4,2,6,1.0,,,,,,,0.09846502542495728,0.644456148147583,1.9769083261489868,0.01595,,0.1667
361,20000,0.0,24,15,0.0,30.0,0.0,0.0007231610361486673,0.2114553153514862,0.21320396661758423,0.38564783334732056,-0.0911618247628212,0.02914559654891491,0.4171268939971924,0.000386134342988953,0.002783125499263406,1.1406100988388062,64,0.0175,0.0,4,0,4,1,7,0.857,,,,,,,0.07992373406887054,0.7845103740692139,2.035416841506958,0.01605,,0.1667
362,20000,0.0,24,15,0.0,30.0,0.0,0.0005827538552694023,0.22011291980743408,0.218097984790802,0.3675415813922882,-0.09565463662147522,0.022151967510581017,0.4167223870754242,0.00060810282593593,0.004339838400483131,0.8183237910270691,64,0.0207,0.0,6,0,5,0,5,1.0,,,,,,,0.11689093708992004,0.6789953708648682,2.048436403274536,0.01625,,0.1667
363,20000,0.0,24,15,0.0,30.0,0.0,0.0004864538786932826,0.19741950929164886,0.19463302195072174,0.6465403437614441,-0.09276693314313889,0.021749310195446014,0.6937097311019897,0.0005156384431757033,0.004197894595563412,0.8300679326057434,64,0.0193,0.0,1,0,6,0,9,0.778,,,,,,,0.11175824701786041,0.769344687461853,1.8990216255187988,0.01625,,0.1667
364,20000,0.0,24,15,0.0,30.0,0.0,0.0009308889275416732,0.15974444150924683,0.1589118391275406,0.4201928377151489,-0.0919237807393074,0.02332201413810253,0.46256402134895325,0.0005218338337726891,0.005817094352096319,0.8342620134353638,64,0.0261,0.0,1,0,8,0,7,1.0,0.066,0.275,0.042,0,42,4,0.11018574237823486,0.6977583169937134,1.9862076044082642,0.0162,0.0417,0.1667
365,20000,0.0,24,15,0.3333,29.83,0.3333,0.0008064063731580973,0.2013295739889145,0.19967235624790192,0.37844765186309814,-0.08719056844711304,0.022345295175909996,0.41815897822380066,0.0006790319457650185,0.00557731743901968,0.8246092200279236,64,0.0209,0.333,2,0,4,0,8,0.875,,,,,,,0.10573562234640121,0.8205509185791016,2.0350284576416016,0.01625,,0.1667
366,20000,0.0,24,15,0.0,30.0,0.0,0.001417734776623547,0.19305837154388428,0.1971926987171173,0.33045148849487305,-0.0954008400440216,0.046721212565898895,0.33092570304870605,0.0008975313976407051,0.002968406304717064,1.0879982709884644,64,0.0296,0.0,3,0,6,0,7,0.857,,,,,,,0.0876847356557846,0.6981880068778992,2.1385765075683594,0.0163,,0.1667
367,20000,0.0,24,15,0.0,30.0,0.0,0.0005830959416925907,0.18424856662750244,0.18648678064346313,0.32091864943504333,-0.09197811782360077,0.02994631603360176,0.35126855969429016,0.0005858598742634058,0.003471145173534751,1.1953668594360352,64,0.0408,0.0,2,0,5,0,9,0.778,,,,,,,0.07694552093744278,0.7228423357009888,2.125332832336426,0.0163,,0.1667
368,20000,0.0,24,15,0.1111,30.0,0.1111,0.0007828580564819276,0.1698596328496933,0.17311519384384155,0.41237449645996094,-0.09258026629686356,0.016267182305455208,0.469840943813324,0.0006876736879348755,0.005158920306712389,0.9705657362937927,64,0.027,0.111,3,0,8,0,4,0.75,,,,,,,0.09538793563842773,0.6845870018005371,2.009645700454712,0.0162,,0.1667
369,20000,0.0,24,15,0.1429,30.0,0.1429,0.0005183995235711336,0.17381608486175537,0.17251908779144287,0.4313657283782959,-0.09642525017261505,0.0321430042386055,0.4623664617538452,0.0004803743213415146,0.0022770266514271498,0.9311465620994568,64,0.0226,0.143,2,0,6,0,7,1.0,,,,,,,0.10355540364980698,0.7675191760063171,1.9903813600540161,0.0162,,0.1667
370,20000,0.0,24,15,0.1,29.6,0.1,0.0006031114608049393,0.19138652086257935,0.19128276407718658,0.38386958837509155,-0.08730755746364594,0.040411561727523804,0.38804149627685547,0.000619509897660464,0.0046250647865235806,1.222920536994934,64,0.0241,0.1,1,0,7,2,5,0.6,,,,,,,0.07139267027378082,0.6468653082847595,2.0592844486236572,0.01605,,0.1667
371,20000,0.0,24,15,0.0,30.0,0.0,0.0009490057127550244,0.1361590325832367,0.12890441715717316,0.3526623249053955,-0.0930386558175087,0.01342637836933136,0.41714340448379517,0.0006822578725405037,0.0034096334129571915,1.5921299457550049,64,0.0184,0.0,2,0,3,0,11,1.0,0.0661,0.2859,0.042,0,40,6,0.058436594903469086,0.7269770503044128,2.0530829429626465,0.0163,0.0417,0.1667
372,20000,0.0,24,15,0.0,30.0,0.0,0.0006461677839979529,0.1977005898952484,0.19685021042823792,0.25753772258758545,-0.09416821599006653,0.011702192947268486,0.32637742161750793,0.00043082667980343103,0.003848270745947957,1.0175327062606812,64,0.0379,0.0,2,0,5,0,9,0.778,,,,,,,0.09254564344882965,0.7396135330200195,2.2023606300354004,0.01625,,0.1667
373,20000,0.0,24,15,0.0,30.0,0.0,0.001073162886314094,0.21411240100860596,0.21176698803901672,0.2913534939289093,-0.08822199702262878,0.02530154213309288,0.32627081871032715,0.0011859828373417258,0.005403154995292425,1.4014766216278076,64,0.0332,0.0,4,0,5,0,7,0.857,,,,,,,0.06294931471347809,0.700899064540863,2.186532974243164,0.0163,,0.1667
374,20000,0.0,24,15,0.0,30.0,0.0,0.0008588333148509264,0.17453241348266602,0.1779317855834961,0.37515103816986084,-0.09738852828741074,0.026574252173304558,0.41715574264526367,0.0005907370359636843,0.004470629617571831,0.798789918422699,64,0.0193,0.0,4,0,6,0,6,0.833,,,,,,,0.12192007154226303,0.7215411067008972,2.0481886863708496,0.01625,,0.1667
375,20000,0.0,24,15,0.0,30.0,0.0,0.0008311683777719736,0.1654357612133026,0.16760286688804626,0.34890201687812805,-0.09322303533554077,0.0345134437084198,0.37134265899658203,0.0005065714940428734,0.003511029062792659,1.1361339092254639,64,0.0217,0.0,3,0,5,0,8,0.875,,,,,,,0.08205285668373108,0.7664322853088379,2.1173088550567627,0.01635,,0.1667
376,20000,0.0,24,15,0.1111,30.0,0.1111,0.0011725786607712507,0.172215536236763,0.16951024532318115,0.3534905016422272,-0.09227360785007477,0.027314579114317894,0.3887275755405426,0.000542371766641736,0.00481472397223115,1.0903544425964355,64,0.0211,0.111,0,0,6,2,7,0.714,,,,,,,0.084627166390419,0.7226352691650391,2.1714179515838623,0.01605,,0.1667
377,20000,0.0,24,15,0.1,29.7,0.1,0.0010329214856028557,0.14929017424583435,0.1498163938522339,0.32207566499710083,-0.09802847355604172,0.04603142663836479,0.32529181241989136,0.0005912948399782181,0.005498944781720638,1.2185568809509277,64,0.0228,0.1,3,0,8,1,3,0.667,,,,,,,0.08044636994600296,0.7648615837097168,2.206620693206787,0.01585,,0.1667
378,20000,0.0,24,15,0.1429,29.71,0.1429,0.001031599473208189,0.21072018146514893,0.20875410735607147,0.3573560416698456,-0.09499011933803558,0.016706781461834908,0.41682058572769165,0.0006347179878503084,0.004224021453410387,0.8460181355476379,64,0.0365,0.143,0,0,4,2,9,1.0,0.0803,0.3845,0.083,1,41,3,0.11227905750274658,0.745937705039978,2.0437095165252686,0.01615,0.0625,0.1667
379,20000,0.0,24,15,0.0,29.71,0.0,0.0007962831296026707,0.21613696217536926,0.22098959982395172,0.33638960123062134,-0.09816170483827591,0.02723388373851776,0.37801074981689453,0.0005141604342497885,0.004145577549934387,0.869397759437561,64,0.0335,0.0,3,0,6,1,6,1.0,,,,,,,0.11290770769119263,0.769417941570282,2.1429972648620605,0.0161,,0.1667
380,20000,0.0,24,15,0.3333,30.0,0.3333,0.0005346108810044825,0.18003956973552704,0.1766572892665863,0.3627638518810272,-0.09382779151201248,0.03268234431743622,0.3879510760307312,0.0004760396259371191,0.006551762577146292,0.8701121211051941,64,0.0277,0.333,2,0,4,0,8,1.0,,,,,,,0.10783413052558899,0.8630396723747253,2.1524319648742676,0.0162,,0.1667
381,20000,0.0,24,15,0.2,29.6,0.2,0.0009115808643400669,0.2224329710006714,0.22591453790664673,0.2898145616054535,-0.09743344783782959,0.02995937131345272,0.32542163133621216,0.0005749159608967602,0.003815314034000039,0.8266348838806152,64,0.0154,0.2,1,0,4,0,10,1.0,,,,,,,0.11786757409572601,0.785683810710907,2.1748414039611816,0.01635,,0.1667
382,20000,0.0,24,15,0.1,29.3,0.1,0.0006388801266439259,0.21175599098205566,0.2181134968996048,0.2625862956047058,-0.09166774153709412,0.013618707656860352,0.32516950368881226,0.0005775420577265322,0.003694224404171109,1.3438773155212402,64,0.0313,0.1,2,0,7,2,4,0.75,,,,,,,0.0682113915681839,0.6169617176055908,2.1989855766296387,0.0163,,0.1667
383,20000,0.0,24,15,0.0,30.0,0.0,0.0006257628556340933,0.16352578997612,0.16100099682807922,0.37019750475883484,-0.09597750753164291,0.023492975160479546,0.41692596673965454,0.0005723893991671503,0.004526170901954174,1.0029644966125488,64,0.0229,0.0,3,0,4,0,9,0.778,,,,,,,0.09569381922483444,0.8127813339233398,2.0640013217926025,0.0163,,0.1667
384,20000,0.0,24,15,0.0,30.0,0.0,0.0009608246618881822,0.18589282035827637,0.18363630771636963,0.33498093485832214,-0.0912126749753952,0.02660769782960415,0.3713115155696869,0.000709728104993701,0.003333372762426734,1.2251793146133423,64,0.0228,0.0,5,0,5,0,6,1.0,,,,,,,0.07444842159748077,0.727736234664917,2.112713575363159,0.0164,,0.1667
385,20000,0.0,24,15,0.25,29.75,0.25,0.0013744456227868795,0.2603691518306732,0.26357221603393555,0.3181733787059784,-0.09475547820329666,0.020009836181998253,0.3709556460380554,0.0006806644378229976,0.003907089587301016,1.1093167066574097,64,0.016,0.25,1,0,2,1,11,0.727,0.0807,0.3455,0.062,2,37,8,0.08541787415742874,0.7368187308311462,2.1277785301208496,0.0163,0.0208,0.1667
386,20000,0.0,24,15,0.0,30.0,0.0,0.0020595728419721127,0.26411616802215576,0.2544141411781311,0.3191507160663605,-0.09555613994598389,0.021010374650359154,0.37128329277038574,0.0004246472381055355,0.0028056378941982985,1.0705381631851196,64,0.0201,0.0,3,0,6,1,6,1.0,,,,,,,0.08925990760326385,0.7099913358688354,2.1001622676849365,0.0163,,0.1667
387,20000,0.0,24,15,0.2222,29.89,0.2222,0.0012592347338795662,0.25274646282196045,0.25053441524505615,0.35296982526779175,-0.09327691793441772,0.03683757036924362,0.37109580636024475,0.0006189561681821942,0.002951645525172353,1.0771583318710327,64,0.0217,0.222,3,0,7,0,4,0.75,,,,,,,0.08659537136554718,0.7178093194961548,2.1415767669677734,0.0163,,0.1667
388,20000,0.0,24,15,0.0,30.0,0.0,0.0007336100097745657,0.20332391560077667,0.20435497164726257,0.3532562553882599,-0.09560887515544891,0.037605613470077515,0.37197867035865784,0.0005726314266212285,0.0033504441380500793,2.198802947998047,64,0.0191,0.0,3,0,5,1,7,0.714,,,,,,,0.04348224401473999,0.6469826698303223,2.0698938369750977,0.01605,,0.1667
389,20000,0.0,24,15,0.0,30.0,0.0,0.0005622988101094961,0.23223747313022614,0.2408279925584793,0.29691579937934875,-0.09429535269737244,0.009251059032976627,0.3711450397968292,0.0004377351142466068,0.003127985866740346,1.2067760229110718,64,0.0188,0.0,2,0,8,0,6,0.833,,,,,,,0.07813823223114014,0.700525164604187,2.1308610439300537,0.01595,,0.1667
390,20000,0.0,24,15,0.1111,29.89,0.1111,0.0008928636088967323,0.19988973438739777,0.1983763873577118,0.37336793541908264,-0.09347385168075562,0.023908942937850952,0.41738492250442505,0.0005142465233802795,0.003277961863204837,0.7856146097183228,64,0.0193,0.111,2,0,7,1,5,1.0,,,,,,,0.11898180842399597,0.6217179894447327,2.056124448776245,0.0159,,0.1667
391,20000,0.0,24,15,0.0,29.14,0.0,0.004216559696942568,0.20377302169799805,0.21145585179328918,0.33447450399398804,-0.09032158553600311,0.02569110319018364,0.37189653515815735,0.0006255060434341431,0.0030346817802637815,1.173672080039978,64,0.0268,0.0,3,0,5,2,6,0.833,,,,,,,0.07695639878511429,0.6968790292739868,2.086277961730957,0.01585,,0.1667
392,20000,0.0,24,15,0.0,28.8,0.0,0.001261822646483779,0.17139893770217896,0.16370311379432678,0.2884829342365265,-0.09675020724534988,0.029063843190670013,0.32537955045700073,0.0006054025143384933,0.0034518204629421234,0.9907680749893188,64,0.0396,0.0,4,0,3,2,7,1.0,0.06,0.2929,0.104,1,39,4,0.09765172004699707,0.751367449760437,2.1982040405273438,0.01595,0.0833,0.1667
393,20000,0.0,24,15,0.1111,30.0,0.1111,0.0006872278754599392,0.19228661060333252,0.19633254408836365,0.42923703789711,-0.09613892436027527,0.03052479587495327,0.4630989134311676,0.0007503416854888201,0.002454934874549508,0.8497012257575989,64,0.0254,0.111,1,0,7,1,6,1.0,,,,,,,0.11314438283443451,0.8459202647209167,2.0006017684936523,0.01585,,0.1667
394,20000,0.0,24,15,0.0,30.0,0.0,0.001303780940361321,0.16935303807258606,0.16847364604473114,0.3261612057685852,-0.09310862421989441,0.021714121103286743,0.37349265813827515,0.0006955169956199825,0.004697887226939201,1.6524404287338257,64,0.0325,0.0,1,0,6,1,8,0.875,,,,,,,0.05634612590074539,0.8394538760185242,2.0824742317199707,0.016,,0.1667
395,20000,0.0,24,15,0.0,30.0,0.0,0.0007288982742466033,0.18341615796089172,0.18596002459526062,0.3789813816547394,-0.0944836288690567,0.02723720483481884,0.41734418272972107,0.000538186461199075,0.0032928497530519962,0.7981266379356384,64,0.0326,0.167,2,1,5,0,8,1.0,,,,,,,0.11838175356388092,0.7326458692550659,2.067183494567871,0.01605,,0.1667
396,20000,0.0,24,15,0.0,30.0,0.0,0.001387901953421533,0.25531163811683655,0.2564021944999695,0.3746543526649475,-0.09537143260240555,0.048457495868206024,0.3710842728614807,0.0007895620656199753,0.004053045529872179,0.8770090341567993,64,0.0149,0.0,1,0,6,0,9,0.667,,,,,,,0.108746238052845,0.6637828350067139,2.1436033248901367,0.0161,,0.1667
397,20000,0.0,24,15,0.1,30.0,0.1,0.0009064916521310806,0.22764481604099274,0.2352176010608673,0.4007599651813507,-0.09565600007772446,0.026200242340564728,0.4416922926902771,0.000654064875561744,0.0046463580802083015,1.0126662254333496,64,0.0257,0.1,2,0,8,1,4,1.0,,,,,,,0.09445954859256744,0.8425930738449097,1.9557803869247437,0.01605,,0.1667
398,20000,0.0,24,15,0.0,30.0,0.0,0.0008599224966019392,0.2076643407344818,0.20787787437438965,0.3430904150009155,-0.09476950764656067,0.032121121883392334,0.3716854453086853,0.000677571864798665,0.0038644589949399233,1.1412672996520996,64,0.0249,0.0,4,0,4,0,8,1.0,,,,,,,0.08303883671760559,0.8941609263420105,2.1184282302856445,0.016,,0.1667
399,20000,0.0,24,15,0.4,30.0,0.4,0.0009867859771475196,0.18862132728099823,0.1875406801700592,0.30925536155700684,-0.09412473440170288,0.01514754444360733,0.37114080786705017,0.000521878304425627,0.0038883567322045565,0.9346985816955566,64,0.0421,0.4,1,0,3,0,10,1.0,0.069,0.3643,0.104,2,40,3,0.10070061683654785,0.6617453098297119,2.115718126296997,0.0163,0.0625,0.1667
400,20000,0.0,24,15,0.0,30.0,0.0,0.0005594085669144988,0.22276225686073303,0.22530215978622437,0.2615068852901459,-0.0952959954738617,0.014668026939034462,0.3254052400588989,0.0005877338699065149,0.0041231499053537846,1.07622230052948,64,0.0309,0.0,5,0,4,0,7,0.857,,,,,,,0.0885467529296875,0.766688346862793,2.197659969329834,0.0163,,0.1667
401,20000,0.0,24,15,0.0,30.0,0.0,0.0007572134491056204,0.2287309318780899,0.22460851073265076,0.3628082871437073,-0.09711071848869324,0.02067122608423233,0.41678982973098755,0.0007569354493170977,0.003573406022042036,0.8356595039367676,64,0.0345,0.0,1,0,6,0,9,0.889,,,,,,,0.11620847135782242,0.7612985968589783,2.0522220134735107,0.01625,,0.1667
402,20000,0.0,24,15,0.1,29.2,0.1,0.0009440515423193574,0.19663043320178986,0.19760474562644958,0.4394901394844055,-0.09591947495937347,0.012865854427218437,0.5082733631134033,0.0006791065097786486,0.0028090730775147676,0.6982445120811462,64,0.0312,0.1,1,0,7,2,5,1.0,,,,,,,0.13737232983112335,0.6594893336296082,1.9175326824188232,0.0163,,0.1667
403,20000,0.0,24,15,0.1667,29.17,0.1667,0.002181488089263439,0.150591641664505,0.1484833061695099,0.29855281114578247,-0.09638268500566483,0.03401602804660797,0.32532039284706116,0.0004870845004916191,0.0031660597305744886,0.8083982467651367,64,0.0389,0.167,1,0,4,1,9,0.778,,,,,,,0.11922673881053925,0.8040838241577148,2.2008771896362305,0.01635,,0.1667
404,20000,0.0,24,15,0.0,30.0,0.0,0.0017693864647299051,0.21545442938804626,0.2154678851366043,0.2747856378555298,-0.08982767909765244,0.018165551126003265,0.32556411623954773,0.0007721575093455613,0.0054361592046916485,1.526865839958191,64,0.0344,0.0,3,0,6,0,7,1.0,,,,,,,0.05883141607046127,0.768714427947998,2.1736135482788086,0.0164,,0.1667
405,20000,0.0,24,15,0.0,30.0,0.0,0.0012840682175010443,0.17980894446372986,0.18187138438224792,0.4168139100074768,-0.09019157290458679,0.04405009746551514,0.41705322265625,0.0007443673675879836,0.003704122034832835,1.1003555059432983,64,0.0276,0.0,0,0,6,1,9,0.556,,,,,,,0.0819658488035202,0.7966192960739136,2.0300676822662354,0.01635,,0.1667
406,20000,0.0,24,15,0.0,30.0,0.0,0.0008986355969682336,0.2191261649131775,0.2170673906803131,0.39657655358314514,-0.08853888511657715,0.05612143501639366,0.37139052152633667,0.000533566577360034,0.002964091720059514,1.4138119220733643,64,0.0277,0.0,4,0,5,0,7,1.0,0.0529,0.2784,0.188,2,38,1,0.0626242458820343,0.8646353483200073,2.0889017581939697,0.0163,0.1458,0.1667
407,20000,0.0,24,15,0.0,29.2,0.0,0.0006180853233672678,0.22680336236953735,0.22420890629291534,0.2952728271484375,-0.09452243149280548,0.008680293336510658,0.3711584806442261,0.00046452440437860787,0.002552394988015294,1.0158940553665161,64,0.0263,0.1,2,1,8,1,4,0.75,,,,,,,0.09304358810186386,0.7196054458618164,2.1405344009399414,0.01615,,0.1667
408,20000,0.0,24,15,0.0,30.0,0.0,0.0007742326706647873,0.20642897486686707,0.20815569162368774,0.3960440754890442,-0.09740974009037018,0.03759252652525902,0.41681167483329773,0.0005586441257037222,0.002914184471592307,0.6736356616020203,64,0.0191,0.0,2,0,6,0,8,0.875,,,,,,,0.14460301399230957,0.725371241569519,2.0428049564361572,0.0162,,0.1667
409,20000,0.0,24,15,0.1667,30.0,0.1667,0.0008202324388548732,0.21847301721572876,0.22966516017913818,0.32965269684791565,-0.09532127529382706,0.025858869776129723,0.37111955881118774,0.0004981448291800916,0.0042733498848974705,1.0311397314071655,64,0.0233,0.167,4,0,3,2,6,1.0,,,,,,,0.09244263172149658,0.7488938570022583,2.1058313846588135,0.0162,,0.1667
410,20000,0.0,24,15,0.0,30.0,0.0,0.00042700476478785276,0.1719021201133728,0.18783926963806152,0.3580632209777832,-0.09073355793952942,0.03770177438855171,0.3715372085571289,0.00047623226419091225,0.0037120478227734566,0.8983508348464966,64,0.0263,0.0,1,0,8,0,7,0.571,,,,,,,0.10100013017654419,0.7574076652526855,2.090742826461792,0.016,,0.1667
411,20000,0.0,24,15,0.1429,30.0,0.1429,0.000752709514927119,0.2180311679840088,0.21651405096054077,0.44295910000801086,-0.09548099339008331,0.015135410241782665,0.5066794753074646,0.0004805686476174742,0.0029795595910400152,1.1750229597091675,64,0.0247,0.143,1,0,5,1,8,0.75,,,,,,,0.08125883340835571,0.7265348434448242,2.108027935028076,0.016,,0.1667
412,20000,0.0,24,15,0.1111,28.78,0.1111,0.0028598299250006676,0.21014681458473206,0.21095116436481476,0.4405049979686737,-0.09490946680307388,0.03567414730787277,0.46236321330070496,0.0008142136503010988,0.003405939321964979,0.7244564890861511,64,0.0238,0.111,2,0,7,1,5,0.4,,,,,,,0.1310078203678131,0.7102679014205933,1.9999077320098877,0.01585,,0.1667
413,20000,0.0,24,15,0.0,30.0,0.0,0.0007252304349094629,0.17591527104377747,0.17634645104408264,0.37619808316230774,-0.09270691871643066,0.02500711940228939,0.4176400899887085,0.0006680322112515569,0.0025013668928295374,1.2103825807571411,64,0.0286,0.0,3,0,5,0,8,1.0,0.0657,0.3104,0.083,1,40,4,0.0765930712223053,0.7386418581008911,2.0399584770202637,0.01585,0.0625,0.1667
414,20000,0.0,24,15,0.1818,29.91,0.1818,0.0004677589749917388,0.2227533459663391,0.22400881350040436,0.4022709131240845,-0.08117122948169708,0.0312484260648489,0.4181478023529053,0.0004616774676833302,0.005594993010163307,1.1977838277816772,64,0.0288,0.273,2,1,7,1,3,1.0,,,,,,,0.06776784360408783,0.7968604564666748,2.0673649311065674,0.01575,,0.1667
415,20000,0.0,24,15,0.6667,30.0,0.6667,0.0007469285628758371,0.18791669607162476,0.18621906638145447,0.2784832715988159,-0.09668363630771637,0.022892354056239128,0.32731887698173523,0.0006065181223675609,0.0041266740299761295,0.9260873794555664,64,0.0289,0.667,2,0,1,0,11,0.818,,,,,,,0.10440012067556381,0.868259072303772,2.174685478210449,0.0159,,0.1667
416,20000,0.0,24,15,0.0,30.0,0.0,0.0006574696162715554,0.19970643520355225,0.20140086114406586,0.3970282971858978,-0.09909006953239441,0.01568811759352684,0.4624059200286865,0.0007272177608683705,0.004672383889555931,0.575483500957489,64,0.0206,0.0,2,0,7,1,6,0.667,,,,,,,0.1721857786178589,0.6517468690872192,1.9879846572875977,0.0159,,0.1667
417,20000,0.0,24,15,0.1429,29.86,0.1429,0.0009002565639093518,0.19550493359565735,0.20052656531333923,0.2627573013305664,-0.09580918401479721,0.015928970649838448,0.3252580761909485,0.00065628468291834,0.002900986699387431,1.0658248662948608,64,0.0344,0.143,2,0,5,1,7,0.571,,,,,,,0.08989204466342926,0.664492130279541,2.19755220413208,0.0158,,0.1667
418,20000,0.0,24,15,0.0,30.0,0.0,0.0034391041845083237,0.21419428288936615,0.20196467638015747,0.3481648564338684,-0.09869067370891571,0.014032009057700634,0.4169355034828186,0.0005267749656923115,0.003712024074047804,0.9409139752388,64,0.0316,0.0,1,0,8,0,7,0.857,,,,,,,0.10488808900117874,0.7000808715820312,2.0774013996124268,0.01585,,0.1667
419,20000,0.0,24,15,0.0,29.71,0.0,0.0009277209173887968,0.21154431998729706,0.20449882745742798,0.27755412459373474,-0.09595796465873718,0.023214370012283325,0.3252166211605072,0.00045661249896511436,0.003733461955562234,1.1069804430007935,64,0.0191,0.0,3,0,6,1,6,1.0,,,,,,,0.08668442070484161,0.7796332836151123,2.2049999237060547,0.01565,,0.1667
420,20000,0.0,24,15,0.0,30.0,0.0,0.0011641657911241055,0.23342163860797882,0.23026934266090393,0.3853537142276764,-0.09707831591367722,0.031964801251888275,0.416934609413147,0.00048743633669801056,0.0031355959363281727,0.6898818016052246,64,0.0197,0.0,3,0,5,0,8,0.75,0.0714,0.283,0.042,2,42,4,0.14071732759475708,0.7138333320617676,2.069888114929199,0.01555,0.0,0.1667
421,20000,0.0,24,15,0.0,30.0,0.0,0.000857718987390399,0.22463390231132507,0.22534433007240295,0.6060056686401367,-0.09126046299934387,0.08983241021633148,0.5157100558280945,0.0006166805396787822,0.003782495856285095,1.6159915924072266,64,0.0361,0.0,4,0,4,0,8,0.875,,,,,,,0.056473348289728165,0.7248591184616089,2.19686222076416,0.01565,,0.1667
422,20000,0.0,24,15,0.1111,30.0,0.1111,0.0004115580813959241,0.1624411642551422,0.1631835401058197,0.3609611690044403,-0.09592543542385101,0.019016355276107788,0.4167670011520386,0.00040024856571108103,0.004173838533461094,1.0704319477081299,64,0.0222,0.111,0,0,8,0,7,0.857,,,,,,,0.08961376547813416,0.681773841381073,2.0291552543640137,0.0157,,0.1667
423,20000,0.0,24,15,0.1111,30.0,0.1111,0.0009324234561063349,0.19777098298072815,0.19928070902824402,0.3301481604576111,-0.095285564661026,0.024637669324874878,0.3746042847633362,0.0004813856503460556,0.003108195262029767,0.9403740763664246,64,0.0202,0.111,0,0,8,0,7,0.857,,,,,,,0.10132728517055511,0.7437716722488403,2.0702433586120605,0.01565,,0.1667
424,20000,0.0,24,15,0.1111,30.0,0.1111,0.0005128509365022182,0.1681920289993286,0.16893750429153442,0.3565463423728943,-0.09096553921699524,0.014522301964461803,0.4172077775001526,0.0004911745782010257,0.002519032219424844,0.9960854649543762,64,0.0173,0.111,1,0,8,0,6,1.0,,,,,,,0.09132303297519684,0.6200026273727417,2.0312585830688477,0.0157,,0.1667
425,20000,0.0,24,15,0.2857,30.0,0.2857,0.0007216362864710391,0.1881178915500641,0.19270673394203186,0.27797022461891174,-0.09667487442493439,0.023323435336351395,0.3257231116294861,0.00048586903722025454,0.004550197161734104,1.101462483406067,64,0.0207,0.286,3,0,5,0,6,0.833,,,,,,,0.08776955306529999,0.702254056930542,2.1755876541137695,0.01585,,0.1667
426,20000,0.0,24,15,0.125,30.0,0.125,0.0009412126382812858,0.18539145588874817,0.18609023094177246,0.4147956669330597,-0.09705639630556107,0.02339261770248413,0.46288788318634033,0.000626654305960983,0.004357893485575914,0.792167603969574,64,0.0199,0.125,2,0,7,0,6,1.0,,,,,,,0.12252002954483032,0.6877079010009766,1.9813323020935059,0.0158,,0.1667
427,20000,0.0,24,15,0.4,29.0,0.4,0.0008133146329782903,0.21362389624118805,0.22452542185783386,0.2647416591644287,-0.09815585613250732,0.017809513956308365,0.3252589702606201,0.0006411236245185137,0.004039023071527481,0.9977351427078247,64,0.025,0.4,5,0,1,2,6,0.833,0.0608,0.2812,0.062,0,42,3,0.09837867319583893,0.7205924987792969,2.1903417110443115,0.01585,0.0625,0.1667
428,20000,0.0,24,15,0.0,29.7,0.0,0.001247130217961967,0.18718311190605164,0.18764907121658325,0.29144978523254395,-0.09020081162452698,0.017532188445329666,0.3452231287956238,0.0005021551623940468,0.0027261674404144287,1.2749059200286865,64,0.0219,0.0,3,0,9,1,3,1.0,,,,,,,0.07075095176696777,0.7105735540390015,2.1555774211883545,0.01555,,0.1667
429,20000,0.0,24,15,0.0,30.0,0.0,0.0012888290220871568,0.1946718990802765,0.19815224409103394,0.40858983993530273,-0.09600746631622314,0.01980498805642128,0.46325767040252686,0.0005400557420216501,0.003459354629740119,0.7152649164199829,64,0.0152,0.0,1,0,5,0,10,0.9,,,,,,,0.13422642648220062,0.7544152140617371,1.976094126701355,0.01545,,0.1667
430,20000,0.0,24,15,0.0,30.0,0.0,0.0018284004181623459,0.25606802105903625,0.2553976774215698,0.2740956246852875,-0.09629568457603455,0.02172604762017727,0.32541877031326294,0.000837403757032007,0.003040935378521681,0.9752370715141296,64,0.0301,0.0,1,0,8,0,7,0.857,,,,,,,0.09874080121517181,0.7108715772628784,2.1968870162963867,0.0155,,0.1667
431,20000,0.0,24,15,0.0,30.0,0.0,0.0015794432256370783,0.1529596745967865,0.15098267793655396,0.3490009605884552,-0.09724459052085876,0.013634145259857178,0.41671767830848694,0.0003928953083232045,0.004519159439951181,1.010210633277893,64,0.0259,0.0,3,0,6,0,7,0.857,,,,,,,0.09626169502735138,0.7916156053543091,2.0509839057922363,0.01545,,0.1667
432,20000,0.0,24,15,0.0,30.0,0.0,0.0011988263577222824,0.19479352235794067,0.19592922925949097,0.28432178497314453,-0.08892324566841125,0.022827614098787308,0.3262963891029358,0.0006285308045335114,0.0025868427474051714,1.3883436918258667,64,0.011,0.0,3,0,6,0,7,0.714,,,,,,,0.06404988467693329,0.7542263269424438,2.1796021461486816,0.0154,,0.1667
433,20000,0.0,24,15,0.3333,30.0,0.3333,0.0009293294278904796,0.17027808725833893,0.17578038573265076,0.3465929925441742,-0.09508826583623886,0.009861636906862259,0.4202802777290344,0.0006391394417732954,0.0033554171677678823,0.7720043063163757,64,0.0249,0.333,3,0,4,0,7,0.857,,,,,,,0.1231706440448761,0.728217363357544,2.012089490890503,0.0154,,0.1667
434,20000,0.0,24,15,0.25,30.0,0.25,0.0008065912406891584,0.20054319500923157,0.19821083545684814,0.30481618642807007,-0.09790302067995071,0.015229364857077599,0.3709511160850525,0.0005372430314309895,0.002618716098368168,0.8454001545906067,64,0.0202,0.25,3,0,6,0,5,0.8,0.0684,0.2316,0.021,0,43,4,0.11580672860145569,0.6954983472824097,2.129210948944092,0.0154,0.0208,0.1667
435,20000,0.0,24,15,0.125,30.0,0.125,0.0016115194885060191,0.16960491240024567,0.1662854552268982,0.31304818391799927,-0.09814493358135223,0.01926915906369686,0.3710446357727051,0.001095595071092248,0.0032203381415456533,0.7766895294189453,64,0.0231,0.125,3,0,7,0,5,0.8,,,,,,,0.126363143324852,0.7687168121337891,2.137012004852295,0.01535,,0.1667
436,20000,0.0,24,15,0.0,29.71,0.0,0.0010617399821057916,0.18868818879127502,0.1899254024028778,0.3611338436603546,-0.0973084568977356,0.04243829473853111,0.37171804904937744,0.0005266332300379872,0.003695328952744603,1.0026473999023438,64,0.0273,0.0,2,0,6,1,7,1.0,,,,,,,0.09705151617527008,0.7420893907546997,2.073061943054199,0.01545,,0.1667
437,20000,0.0,24,15,0.0,30.0,0.0,0.0008269019890576601,0.22557389736175537,0.21982184052467346,0.5369976758956909,-0.09810937196016312,0.02097178064286709,0.5912859439849854,0.0006820685812272131,0.00375507608987391,0.6276938915252686,64,0.0233,0.0,2,0,8,0,6,1.0,,,,,,,0.15630130469799042,0.7842720746994019,1.7799267768859863,0.01545,,0.1667
438,20000,0.0,24,15,0.5,30.0,0.5,0.0006812188075855374,0.14645856618881226,0.15042676031589508,0.48102980852127075,-0.09569662809371948,0.03056623786687851,0.514028012752533,0.0008569802739657462,0.00313183874823153,0.9643778204917908,64,0.0133,0.5,4,0,2,0,8,0.875,,,,,,,0.09923148155212402,0.6736119985580444,1.884058952331543,0.0157,,0.1667
439,20000,0.0,24,15,0.1667,30.0,0.1667,0.0010978089412674308,0.19776473939418793,0.19818446040153503,0.3621724247932434,-0.0943753719329834,0.01903175562620163,0.416898250579834,0.0005848397850058973,0.0031720527913421392,0.897944450378418,64,0.0282,0.167,2,0,5,0,8,0.875,,,,,,,0.1051015630364418,0.7798156142234802,2.065765380859375,0.0158,,0.1667
440,20000,0.0,24,15,0.2222,30.0,0.2222,0.0015303266700357199,0.2007269263267517,0.19705478847026825,0.33392059803009033,-0.09666471183300018,0.028932031244039536,0.37099459767341614,0.0006908868672326207,0.0034532935824245214,0.8114500045776367,64,0.0345,0.222,1,0,6,1,6,0.667,,,,,,,0.11912591010332108,0.73582923412323,2.1238889694213867,0.01575,,0.1667
441,20000,0.0,24,15,0.0,30.0,0.0,0.0006403645384125412,0.23250344395637512,0.22892345488071442,0.4170973002910614,-0.09328298270702362,0.022759344428777695,0.46339553594589233,0.0005519788828678429,0.0029321268666535616,0.7608210444450378,64,0.0159,0.0,3,0,7,0,6,0.833,0.0702,0.2588,0.062,1,43,2,0.12260831892490387,0.7248311042785645,2.0023510456085205,0.01565,0.0417,0.1667
442,20000,0.0,24,15,0.0,28.88,0.0,0.0004206484300084412,0.2111584097146988,0.20671479403972626,0.35326457023620605,-0.0975739061832428,0.016472816467285156,0.416853129863739,0.00047650974011048675,0.002079404890537262,0.8791815042495728,64,0.0202,0.0,2,0,6,2,6,1.0,,,,,,,0.11098267138004303,0.6779364347457886,2.0402965545654297,0.0156,,0.1667
443,20000,0.0,24,15,0.0,30.0,0.0,0.0006195763126015663,0.20356187224388123,0.19734162092208862,0.7157242894172668,-0.09709048271179199,0.018106579780578613,0.7748697400093079,0.0005756315076723695,0.003463728353381157,0.6590506434440613,64,0.0167,0.0,2,0,8,1,5,0.6,,,,,,,0.14731870591640472,0.6865829229354858,1.922399878501892,0.0154,,0.1667
444,20000,0.0,24,15,0.0,29.43,0.0,0.0012051030062139034,0.19042572379112244,0.1851901412010193,0.35438793897628784,-0.09469634294509888,0.038145512342453,0.3709162771701813,0.000764697149861604,0.0037539887707680464,0.7792789340019226,64,0.0229,0.0,2,0,6,1,7,1.0,,,,,,,0.12151790410280228,0.7803510427474976,2.131488561630249,0.0155,,0.1667
445,20000,0.0,24,15,0.0,29.75,0.0,0.0011768777621909976,0.19201822578907013,0.18803834915161133,0.2550612688064575,-0.09812486171722412,0.013202814385294914,0.32524487376213074,0.0004678083641920239,0.003071269951760769,0.9423754811286926,64,0.0195,0.0,2,0,7,1,6,0.833,,,,,,,0.104125015437603,0.7665874361991882,2.1915526390075684,0.01545,,0.1667
446,20000,0.0,24,15,0.0,29.0,0.0,0.001464478438720107,0.18677277863025665,0.18595394492149353,0.257811963558197,-0.0974973663687706,0.014160165563225746,0.3251749575138092,0.0008702139602974057,0.0036280874628573656,1.1609371900558472,64,0.0317,0.0,2,0,5,3,6,1.0,,,,,,,0.08398160338401794,0.7430019378662109,2.199883222579956,0.0153,,0.1667
447,20000,0.0,24,15,0.125,30.0,0.125,0.0006679039215669036,0.18060466647148132,0.1751607060432434,0.3768619894981384,-0.09781134873628616,0.014760827645659447,0.4435599148273468,0.0005475577199831605,0.0031835297122597694,0.6603225469589233,64,0.0301,0.125,1,0,7,0,7,0.571,,,,,,,0.14812663197517395,0.7861456871032715,1.9903324842453003,0.01495,,0.1667
448,20000,0.0,24,15,0.0,30.0,0.0,0.0010896644089370966,0.19730088114738464,0.19781117141246796,0.4059203863143921,-0.09771434962749481,0.019854743033647537,0.4628005027770996,0.00051653798436746,0.002249479293823242,0.8371907472610474,64,0.0443,0.0,4,0,6,1,5,0.8,0.0626,0.3501,0.0,0,45,3,0.11671695113182068,0.679476261138916,1.9859709739685059,0.01485,0.0,0.1667
449,20000,0.0,24,15,0.0,29.71,0.0,0.0016295970417559147,0.11975392699241638,0.11800193786621094,0.272554486989975,-0.08642516285181046,0.016188625246286392,0.325222909450531,0.0008285988587886095,0.002758950227871537,1.3707973957061768,64,0.0192,0.0,2,0,4,3,7,1.0,,,,,,,0.0630473643541336,0.7110790610313416,2.190859317779541,0.0148,,0.1667
450,20000,0.0,24,15,0.3333,30.0,0.3333,0.0012021618895232677,0.2064826488494873,0.2026919573545456,0.3017018139362335,-0.09367039054632187,0.033795684576034546,0.3265145719051361,0.0006664402899332345,0.0025325361639261246,1.2938851118087769,64,0.0344,0.333,3,0,2,0,10,1.0,,,,,,,0.07239467650651932,0.695051372051239,2.1525707244873047,0.0151,,0.1667
451,20000,0.0,24,15,0.0,30.0,0.0,0.0005876458017155528,0.21149180829524994,0.207607701420784,0.3977526128292084,-0.09712496399879456,0.015185835771262646,0.4626362919807434,0.0005865396815352142,0.003739249426871538,0.9369117021560669,64,0.0191,0.0,1,0,6,0,9,0.667,,,,,,,0.10366500914096832,0.6715208888053894,1.984948754310608,0.015,,0.1667
452,20000,0.0,24,15,0.0,30.0,0.0,0.000851186690852046,0.1932927668094635,0.18992799520492554,0.3086918890476227,-0.0979824811220169,0.013437654823064804,0.37803199887275696,0.0008546410826966166,0.0035341610200703144,0.6869980096817017,64,0.0298,0.0,0,0,12,1,3,0.333,,,,,,,0.1426241099834442,0.6996937990188599,2.0808730125427246,0.01465,,0.1667
453,20000,0.0,24,15,0.1667,29.83,0.1667,0.004531763959676027,0.16382381319999695,0.1588459461927414,0.3535270094871521,-0.09016913175582886,0.055913057178258896,0.32938069105148315,0.0005477042868733406,0.00497867027297616,1.292977213859558,64,0.0234,0.167,4,0,5,0,6,0.833,,,,,,,0.06973759829998016,0.705965518951416,2.1266863346099854,0.0148,,0.1667
454,20000,0.0,24,15,0.0,30.0,0.0,0.0012697309721261263,0.15302379429340363,0.15434128046035767,0.44471606612205505,-0.09670501202344894,0.06135391816496849,0.4170786142349243,0.000959717552177608,0.003269272856414318,0.7721627354621887,64,0.0194,0.0,3,0,2,1,10,0.7,,,,,,,0.12523916363716125,0.8818612098693848,2.0523173809051514,0.01475,,0.1667
455,20000,0.0,24,15,0.0,30.0,0.0,0.0012174103176221251,0.2324438989162445,0.24084602296352386,0.3834451735019684,-0.0936540961265564,0.028943806886672974,0.41704702377319336,0.0004754468391183764,0.00432923948392272,1.0183156728744507,64,0.0174,0.0,3,0,4,1,8,0.875,0.058,0.309,0.104,2,39,4,0.09196960926055908,0.7124778032302856,2.0689473152160645,0.0149,0.0625,0.1667
456,20000,0.0,24,15,0.0,29.57,0.0,0.0005087052704766393,0.17086385190486908,0.16929134726524353,0.3560771644115448,-0.09902562201023102,0.018238870427012444,0.41721025109291077,0.0005445923889055848,0.002829608041793108,0.7568386197090149,64,0.041,0.0,0,0,6,1,9,0.778,,,,,,,0.13084113597869873,0.7106606364250183,2.035898208618164,0.0149,,0.1667
457,20000,0.0,24,15,0.2857,28.43,0.2857,0.0007782939355820417,0.2121845781803131,0.20735393464565277,0.37211814522743225,-0.09728799760341644,0.025315817445516586,0.4172036349773407,0.000599243794567883,0.0031417557038366795,0.7933637499809265,64,0.0181,0.286,2,0,4,1,7,0.857,,,,,,,0.12262723594903946,0.7472657561302185,1.996529459953308,0.01495,,0.1667
458,20000,0.0,24,15,0.0,29.8,0.0,0.0010719592683017254,0.20311008393764496,0.20081928372383118,0.38878363370895386,-0.09809862077236176,0.03311369940638542,0.41747188568115234,0.0007666643941774964,0.0063659497536718845,1.0416258573532104,64,0.0199,0.0,1,0,9,1,5,0.8,,,,,,,0.09417836368083954,0.7404050230979919,2.076897621154785,0.01495,,0.1667
459,20000,0.0,24,15,0.0,30.0,0.0,0.001073571271263063,0.2033408135175705,0.20604564249515533,0.549041748046875,-0.0943712592124939,0.042982906103134155,0.555385947227478,0.0005438261432573199,0.004122551996260881,0.7022008299827576,64,0.0269,0.0,4,0,2,0,10,1.0,,,,,,,0.13439355790615082,0.8086323142051697,1.8641859292984009,0.0151,,0.1667
460,20000,0.0,24,15,0.0,30.0,0.0,0.0015465572942048311,0.14109504222869873,0.1427445411682129,0.35567599534988403,-0.0964360386133194,0.01707862690091133,0.41679638624191284,0.00222705933265388,0.002316795289516449,0.8790528178215027,64,0.0273,0.0,0,0,8,0,8,0.875,,,,,,,0.10970448702573776,0.6400572657585144,2.01035737991333,0.0153,,0.1667
461,20000,0.0,24,15,0.125,30.0,0.125,0.0009774131467565894,0.15605871379375458,0.15483589470386505,0.32730966806411743,-0.09775383025407791,0.025931788608431816,0.3714448809623718,0.0006064158515073359,0.003510084468871355,0.9249840974807739,64,0.0236,0.125,0,0,7,0,8,0.75,,,,,,,0.10568162798881531,0.7891339063644409,2.08673095703125,0.01515,,0.1667
462,20000,0.0,24,15,0.0,30.0,0.0,0.0005775808822363615,0.1793755292892456,0.18095490336418152,0.33741331100463867,-0.09816460311412811,0.03146251663565636,0.3709402084350586,0.0007509572897106409,0.0034253522753715515,0.7990982532501221,64,0.0337,0.0,3,0,6,0,7,0.857,0.0634,0.3325,0.062,0,40,5,0.12284421920776367,0.7713850736618042,2.132528781890869,0.01525,0.0625,0.1667
463,20000,0.0,24,15,0.0,29.33,0.0,0.000835472485050559,0.18889035284519196,0.1973731964826584,0.3728378415107727,-0.09493409097194672,0.024540608748793602,0.41693657636642456,0.000596007623244077,0.0035082839895039797,0.850631833076477,64,0.0262,0.0,3,0,5,1,7,1.0,,,,,,,0.11160421371459961,0.7336496710777283,2.0496716499328613,0.0151,,0.1667
464,20000,0.0,24,15,0.1111,30.0,0.1111,0.0008876493666321039,0.15120567381381989,0.15455114841461182,0.33930668234825134,-0.09491511434316635,0.053745802491903305,0.32542771100997925,0.0008114077500067651,0.0026049360167235136,1.3210628032684326,64,0.0238,0.111,0,0,7,1,7,0.857,,,,,,,0.07184754312038422,0.7355231046676636,2.17018461227417,0.01525,,0.1667
465,20000,0.0,24,15,0.0,30.0,0.0,0.0015259438659995794,0.20644056797027588,0.2113567292690277,0.26370224356651306,-0.09515133500099182,0.0162576362490654,0.3251601457595825,0.0013871683040633798,0.0023563250433653593,1.3543567657470703,64,0.0452,0.0,2,0,6,0,8,0.875,,,,,,,0.07025573402643204,0.5901522636413574,2.191836357116699,0.0153,,0.1667
466,20000,0.0,24,15,0.0,30.0,0.0,0.0011322746286168694,0.21713189780712128,0.2181107997894287,0.39567747712135315,-0.09116296470165253,0.033178165555000305,0.41684797406196594,0.0009609414264559746,0.007272293325513601,0.9169406294822693,64,0.0317,0.0,5,0,5,0,6,1.0,,,,,,,0.09942080080509186,0.7369366884231567,2.0583152770996094,0.01535,,0.1667
467,20000,0.0,24,15,0.1,30.0,0.1,0.001223214901983738,0.2193431854248047,0.21227291226387024,0.3521636724472046,-0.09540252387523651,0.02813098393380642,0.3893738389015198,0.0007359596202149987,0.0038607583846896887,1.0420498847961426,64,0.0238,0.1,0,0,9,0,6,1.0,,,,,,,0.0915527418255806,0.7200180292129517,2.074495792388916,0.01535,,0.1667
468,20000,0.0,24,15,0.1111,29.56,0.1111,0.0014556862879544497,0.17834554612636566,0.1829385608434677,0.42941945791244507,-0.09394275397062302,0.02964547835290432,0.4624951183795929,0.0006945173372514546,0.003152222605422139,1.055476188659668,64,0.0311,0.111,3,0,5,3,4,1.0,,,,,,,0.08900509029626846,0.7836927175521851,1.99042809009552,0.0153,,0.1667
469,20000,0.0,24,15,0.125,29.88,0.125,0.0008786059333942831,0.23272785544395447,0.23303648829460144,0.40622398257255554,-0.09623290598392487,0.019242607057094574,0.4627091884613037,0.0009094339911825955,0.0025249940808862448,1.1856727600097656,64,0.0281,0.125,3,0,6,1,5,1.0,0.0714,0.319,0.062,2,37,8,0.08116312325000763,0.750243604183197,2.001349449157715,0.0153,0.0208,0.1667
470,20000,0.0,24,15,0.0,30.0,0.0,0.0015266952104866505,0.221531480550766,0.22247393429279327,0.37727925181388855,-0.09482452273368835,0.049757830798625946,0.37096625566482544,0.0005149244097992778,0.003243723651394248,0.9682356119155884,64,0.0276,0.0,2,0,8,0,6,0.833,,,,,,,0.09793537855148315,0.8714599609375,2.120750904083252,0.0152,,0.1667
471,20000,0.0,24,15,0.1,29.9,0.1,0.0010778212454169989,0.16690093278884888,0.158201664686203,0.2846803665161133,-0.09826001524925232,0.025191273540258408,0.33076733350753784,0.0005433752085082233,0.0035809585824608803,1.120313048362732,64,0.0201,0.1,2,0,8,1,4,1.0,,,,,,,0.08770763874053955,0.7978987693786621,2.1057918071746826,0.0151,,0.1667
472,20000,0.0,24,15,0.25,29.75,0.25,0.0022355266846716404,0.19655077159404755,0.20322886109352112,0.3461955189704895,-0.0956127718091011,0.011761276051402092,0.4166913330554962,0.0007762654568068683,0.0031888459343463182,0.9180660247802734,64,0.0281,0.25,3,0,4,2,5,0.8,,,,,,,0.10414585471153259,0.6725412607192993,2.0723447799682617,0.01515,,0.1667
473,20000,0.0,24,15,0.2,30.0,0.2,0.0014616594417020679,0.21807414293289185,0.21785537898540497,0.36756211519241333,-0.09822031855583191,0.02322843298316002,0.41768956184387207,0.0005667307414114475,0.00327202002517879,0.8627404570579529,64,0.0204,0.2,6,0,4,0,5,0.8,,,,,,,0.11384689062833786,0.7171377539634705,2.0115559101104736,0.0151,,0.1667
474,20000,0.0,24,15,0.0,30.0,0.0,0.001599263516254723,0.16329163312911987,0.1536511927843094,0.3018249571323395,-0.09798857569694519,0.013459472917020321,0.37087923288345337,0.0006639946368522942,0.004030677955597639,1.0603301525115967,64,0.011,0.0,0,0,2,0,14,1.0,,,,,,,0.09241326153278351,0.6550918817520142,2.1377882957458496,0.01535,,0.1667
475,20000,0.0,24,15,0.2,29.9,0.2,0.0006419640849344432,0.20047765970230103,0.2032887041568756,0.2647228240966797,-0.09246975183486938,0.015392309054732323,0.32521116733551025,0.0005543428706005216,0.0023936009965837,1.2422159910202026,64,0.0184,0.2,0,0,8,0,6,0.5,,,,,,,0.07443934679031372,0.7299213409423828,2.1974098682403564,0.01515,,0.1667
476,20000,0.0,24,15,0.0,30.0,0.0,0.0008008669828996062,0.17467617988586426,0.1753542423248291,0.3145792484283447,-0.09682077169418335,0.019322853535413742,0.37109050154685974,0.0007538810023106635,0.0033275801688432693,0.9247844815254211,64,0.0217,0.0,3,0,6,1,6,0.667,0.0557,0.272,0.062,1,37,8,0.10469549894332886,0.7129287719726562,2.1090357303619385,0.0152,0.0417,0.1667
477,20000,0.0,24,15,0.3333,30.0,0.3333,0.0005631514359265566,0.2373630702495575,0.23376157879829407,0.2609941363334656,-0.09738375246524811,0.015613047406077385,0.3255084753036499,0.0006216277834028006,0.0032866147812455893,0.8055424690246582,64,0.0345,0.333,3,0,4,0,7,1.0,,,,,,,0.12089212983846664,0.6480197310447693,2.1530280113220215,0.01525,,0.1667
478,20000,0.0,24,15,0.0,29.12,0.0,0.0005376167828217149,0.1916765719652176,0.19105343520641327,0.25748410820961,-0.09566889703273773,0.012649629265069962,0.32527410984039307,0.0005742565845139325,0.005159248132258654,1.2048395872116089,64,0.0261,0.0,3,0,6,2,5,0.6,,,,,,,0.0794038400053978,0.7691566348075867,2.1765999794006348,0.0152,,0.1667
479,20000,0.0,24,15,0.0,30.0,0.0,0.0006649655988439918,0.15776515007019043,0.15838009119033813,0.5210195183753967,-0.09642773866653442,0.03972086310386658,0.5363471508026123,0.0006790640181861818,0.003316756570711732,1.0279598236083984,64,0.0222,0.0,3,0,8,0,5,1.0,,,,,,,0.09380495548248291,0.6718295812606812,2.039419651031494,0.01505,,0.1667
480,20000,0.0,24,15,0.1,29.2,0.1,0.0006729130982421339,0.2178167700767517,0.21696993708610535,0.36459115147590637,-0.09681624174118042,0.021659797057509422,0.41672205924987793,0.0006728125736117363,0.002731506945565343,0.9864702224731445,64,0.0235,0.1,2,0,8,1,4,1.0,,,,,,,0.09814411401748657,0.6210426092147827,2.0666675567626953,0.01505,,0.1667
481,20000,0.0,24,15,0.0,30.0,0.0,0.0016163844848051667,0.225209042429924,0.21964049339294434,0.301721453666687,-0.0968233048915863,0.012845020741224289,0.3708920478820801,0.0005757019389420748,0.0039253197610378265,0.9699448943138123,64,0.0307,0.0,4,0,4,0,8,1.0,,,,,,,0.09982350468635559,0.6606630086898804,2.116922378540039,0.0151,,0.1667
482,20000,0.0,24,15,0.1667,30.0,0.1667,0.0007944426033645868,0.15547776222229004,0.1569918394088745,0.3921249210834503,-0.09707891196012497,0.03502880781888962,0.4166225790977478,0.00070917111588642,0.00504728127270937,1.0842710733413696,64,0.0195,0.167,2,0,5,0,8,1.0,,,,,,,0.08953380584716797,0.765273928642273,2.079840898513794,0.0152,,0.1667
483,20000,0.0,24,15,0.0,30.0,0.0,0.0007715552928857505,0.17570006847381592,0.1764194220304489,0.27774181962013245,-0.09591086208820343,0.0234593003988266,0.32532158493995667,0.0005976360407657921,0.0028249688912183046,1.170885443687439,64,0.0233,0.0,4,0,6,0,6,1.0,0.0603,0.284,0.083,0,36,8,0.08191310614347458,0.7052757740020752,2.1836953163146973,0.0153,0.0833,0.1667
484,20000,0.0,24,15,0.0,29.88,0.0,0.0018558829324319959,0.1827080398797989,0.1818678081035614,0.2742690145969391,-0.09737958014011383,0.022472504526376724,0.3252715468406677,0.0006535842549055815,0.0028640732634812593,1.4097481966018677,64,0.0257,0.0,1,0,7,1,7,1.0,,,,,,,0.06907586753368378,0.6558913588523865,2.191291093826294,0.01525,,0.1667
485,20000,0.0,24,15,0.1667,29.83,0.1667,0.0018307517748326063,0.17266099154949188,0.17579320073127747,0.2919589579105377,-0.09923185408115387,0.009350227192044258,0.3708977997303009,0.0007309910724870861,0.0031850708182901144,1.009345293045044,64,0.0362,0.167,5,0,4,1,5,0.8,,,,,,,0.09831308573484421,0.7133374214172363,2.1297378540039062,0.01535,,0.1667
486,20000,0.0,24,15,0.0,29.67,0.0,0.001654279651120305,0.17064160108566284,0.16970044374465942,0.25658491253852844,-0.09476609528064728,0.01225920207798481,0.32515597343444824,0.0006289911107160151,0.003353268373757601,1.369266390800476,64,0.0297,0.0,1,0,11,1,3,0.667,,,,,,,0.06920939683914185,0.7032250165939331,2.1872448921203613,0.0149,,0.1667
487,20000,0.0,24,15,0.0,30.0,0.0,0.0017650978406891227,0.19330579042434692,0.18996268510818481,0.3880332112312317,-0.09581619501113892,0.03252732381224632,0.4170423150062561,0.0005637466092593968,0.003504888154566288,1.0334277153015137,64,0.0223,0.0,3,0,5,0,8,0.875,,,,,,,0.09271688759326935,0.7351350784301758,2.068005084991455,0.01485,,0.1667
488,20000,0.0,24,15,0.4,29.8,0.4,0.0012594735017046332,0.189315065741539,0.18887761235237122,0.3294921815395355,-0.09167712926864624,0.02435006946325302,0.3710131347179413,0.0005150598008185625,0.002912103431299329,1.3726214170455933,64,0.0228,0.4,3,0,3,0,8,0.875,,,,,,,0.06678982079029083,0.7126098871231079,2.1234374046325684,0.01505,,0.1667
489,20000,0.0,24,15,0.125,30.0,0.125,0.0008945157751441002,0.23587864637374878,0.24000093340873718,0.336762398481369,-0.09799280762672424,0.0085127092897892,0.4166591465473175,0.0008050635806284845,0.0021412682253867388,0.8595396876335144,64,0.0193,0.25,1,1,6,0,7,0.714,,,,,,,0.1140061467885971,0.6600309610366821,2.054960250854492,0.01505,,0.1667
490,20000,0.0,24,15,0.0,30.0,0.0,0.0009201833745464683,0.185623437166214,0.18362821638584137,0.41829219460487366,-0.093446746468544,0.04686584323644638,0.41682344675064087,0.0006723916158080101,0.0023675996344536543,0.9450149536132812,64,0.0159,0.0,3,0,6,0,7,1.0,0.0655,0.3283,0.104,1,38,5,0.09888388216495514,0.832930326461792,2.046872854232788,0.01515,0.0833,0.1667
491,20000,0.0,24,15,0.0,30.0,0.0,0.00107874337118119,0.18084490299224854,0.18863734602928162,0.31251275539398193,-0.0834207534790039,0.011383678764104843,0.3712070882320404,0.0005491847405210137,0.003918110392987728,1.3581548929214478,64,0.0204,0.0,1,0,7,1,7,0.857,,,,,,,0.06142211705446243,0.7154829502105713,2.133523941040039,0.01525,,0.1667
492,20000,0.0,24,15,0.1429,30.0,0.1429,0.0006142123602330685,0.21501493453979492,0.21598143875598907,0.26966357231140137,-0.09295929968357086,0.017927778884768486,0.32516926527023315,0.0004322497406974435,0.0031961456406861544,1.1724408864974976,64,0.0283,0.143,0,0,6,0,9,0.667,,,,,,,0.07928698509931564,0.733306348323822,2.1910767555236816,0.0152,,0.1667
493,20000,0.0,24,15,0.0,28.57,0.0,0.0005049279425293207,0.2565141022205353,0.2581036686897278,0.40454041957855225,-0.09482461214065552,0.017685208469629288,0.4625014662742615,0.0005113277584314346,0.002986321458593011,0.7853256464004517,64,0.0166,0.0,3,0,6,1,6,1.0,,,,,,,0.12074559181928635,0.7747067213058472,1.9931237697601318,0.01525,,0.1667
494,20000,0.0,24,15,0.6667,29.0,0.6667,0.0010473730508238077,0.24175027012825012,0.2385624200105667,0.32465511560440063,-0.09691654145717621,0.024290410801768303,0.37114986777305603,0.0006567737436853349,0.0036819407250732183,0.9189437031745911,64,0.0159,0.667,3,0,0,1,10,0.8,,,,,,,0.10546515882015228,0.7609111666679382,2.1022961139678955,0.0155,,0.1667
495,20000,0.0,24,15,0.1429,29.86,0.1429,0.0013054247247055173,0.17737442255020142,0.18196271359920502,0.2916842997074127,-0.092680424451828,0.01599206030368805,0.34980618953704834,0.0006184147787280381,0.0051488266326487064,1.1957852840423584,64,0.0178,0.143,3,0,5,1,6,1.0,,,,,,,0.07750590890645981,0.7006527781486511,2.1252756118774414,0.01565,,0.1667
496,20000,0.0,24,15,0.0,30.0,0.0,0.0006022421875968575,0.2581924796104431,0.25249701738357544,0.2741048336029053,-0.09560073912143707,0.021643390879034996,0.32524818181991577,0.0005164582398720086,0.002341222483664751,1.2215641736984253,64,0.033,0.0,2,0,10,0,4,1.0,,,,,,,0.07826092839241028,0.7010000944137573,2.173787832260132,0.0156,,0.1667
497,20000,0.0,24,15,0.125,30.0,0.125,0.0004901076899841428,0.18448716402053833,0.18782100081443787,0.3505426049232483,-0.09212798625230789,0.011186170391738415,0.41860389709472656,0.0004541325615718961,0.0033887324389070272,1.192867636680603,64,0.0176,0.25,1,1,6,0,7,0.571,0.064,0.3546,0.083,2,42,2,0.07723236083984375,0.719900369644165,2.0669593811035156,0.01545,0.0417,0.1667
498,20000,0.0,24,15,0.0,29.0,0.0,0.0006116862641647458,0.19373966753482819,0.19371284544467926,0.3353416919708252,-0.09864334762096405,0.030300643295049667,0.37112072110176086,0.0005402647075243294,0.0045260717160999775,0.8816967010498047,64,0.0246,0.0,3,0,6,1,6,0.667,,,,,,,0.11187901347875595,0.7692992091178894,2.120584487915039,0.01515,,0.1667
499,20000,0.0,24,15,0.1667,30.0,0.1667,0.0006653608288615942,0.19177767634391785,0.19060608744621277,0.368889182806015,-0.0967719554901123,0.02369248867034912,0.4167404770851135,0.0005280660116113722,0.0030713428277522326,0.9585277438163757,64,0.0168,0.167,1,0,5,0,9,0.889,,,,,,,0.10095895081758499,0.6534088850021362,2.0448360443115234,0.01525,,0.1667
