iter,buffer,beta,ei_hi,ei_lo,roll_succ,roll_len,roll_ret,critic_loss,q_mean,target_mean,actor_loss,pg_loss,bc_loss,grip_loss,aux_c,aux_a,lam,n_expert,roll_min_pos,roll_close,roll_skip,roll_miss,roll_timeout,roll_fail,exp_kept,exp_succ,eval_min_pos,eval_min_rot,eval_close,eval_miss,eval_timeout,eval_fail,q_pi,a_absmean,grip_logit,buf_pos,eval_succ,best_succ
0,333,0.5,24,22,0.1667,29.67,0.1667,0.003592248074710369,0.31317588686943054,0.3134070634841919,0.3064911961555481,-0.0945269912481308,0.011517984792590141,0.3733639419078827,0.0057440996170043945,0.009236549027264118,0.3184390664100647,64,0.0122,0.167,5,0,4,1,5,0.6,,,,,,,0.29684484004974365,0.6264778971672058,2.1033565998077393,0.01201,,-1.0
1,702,0.4921,24,22,0.3333,30.0,0.3333,0.003176093101501465,0.399414598941803,0.3976072072982788,0.3651043474674225,-0.0990406796336174,0.010710685513913631,0.43719738721847534,0.004249708727002144,0.011052553541958332,0.302154541015625,64,0.0092,0.333,4,0,2,0,9,1.0,,,,,,,0.3277815580368042,0.6671288013458252,2.1087703704833984,0.01994,,-1.0
2,1063,0.4841,24,22,0.0,30.0,0.0,0.004846994765102863,0.33467280864715576,0.33856701850891113,0.3465755879878998,-0.09756508469581604,0.0299270860850811,0.37793150544166565,0.006158407777547836,0.012709981761872768,0.2979992628097534,64,0.0058,0.0,4,0,4,0,8,0.875,,,,,,,0.32740041613578796,0.7713512778282166,2.0127766132354736,0.01976,,-1.0
3,1522,0.4762,24,22,0.0,30.0,0.0,0.0049697295762598515,0.36279287934303284,0.35898324847221375,0.31763696670532227,-0.09807024896144867,0.008860730566084385,0.3933621942996979,0.006276637781411409,0.009247109293937683,0.3083416521549225,64,0.0057,0.0,1,0,6,0,9,0.889,,,,,,,0.3180570602416992,0.6741394996643066,2.055936336517334,0.01905,,-1.0
4,1946,0.4683,24,21,0.0,30.0,0.0,0.0036289517302066088,0.3783113360404968,0.3561081886291504,0.4200754463672638,-0.09997828304767609,0.017963215708732605,0.4792524576187134,0.003961275331676006,0.009749681688845158,0.29535117745399475,64,0.0084,0.0,2,0,10,0,4,1.0,,,,,,,0.33850646018981934,0.6246755719184875,1.9929819107055664,0.01696,,-1.0
5,2369,0.4603,24,21,0.0,29.62,0.0,0.004253774881362915,0.2905089259147644,0.2987302541732788,0.4689508378505707,-0.09708897769451141,0.014357313513755798,0.5334396362304688,0.002286557573825121,0.0077710929326713085,0.3601214587688446,64,0.0127,0.0,2,0,7,1,6,0.833,,,,,,,0.26960062980651855,0.7388925552368164,2.059962749481201,0.01604,,-1.0
6,2815,0.4524,24,21,0.1429,30.0,0.1429,0.00464618531987071,0.36406204104423523,0.3750278651714325,0.2675163447856903,-0.09794877469539642,0.01611541397869587,0.3280905783176422,0.005392230115830898,0.010287441313266754,0.3526099622249603,64,0.0135,0.143,1,0,6,0,8,0.875,,,,,,,0.2777822017669678,0.6335337162017822,2.165663003921509,0.01634,,-1.0
7,3268,0.4444,24,21,0.0,30.0,0.0,0.0022075516171753407,0.321719229221344,0.31215113401412964,0.40809085965156555,-0.09942968189716339,0.020237572491168976,0.46388155221939087,0.002961950609460473,0.006327690556645393,0.3096858561038971,64,0.0152,0.0,1,0,3,0,12,0.75,0.2052,0.5905,0.062,3,42,3,0.3210662603378296,0.6255149245262146,1.9775757789611816,0.01683,0.0,0.0
8,3715,0.4365,24,21,0.0,29.25,0.0,0.0033328295685350895,0.3193768858909607,0.3218540549278259,0.28110775351524353,-0.09741800278425217,0.007757688872516155,0.35639113187789917,0.003846455831080675,0.013238504528999329,0.36043548583984375,64,0.0103,0.0,1,0,7,1,7,0.714,,,,,,,0.2702786326408386,0.6922706365585327,2.0905818939208984,0.01615,,0.0
9,4167,0.4286,24,21,0.0,30.0,0.0,0.006158196367323399,0.25486862659454346,0.2666105031967163,0.33875080943107605,-0.09946966171264648,0.007220820989459753,0.41966497898101807,0.0021106679923832417,0.008227722719311714,0.31352612376213074,64,0.0075,0.0,1,0,11,0,4,0.5,,,,,,,0.3172611594200134,0.6261783838272095,2.0080559253692627,0.01488,,0.0
10,4624,0.4206,24,21,0.1429,30.0,0.1429,0.0037430282682180405,0.22998303174972534,0.23054718971252441,0.3457600474357605,-0.09785230457782745,0.00971823837608099,0.42076677083969116,0.0037520239129662514,0.006818173918873072,0.39207708835601807,64,0.0124,0.143,1,0,6,0,8,0.875,,,,,,,0.24957412481307983,0.7172505259513855,2.030121088027954,0.01514,,0.0
11,4986,0.4127,24,21,0.1429,30.0,0.1429,0.0038950506132096052,0.25860801339149475,0.2578652501106262,0.346242755651474,-0.09689377248287201,0.0105249909684062,0.4178043007850647,0.004109419882297516,0.008564467541873455,0.4425637423992157,64,0.0073,0.143,4,0,6,0,5,0.6,,,,,,,0.21893742680549622,0.7077599763870239,2.094146728515625,0.01484,,0.0
12,5321,0.4048,24,20,0.0,30.0,0.0,0.004006093367934227,0.28697359561920166,0.2807910740375519,0.2922527492046356,-0.09999998658895493,0.006682198029011488,0.3724212348461151,0.003482377389445901,0.012934201397001743,0.39454755187034607,64,0.0084,0.0,5,0,6,0,5,0.8,,,,,,,0.25345486402511597,0.6592395305633545,2.1148126125335693,0.01466,,0.0
13,5685,0.3968,24,20,0.2857,30.0,0.2857,0.004749782383441925,0.27868586778640747,0.2862849533557892,0.30313780903816223,-0.09663835167884827,0.009246764704585075,0.3759906589984894,0.0023299595341086388,0.010583952069282532,0.36989760398864746,64,0.0112,0.286,4,0,5,0,5,0.8,,,,,,,0.2612570524215698,0.5902050137519836,2.0452628135681152,0.01478,,0.0
14,6081,0.3889,24,20,0.1429,30.0,0.1429,0.0025661860127002,0.30569106340408325,0.29448744654655457,0.3439183235168457,-0.09903167933225632,0.008375503122806549,0.42122387886047363,0.002739149611443281,0.009950214996933937,0.47455722093582153,64,0.0288,0.143,3,0,6,0,6,0.833,0.1768,0.557,0.021,1,47,0,0.20868226885795593,0.5768336653709412,2.078235626220703,0.0148,0.0,0.0
15,6440,0.381,24,20,0.0,30.0,0.0,0.0031331966165453196,0.25944769382476807,0.27315783500671387,0.30244484543800354,-0.09782584756612778,0.010449269786477089,0.3755101263523102,0.0024143834598362446,0.007724044378846884,0.4301728904247284,64,0.0197,0.0,4,0,5,0,7,0.571,,,,,,,0.22741053998470306,0.6315072178840637,2.0771961212158203,0.0146,,0.0
16,6800,0.373,24,20,0.0,28.0,0.0,0.003947923891246319,0.2509872019290924,0.2592771351337433,0.3056163787841797,-0.09524838626384735,0.011835658922791481,0.3731045722961426,0.0025678235106170177,0.008177769370377064,0.5319306254386902,64,0.0059,0.0,4,0,3,1,8,1.0,,,,,,,0.1790616810321808,0.6581454873085022,2.093900442123413,0.015,,0.0
17,7199,0.3651,24,20,0.0,30.0,0.0,0.003921596799045801,0.25318729877471924,0.2586557865142822,0.31486356258392334,-0.09671369194984436,0.015678785741329193,0.3753156363964081,0.0024989349767565727,0.009808069095015526,0.5111551880836487,64,0.0133,0.0,3,0,4,0,9,1.0,,,,,,,0.18920612335205078,0.6329104900360107,2.096633195877075,0.01542,,0.0
18,7619,0.3571,24,20,0.0,30.0,0.0,0.004311039112508297,0.2979690432548523,0.2845883369445801,0.37155455350875854,-0.09858015179634094,0.023127904161810875,0.4176201820373535,0.003935484681278467,0.012517430819571018,0.42809969186782837,64,0.0149,0.0,2,0,7,0,7,0.857,,,,,,,0.23027381300926208,0.6856778860092163,2.0652916431427,0.01536,,0.0
19,8066,0.3492,24,19,0.0,29.0,0.0,0.004710985813289881,0.23168131709098816,0.2228493094444275,0.2911410927772522,-0.09852296859025955,0.005988679826259613,0.3733799159526825,0.004707256332039833,0.008613556623458862,0.4759337902069092,64,0.0208,0.0,1,0,7,2,6,1.0,,,,,,,0.20700982213020325,0.6979622840881348,2.1119871139526367,0.01525,,0.0
20,8521,0.3413,24,19,0.0,30.0,0.0,0.0061424183659255505,0.2594985365867615,0.25402525067329407,0.27325448393821716,-0.09849578142166138,0.009229550138115883,0.34695327281951904,0.002272082259878516,0.01267583854496479,0.5734087228775024,64,0.013,0.0,1,0,9,0,6,0.833,,,,,,,0.17177239060401917,0.6309517025947571,2.1876771450042725,0.01502,,0.0
21,8949,0.3333,24,19,0.0,30.0,0.0,0.005171746015548706,0.2771882712841034,0.3007113039493561,0.254864364862442,-0.09651467204093933,0.009122541174292564,0.3287056088447571,0.002115800976753235,0.008856735192239285,0.4989844858646393,64,0.0117,0.0,2,0,5,0,9,0.889,0.206,0.5471,0.042,2,46,0,0.19342219829559326,0.6623644828796387,2.1428580284118652,0.0152,0.0,0.0
22,9339,0.3254,24,19,0.0,29.38,0.0,0.004100391641259193,0.22602537274360657,0.23107512295246124,0.3238465487957001,-0.097174733877182,0.013127731159329414,0.3913825750350952,0.003118206048384309,0.006766499951481819,0.5527925491333008,64,0.0226,0.0,3,0,7,1,5,0.8,,,,,,,0.1757887899875641,0.6070977449417114,1.9934194087982178,0.01499,,0.0
23,9735,0.3175,24,19,0.0,30.0,0.0,0.0058302609249949455,0.2682582139968872,0.2718183994293213,0.41728103160858154,-0.099516361951828,0.022003676742315292,0.4673386514186859,0.003331937128677964,0.010902772657573223,0.432197242975235,64,0.016,0.0,3,0,7,0,6,0.833,,,,,,,0.2302568256855011,0.6737722158432007,2.0694637298583984,0.01489,,0.0
24,10132,0.3095,24,19,0.0,30.0,0.0,0.005524162203073502,0.23856166005134583,0.23639175295829773,0.2686166763305664,-0.09827186912298203,0.017947856336832047,0.32603707909584045,0.0023768264800310135,0.009911508299410343,0.5117947459220886,64,0.0108,0.0,3,0,6,0,7,0.857,,,,,,,0.19201421737670898,0.5891215801239014,2.198704242706299,0.0149,,0.0
25,10560,0.3016,24,19,0.2,30.0,0.2,0.0027089642826467752,0.21998019516468048,0.21872614324092865,0.3188304007053375,-0.09855736792087555,0.016553889960050583,0.3809570074081421,0.0014873786130920053,0.006645957473665476,0.49181005358695984,64,0.0113,0.2,2,0,4,0,9,0.889,,,,,,,0.20039722323417664,0.6336528658866882,2.060055732727051,0.01515,,0.0
26,10984,0.2937,24,19,0.0,30.0,0.0,0.005314217880368233,0.2567850351333618,0.24066993594169617,0.2488027811050415,-0.0991196408867836,0.008614773862063885,0.32712239027023315,0.001728747272863984,0.007140974048525095,0.5212632417678833,64,0.0138,0.0,2,0,9,0,5,0.6,,,,,,,0.19015274941921234,0.6258620023727417,2.173377513885498,0.01484,,0.0
27,11441,0.2857,24,18,0.125,30.0,0.125,0.004292250145226717,0.27585405111312866,0.2768706679344177,0.33151113986968994,-0.09697447717189789,0.02439269982278347,0.37698039412498474,0.0022066181991249323,0.0054396213963627815,0.5260016322135925,64,0.0134,0.125,1,0,7,0,7,0.857,,,,,,,0.1843615472316742,0.6676498651504517,2.137711763381958,0.01486,,0.0
28,11870,0.2778,24,18,0.0,30.0,0.0,0.0026235489640384912,0.24000763893127441,0.2344636470079422,0.29472625255584717,-0.09794192016124725,0.00853450782597065,0.3729022741317749,0.0014417407801374793,0.005393745377659798,0.5095020532608032,64,0.019,0.0,2,0,5,0,9,1.0,0.1752,0.5305,0.062,2,42,3,0.19223067164421082,0.6583300232887268,2.1500673294067383,0.01508,0.0208,0.0208
29,12235,0.2698,24,18,0.0,30.0,0.0,0.0029912751633673906,0.25969627499580383,0.25615978240966797,0.3874354064464569,-0.09769453853368759,0.03157597407698631,0.41801774501800537,0.0017179036512970924,0.007920476607978344,0.532241702079773,64,0.0123,0.0,4,0,7,0,5,1.0,,,,,,,0.18355295062065125,0.5876449346542358,2.106381416320801,0.01504,,0.0208
30,12662,0.2619,24,18,0.0,30.0,0.0,0.005860453005880117,0.21607479453086853,0.20937269926071167,0.3466145694255829,-0.09639763832092285,0.01616879552602768,0.40666210651397705,0.0026995083317160606,0.008024976588785648,0.4746643602848053,64,0.0094,0.0,2,0,6,1,7,1.0,,,,,,,0.20308589935302734,0.6077045202255249,1.9627294540405273,0.01508,,0.0208
31,13058,0.254,24,18,0.0,30.0,0.0,0.0029124668799340725,0.22957776486873627,0.24462491273880005,0.3185943067073822,-0.09673499315977097,0.01837567612528801,0.37361180782318115,0.0017136288806796074,0.009932299144566059,0.6289212107658386,64,0.036,0.0,3,0,5,0,8,0.875,,,,,,,0.15381097793579102,0.7769067287445068,2.1323044300079346,0.01516,,0.0208
32,13548,0.246,24,18,0.0,30.0,0.0,0.0029550353065133095,0.24806645512580872,0.2565630078315735,0.5041393041610718,-0.0959676057100296,0.020527707412838936,0.5537335872650146,0.001848103478550911,0.010635738261044025,0.5444136261940002,64,0.0137,0.0,0,0,5,1,10,0.8,,,,,,,0.1762770116329193,0.6861969828605652,1.8701989650726318,0.01521,,0.0208
33,13970,0.2381,24,18,0.1,29.8,0.1,0.0035578347742557526,0.2378927767276764,0.24335448443889618,0.25895610451698303,-0.09666050970554352,0.013215651735663414,0.3262597918510437,0.0019627411384135485,0.005851033143699169,0.5508936047554016,64,0.0294,0.1,2,0,8,1,4,0.75,,,,,,,0.1754612922668457,0.6032935380935669,2.166351318359375,0.01503,,0.0208
34,14397,0.2302,24,17,0.0,30.0,0.0,0.0030500972643494606,0.2368485927581787,0.23025701940059662,0.3721557855606079,-0.09441802650690079,0.023473460227251053,0.41712015867233276,0.0018136294092983007,0.005013484973460436,0.5161629915237427,64,0.0181,0.0,2,0,6,1,7,1.0,,,,,,,0.18292289972305298,0.6938273310661316,2.0598268508911133,0.01507,,0.0208
35,14824,0.2222,24,17,0.1667,29.83,0.1667,0.003663353156298399,0.281230628490448,0.27967214584350586,0.3587157130241394,-0.09501241892576218,0.010160700418055058,0.4300953447818756,0.0020719957537949085,0.006622792687267065,0.6376568675041199,64,0.0135,0.167,2,0,4,1,8,0.875,0.1507,0.4982,0.146,5,35,6,0.14900243282318115,0.6118022203445435,2.004218816757202,0.01518,0.0417,0.0417
36,15277,0.2143,24,17,0.0,29.17,0.0,0.002852426841855049,0.23739710450172424,0.239904522895813,0.32557547092437744,-0.0990975946187973,0.017917202785611153,0.3838302493095398,0.001313903951086104,0.010016772896051407,0.5453698039054871,64,0.0358,0.0,1,0,5,1,9,0.889,,,,,,,0.18170715868473053,0.5949293375015259,2.086125612258911,0.01525,,0.0417
37,15730,0.2063,24,17,0.1,29.9,0.1,0.0037115479353815317,0.25049784779548645,0.2592352032661438,0.3979724049568176,-0.08724671602249146,0.008347216993570328,0.46376919746398926,0.0015396137023344636,0.009510998614132404,0.6592883467674255,64,0.0215,0.1,1,0,9,0,5,0.6,,,,,,,0.13233467936515808,0.7081956267356873,1.946492075920105,0.01507,,0.0417
38,16147,0.1984,24,17,0.1667,29.33,0.1667,0.003287146333605051,0.2484070509672165,0.24567969143390656,0.3667418658733368,-0.0984763652086258,0.015724152326583862,0.42989206314086914,0.002017382765188813,0.007755711674690247,0.5623222589492798,64,0.0253,0.333,2,1,3,1,8,0.75,,,,,,,0.17512443661689758,0.6941844820976257,2.005427598953247,0.01511,,0.0417
39,16604,0.1905,24,17,0.0,30.0,0.0,0.0037714140489697456,0.2710857391357422,0.2663213908672333,0.30284202098846436,-0.09808780252933502,0.012938186526298523,0.3714613914489746,0.001801548758521676,0.007184119895100594,0.562593400478363,64,0.0184,0.0,1,0,7,0,8,0.875,,,,,,,0.1743493676185608,0.638450026512146,2.105630874633789,0.01512,,0.0417
40,17022,0.1825,24,17,0.0,29.62,0.0,0.002545819152146578,0.18496546149253845,0.19133906066417694,0.30033087730407715,-0.0949929878115654,0.010279377922415733,0.3715267777442932,0.001533272210508585,0.006476638372987509,0.7385855317115784,64,0.0221,0.125,2,1,7,0,6,0.833,,,,,,,0.12861473858356476,0.6885759234428406,2.1152451038360596,0.01504,,0.0417
41,17418,0.1746,24,17,0.5,29.83,0.5,0.004947916604578495,0.21577155590057373,0.22146716713905334,0.3140648603439331,-0.09464362263679504,0.015887629240751266,0.3720763027667999,0.004087685141712427,0.009713846258819103,0.6714932918548584,64,0.0124,0.5,3,0,3,0,7,1.0,,,,,,,0.14094500243663788,0.6567728519439697,2.1434202194213867,0.01527,,0.0417
42,17812,0.1667,24,16,0.0,29.88,0.0,0.0023737188894301653,0.19813752174377441,0.1947772204875946,0.31049013137817383,-0.09862209856510162,0.0161634162068367,0.37366265058517456,0.0016537753399461508,0.006245477590709925,0.5489715933799744,64,0.0394,0.0,3,0,7,1,5,1.0,0.1481,0.4989,0.146,7,37,4,0.17964881658554077,0.6617515087127686,2.129263401031494,0.01521,0.0,0.0417
43,18178,0.1587,24,16,0.0,30.0,0.0,0.0037366324104368687,0.2171577662229538,0.2267487347126007,0.28631138801574707,-0.09509742259979248,0.013966040685772896,0.35083431005477905,0.00266076298430562,0.005284849088639021,0.6233538389205933,64,0.0136,0.0,4,0,6,0,6,1.0,,,,,,,0.15255770087242126,0.5694897174835205,2.1152656078338623,0.01524,,0.0417
44,18597,0.1508,24,16,0.0,29.75,0.0,0.0032502133399248123,0.24879829585552216,0.2514628767967224,0.5581534504890442,-0.09783494472503662,0.011925913393497467,0.6296696066856384,0.002809199970215559,0.004933985415846109,0.452841192483902,64,0.0276,0.083,2,1,10,1,2,1.0,,,,,,,0.21604691445827484,0.6283092498779297,1.8298749923706055,0.015,,0.0417
45,19083,0.1429,24,16,0.125,29.75,0.125,0.003756537800654769,0.25082629919052124,0.24262231588363647,0.4450136125087738,-0.09876198321580887,0.06118074804544449,0.41834497451782227,0.0019798134453594685,0.006138235796242952,0.474452942609787,64,0.0311,0.125,0,0,7,0,8,0.875,,,,,,,0.20815971493721008,0.6426320672035217,2.0674004554748535,0.01504,,0.0417
46,19562,0.1349,24,16,0.0,29.58,0.0,0.002895976183936,0.21317008137702942,0.2050757259130478,0.3676413893699646,-0.09834152460098267,0.02207203209400177,0.41737815737724304,0.0016123750247061253,0.00892139133065939,0.5964143872261047,64,0.0432,0.083,0,1,11,0,4,1.0,,,,,,,0.1648879200220108,0.6799073219299316,2.0489654541015625,0.01488,,0.0417
47,19987,0.127,24,16,0.0,30.0,0.0,0.002740718424320221,0.2561177611351013,0.25253161787986755,0.2638794779777527,-0.09562093019485474,0.01553952507674694,0.326138973236084,0.001816134317778051,0.0045647346414625645,0.6119800806045532,64,0.0405,0.0,2,0,9,0,5,1.0,,,,,,,0.15624842047691345,0.6616095304489136,2.2328805923461914,0.01481,,0.0417
48,20000,0.119,24,16,0.0,30.0,0.0,0.002956158947199583,0.22593867778778076,0.22977405786514282,0.335516095161438,-0.09728088229894638,0.016639161854982376,0.39590921998023987,0.0017311125993728638,0.007218839600682259,0.61483234167099,64,0.0179,0.0,2,0,6,0,8,0.75,,,,,,,0.15822343528270721,0.6243698596954346,2.052053213119507,0.0148,,0.0417
49,20000,0.1111,24,15,0.2,30.0,0.2,0.004082703031599522,0.2519122064113617,0.2410815954208374,0.2998853027820587,-0.09835223853588104,0.011309714987874031,0.3720872104167938,0.0018320480594411492,0.007061755750328302,0.5621749758720398,64,0.0133,0.2,3,0,4,0,8,1.0,0.156,0.4835,0.083,4,40,4,0.174949511885643,0.6900641322135925,2.1105830669403076,0.01475,0.0,0.0417
50,20000,0.1032,24,15,0.0,30.0,0.0,0.0031004685442894697,0.23410964012145996,0.24056750535964966,0.34438782930374146,-0.09650206565856934,0.010435870848596096,0.41751283407211304,0.0015946101630106568,0.005010614637285471,0.6041654944419861,64,0.0149,0.0,2,0,3,0,11,0.909,,,,,,,0.15972787141799927,0.635839581489563,2.0572216510772705,0.01485,,0.0417
51,20000,0.0952,24,15,0.0,29.8,0.0,0.0026101507246494293,0.2202182412147522,0.22402632236480713,0.4765053987503052,-0.09560094028711319,0.02628472074866295,0.5155799388885498,0.0018666835967451334,0.007913921028375626,0.6830775141716003,64,0.0313,0.0,4,0,4,1,7,0.714,,,,,,,0.13995620608329773,0.6915193796157837,1.8885776996612549,0.01485,,0.0417
52,20000,0.0873,24,15,0.0,30.0,0.0,0.002626547124236822,0.2316586673259735,0.22168342769145966,0.2729455232620239,-0.0961468368768692,0.019123725593090057,0.3275553584098816,0.0012660241918638349,0.006579085253179073,0.6549510359764099,64,0.0359,0.0,1,0,7,0,8,0.75,,,,,,,0.14680004119873047,0.667759120464325,2.1869912147521973,0.01495,,0.0417
53,20000,0.0794,24,15,0.0,29.3,0.0,0.0033569508232176304,0.2414434850215912,0.2291751652956009,0.3965819776058197,-0.09616121649742126,0.05806804820895195,0.3725963532924652,0.0015457776607945561,0.008021490648388863,0.740919291973114,64,0.0323,0.0,1,0,7,3,5,1.0,,,,,,,0.12978637218475342,0.5818262696266174,2.120884418487549,0.0149,,0.0417
54,20000,0.0714,24,15,0.125,30.0,0.125,0.0039726742543280125,0.20690587162971497,0.2107510268688202,0.3757021427154541,-0.09486845880746841,0.020770810544490814,0.4261629581451416,0.0017215476837009192,0.005732065998017788,0.6234474182128906,64,0.0385,0.125,2,0,7,0,6,0.833,,,,,,,0.15216754376888275,0.55138099193573,1.9799636602401733,0.0148,,0.0417
55,20000,0.0635,24,15,0.0,30.0,0.0,0.0020782274659723043,0.21263191103935242,0.21836170554161072,0.4454091787338257,-0.09135329723358154,0.01248110830783844,0.5086468458175659,0.0009755856590345502,0.006306833121925592,0.6238765120506287,64,0.0436,0.0,6,0,5,0,5,0.8,,,,,,,0.14642849564552307,0.583831250667572,1.9566117525100708,0.0147,,0.0417
56,20000,0.0556,24,15,0.0,30.0,0.0,0.0021266706753522158,0.2209957242012024,0.2201690375804901,0.6004269123077393,-0.09697511792182922,0.017150666564702988,0.6600692868232727,0.0010958161437883973,0.0060628619976341724,0.46671509742736816,64,0.0308,0.0,3,0,7,0,6,1.0,0.1172,0.5178,0.229,5,32,5,0.20778226852416992,0.6925767660140991,1.8887355327606201,0.01475,0.125,0.125
57,20000,0.0476,24,14,0.0,29.83,0.0,0.0018947788048535585,0.21473157405853271,0.2179994285106659,0.3698820173740387,-0.0980222076177597,0.04686574265360832,0.3716132938861847,0.001318813650868833,0.005118879955261946,0.7152799963951111,64,0.0283,0.0,4,0,4,2,6,1.0,,,,,,,0.13704033195972443,0.6016578078269958,2.116284132003784,0.01495,,0.125
58,20000,0.0397,24,14,0.1667,30.0,0.1667,0.0019253945210948586,0.2674741744995117,0.27644115686416626,0.4259170591831207,-0.0953950583934784,0.049770087003707886,0.4187085032463074,0.0011211480014026165,0.006126896943897009,0.6819067001342773,64,0.0331,0.167,1,0,5,0,9,0.889,,,,,,,0.13989460468292236,0.6232240200042725,2.0256175994873047,0.01505,,0.125
59,20000,0.0317,24,14,0.0,28.91,0.0,0.0020769289694726467,0.18741947412490845,0.19373777508735657,0.33914434909820557,-0.09556981921195984,0.028744202107191086,0.37380120158195496,0.0017021005041897297,0.006849093362689018,0.754520833492279,64,0.0546,0.0,2,0,8,3,3,1.0,,,,,,,0.126662939786911,0.7125641703605652,2.1006858348846436,0.01495,,0.125
60,20000,0.0238,24,14,0.1667,29.67,0.1667,0.004411013796925545,0.18549123406410217,0.20726601779460907,0.3501432538032532,-0.09104888141155243,0.055683426558971405,0.32569316029548645,0.0011900218669325113,0.008264248259365559,0.7332273125648499,64,0.0352,0.167,2,0,4,1,8,1.0,,,,,,,0.12417551130056381,0.632953941822052,2.200784921646118,0.01515,,0.125
61,20000,0.0159,24,14,0.0,29.4,0.0,0.002369077643379569,0.26957032084465027,0.27512824535369873,0.4480176866054535,-0.09632410109043121,0.014335708692669868,0.5129157304763794,0.0010690292110666633,0.0055093420669436455,0.6998799443244934,64,0.0385,0.0,4,0,4,1,7,0.857,,,,,,,0.1376294642686844,0.6381697654724121,1.9532740116119385,0.0152,,0.125
62,20000,0.0079,24,14,0.0,30.0,0.0,0.002867279574275017,0.18949994444847107,0.18860241770744324,0.37161150574684143,-0.09770392626523972,0.03130010887980461,0.40389031171798706,0.001994137652218342,0.0056498232297599316,0.6107783913612366,64,0.0509,0.0,1,0,8,0,7,1.0,,,,,,,0.15996624529361725,0.6803032755851746,2.0352962017059326,0.01515,,0.125
63,20000,0.0,24,14,0.0,29.71,0.0,0.0026351374108344316,0.2580737769603729,0.2576081156730652,0.34686803817749023,-0.09786708652973175,0.05484968051314354,0.3312113285064697,0.0011791246943175793,0.00764891505241394,0.6814061999320984,64,0.0403,0.0,2,0,6,1,7,1.0,0.1196,0.5391,0.083,2,42,2,0.1436251699924469,0.6059126257896423,2.1465611457824707,0.01525,0.0417,0.125
64,20000,0.0,24,13,0.1429,29.86,0.1429,0.002423238707706332,0.18218578398227692,0.17605067789554596,0.48499977588653564,-0.09619463980197906,0.036736272275447845,0.5051106810569763,0.0016783032333478332,0.005222350358963013,0.6749319434165955,64,0.0419,0.143,2,0,6,0,7,1.0,,,,,,,0.14252494275569916,0.7093498110771179,2.0432193279266357,0.01515,,0.125
65,20000,0.0,24,13,0.125,29.5,0.125,0.0028248545713722706,0.2584266662597656,0.26919326186180115,0.2679618000984192,-0.09681400656700134,0.012703744694590569,0.3345664143562317,0.0011566344182938337,0.009603815153241158,0.8399383425712585,64,0.0402,0.125,4,0,5,2,4,1.0,,,,,,,0.11526323109865189,0.5886807441711426,2.1105473041534424,0.01505,,0.125
66,20000,0.0,24,13,0.1111,29.89,0.1111,0.0026718892622739077,0.22603541612625122,0.21541330218315125,0.3606165051460266,-0.09705576300621033,0.04123007133603096,0.3720241189002991,0.001040110713802278,0.0063760364428162575,0.7850852012634277,64,0.0623,0.222,1,1,7,0,6,1.0,,,,,,,0.12362449616193771,0.7050091624259949,2.097137689590454,0.0151,,0.125
67,20000,0.0,24,13,0.0,29.4,0.0,0.002708522602915764,0.20291215181350708,0.1966068148612976,0.4141574501991272,-0.0955972746014595,0.06730015575885773,0.37242457270622253,0.0011218461440876126,0.00545968022197485,0.9316944479942322,64,0.0431,0.0,1,0,4,1,10,1.0,,,,,,,0.10260581970214844,0.6951471567153931,2.104621410369873,0.0152,,0.125
68,20000,0.0,24,13,0.0,29.67,0.0,0.002493723761290312,0.20748041570186615,0.20574384927749634,0.43491870164871216,-0.09708595275878906,0.043024711310863495,0.4420156478881836,0.0012005717726424336,0.00787911843508482,0.6935423612594604,64,0.0435,0.0,1,0,8,1,6,1.0,,,,,,,0.13998562097549438,0.6710153818130493,2.1951262950897217,0.01535,,0.125
69,20000,0.0,24,13,0.1667,30.0,0.1667,0.002099055564031005,0.21949198842048645,0.21698153018951416,0.3721160888671875,-0.09342972934246063,0.04305940866470337,0.3759427070617676,0.0014246649807319045,0.006968591827899218,0.8047823309898376,64,0.0336,0.167,1,0,5,0,9,0.889,,,,,,,0.11609317362308502,0.6859961748123169,2.0752482414245605,0.01535,,0.125
70,20000,0.0,24,13,0.0,28.86,0.0,0.0022566986735910177,0.2977837324142456,0.29540878534317017,0.36053600907325745,-0.09633007645606995,0.04984156787395477,0.3546643555164337,0.001627712626941502,0.005037172697484493,0.7830561399459839,64,0.0615,0.143,0,1,5,1,9,0.667,0.1028,0.5317,0.167,5,34,6,0.12301808595657349,0.6745425462722778,2.145664930343628,0.0154,0.0625,0.125
71,20000,0.0,24,13,0.4,29.6,0.4,0.0021214329171925783,0.19378693401813507,0.20796722173690796,0.43770095705986023,-0.0970049798488617,0.05472630262374878,0.4216022491455078,0.0017435267800465226,0.007302158512175083,0.6064090728759766,64,0.047,0.4,0,0,3,0,11,1.0,,,,,,,0.15996623039245605,0.7583873271942139,2.077592134475708,0.01575,,0.125
72,20000,0.0,24,12,0.0,28.67,0.0,0.0021204445511102676,0.20967230200767517,0.21252578496932983,0.3493862748146057,-0.09377215802669525,0.0343443900346756,0.3712986409664154,0.0013505661627277732,0.006342079024761915,0.9227880835533142,64,0.0549,0.167,2,1,4,1,8,1.0,,,,,,,0.10161830484867096,0.7373765707015991,2.1379201412200928,0.01565,,0.125
73,20000,0.0,24,12,0.0,29.71,0.0,0.0015838665422052145,0.2606571912765503,0.26736241579055786,0.4789503514766693,-0.0968838632106781,0.05434345453977585,0.46363645792007446,0.0012248916318640113,0.007021727040410042,0.6559678316116333,64,0.0361,0.0,2,0,3,4,7,1.0,,,,,,,0.14769607782363892,0.6687430143356323,2.015923023223877,0.0158,,0.125
74,20000,0.0,24,12,0.125,30.0,0.125,0.0029913135804235935,0.25758111476898193,0.2537866234779358,0.547150731086731,-0.09738018363714218,0.11081548780202866,0.41818124055862427,0.0010695268865674734,0.009437394328415394,0.6549839377403259,64,0.0499,0.125,1,0,7,0,7,0.857,,,,,,,0.14867568016052246,0.9159290194511414,2.055135488510132,0.01585,,0.125
75,20000,0.0,24,12,0.0,29.45,0.0,0.00921208318322897,0.23005332052707672,0.23758715391159058,0.4974154829978943,-0.08629590272903442,0.10345710813999176,0.3722284436225891,0.0009804385481402278,0.009137471206486225,0.6396967768669128,64,0.0739,0.0,0,0,10,1,5,1.0,,,,,,,0.1349012702703476,0.7934147715568542,2.124016761779785,0.0156,,0.125
76,20000,0.0,24,12,0.1429,30.0,0.1429,0.0023040627129375935,0.2088697850704193,0.20972079038619995,0.5924870371818542,-0.0975586473941803,0.11135879158973694,0.46458899974823,0.0008345796377398074,0.005478239618241787,0.6077134013175964,64,0.036,0.143,1,0,6,0,8,0.75,,,,,,,0.16053397953510284,0.6480159759521484,1.9770958423614502,0.01565,,0.125
77,20000,0.0,24,12,0.125,30.0,0.125,0.0019464683718979359,0.24709461629390717,0.24243846535682678,0.4728696644306183,-0.09800615906715393,0.04991297051310539,0.4687662124633789,0.0009449006174691021,0.00456734374165535,0.6300071477890015,64,0.0522,0.125,4,0,7,0,4,0.75,0.1182,0.4864,0.104,2,37,6,0.1555635631084442,0.6385270953178406,2.0308618545532227,0.01555,0.0625,0.125
78,20000,0.0,24,12,0.1667,29.33,0.1667,0.001669466495513916,0.27106475830078125,0.26862823963165283,0.344022274017334,-0.09516280889511108,0.054564446210861206,0.32748734951019287,0.0011442149989306927,0.00513768196105957,0.7986511588096619,64,0.0549,0.167,1,0,4,1,9,1.0,,,,,,,0.11915440857410431,0.7679901123046875,2.1544222831726074,0.01565,,0.125
79,20000,0.0,24,11,0.0,27.75,0.0,0.002310417825356126,0.20820778608322144,0.2121662199497223,0.4226970076560974,-0.09536449611186981,0.02341100573539734,0.468935489654541,0.0013994226465001702,0.004608038812875748,0.6613177061080933,64,0.0556,0.0,4,0,3,1,8,0.875,,,,,,,0.14420373737812042,0.7214562296867371,1.9722495079040527,0.0157,,0.125
80,20000,0.0,24,11,0.0,30.0,0.0,0.004634634125977755,0.21504510939121246,0.2174064964056015,0.472181111574173,-0.09596323221921921,0.022985219955444336,0.5202140808105469,0.0009603447397239506,0.003919663373380899,0.8147600293159485,64,0.046,0.0,1,0,7,0,8,0.75,,,,,,,0.11778098344802856,0.6443300843238831,1.9268518686294556,0.0158,,0.125
81,20000,0.0,24,11,0.125,29.5,0.125,0.0014535562368109822,0.2211097776889801,0.2272171676158905,0.3012749254703522,-0.09624635428190231,0.02016795426607132,0.35210883617401123,0.0013172929175198078,0.010153033770620823,0.8028593063354492,64,0.0318,0.125,2,0,6,1,6,1.0,,,,,,,0.11987947672605515,0.6632240414619446,2.13053560256958,0.01575,,0.125
82,20000,0.0,24,11,0.1,28.7,0.1,0.0017522231210023165,0.19378115236759186,0.19384917616844177,0.4793357849121094,-0.09445518255233765,0.03056938946247101,0.5089637041091919,0.001119373831897974,0.007376944180577993,0.6751176118850708,64,0.038,0.1,1,0,6,3,5,0.8,,,,,,,0.13990923762321472,0.7053464651107788,1.9127700328826904,0.0156,,0.125
83,20000,0.0,24,11,0.0,29.22,0.0,0.0015343877021223307,0.2332601547241211,0.23633527755737305,0.3372545540332794,-0.09168124943971634,0.026288937777280807,0.3726691007614136,0.001267528859898448,0.0073776827193796635,0.7601132392883301,64,0.0388,0.0,2,0,6,3,5,1.0,,,,,,,0.12061525136232376,0.718930721282959,2.117866039276123,0.0155,,0.125
84,20000,0.0,24,11,0.25,30.0,0.25,0.0019637427758425474,0.2119254320859909,0.2061385214328766,0.36104169487953186,-0.09254933148622513,0.05645321309566498,0.3363412022590637,0.0013100480427965522,0.008686772547662258,0.9179720282554626,64,0.045,0.25,1,0,6,0,7,0.857,0.106,0.4996,0.146,3,36,5,0.10081933438777924,0.6486390829086304,2.089329719543457,0.0157,0.0833,0.125
85,20000,0.0,24,11,0.0,30.0,0.0,0.003066940465942025,0.23272481560707092,0.21393448114395142,0.26028069853782654,-0.09376005083322525,0.011765977367758751,0.32555094361305237,0.000914721458684653,0.009915711358189583,0.868895947933197,64,0.0587,0.0,0,0,10,0,6,0.833,,,,,,,0.10790710896253586,0.6845158338546753,2.2246904373168945,0.01555,,0.125
86,20000,0.0,24,11,0.0,29.5,0.0,0.002106685657054186,0.20597520470619202,0.2104380875825882,0.505786120891571,-0.0855599194765091,0.08037140220403671,0.42675262689590454,0.001392220496200025,0.007701300084590912,0.7470003366470337,64,0.0696,0.167,1,1,5,0,9,0.889,,,,,,,0.11453799903392792,0.8827852606773376,2.085660696029663,0.0156,,0.125
87,20000,0.0,24,10,0.3333,29.83,0.3333,0.003499966347590089,0.23828913271427155,0.2416665405035019,0.45089438557624817,-0.09301728755235672,0.017908861860632896,0.5033349990844727,0.001197859994135797,0.009517891332507133,0.8522602915763855,64,0.0627,0.333,1,0,4,0,9,1.0,,,,,,,0.10914188623428345,0.6297283172607422,2.190253734588623,0.0159,,0.125
88,20000,0.0,24,10,0.2857,30.0,0.2857,0.0017593333031982183,0.2389165759086609,0.2452210932970047,0.34134894609451294,-0.09296251833438873,0.029999956488609314,0.37131625413894653,0.0011794229503720999,0.005990619771182537,0.9864673614501953,64,0.0414,0.286,2,0,5,0,7,1.0,,,,,,,0.0942378044128418,0.8775326013565063,2.1412439346313477,0.01585,,0.125
89,20000,0.0,24,10,0.0909,29.91,0.0909,0.002062531653791666,0.2387484312057495,0.23590721189975739,0.3684224784374237,-0.08982579410076141,0.04100850224494934,0.37219545245170593,0.0020182158332318068,0.008071628399193287,1.0123764276504517,64,0.0436,0.091,2,0,9,1,3,1.0,,,,,,,0.08872765302658081,0.8845734596252441,2.106616735458374,0.01575,,0.125
90,20000,0.0,24,10,0.0,30.0,0.0,0.002028530929237604,0.18972232937812805,0.18602874875068665,0.36055469512939453,-0.0934741422533989,0.03856267035007477,0.37282997369766235,0.0016108114505186677,0.008147087879478931,0.9640915989875793,64,0.0826,0.0,3,0,3,0,10,1.0,,,,,,,0.09695566445589066,0.7480341196060181,2.132228374481201,0.016,,0.125
91,20000,0.0,24,10,0.0,30.0,0.0,0.002363377483561635,0.23108753561973572,0.23225730657577515,0.46155020594596863,-0.097624272108078,0.09051071107387543,0.3750755190849304,0.0011279034661129117,0.006155049428343773,0.7455188632011414,64,0.0291,0.0,3,0,4,1,8,0.875,0.0924,0.4574,0.104,1,38,5,0.13094809651374817,0.7018029689788818,2.1236085891723633,0.01615,0.0833,0.125
92,20000,0.0,24,10,0.0909,30.0,0.0909,0.002090668072924018,0.22229206562042236,0.22460463643074036,0.3827900290489197,-0.09742213785648346,0.037786271423101425,0.40045061707496643,0.0014101105043664575,0.008378036320209503,0.8526945114135742,64,0.0319,0.091,0,0,10,0,5,1.0,,,,,,,0.11425209790468216,0.7185306549072266,2.1439661979675293,0.01605,,0.125
93,20000,0.0,24,10,0.1429,29.43,0.1429,0.0017536922823637724,0.2350427210330963,0.23340672254562378,0.3762398958206177,-0.09442492574453354,0.04822082817554474,0.3713461756706238,0.001196406432427466,0.005754014942795038,1.0807913541793823,64,0.0423,0.143,3,0,5,1,6,1.0,,,,,,,0.08736646920442581,0.6861358880996704,2.132162570953369,0.0163,,0.125
94,20000,0.0,24,9,0.25,29.88,0.25,0.002244399394840002,0.2594177722930908,0.2539188861846924,0.3711838126182556,-0.0952240526676178,0.05575410649180412,0.35186338424682617,0.0010564151452854276,0.00607251888141036,0.759824275970459,64,0.021,0.25,6,0,5,1,2,1.0,,,,,,,0.12532377243041992,0.7877330780029297,2.1371777057647705,0.01635,,0.125
95,20000,0.0,24,9,0.2857,29.43,0.2857,0.0029717949219048023,0.23987439274787903,0.23308172821998596,0.350025475025177,-0.09313255548477173,0.053498707711696625,0.33202823996543884,0.0008566996548324823,0.008264753036201,0.9037020802497864,64,0.039,0.429,1,1,4,0,8,1.0,,,,,,,0.10305669903755188,0.7556624412536621,2.168957233428955,0.01655,,0.125
96,20000,0.0,24,9,0.2857,29.57,0.2857,0.001595028443261981,0.18891257047653198,0.18861615657806396,0.6536152362823486,-0.09782344102859497,0.11971521377563477,0.5090778470039368,0.001123519497923553,0.005860833916813135,0.7633840441703796,64,0.0487,0.286,1,0,4,1,8,0.875,,,,,,,0.12814447283744812,0.9025291800498962,2.1381211280822754,0.01645,,0.125
97,20000,0.0,24,9,0.2,29.8,0.2,0.001591009902767837,0.19610044360160828,0.19120430946350098,0.38864463567733765,-0.09601224958896637,0.05436407029628754,0.3721342086791992,0.0013498308835551143,0.007589095272123814,0.7253950834274292,64,0.0433,0.2,1,0,3,1,10,0.7,,,,,,,0.13235855102539062,0.6591812968254089,2.1285648345947266,0.01635,,0.125
98,20000,0.0,24,9,0.0,29.83,0.0,0.0017525616567581892,0.17000645399093628,0.15822544693946838,0.37729448080062866,-0.09494729340076447,0.0446939691901207,0.38055700063705444,0.001255542621947825,0.004593691322952509,0.9727970957756042,64,0.0297,0.167,3,1,5,0,7,1.0,0.1028,0.5198,0.062,1,39,6,0.09760236740112305,0.7143515348434448,2.0919573307037354,0.01645,0.0417,0.125
99,20000,0.0,24,9,0.0,30.0,0.0,0.001823232974857092,0.1982201337814331,0.20322656631469727,0.3817346692085266,-0.09330064058303833,0.027469947934150696,0.41689854860305786,0.0013754215324297547,0.006393713876605034,0.8855921030044556,64,0.0366,0.0,4,0,7,0,5,1.0,,,,,,,0.10535397380590439,0.7067170143127441,2.0671443939208984,0.01645,,0.125
100,20000,0.0,24,9,0.0,28.88,0.0,0.0014328928664326668,0.23855577409267426,0.24185796082019806,0.31971749663352966,-0.0963716208934784,0.01906055584549904,0.3749198317527771,0.0013988744467496872,0.006096374709159136,0.8270319104194641,64,0.0492,0.0,3,0,4,4,5,0.8,,,,,,,0.11652708798646927,0.7552428245544434,2.0822315216064453,0.0164,,0.125
101,20000,0.0,24,9,0.1111,30.0,0.1111,0.001764615997672081,0.21467755734920502,0.21683365106582642,0.43686091899871826,-0.09903862327337265,0.09986604750156403,0.3318454623222351,0.00140055560041219,0.008643968030810356,0.703803539276123,64,0.052,0.111,4,0,7,1,3,1.0,,,,,,,0.14071911573410034,0.6802716255187988,2.138620138168335,0.0163,,0.125
102,20000,0.0,24,8,0.1,30.0,0.1,0.0027638443280011415,0.19300925731658936,0.18320056796073914,0.32084208726882935,-0.09486618638038635,0.04309096187353134,0.3256334960460663,0.0014559724368155003,0.00778566487133503,0.9718923568725586,64,0.0428,0.1,1,0,7,2,5,1.0,,,,,,,0.09760976582765579,0.6777191162109375,2.212650775909424,0.01635,,0.125
103,20000,0.0,24,8,0.1667,28.83,0.1667,0.0010752720991149545,0.21518230438232422,0.2153267115354538,0.4523945450782776,-0.0889493077993393,0.05390764772891998,0.4311661124229431,0.0009876233525574207,0.004724860657006502,0.831170380115509,64,0.0399,0.333,2,1,2,2,8,0.875,,,,,,,0.10701692849397659,0.5874130725860596,2.02199125289917,0.01645,,0.125
104,20000,0.0,24,8,0.0,30.0,0.0,0.0024929523933678865,0.18219509720802307,0.17223697900772095,0.4367526173591614,-0.09655094146728516,0.03373877331614494,0.46342208981513977,0.0010861529735848308,0.0048078373074531555,0.6245648264884949,64,0.0659,0.0,2,0,6,1,7,0.857,,,,,,,0.15458914637565613,0.7002540826797485,2.0091094970703125,0.01635,,0.125
105,20000,0.0,24,8,0.2,30.0,0.2,0.0016137948259711266,0.23065845668315887,0.2308303415775299,0.39525294303894043,-0.09514729678630829,0.08027243614196777,0.326411634683609,0.0012204002123326063,0.006887449882924557,0.8193406462669373,64,0.0307,0.2,2,0,4,0,9,0.778,0.0896,0.4914,0.125,0,34,8,0.11612667143344879,0.9104808568954468,2.2499098777770996,0.0164,0.125,0.125
106,20000,0.0,24,8,0.0,30.0,0.0,0.002410484477877617,0.2389170527458191,0.2444804459810257,0.36193838715553284,-0.09478960931301117,0.040215104818344116,0.3722567558288574,0.0012905733892694116,0.008082080632448196,0.909938633441925,64,0.0366,0.0,1,0,5,1,9,1.0,,,,,,,0.10417143255472183,0.7726384997367859,2.1141443252563477,0.01665,,0.125
107,20000,0.0,24,8,0.3333,30.0,0.3333,0.0013336706906557083,0.28204384446144104,0.28769707679748535,0.40714752674102783,-0.09192496538162231,0.05622604489326477,0.3839591145515442,0.0009056413546204567,0.005322552751749754,0.9185208678245544,64,0.0281,0.333,2,0,3,1,8,0.625,,,,,,,0.10007933527231216,0.7530138492584229,2.053230047225952,0.01655,,0.125
108,20000,0.0,24,8,0.2857,29.86,0.2857,0.0018235096940770745,0.1960923969745636,0.20036417245864868,0.40882638096809387,-0.09626659005880356,0.06522644311189651,0.3715003728866577,0.0009135448490269482,0.00627943454310298,0.6732755899429321,64,0.0384,0.286,2,0,5,0,7,1.0,,,,,,,0.14298245310783386,0.7905898094177246,2.134161949157715,0.0167,,0.125
109,20000,0.0,24,7,0.25,30.0,0.25,0.002006327733397484,0.18955041468143463,0.19419404864311218,0.4190140664577484,-0.09648682177066803,0.069551020860672,0.3725397288799286,0.002071385271847248,0.007718291599303484,0.6504759192466736,64,0.0378,0.25,6,0,2,1,6,0.833,,,,,,,0.1483326554298401,0.857609748840332,2.088731288909912,0.0167,,0.125
110,20000,0.0,24,7,0.0,30.0,0.0,0.0020852056331932545,0.23270270228385925,0.22830092906951904,0.322504460811615,-0.09424478560686111,0.04379580169916153,0.32543542981147766,0.0012854753294959664,0.007444444578140974,0.7878036499023438,64,0.0343,0.0,0,0,4,1,11,0.909,,,,,,,0.11962978541851044,0.7985695600509644,2.1512231826782227,0.0168,,0.125
111,20000,0.0,24,7,0.1667,28.67,0.1667,0.001530562061816454,0.1972060352563858,0.19123677909374237,0.34384506940841675,-0.0971975103020668,0.0525004118680954,0.3325403034687042,0.0008822606178000569,0.007002901751548052,0.6564633250236511,64,0.0548,0.167,4,0,3,2,6,1.0,,,,,,,0.14806237816810608,0.6741729974746704,2.1224441528320312,0.0168,,0.125
112,20000,0.0,24,7,0.1429,29.57,0.1429,0.0013259472325444221,0.17867740988731384,0.17399626970291138,0.4632844030857086,-0.09416728466749191,0.04409750550985336,0.46598875522613525,0.0011466521536931396,0.006535814609378576,0.6369482278823853,64,0.0227,0.286,3,1,5,0,6,0.833,0.0932,0.4718,0.146,1,32,9,0.14784134924411774,0.7321614027023315,1.9689807891845703,0.01685,0.125,0.125
113,20000,0.0,24,7,0.0,30.0,0.0,0.0011505890870466828,0.23142072558403015,0.23947271704673767,0.3405795991420746,-0.09000992029905319,0.05035917088389397,0.326957643032074,0.0009279067744500935,0.005827080924063921,0.9019191861152649,64,0.0387,0.0,2,0,6,0,8,0.875,,,,,,,0.09979821741580963,0.7979077100753784,2.124422550201416,0.01685,,0.125
114,20000,0.0,24,7,0.3333,29.17,0.3333,0.0015794967766851187,0.20595617592334747,0.19413767755031586,0.5775203108787537,-0.09715230017900467,0.10449673980474472,0.4638430178165436,0.0009192528668791056,0.0036722414661198854,0.6316869258880615,64,0.0441,0.333,0,0,4,0,10,0.9,,,,,,,0.1537981927394867,0.8639811277389526,1.9129177331924438,0.0169,,0.125
115,20000,0.0,24,7,0.0,29.2,0.0,0.0012463621096685529,0.20931492745876312,0.20512491464614868,0.5213609337806702,-0.09809266030788422,0.08832566440105438,0.4388854503631592,0.000884298118762672,0.007833654060959816,0.6515184044837952,64,0.0537,0.0,0,0,7,3,6,1.0,,,,,,,0.15056008100509644,0.7001996040344238,2.07187557220459,0.0169,,0.125
116,20000,0.0,24,7,0.5,29.25,0.5,0.0014025915879756212,0.22960937023162842,0.2330915778875351,0.4595952033996582,-0.0957578718662262,0.060505256056785583,0.4300655424594879,0.0010128443827852607,0.008554049767553806,0.6714428663253784,64,0.0315,0.5,2,0,2,0,10,0.7,,,,,,,0.14261506497859955,0.7346833944320679,2.0346240997314453,0.0169,,0.125
117,20000,0.0,24,6,0.2857,30.0,0.2857,0.0014827762497588992,0.21318626403808594,0.21111740171909332,0.43066370487213135,-0.09957292675971985,0.03202933445572853,0.464073121547699,0.000982874073088169,0.004209714941680431,0.586149275302887,64,0.022,0.286,0,0,5,0,9,0.778,,,,,,,0.16987639665603638,0.8526039123535156,2.0083913803100586,0.017,,0.125
118,20000,0.0,24,6,0.125,29.12,0.125,0.001430608332157135,0.20074191689491272,0.2042960226535797,0.3275589048862457,-0.09281584620475769,0.0457080714404583,0.32584816217422485,0.0008665091008879244,0.0062208701856434345,0.9364680647850037,64,0.0383,0.125,1,0,5,2,7,1.0,,,,,,,0.09911266714334488,0.7429255247116089,2.1692054271698,0.0168,,0.125
119,20000,0.0,24,6,0.0,30.0,0.0,0.0007703391602262855,0.21125110983848572,0.20547571778297424,0.3067532479763031,-0.09527061134576797,0.03418416529893875,0.32878273725509644,0.0005377706256695092,0.009745617397129536,1.1168922185897827,64,0.0409,0.0,2,0,7,0,7,0.857,0.0856,0.4134,0.104,1,37,6,0.08529973775148392,0.6790961623191833,2.1771926879882812,0.0167,0.0833,0.125
120,20000,0.0,24,6,0.0,29.9,0.0,0.001279541291296482,0.2650229036808014,0.25898921489715576,0.33150872588157654,-0.09431967884302139,0.0483255498111248,0.32622241973876953,0.0010919312480837107,0.005909740924835205,0.980408787727356,64,0.0453,0.1,0,1,9,0,6,0.833,,,,,,,0.09620443731546402,0.6597410440444946,2.1766128540039062,0.0165,,0.125
121,20000,0.0,24,6,0.0,29.25,0.0,0.0012249104911461473,0.20858168601989746,0.2019048035144806,0.3953190743923187,-0.09523877501487732,0.03231177106499672,0.42356568574905396,0.0007224740693345666,0.0047372495755553246,0.7960013151168823,64,0.049,0.0,1,0,6,2,7,0.857,,,,,,,0.11964650452136993,0.6217082738876343,2.061662197113037,0.01655,,0.125
122,20000,0.0,24,6,0.1,29.6,0.1,0.0012595932930707932,0.19762283563613892,0.20016595721244812,0.3597206771373749,-0.07986542582511902,0.054310351610183716,0.32850348949432373,0.0010879511246457696,0.004923803731799126,1.2412152290344238,64,0.0508,0.1,1,0,7,2,5,0.8,,,,,,,0.06434454023838043,0.724181592464447,2.1364784240722656,0.01655,,0.125
123,20000,0.0,24,6,0.5,29.67,0.5,0.001777805620804429,0.1752893626689911,0.1864076554775238,0.5384894013404846,-0.09209688007831573,0.12797307968139648,0.3718383312225342,0.0008155551040545106,0.0056035942398011684,0.7216151356697083,64,0.0282,0.5,2,0,2,1,8,0.625,,,,,,,0.12762603163719177,0.810536801815033,2.114400863647461,0.0166,,0.125
124,20000,0.0,24,5,0.125,29.12,0.125,0.0019305930472910404,0.25076621770858765,0.25270965695381165,0.438868910074234,-0.09503602981567383,0.05579022690653801,0.4191633462905884,0.000785641313996166,0.006322253029793501,0.7548955678939819,64,0.0297,0.125,1,0,4,3,7,1.0,,,,,,,0.12589295208454132,0.63573157787323,2.0613162517547607,0.01675,,0.125
125,20000,0.0,24,5,0.1429,29.14,0.1429,0.0018935480620712042,0.2448766976594925,0.24821361899375916,0.3796968460083008,-0.09379396587610245,0.026167139410972595,0.41769564151763916,0.0009337622323073447,0.00692179286852479,0.8657436370849609,64,0.0406,0.286,3,1,5,0,6,0.667,,,,,,,0.10833919048309326,0.6947810053825378,2.079960346221924,0.01655,,0.125
126,20000,0.0,24,5,0.0,29.5,0.0,0.0009569913381710649,0.1898658275604248,0.18460997939109802,0.3663681745529175,-0.08815167099237442,0.039213765412569046,0.3740001916885376,0.0007050453568808734,0.00418426189571619,0.8209983706474304,64,0.0455,0.0,7,0,6,2,1,1.0,0.0875,0.4978,0.125,2,39,3,0.10737130790948868,0.7628464102745056,2.115201473236084,0.0164,0.0833,0.125
127,20000,0.0,24,5,0.0909,29.55,0.0909,0.0021881279535591602,0.19658994674682617,0.19483917951583862,0.3250361979007721,-0.0962723046541214,0.02279043197631836,0.3730720281600952,0.0009540710598230362,0.005311182700097561,0.8508433699607849,64,0.0572,0.091,2,0,9,1,3,1.0,,,,,,,0.1131492629647255,0.6861833930015564,2.1282715797424316,0.01625,,0.125
128,20000,0.0,24,5,0.0,30.0,0.0,0.001989198848605156,0.22520846128463745,0.23546457290649414,0.48823779821395874,-0.09665398299694061,0.05926617607474327,0.4639480710029602,0.0008058847743086517,0.0048227459192276,0.6535951495170593,64,0.0594,0.0,3,0,5,0,8,1.0,,,,,,,0.14788050949573517,0.6300382614135742,1.9716944694519043,0.0164,,0.125
129,20000,0.0,24,5,0.0,30.0,0.0,0.0017844925168901682,0.1874190717935562,0.19569319486618042,0.29904162883758545,-0.09313903748989105,0.031320057809352875,0.3272061347961426,0.0010640869149938226,0.004668834153562784,1.0266469717025757,64,0.0299,0.0,2,0,6,0,8,0.75,,,,,,,0.09072157740592957,0.728691041469574,2.170959234237671,0.0164,,0.125
130,20000,0.0,24,5,0.2,29.3,0.2,0.0013036387972533703,0.21484416723251343,0.2052939087152481,0.5297433137893677,-0.09284766018390656,0.09695196151733398,0.4260323643684387,0.0010100338840857148,0.00530931307002902,0.7306450009346008,64,0.0513,0.2,2,0,6,2,4,1.0,,,,,,,0.12707629799842834,0.8105524778366089,2.075496196746826,0.0165,,0.125
131,20000,0.0,24,5,0.1429,29.29,0.1429,0.0016156667843461037,0.26042914390563965,0.2556799054145813,0.28786513209342957,-0.08813999593257904,0.02382645010948181,0.3256072700023651,0.000692805158905685,0.005489901639521122,0.9195765852928162,64,0.0494,0.286,3,1,2,3,6,1.0,,,,,,,0.0958484560251236,0.6644989252090454,2.157240867614746,0.0165,,0.125
132,20000,0.0,24,4,0.1429,29.0,0.1429,0.0008589673670940101,0.19752372801303864,0.19461044669151306,0.36412498354911804,-0.0943460464477539,0.04026584327220917,0.37455499172210693,0.0008575969841331244,0.006768729072064161,0.937083899974823,64,0.0566,0.143,2,0,4,2,7,1.0,,,,,,,0.10068047046661377,0.7747172117233276,2.123239755630493,0.01665,,0.125
133,20000,0.0,24,4,0.0,29.75,0.0,0.003068019403144717,0.2275826632976532,0.23722699284553528,0.6106511354446411,-0.09671030938625336,0.06244679540395737,0.578221321105957,0.0010470914421603084,0.008493117056787014,0.9121098518371582,64,0.0308,0.0,1,0,7,1,7,0.429,0.1032,0.4572,0.083,0,43,1,0.10602922737598419,0.6328655481338501,2.035828113555908,0.0165,0.0833,0.125
134,20000,0.0,24,4,0.1,29.8,0.1,0.0017738428432494402,0.17132553458213806,0.1612093597650528,0.5555827021598816,-0.09953807294368744,0.11679793894290924,0.4191165566444397,0.0010046116076409817,0.0048166424967348576,0.6630820631980896,64,0.0919,0.1,1,0,8,1,5,1.0,,,,,,,0.1501142531633377,0.7537492513656616,2.027445077896118,0.0163,,0.125
135,20000,0.0,24,4,0.1111,29.89,0.1111,0.001860717311501503,0.15077602863311768,0.14835402369499207,0.3234097957611084,-0.09408197551965714,0.04411575198173523,0.3264145851135254,0.0008747134706936777,0.005691342055797577,0.9801355600357056,64,0.0445,0.111,0,0,7,1,7,0.429,,,,,,,0.09598872810602188,0.7459718585014343,2.198875904083252,0.01585,,0.125
136,20000,0.0,24,4,0.1429,29.71,0.1429,0.0012787460582330823,0.1694684475660324,0.17461062967777252,0.5589355826377869,-0.09473817050457001,0.13885526359081268,0.3727390170097351,0.0007419121684506536,0.006448414642363787,0.8094286918640137,64,0.0355,0.143,3,0,6,0,6,1.0,,,,,,,0.11704325675964355,0.8754241466522217,2.150986671447754,0.016,,0.125
137,20000,0.0,24,4,0.0,30.0,0.0,0.0018554655835032463,0.20408323407173157,0.2067124843597412,0.31965377926826477,-0.07967521995306015,0.03435765579342842,0.32689380645751953,0.001474277931265533,0.007439811248332262,1.420805811882019,64,0.042,0.0,3,0,8,0,5,0.8,,,,,,,0.056077487766742706,0.6992993354797363,2.1834640502929688,0.0158,,0.125
138,20000,0.0,24,4,0.0,30.0,0.0,0.0015099779702723026,0.197184756398201,0.1978222280740738,0.4299394190311432,-0.0947408601641655,0.05235213786363602,0.4171454608440399,0.0012109923409298062,0.005661053117364645,0.8246423602104187,64,0.0398,0.0,2,0,10,0,4,0.75,,,,,,,0.11488720774650574,0.6426576375961304,2.0815627574920654,0.01555,,0.125
139,20000,0.0,24,3,0.0,30.0,0.0,0.0013862631749361753,0.22358690202236176,0.22279661893844604,0.5563618540763855,-0.0954107940196991,0.06872646510601044,0.5116438269615173,0.0007505904068239033,0.00535180140286684,0.6407058835029602,64,0.0553,0.0,2,0,6,0,8,0.75,,,,,,,0.1489151120185852,0.7130540609359741,1.9076881408691406,0.0155,,0.125
140,20000,0.0,24,3,0.0,30.0,0.0,0.0015997204463928938,0.16769352555274963,0.1674356758594513,0.3848506212234497,-0.09473861008882523,0.04917114973068237,0.37805846333503723,0.0008786299149505794,0.006376935169100761,0.7609824538230896,64,0.0479,0.0,1,0,5,0,10,0.8,0.116,0.5207,0.042,2,46,0,0.12449513375759125,0.711516261100769,2.0723764896392822,0.01555,0.0,0.125
141,20000,0.0,24,3,0.0,29.88,0.0,0.0015125732170417905,0.1894960105419159,0.19291526079177856,0.42426764965057373,-0.09250243008136749,0.07103615254163742,0.3723386228084564,0.0008218826842494309,0.004718326963484287,0.9122329950332642,64,0.0609,0.125,1,1,7,0,7,1.0,,,,,,,0.10140220820903778,0.6598498225212097,2.1230883598327637,0.0156,,0.125
142,20000,0.0,24,3,0.25,29.75,0.25,0.0011494955979287624,0.20758076012134552,0.20132648944854736,0.28590306639671326,-0.09626494348049164,0.026369718834757805,0.3254012167453766,0.001129021286033094,0.008054741658270359,1.1310607194900513,64,0.0571,0.25,3,0,3,0,9,0.778,,,,,,,0.08511032164096832,0.7179077863693237,2.215243339538574,0.01555,,0.125
143,20000,0.0,24,3,0.0,30.0,0.0,0.0013458363246172667,0.18249520659446716,0.18329556286334991,0.4762798547744751,-0.092736154794693,0.0968162938952446,0.3720467686653137,0.0008257210720330477,0.006673325784504414,0.9073864221572876,64,0.0408,0.125,2,1,7,0,6,0.833,,,,,,,0.10220140218734741,0.7875865697860718,2.113398313522339,0.0153,,0.125
144,20000,0.0,24,3,0.0,30.0,0.0,0.0014293824788182974,0.20407627522945404,0.1975601464509964,0.44856297969818115,-0.09856323152780533,0.03695770353078842,0.46948546171188354,0.0009087882936000824,0.007450675126165152,0.726464569568634,64,0.0625,0.0,1,0,7,1,7,1.0,,,,,,,0.13567520678043365,0.7617477178573608,1.9918544292449951,0.0153,,0.125
145,20000,0.0,24,3,0.25,29.75,0.25,0.001346659380942583,0.1716092824935913,0.17323824763298035,0.3984605073928833,-0.08154529333114624,0.05284115672111511,0.37150073051452637,0.0006282998947426677,0.005645497236400843,1.1460853815078735,64,0.0344,0.25,1,0,5,1,7,0.714,,,,,,,0.07115115225315094,0.8397846221923828,2.132322311401367,0.01525,,0.125
146,20000,0.0,24,3,0.0,30.0,0.0,0.0010896599851548672,0.22870349884033203,0.23050618171691895,0.41399696469306946,-0.09463158249855042,0.06121974438428879,0.3817947804927826,0.0008627729839645326,0.008788547478616238,0.7783437371253967,64,0.1022,0.0,3,0,5,0,8,1.0,,,,,,,0.12158070504665375,0.8412162661552429,2.0579309463500977,0.0153,,0.125
147,20000,0.0,24,2,0.1,29.5,0.1,0.0011117281392216682,0.1970316469669342,0.18363279104232788,0.45003458857536316,-0.09863346070051193,0.06404656916856766,0.41831713914871216,0.0007495794561691582,0.0045155189000070095,0.7764685750007629,64,0.0419,0.1,1,0,8,1,5,1.0,0.1038,0.5081,0.104,2,40,3,0.12702828645706177,0.8152515292167664,2.0455968379974365,0.0154,0.0625,0.125
148,20000,0.0,24,2,0.0,30.0,0.0,0.0008692352566868067,0.22667795419692993,0.22609993815422058,0.3478398323059082,-0.0911843478679657,0.03211073949933052,0.3724939823150635,0.000712503504473716,0.004617423750460148,0.6094487905502319,64,0.0364,0.0,2,0,5,1,8,0.75,,,,,,,0.1496177315711975,0.8890976905822754,2.08192777633667,0.0155,,0.125
149,20000,0.0,24,2,0.2222,30.0,0.2222,0.0009108898229897022,0.268139123916626,0.25904059410095215,0.39934661984443665,-0.09213148057460785,0.05782658979296684,0.3730542063713074,0.0007072445005178452,0.0055414652451872826,0.7550480365753174,64,0.0399,0.222,2,0,6,1,5,1.0,,,,,,,0.12202068418264389,0.9374496340751648,2.075226306915283,0.01555,,0.125
150,20000,0.0,24,2,0.2857,28.71,0.2857,0.0018009853083640337,0.16643041372299194,0.16487500071525574,0.47029557824134827,-0.09721656143665314,0.04398079961538315,0.47735828161239624,0.0015696951886639,0.004384537693113089,0.7146264910697937,64,0.0442,0.286,3,0,4,1,6,0.833,,,,,,,0.13603827357292175,0.7405174970626831,2.002796173095703,0.0155,,0.125
151,20000,0.0,24,2,0.1667,29.5,0.1667,0.0017135264351963997,0.22676385939121246,0.22440028190612793,0.4225098490715027,-0.09167918562889099,0.04645919427275658,0.41756895184516907,0.0012373231584206223,0.00740338210016489,1.0694106817245483,64,0.0536,0.167,2,0,3,2,8,0.625,,,,,,,0.08572869747877121,0.7305685877799988,2.064472198486328,0.0155,,0.125
152,20000,0.0,24,2,0.0,30.0,0.0,0.0011502184206619859,0.17001597583293915,0.1722572296857834,0.45147302746772766,-0.09485672414302826,0.06282922625541687,0.4176151156425476,0.0008717117016203701,0.0061123729683458805,1.1391818523406982,64,0.0774,0.0,2,0,7,0,7,1.0,,,,,,,0.08326740562915802,0.7499223947525024,2.05794620513916,0.01545,,0.125
153,20000,0.0,24,2,0.1667,30.0,0.1667,0.0016543326200917363,0.24201570451259613,0.23614276945590973,0.44367745518684387,-0.09066170454025269,0.05410992354154587,0.4223718047142029,0.0008678141166456044,0.007494958583265543,0.8764728903770447,64,0.04,0.333,0,1,3,1,10,0.9,,,,,,,0.10343925654888153,0.9740806818008423,2.0895180702209473,0.0155,,0.125
154,20000,0.0,24,2,0.125,29.88,0.125,0.0009117498993873596,0.21217381954193115,0.21157094836235046,0.3694549798965454,-0.0910712480545044,0.04319522902369499,0.371228963136673,0.0008378515485674143,0.005813620053231716,1.0245016813278198,64,0.0392,0.125,1,0,6,1,7,0.714,0.1093,0.466,0.062,2,44,1,0.08889321982860565,0.7818588018417358,2.1224403381347656,0.01535,0.0208,0.125
155,20000,0.0,24,2,0.3333,28.67,0.3333,0.0010296107502654195,0.20175988972187042,0.20488449931144714,0.3996961712837219,-0.09086185693740845,0.05773510783910751,0.37131673097610474,0.0008497211965732276,0.007542163133621216,1.0960873365402222,64,0.0368,0.333,2,0,3,1,8,1.0,,,,,,,0.08289654552936554,0.8340562582015991,2.1406967639923096,0.01545,,0.125
156,20000,0.0,24,2,0.4,29.6,0.4,0.0012483681784942746,0.2354908138513565,0.23046258091926575,0.6080570220947266,-0.0957232266664505,0.058889638632535934,0.5834993124008179,0.000916987017262727,0.00500336941331625,0.8391545414924622,64,0.0246,0.4,4,0,3,0,7,1.0,,,,,,,0.11407104134559631,0.7553361654281616,2.131897211074829,0.01555,,0.125
157,20000,0.0,24,2,0.4286,30.0,0.4286,0.001876248512417078,0.2425277829170227,0.2434414178133011,0.4192161560058594,-0.09143587946891785,0.044558119028806686,0.41747868061065674,0.0008710496476851404,0.008114238269627094,0.722708523273468,64,0.0304,0.429,1,0,4,0,8,0.75,,,,,,,0.1265183389186859,0.7936463356018066,2.1011533737182617,0.01555,,0.125
158,20000,0.0,24,2,0.0,29.0,0.0,0.0009892507223412395,0.20869898796081543,0.21222153306007385,0.3415389060974121,-0.08862269669771194,0.02767321839928627,0.37180018424987793,0.0007938941125757992,0.006029990967363119,1.147699236869812,64,0.035,0.0,0,0,8,2,6,1.0,,,,,,,0.0772177055478096,0.6628480553627014,2.1038386821746826,0.0154,,0.125
159,20000,0.0,24,2,0.0,28.0,0.0,0.0011704536154866219,0.14242348074913025,0.14345073699951172,0.3936777114868164,-0.09085948765277863,0.05412205308675766,0.3725351095199585,0.0010847237426787615,0.007515973411500454,0.986950695514679,64,0.0857,0.0,3,0,2,1,10,0.8,,,,,,,0.09206081181764603,0.9679061770439148,2.166849374771118,0.0155,,0.125
160,20000,0.0,24,2,0.0,29.33,0.0,0.0011552569922059774,0.24206703901290894,0.2392914891242981,0.48112156987190247,-0.09315343201160431,0.05375515669584274,0.46416768431663513,0.0006404344458132982,0.0051940251141786575,0.6897069811820984,64,0.0614,0.0,4,0,5,1,6,1.0,,,,,,,0.1350623369216919,0.9052872061729431,2.0380964279174805,0.0155,,0.125
161,20000,0.0,24,2,0.1429,30.0,0.1429,0.0013610071036964655,0.19412797689437866,0.19861283898353577,0.6733226180076599,-0.09297509491443634,0.06752941757440567,0.6285911798477173,0.0009317174553871155,0.0052953544072806835,0.7901533842086792,64,0.0507,0.286,0,1,5,0,9,0.778,0.0833,0.5205,0.062,1,43,2,0.11766714602708817,0.7418450117111206,2.0557851791381836,0.0154,0.0417,0.125
162,20000,0.0,24,2,0.1429,29.71,0.1429,0.0032469788566231728,0.18901701271533966,0.19548967480659485,0.40609076619148254,-0.08693235367536545,0.057210590690374374,0.375985324382782,0.0012009108904749155,0.0052332268096506596,1.1560754776000977,64,0.031,0.286,1,1,3,2,8,1.0,,,,,,,0.07519609481096268,0.9511194229125977,2.104435920715332,0.0156,,0.125
163,20000,0.0,24,2,0.0,29.86,0.0,0.0012549891835078597,0.17267584800720215,0.17507372796535492,0.36103910207748413,-0.08121444284915924,0.05280506610870361,0.33373454213142395,0.0009767559822648764,0.005817743483930826,1.3166297674179077,64,0.0663,0.143,2,1,6,0,7,0.857,,,,,,,0.06168358027935028,0.7766395807266235,2.1164941787719727,0.0154,,0.125
164,20000,0.0,24,2,0.0,30.0,0.0,0.0018785014981403947,0.18724653124809265,0.1800622045993805,0.47283288836479187,-0.09661178290843964,0.05570107698440552,0.45529496669769287,0.0010062565561383963,0.00549512542784214,0.7632066607475281,64,0.0522,0.0,3,0,3,0,10,1.0,,,,,,,0.1265866458415985,0.6924983859062195,2.1015982627868652,0.0155,,0.125
165,20000,0.0,24,2,0.1429,29.29,0.1429,0.0014182913582772017,0.2306855171918869,0.22889560461044312,0.31857064366340637,-0.08407025784254074,0.03605876863002777,0.3278734087944031,0.0008730872068554163,0.005299936514347792,1.5916961431503296,64,0.0664,0.286,3,1,4,1,6,0.833,,,,,,,0.05281803384423256,0.7490522265434265,2.157212972640991,0.0155,,0.125
166,20000,0.0,24,2,0.0,30.0,0.0,0.0011986406752839684,0.1676877737045288,0.16130879521369934,0.3871479630470276,-0.08965630829334259,0.0719679594039917,0.3287965655326843,0.0007867647800594568,0.008143520914018154,0.7777107954025269,64,0.0614,0.0,4,0,6,0,6,1.0,,,,,,,0.11528231203556061,0.7969080805778503,2.181971549987793,0.0155,,0.125
167,20000,0.0,24,2,0.0,30.0,0.0,0.0016963556408882141,0.1634160876274109,0.16455776989459991,0.5364847779273987,-0.0894094854593277,0.043109141290187836,0.5369789600372314,0.002426181687042117,0.005394097417593002,0.9072317481040955,64,0.0265,0.0,3,0,4,0,9,0.889,,,,,,,0.09855197370052338,0.7041724920272827,2.1586811542510986,0.0157,,0.125
168,20000,0.0,24,2,0.3333,29.56,0.3333,0.000965871149674058,0.19919054210186005,0.20073488354682922,0.32717081904411316,-0.08582111448049545,0.04046696797013283,0.32929331064224243,0.0009104193304665387,0.005529328249394894,1.1770751476287842,64,0.0398,0.333,3,0,5,1,4,1.0,0.099,0.432,0.0,0,47,1,0.07291047275066376,0.766835629940033,2.1509790420532227,0.0158,0.0,0.125
169,20000,0.0,24,2,0.0,30.0,0.0,0.002912285504862666,0.2006298005580902,0.20917078852653503,0.4553363025188446,-0.09218626469373703,0.06308915466070175,0.41753458976745605,0.0008724344079382718,0.007619338575750589,0.8797275424003601,64,0.0817,0.0,4,0,3,1,8,1.0,,,,,,,0.10478956997394562,0.7809259295463562,2.0686943531036377,0.016,,0.125
170,20000,0.0,24,2,0.1,30.0,0.1,0.0009090175153687596,0.23661242425441742,0.23389679193496704,0.4666801691055298,-0.08974334597587585,0.07604197412729263,0.4008238613605499,0.0006270274170674384,0.0070314654149115086,0.829785943031311,64,0.0439,0.1,0,0,8,1,6,1.0,,,,,,,0.10815241187810898,0.8043045401573181,2.0411345958709717,0.016,,0.125
171,20000,0.0,24,2,0.1429,29.86,0.1429,0.0010085441172122955,0.21133457124233246,0.20749333500862122,0.6187124848365784,-0.08588478714227676,0.13999716937541962,0.4193406105041504,0.0009448829223401845,0.010524594224989414,0.968472957611084,64,0.0492,0.143,3,0,6,0,6,1.0,,,,,,,0.08868063241243362,1.0611350536346436,2.1223831176757812,0.016,,0.125
172,20000,0.0,24,2,0.125,29.88,0.125,0.0012761211255565286,0.22057503461837769,0.21659541130065918,0.326983243227005,-0.09357215464115143,0.0228879414498806,0.37202122807502747,0.0011542340507730842,0.005516617093235254,0.9485383033752441,64,0.069,0.125,1,0,6,1,7,1.0,,,,,,,0.0986487865447998,0.7280224561691284,2.1361536979675293,0.01595,,0.125
173,20000,0.0,24,2,0.0,27.86,0.0,0.0015758156077936292,0.17777439951896667,0.17759135365486145,0.4594085216522217,-0.09518231451511383,0.11226657032966614,0.3258613348007202,0.0007837514858692884,0.008392661809921265,0.8328379988670349,64,0.0552,0.0,4,0,4,3,5,1.0,,,,,,,0.11428671330213547,0.9236623644828796,2.185683250427246,0.01605,,0.125
174,20000,0.0,24,2,0.0,29.88,0.0,0.002171786967664957,0.18106049299240112,0.17603759467601776,0.5260483622550964,-0.09275073558092117,0.07026824355125427,0.47553443908691406,0.001317898859269917,0.005456379149109125,0.7233138680458069,64,0.0286,0.0,1,0,6,2,7,1.0,,,,,,,0.1282302737236023,0.7080299258232117,1.9691046476364136,0.01625,,0.125
175,20000,0.0,24,2,0.0,30.0,0.0,0.000552688492462039,0.229969784617424,0.22953754663467407,0.41900452971458435,-0.09388631582260132,0.09182034432888031,0.3260922431945801,0.0005304069491103292,0.006315826438367367,1.1358517408370972,64,0.0376,0.143,5,1,6,0,4,1.0,0.0978,0.4331,0.021,0,45,2,0.08265718817710876,0.9134525060653687,2.199057102203369,0.01615,0.0208,0.125
176,20000,0.0,24,2,0.1667,29.0,0.1667,0.00107669981662184,0.27021467685699463,0.27367106080055237,0.3120667040348053,-0.09099765121936798,0.03235969692468643,0.33449846506118774,0.0005280081531964242,0.00769296707585454,1.2070599794387817,64,0.0415,0.167,3,0,4,1,7,0.857,,,,,,,0.0753878504037857,0.7002277374267578,2.160977363586426,0.0161,,0.125
177,20000,0.0,24,2,0.0,29.9,0.0,0.002003634814172983,0.14401312172412872,0.1505242884159088,0.4210607707500458,-0.0965401753783226,0.07107922434806824,0.37142202258110046,0.0016455797012895346,0.008040969260036945,0.9690321087837219,64,0.0467,0.0,1,0,9,1,5,0.8,,,,,,,0.099625363945961,0.7796630263328552,2.128338098526001,0.016,,0.125
178,20000,0.0,24,2,0.1667,29.67,0.1667,0.0011871461756527424,0.1719256192445755,0.17166534066200256,0.453511506319046,-0.0899604856967926,0.0680001974105835,0.40530624985694885,0.0007905556703917682,0.004330722615122795,0.8936959505081177,64,0.0713,0.167,4,0,4,1,6,0.833,,,,,,,0.10066118836402893,0.6768841743469238,1.9903255701065063,0.01605,,0.125
179,20000,0.0,24,2,0.1,29.3,0.1,0.0008552627987228334,0.2644253373146057,0.26873674988746643,0.3923743665218353,-0.09041960537433624,0.05432859808206558,0.37176626920700073,0.000719240983016789,0.0047410218976438046,1.0001004934310913,64,0.0398,0.1,2,0,8,1,4,0.75,,,,,,,0.090410515666008,0.753494381904602,2.1243093013763428,0.01595,,0.125
180,20000,0.0,24,2,0.25,28.75,0.25,0.0010363064939156175,0.22101141512393951,0.2201615273952484,0.3023698329925537,-0.08735107630491257,0.024583658203482628,0.33667054772377014,0.0007165747229009867,0.007766066584736109,1.6690800189971924,64,0.0363,0.25,3,0,1,2,9,1.0,,,,,,,0.05233486369252205,0.7588114738464355,2.1706323623657227,0.0161,,0.125
181,20000,0.0,24,2,0.0,30.0,0.0,0.0010954366298392415,0.22578656673431396,0.22531062364578247,0.397858589887619,-0.09028986096382141,0.0571104995906353,0.371421754360199,0.0008993041119538248,0.005011382047086954,1.0782662630081177,64,0.0592,0.0,0,0,6,0,10,1.0,,,,,,,0.08373615145683289,0.6402380466461182,2.145472526550293,0.0164,,0.125
182,20000,0.0,24,2,0.25,30.0,0.25,0.0014278587186709046,0.21021732687950134,0.20363789796829224,0.32544103264808655,-0.09027190506458282,0.035871267318725586,0.33901768922805786,0.0006609658594243228,0.00990542583167553,1.0931196212768555,64,0.057,0.25,5,0,3,0,7,1.0,0.0974,0.464,0.062,0,42,3,0.08258192241191864,0.9267187118530273,2.0978384017944336,0.0166,0.0625,0.125
183,20000,0.0,24,2,0.1429,29.43,0.1429,0.0012544861529022455,0.2009550929069519,0.2004196047782898,0.42082443833351135,-0.09734927117824554,0.0362846702337265,0.4416869580745697,0.0006916836719028652,0.00783484522253275,0.79652339220047,64,0.0399,0.143,2,0,5,1,7,0.857,,,,,,,0.12221771478652954,0.6780619621276855,1.9477007389068604,0.01675,,0.125
184,20000,0.0,24,2,0.1818,28.64,0.1818,0.0011428340803831816,0.20579169690608978,0.21098077297210693,0.4917236566543579,-0.08793596178293228,0.03343814238905907,0.5096377730369568,0.0006017650594003499,0.0062911477871239185,0.8934267163276672,64,0.0617,0.182,2,0,6,3,3,0.667,,,,,,,0.09842549264431,0.7019909620285034,1.9176421165466309,0.01655,,0.125
185,20000,0.0,24,2,0.1667,29.5,0.1667,0.0011378808412700891,0.25925493240356445,0.25582456588745117,0.39109620451927185,-0.0939347892999649,0.04671027511358261,0.3891199827194214,0.0008337731705978513,0.004980925004929304,0.994785487651825,64,0.0407,0.167,1,0,5,0,9,0.778,,,,,,,0.094427190721035,0.8006288409233093,2.0594372749328613,0.0168,,0.125
186,20000,0.0,24,2,0.0,29.4,0.0,0.0018161004409193993,0.23588016629219055,0.2284412533044815,0.44738513231277466,-0.0915064886212349,0.05514046549797058,0.42501139640808105,0.0006760307005606592,0.007198562379926443,0.8387304544448853,64,0.0427,0.0,2,0,3,2,9,0.778,,,,,,,0.10910119116306305,0.7610644102096558,2.0624637603759766,0.017,,0.125
187,20000,0.0,24,2,0.0,30.0,0.0,0.0009591102134436369,0.2196434736251831,0.22200658917427063,0.33312293887138367,-0.08619649708271027,0.0361996665596962,0.3431457579135895,0.000642230617813766,0.0075486632995307446,0.9807971119880676,64,0.0553,0.0,1,0,5,0,10,0.9,,,,,,,0.08788412809371948,0.8034749031066895,2.1413607597351074,0.01715,,0.125
188,20000,0.0,24,2,0.1429,29.71,0.1429,0.00263724522665143,0.2543754577636719,0.2522748112678528,0.502522349357605,-0.09259557723999023,0.10989303886890411,0.3725588917732239,0.0006662650848738849,0.005545889027416706,0.8781563639640808,64,0.0525,0.143,4,0,4,2,5,0.6,,,,,,,0.10544315725564957,0.8677500486373901,2.1187844276428223,0.01695,,0.125
189,20000,0.0,24,2,0.0,30.0,0.0,0.0012514692498371005,0.1967492401599884,0.1957322657108307,0.3974858522415161,-0.08870427310466766,0.03287418931722641,0.41780173778533936,0.001006685895845294,0.005280037876218557,0.9654040336608887,64,0.0417,0.0,4,0,3,0,9,0.778,0.0854,0.4423,0.167,5,33,7,0.09188306331634521,0.7387226819992065,2.037292957305908,0.01705,0.0625,0.125
190,20000,0.0,24,2,0.0,29.5,0.0,0.0014431581366807222,0.2122715711593628,0.2090895026922226,0.41931775212287903,-0.09164685010910034,0.0905492752790451,0.32591578364372253,0.0009419780690222979,0.007900520227849483,1.1221812963485718,64,0.0626,0.0,3,0,8,2,3,0.667,,,,,,,0.08166849613189697,0.695448637008667,2.2053098678588867,0.0167,,0.125
191,20000,0.0,24,2,0.0,28.88,0.0,0.001132360426709056,0.176186203956604,0.16738632321357727,0.38506320118904114,-0.09440472722053528,0.051843494176864624,0.3715156614780426,0.0009742147522047162,0.008530572056770325,1.2195497751235962,64,0.0527,0.0,3,0,7,1,5,1.0,,,,,,,0.07740949094295502,0.6320406198501587,2.12697172164917,0.0167,,0.125
192,20000,0.0,24,2,0.0,29.25,0.0,0.0009396074456162751,0.21524780988693237,0.21331718564033508,0.3559653162956238,-0.09348557889461517,0.035492800176143646,0.3746807873249054,0.0008471675682812929,0.0075689987279474735,0.8610172271728516,64,0.0307,0.0,2,0,5,3,6,0.833,,,,,,,0.108575738966465,0.7489845156669617,2.0731775760650635,0.0166,,0.125
193,20000,0.0,24,2,0.3333,29.67,0.3333,0.0014873025938868523,0.231679767370224,0.2308804988861084,0.41153985261917114,-0.09541748464107513,0.06266027688980103,0.3785172700881958,0.0006580828921869397,0.006239078938961029,0.8379689455032349,64,0.0253,0.333,2,0,4,0,8,0.5,,,,,,,0.11386757344007492,0.9286258220672607,2.1400184631347656,0.01665,,0.125
194,20000,0.0,24,2,0.125,29.0,0.125,0.0016669925535097718,0.1890578269958496,0.1864745318889618,0.36016881465911865,-0.0881703719496727,0.05978818237781525,0.3255898654460907,0.000701110519003123,0.006345944479107857,1.0068104267120361,64,0.053,0.25,2,1,5,1,6,0.833,,,,,,,0.08757396042346954,0.8537889719009399,2.182711362838745,0.0166,,0.125
195,20000,0.0,24,2,0.25,29.75,0.25,0.0007808251539245248,0.1847827136516571,0.18694600462913513,0.3669382929801941,-0.09129374474287033,0.04211711138486862,0.3712907135486603,0.0008965046727098525,0.005414184648543596,0.8909199833869934,64,0.0404,0.25,2,0,4,2,6,1.0,,,,,,,0.10247132927179337,0.8396293520927429,2.150501012802124,0.0167,,0.125
196,20000,0.0,24,2,0.4,29.6,0.4,0.0012215967290103436,0.22384056448936462,0.21921107172966003,0.4037386178970337,-0.08481016755104065,0.056893061846494675,0.3720168471336365,0.0008144237799569964,0.005491624120622873,0.8256582617759705,64,0.0298,0.4,5,0,3,0,6,1.0,0.0882,0.4593,0.083,1,39,5,0.10271824896335602,0.772415816783905,2.12923002243042,0.01685,0.0625,0.125
197,20000,0.0,24,2,0.0,29.0,0.0,0.0011518261162564158,0.22187060117721558,0.21984350681304932,0.4283163547515869,-0.09340285509824753,0.05026352405548096,0.41868749260902405,0.0010878951288759708,0.0050093382596969604,0.8311346173286438,64,0.0448,0.0,3,0,3,1,9,1.0,,,,,,,0.11237993091344833,0.8758599758148193,2.083897113800049,0.01705,,0.125
198,20000,0.0,24,2,0.125,29.88,0.125,0.0008688173838891089,0.19299262762069702,0.19271087646484375,0.3748210668563843,-0.08694467693567276,0.043554872274398804,0.37138378620147705,0.0007679103873670101,0.0065444279462099075,1.1607351303100586,64,0.0337,0.25,2,1,6,0,6,1.0,,,,,,,0.07490483671426773,0.8583924174308777,2.14251971244812,0.017,,0.125
199,20000,0.0,24,2,0.1111,29.89,0.1111,0.0008441116660833359,0.1496087610721588,0.14995084702968597,0.39701908826828003,-0.09552562981843948,0.08152339607477188,0.32589468359947205,0.0009099722956307232,0.007206486538052559,1.0531452894210815,64,0.0486,0.111,1,0,7,1,6,1.0,,,,,,,0.09070508182048798,0.7926911115646362,2.2126550674438477,0.01705,,0.125
200,20000,0.0,24,2,0.0,29.29,0.0,0.0012163850478827953,0.1980084776878357,0.19700780510902405,0.3388977348804474,-0.09277988970279694,0.05157063156366348,0.32610106468200684,0.0007323202444240451,0.004870584234595299,0.8836170434951782,64,0.0519,0.0,3,0,5,2,6,0.833,,,,,,,0.10500012338161469,0.7793350219726562,2.198479652404785,0.01695,,0.125
201,20000,0.0,24,2,0.0,29.83,0.0,0.0013820513850077987,0.18013986945152283,0.18673987686634064,0.442671537399292,-0.08517257869243622,0.052261658012866974,0.4206883907318115,0.0011546090245246887,0.0052648186683654785,0.952666699886322,64,0.0489,0.0,1,0,5,1,9,1.0,,,,,,,0.0894043892621994,0.8631998896598816,2.028517484664917,0.017,,0.125
202,20000,0.0,24,2,0.0,29.71,0.0,0.0008817610796540976,0.23008763790130615,0.2299465835094452,0.41016241908073425,-0.08916808664798737,0.03558763861656189,0.4250043034553528,0.0006084691849537194,0.0063017974607646465,0.9843102693557739,64,0.0386,0.0,2,0,6,1,7,0.714,,,,,,,0.09058940410614014,0.8539257049560547,2.067925453186035,0.0168,,0.125
203,20000,0.0,24,2,0.0,29.62,0.0,0.0017975566443055868,0.23258554935455322,0.22462689876556396,0.4765684902667999,-0.0928332731127739,0.0745600014925003,0.4176156520843506,0.0008043590933084488,0.0053322589956223965,0.9291227459907532,64,0.0628,0.0,1,0,7,1,7,1.0,0.093,0.4751,0.083,1,42,2,0.09991496801376343,0.7817413210868835,2.0328660011291504,0.0168,0.0625,0.125
204,20000,0.0,24,2,0.0,29.88,0.0,0.0011782713700085878,0.22365035116672516,0.22662270069122314,0.43063464760780334,-0.08903437107801437,0.04932006448507309,0.4173879623413086,0.0008197600836865604,0.0072818356566131115,0.934590756893158,64,0.0477,0.0,2,0,7,1,6,0.667,,,,,,,0.09526562690734863,0.8134357333183289,2.028343677520752,0.01645,,0.125
205,20000,0.0,24,2,0.1,29.7,0.1,0.0018758026417344809,0.2039709836244583,0.18933403491973877,0.6231833100318909,-0.0980217307806015,0.06480433791875839,0.5861098766326904,0.0009278387296944857,0.010972945019602776,0.6625561714172363,64,0.0659,0.1,1,0,8,1,5,1.0,,,,,,,0.14794477820396423,0.9542093276977539,1.8919192552566528,0.01625,,0.125
206,20000,0.0,24,2,0.1111,29.67,0.1111,0.0016452032141387463,0.21790143847465515,0.22524310648441315,0.3856211304664612,-0.09548449516296387,0.07263137400150299,0.3324469327926636,0.0006466752383857965,0.006791910622268915,1.2668946981430054,64,0.0344,0.111,1,0,7,1,6,0.833,,,,,,,0.07536893337965012,0.7378882765769958,2.1632158756256104,0.01625,,0.125
207,20000,0.0,24,2,0.0,29.57,0.0,0.001145113492384553,0.2804858088493347,0.28518059849739075,0.28386449813842773,-0.0867566168308258,0.020880773663520813,0.3256053328514099,0.0005469490424729884,0.006508457940071821,1.6744590997695923,64,0.035,0.0,1,0,6,1,8,0.875,,,,,,,0.05181172862648964,0.6498069763183594,2.192082643508911,0.01625,,0.125
208,20000,0.0,24,2,0.2,30.0,0.2,0.0018214443698525429,0.24641670286655426,0.2555882930755615,0.4370153844356537,-0.09388469159603119,0.0317518524825573,0.4640485644340515,0.0006784667493775487,0.006695616990327835,0.7304300665855408,64,0.0327,0.2,1,0,4,0,10,1.0,,,,,,,0.12853342294692993,0.7230151891708374,2.0160179138183594,0.01635,,0.125
209,20000,0.0,24,2,0.125,30.0,0.125,0.001445466186851263,0.22639140486717224,0.2285211682319641,0.34106364846229553,-0.09694848954677582,0.05446886643767357,0.3254997730255127,0.0007420763722620904,0.007149254437536001,1.6547192335128784,64,0.0435,0.125,3,0,7,0,5,1.0,,,,,,,0.058589085936546326,0.7825847864151001,2.1930718421936035,0.0163,,0.125
210,20000,0.0,24,2,0.1667,29.33,0.1667,0.001754422439262271,0.21480964124202728,0.21256886422634125,0.5128191113471985,-0.09550221264362335,0.06732314079999924,0.4707307815551758,0.0007784744375385344,0.005888612940907478,0.55264812707901,64,0.0594,0.167,1,0,4,1,9,0.778,0.0887,0.4683,0.208,5,36,2,0.17280834913253784,0.8909143209457397,1.9699063301086426,0.01635,0.1042,0.125
211,20000,0.0,24,2,0.0,30.0,0.0,0.0011250231182202697,0.16757698357105255,0.16378168761730194,0.3833693563938141,-0.08763894438743591,0.04641491919755936,0.3755408525466919,0.0014308762038126588,0.005275169387459755,1.0077451467514038,64,0.042,0.0,2,0,8,1,5,1.0,,,,,,,0.08696538954973221,0.8667237162590027,2.106839895248413,0.01625,,0.125
212,20000,0.0,24,2,0.1429,29.86,0.1429,0.0007057066541165113,0.20450523495674133,0.20933178067207336,0.3724244236946106,-0.09180153906345367,0.02196057140827179,0.41723424196243286,0.0006412791553884745,0.006141157820820808,1.1218202114105225,64,0.0285,0.143,3,0,6,0,6,0.833,,,,,,,0.08183266222476959,0.7287353277206421,2.049243450164795,0.0161,,0.125
213,20000,0.0,24,2,0.2,29.0,0.2,0.0007542652310803533,0.1942618042230606,0.1970055103302002,0.387056440114975,-0.09013835340738297,0.05159860476851463,0.37158846855163574,0.0005741271306760609,0.004818289075046778,1.4318180084228516,64,0.0202,0.4,3,1,3,0,8,0.875,,,,,,,0.06295377761125565,0.7707793116569519,2.145782232284546,0.01615,,0.125
214,20000,0.0,24,2,0.1,29.9,0.1,0.0011008260771632195,0.18903754651546478,0.18321672081947327,0.32384026050567627,-0.0909092128276825,0.019832046702504158,0.3711301386356354,0.0006956423749215901,0.007910466752946377,1.1012903451919556,64,0.0377,0.2,2,1,8,0,4,0.75,,,,,,,0.08254790306091309,0.660479724407196,2.121964454650879,0.016,,0.125
215,20000,0.0,24,2,0.2,29.8,0.2,0.0014201345620676875,0.18188728392124176,0.18899263441562653,0.3174775540828705,-0.09349194169044495,0.04001088812947273,0.3263911306858063,0.001050739549100399,0.009113197214901447,1.0268800258636475,64,0.0265,0.2,2,0,4,0,9,0.667,,,,,,,0.09104465693235397,0.8006674647331238,2.1665875911712646,0.0159,,0.125
216,20000,0.0,24,2,0.0,29.8,0.0,0.0016115906182676554,0.2041270136833191,0.2083166241645813,0.3483659029006958,-0.089623361825943,0.03157215565443039,0.37140950560569763,0.0005897670635022223,0.006870871875435114,1.0068166255950928,64,0.0452,0.0,3,0,4,1,8,0.875,,,,,,,0.08901657164096832,0.7992721796035767,2.103729724884033,0.01595,,0.125
217,20000,0.0,24,2,0.2,30.0,0.2,0.0010627321898937225,0.20741333067417145,0.21319639682769775,0.3526516258716583,-0.09013473987579346,0.05620599538087845,0.32686710357666016,0.0008145430474542081,0.007014547940343618,0.9265214204788208,64,0.0507,0.2,2,0,4,0,9,0.667,0.0801,0.4166,0.208,2,36,2,0.09728295356035233,0.8473058938980103,2.157705783843994,0.01585,0.1667,0.1667
218,20000,0.0,24,2,0.5,30.0,0.5,0.0006948454538360238,0.21012118458747864,0.21276640892028809,0.44022437930107117,-0.0962093323469162,0.0569523349404335,0.41855305433273315,0.0006042610039003193,0.007951979525387287,0.9189127087593079,64,0.0255,0.5,2,0,1,1,10,0.8,,,,,,,0.10469909757375717,1.0647368431091309,2.0393056869506836,0.01595,,0.1667
219,20000,0.0,24,2,0.1429,29.71,0.1429,0.0017706160433590412,0.1991993635892868,0.19273065030574799,0.4050289988517761,-0.09609748423099518,0.040564775466918945,0.4170125126838684,0.001041930285282433,0.005968788638710976,0.9386640787124634,64,0.0377,0.143,2,0,6,0,7,1.0,,,,,,,0.10237686336040497,0.7476403117179871,2.058408260345459,0.01605,,0.1667
220,20000,0.0,24,2,0.1667,29.0,0.1667,0.0011590836802497506,0.2026127725839615,0.19647660851478577,0.43689125776290894,-0.09735437482595444,0.07893529534339905,0.37307703495025635,0.0006508594960905612,0.006596045568585396,1.1922160387039185,64,0.0682,0.333,2,1,3,1,8,0.875,,,,,,,0.08165833353996277,0.7248689532279968,2.109163522720337,0.01605,,0.1667
221,20000,0.0,24,2,0.25,29.38,0.25,0.0007620604010298848,0.18660078942775726,0.18184436857700348,0.43357184529304504,-0.095500648021698,0.09993522614240646,0.3257003724575043,0.0007953400490805507,0.007003384176641703,1.1962215900421143,64,0.0644,0.25,2,0,5,1,6,0.833,,,,,,,0.07983525097370148,0.6853570938110352,2.188880681991577,0.01615,,0.1667
222,20000,0.0,24,2,0.2,29.8,0.2,0.0007739773136563599,0.2145857810974121,0.21125037968158722,0.4675670564174652,-0.09115622937679291,0.06804484874010086,0.41921669244766235,0.0008020424866117537,0.006833782885223627,1.0806207656860352,64,0.0342,0.2,1,0,2,2,10,0.8,,,,,,,0.0843554362654686,0.7641222476959229,2.0883216857910156,0.01615,,0.1667
223,20000,0.0,24,2,0.0,28.88,0.0,0.0008640935993753374,0.2037850320339203,0.20553329586982727,0.43432387709617615,-0.0966293066740036,0.07740393280982971,0.3726924657821655,0.00042419854435138404,0.006905760616064072,0.7410202026367188,64,0.0352,0.0,5,0,6,2,3,0.667,,,,,,,0.13040035963058472,0.9765021204948425,2.0943715572357178,0.0161,,0.1667
224,20000,0.0,24,2,0.1429,29.71,0.1429,0.001028433907777071,0.22318458557128906,0.22647619247436523,0.447255939245224,-0.09516997635364532,0.03810638189315796,0.4628351926803589,0.0006279152585193515,0.006755879148840904,0.8439597487449646,64,0.0418,0.143,3,0,6,0,6,1.0,0.0751,0.4306,0.25,2,31,5,0.11276601254940033,0.6722301840782166,1.9985897541046143,0.0161,0.2083,0.2083
225,20000,0.0,24,2,0.1111,30.0,0.1111,0.001538088545203209,0.23800939321517944,0.2447291910648346,0.3450317680835724,-0.08731977641582489,0.04112625867128372,0.34713903069496155,0.0009888091590255499,0.0059199766255915165,1.333158254623413,64,0.0648,0.111,2,0,7,1,5,0.8,,,,,,,0.06549842655658722,0.8447389602661133,2.1509804725646973,0.0162,,0.2083
226,20000,0.0,24,2,0.375,29.75,0.375,0.0012614841107279062,0.22312971949577332,0.22336570918560028,0.5527196526527405,-0.09784829616546631,0.04395344480872154,0.559989869594574,0.0009056297712959349,0.0053423610515892506,0.7954573035240173,64,0.0215,0.375,4,0,5,0,4,1.0,,,,,,,0.1230088621377945,0.698833167552948,1.8723716735839844,0.0163,,0.2083
227,20000,0.0,24,2,0.3333,29.83,0.3333,0.001078350585885346,0.2261386662721634,0.22235089540481567,0.5016425251960754,-0.09131789207458496,0.08444845676422119,0.42071905732154846,0.0009159133187495172,0.006688898894935846,0.9043492674827576,64,0.0552,0.333,3,0,4,0,7,1.0,,,,,,,0.10097636282444,0.8150596618652344,2.0618882179260254,0.01645,,0.2083
228,20000,0.0,24,2,0.2,29.0,0.2,0.0009434376261197031,0.22638572752475739,0.2279760241508484,0.42852094769477844,-0.09470460563898087,0.05063661187887192,0.41944900155067444,0.0005585105391219258,0.005006679333746433,0.8796232342720032,64,0.0336,0.2,3,0,3,1,8,0.875,,,,,,,0.10766497254371643,0.8060261607170105,2.066606044769287,0.0165,,0.2083
229,20000,0.0,24,2,0.0,29.44,0.0,0.0007146449061110616,0.2183408886194229,0.21875759959220886,0.3733445703983307,-0.0944160670042038,0.047134920954704285,0.37139540910720825,0.0006901485030539334,0.004190718289464712,0.8456981778144836,64,0.0483,0.111,0,1,6,2,7,0.857,,,,,,,0.1116427481174469,0.6914504766464233,2.1060261726379395,0.0163,,0.2083
230,20000,0.0,24,2,0.25,29.75,0.25,0.0006983126513659954,0.18271517753601074,0.18599629402160645,0.27202174067497253,-0.09164983779191971,0.017538730055093765,0.32560521364212036,0.0007747331983409822,0.005977835040539503,0.909667432308197,64,0.0454,0.25,3,0,3,0,9,0.667,,,,,,,0.10075092315673828,0.7568677663803101,2.169339418411255,0.0162,,0.2083
231,20000,0.0,24,2,0.0,30.0,0.0,0.0012060817098245025,0.24208500981330872,0.24725832045078278,0.38133105635643005,-0.09091921150684357,0.048668794333934784,0.3715825378894806,0.0006598567706532776,0.006660306826233864,0.9566200375556946,64,0.0554,0.0,0,0,7,0,9,0.778,0.0985,0.4693,0.021,1,43,4,0.0950421392917633,0.6846820116043091,2.1122469902038574,0.0161,0.0,0.2083
232,20000,0.0,24,2,0.0,30.0,0.0,0.000825617229565978,0.21021944284439087,0.21937479078769684,0.3347407877445221,-0.09492187947034836,0.027799835428595543,0.3717309236526489,0.0008111146744340658,0.004664120730012655,0.8641176223754883,64,0.0371,0.0,4,0,3,1,8,0.75,,,,,,,0.10984834283590317,0.666404128074646,2.1114256381988525,0.0162,,0.2083
233,20000,0.0,24,2,0.0,29.14,0.0,0.0009013231028802693,0.16935540735721588,0.16515681147575378,0.48323386907577515,-0.09216822683811188,0.07567945122718811,0.4205644726753235,0.0009199175983667374,0.006957405246794224,0.8543142676353455,64,0.0486,0.0,4,0,6,1,5,1.0,,,,,,,0.10788562148809433,0.7157429456710815,2.0371642112731934,0.0161,,0.2083
234,20000,0.0,24,2,0.0,30.0,0.0,0.0014063554117456079,0.19840747117996216,0.20053285360336304,0.3371892273426056,-0.09594488143920898,0.027780696749687195,0.372114896774292,0.0005312057328410447,0.01091564167290926,0.8259254693984985,64,0.0377,0.143,1,1,6,0,8,1.0,,,,,,,0.11616650968790054,0.6140723824501038,2.1458382606506348,0.0162,,0.2083
235,20000,0.0,24,2,0.2,29.6,0.2,0.0022701371926814318,0.2171623408794403,0.214871346950531,0.40414631366729736,-0.09407965838909149,0.061845533549785614,0.37151816487312317,0.0007590939057990909,0.006033472716808319,1.2408676147460938,64,0.0391,0.2,2,0,3,1,9,0.778,,,,,,,0.07581763714551926,0.6489918231964111,2.134573459625244,0.01625,,0.2083
236,20000,0.0,24,2,0.1111,30.0,0.1111,0.000852090073749423,0.2526450455188751,0.25296080112457275,0.327598512172699,-0.09627039730548859,0.047277987003326416,0.32619327306747437,0.000489903031848371,0.006239286623895168,1.135781168937683,64,0.0788,0.111,1,0,8,0,6,1.0,,,,,,,0.08476139605045319,0.751120924949646,2.1802406311035156,0.0162,,0.2083
237,20000,0.0,24,2,0.0,30.0,0.0,0.0009432864608243108,0.20097193121910095,0.20656488835811615,0.4527219235897064,-0.09412535279989243,0.04027336835861206,0.4628254771232605,0.0006341131520457566,0.006950145121663809,0.8298702239990234,64,0.0426,0.0,2,0,5,0,9,0.889,,,,,,,0.11342177540063858,0.782036304473877,2.0213394165039062,0.0162,,0.2083
238,20000,0.0,24,2,0.2857,28.71,0.2857,0.0010609769960865378,0.2522802948951721,0.25804969668388367,0.420118123292923,-0.09673478454351425,0.047819118946790695,0.4173318147659302,0.0007555324700661004,0.007765715476125479,0.7367082834243774,64,0.0375,0.286,2,0,4,1,7,1.0,0.0807,0.4727,0.083,1,44,0,0.13130676746368408,0.713407039642334,2.065153121948242,0.0165,0.0625,0.2083
239,20000,0.0,24,2,0.1429,30.0,0.1429,0.0009080942836590111,0.18905746936798096,0.19691014289855957,0.3512159287929535,-0.094689279794693,0.03473261743783951,0.37114110589027405,0.0007997604552656412,0.010597750544548035,0.9430152773857117,64,0.0387,0.143,2,0,6,0,7,1.0,,,,,,,0.10041117668151855,0.7167958617210388,2.150416851043701,0.01665,,0.2083
240,20000,0.0,24,2,0.1,29.7,0.1,0.001797221484594047,0.2097748965024948,0.21280249953269958,0.4229110777378082,-0.09325005114078522,0.07056833803653717,0.3711085319519043,0.0006676777848042548,0.007831896655261517,1.0639469623565674,64,0.0424,0.1,3,0,8,1,3,0.667,,,,,,,0.08764539659023285,0.7784762382507324,2.132068395614624,0.01655,,0.2083
241,20000,0.0,24,2,0.125,29.38,0.125,0.001333734137006104,0.20508259534835815,0.20052030682563782,0.3985373377799988,-0.09515269845724106,0.03551795706152916,0.420375794172287,0.0008169291540980339,0.0045566619373857975,0.8789767622947693,64,0.0413,0.125,1,0,5,2,7,0.857,,,,,,,0.10825394093990326,0.7178891897201538,2.0221381187438965,0.0166,,0.2083
242,20000,0.0,24,2,0.0,30.0,0.0,0.0007906625978648663,0.171482652425766,0.1693425327539444,0.418029248714447,-0.09769009053707123,0.04711221158504486,0.4187887907028198,0.0006705847335979342,0.005412195809185505,0.8563873171806335,64,0.031,0.0,3,0,2,0,11,0.909,,,,,,,0.11407232284545898,0.8785184621810913,2.020939350128174,0.0168,,0.2083
243,20000,0.0,24,2,0.0,30.0,0.0,0.0012354773934930563,0.15846772491931915,0.15602031350135803,0.33428436517715454,-0.09594675898551941,0.051025621592998505,0.3254143297672272,0.0009424880263395607,0.00553108612075448,1.1512062549591064,64,0.0619,0.0,2,0,7,0,7,0.857,,,,,,,0.08334454894065857,0.8796703219413757,2.1680679321289062,0.01665,,0.2083
244,20000,0.0,24,2,0.375,29.5,0.375,0.000832750869449228,0.21286717057228088,0.21327908337116241,0.39582473039627075,-0.0941045880317688,0.034868065267801285,0.4169697165489197,0.0005213033873587847,0.00644697854295373,0.7321695685386658,64,0.0462,0.5,3,1,3,1,5,1.0,,,,,,,0.1285284161567688,1.0375819206237793,2.092376708984375,0.01665,,0.2083
245,20000,0.0,24,2,0.0,29.83,0.0,0.0008156702388077974,0.21001051366329193,0.20898160338401794,0.36918604373931885,-0.08055072277784348,0.05958334356546402,0.325320303440094,0.0005168517818674445,0.01049956027418375,1.7128546237945557,64,0.0417,0.0,0,0,5,1,10,0.9,0.0813,0.4739,0.104,2,41,2,0.04702718183398247,0.7508654594421387,2.2125051021575928,0.0166,0.0625,0.2083
246,20000,0.0,24,2,0.2,29.8,0.2,0.0022038237657397985,0.2372528612613678,0.24079713225364685,0.4261153042316437,-0.0961090698838234,0.028141558170318604,0.46332883834838867,0.000780001690145582,0.005224794615060091,0.932865560054779,64,0.0313,0.2,2,0,4,0,9,0.778,,,,,,,0.10302563011646271,0.7045771479606628,2.0026042461395264,0.0166,,0.2083
247,20000,0.0,24,2,0.0,30.0,0.0,0.0010054055601358414,0.192296102643013,0.1955198049545288,0.3336745500564575,-0.0936490148305893,0.043755292892456055,0.3357580006122589,0.0006029194337315857,0.00810991507023573,1.3462045192718506,64,0.0373,0.2,1,1,4,0,10,0.9,,,,,,,0.06956522166728973,0.7645201683044434,2.148777484893799,0.01685,,0.2083
248,20000,0.0,24,2,0.25,29.75,0.25,0.0009844923624768853,0.2135811448097229,0.216059148311615,0.4101373553276062,-0.09117291122674942,0.07683685421943665,0.3450848460197449,0.0004718824347946793,0.005103417206555605,0.9944388270378113,64,0.018,0.25,5,0,3,0,7,1.0,,,,,,,0.09168276190757751,0.8336092829704285,2.050325393676758,0.01685,,0.2083
249,20000,0.0,24,2,0.0,30.0,0.0,0.0034474071580916643,0.2689494490623474,0.26216381788253784,0.45654937624931335,-0.09527040272951126,0.03944952040910721,0.4709183871746063,0.0006863194867037237,0.004004716873168945,0.7493814826011658,64,0.0445,0.0,1,0,5,0,10,0.8,,,,,,,0.12713204324245453,0.6744911074638367,1.9663264751434326,0.01695,,0.2083
250,20000,0.0,24,2,0.3333,29.83,0.3333,0.0011064079590141773,0.2608303129673004,0.2640475928783417,0.34066858887672424,-0.0974031537771225,0.05295998603105545,0.3295096158981323,0.0005865103448741138,0.00528428889811039,1.086206316947937,64,0.0393,0.5,5,1,2,1,5,1.0,,,,,,,0.08967279642820358,0.8689907789230347,2.1192755699157715,0.017,,0.2083
251,20000,0.0,24,2,0.0,29.4,0.0,0.0008603980531916022,0.22527042031288147,0.23049591481685638,0.36497125029563904,-0.08925510942935944,0.025083765387535095,0.4019715189933777,0.000661304744426161,0.004174677189439535,1.1868785619735718,64,0.0538,0.0,3,0,3,2,8,0.5,,,,,,,0.07520155608654022,0.6614417433738708,2.0152716636657715,0.01695,,0.2083
252,20000,0.0,24,2,0.0,30.0,0.0,0.001174473436549306,0.20631279051303864,0.21127642691135406,0.3684074878692627,-0.0943387970328331,0.059263866394758224,0.34121525287628174,0.0006689509027637541,0.006006594281643629,0.9581096768379211,64,0.0344,0.0,3,0,4,0,9,0.667,0.0772,0.4069,0.125,2,40,2,0.09846347570419312,0.9805309176445007,2.0929131507873535,0.01705,0.0833,0.2083
253,20000,0.0,24,2,0.25,29.75,0.25,0.0010547792771831155,0.156259685754776,0.14904765784740448,0.4441106617450714,-0.09669366478919983,0.06036028265953064,0.417141854763031,0.0006190723506733775,0.005883809179067612,0.6591164469718933,64,0.0339,0.25,2,0,3,0,10,1.0,,,,,,,0.14670194685459137,0.8275501132011414,2.0701563358306885,0.01735,,0.2083
254,20000,0.0,24,2,0.1429,30.0,0.1429,0.0018700918881222606,0.21285481750965118,0.21136194467544556,0.32942134141921997,-0.0984913557767868,0.026524562388658524,0.3712892532348633,0.0005349696148186922,0.007148646749556065,0.8349904417991638,64,0.0732,0.143,3,0,5,1,6,0.833,,,,,,,0.11795507371425629,0.7056438326835632,2.1412501335144043,0.0174,,0.2083
255,20000,0.0,24,2,0.125,29.88,0.125,0.0011491937329992652,0.20596003532409668,0.21132606267929077,0.36527514457702637,-0.08730626851320267,0.02621624618768692,0.39758390188217163,0.0008944798610173166,0.005130036734044552,0.9166877865791321,64,0.0311,0.125,2,0,7,0,6,0.667,,,,,,,0.0952410101890564,0.7127537727355957,2.0674378871917725,0.01735,,0.2083
256,20000,0.0,24,2,0.0,29.8,0.0,0.0010707543697208166,0.20668438076972961,0.2143004685640335,0.49889227747917175,-0.0875365287065506,0.08268196880817413,0.4173316955566406,0.0010166127467527986,0.007466367445886135,0.8416796922683716,64,0.0725,0.0,2,0,4,1,9,1.0,,,,,,,0.10400218516588211,0.7182133197784424,2.066226005554199,0.01735,,0.2083
257,20000,0.0,24,2,0.1111,29.56,0.1111,0.0008811080479063094,0.23149408400058746,0.22758829593658447,0.3980812430381775,-0.09441453963518143,0.03637450188398361,0.4168451428413391,0.0005852059694007039,0.00580326234921813,0.7953172922134399,64,0.0373,0.111,3,0,7,1,4,0.75,,,,,,,0.11871304363012314,0.7821418046951294,2.040882110595703,0.0171,,0.2083
258,20000,0.0,24,2,0.0,30.0,0.0,0.000874173769261688,0.20258210599422455,0.20407018065452576,0.5628111958503723,-0.09142419695854187,0.1392802745103836,0.37207889556884766,0.0007679552072659135,0.007191898301243782,1.0334912538528442,64,0.0544,0.0,2,0,6,0,8,1.0,,,,,,,0.08846151828765869,0.9474837779998779,2.0930466651916504,0.0172,,0.2083
259,20000,0.0,24,2,0.0,29.71,0.0,0.0012016571126878262,0.19030535221099854,0.18669499456882477,0.41930100321769714,-0.0961044430732727,0.047169726341962814,0.4192097783088684,0.0005784995155408978,0.003712431527674198,0.9063825607299805,64,0.0338,0.0,1,0,6,1,8,1.0,0.0736,0.4332,0.208,4,32,6,0.10603077709674835,0.7801362872123718,2.071232795715332,0.0172,0.125,0.2083
260,20000,0.0,24,2,0.25,28.5,0.25,0.0013513979502022266,0.21931228041648865,0.21135085821151733,0.3935728371143341,-0.09796246886253357,0.03464948385953903,0.41979092359542847,0.0005922963027842343,0.004890835378319025,0.6575674414634705,64,0.0311,0.25,1,0,2,1,11,1.0,,,,,,,0.14897707104682922,0.7608884572982788,2.016002655029297,0.01755,,0.2083
261,20000,0.0,24,2,0.2,29.6,0.2,0.001040496863424778,0.2632046043872833,0.2639685273170471,0.26349523663520813,-0.09491539001464844,0.015217076987028122,0.32558536529541016,0.0008605134789831936,0.004782228730618954,1.193368911743164,64,0.0341,0.2,1,0,3,1,10,0.7,,,,,,,0.07953566312789917,0.650597095489502,2.1659889221191406,0.0175,,0.2083
262,20000,0.0,24,2,0.4,29.6,0.4,0.0008631055825389922,0.2307349145412445,0.22903382778167725,0.31799280643463135,-0.0926348865032196,0.018464913591742516,0.3712090253829956,0.000457424990599975,0.004977676551789045,0.8500949740409851,64,0.0513,0.6,0,1,2,0,11,0.818,,,,,,,0.108970046043396,0.786106288433075,2.150407314300537,0.01775,,0.2083
263,20000,0.0,24,2,0.1667,29.83,0.1667,0.001135107479058206,0.20940200984477997,0.20715756714344025,0.28478753566741943,-0.09067924320697784,0.02301761321723461,0.32567161321640015,0.0005618760478682816,0.007519879378378391,1.5980051755905151,64,0.0432,0.167,1,0,5,0,9,1.0,,,,,,,0.05674527585506439,0.7009363174438477,2.1874327659606934,0.0179,,0.2083
264,20000,0.0,24,2,0.25,29.75,0.25,0.0008474681526422501,0.20103439688682556,0.1993408501148224,0.5307262539863586,-0.09407959878444672,0.0698704943060875,0.4816352128982544,0.0008677697042003274,0.0068592773750424385,0.8446292877197266,64,0.0472,0.25,1,0,5,1,7,1.0,,,,,,,0.11138566583395004,0.8623434901237488,1.9194402694702148,0.018,,0.2083
265,20000,0.0,24,2,0.0,30.0,0.0,0.0009501131717115641,0.2708476483821869,0.2671060860157013,0.36831656098365784,-0.0904148668050766,0.042051419615745544,0.3711721897125244,0.0006377173704095185,0.006912746466696262,1.0927609205245972,64,0.0472,0.0,3,0,4,2,7,0.857,,,,,,,0.08273984491825104,0.79899662733078,2.1574878692626953,0.01795,,0.2083
266,20000,0.0,24,2,0.1429,29.86,0.1429,0.0010963139357045293,0.21659044921398163,0.21188290417194366,0.6308803558349609,-0.09377974271774292,0.08472582697868347,0.551703929901123,0.0009651142754592001,0.007008973974734545,0.9933170676231384,64,0.0442,0.143,1,0,6,0,8,0.875,0.0778,0.3844,0.125,3,39,3,0.09441068023443222,0.7313454151153564,2.0289220809936523,0.0178,0.0625,0.2083
267,20000,0.0,24,2,0.125,29.38,0.125,0.0010680127888917923,0.17937256395816803,0.17708928883075714,0.4696148931980133,-0.09440645575523376,0.04869452118873596,0.46344342827796936,0.0010965438559651375,0.006377784069627523,0.8818365335464478,64,0.0343,0.125,0,0,6,1,8,0.875,,,,,,,0.1070566475391388,0.7235977053642273,2.010385036468506,0.0178,,0.2083
268,20000,0.0,24,2,0.1111,29.67,0.1111,0.0008843006798997521,0.21634960174560547,0.21788333356380463,0.4295801520347595,-0.0920431986451149,0.050516560673713684,0.4178185760974884,0.0005218416335992515,0.005543273873627186,1.0664986371994019,64,0.0577,0.222,1,1,6,1,6,0.833,,,,,,,0.08630409091711044,0.773444652557373,2.05220365524292,0.01765,,0.2083
269,20000,0.0,24,2,0.0,28.8,0.0,0.0013181885005906224,0.24348323047161102,0.2391083538532257,0.42310643196105957,-0.08781999349594116,0.02305535227060318,0.46259230375289917,0.0007155891507863998,0.00444683525711298,0.8229327201843262,64,0.0631,0.0,4,0,4,1,7,1.0,,,,,,,0.10671588778495789,0.6812500953674316,1.9665374755859375,0.01775,,0.2083
270,20000,0.0,24,2,0.1667,29.67,0.1667,0.0012087833601981401,0.21658609807491302,0.21696150302886963,0.3809322416782379,-0.09676066786050797,0.07452604174613953,0.32649359107017517,0.001027020625770092,0.004294460639357567,1.0038918256759644,64,0.0342,0.167,2,0,5,0,8,0.875,,,,,,,0.09638554602861404,0.8214003443717957,2.1770918369293213,0.0177,,0.2083
271,20000,0.0,24,2,0.0,30.0,0.0,0.0007776355487294495,0.1970813274383545,0.19573849439620972,0.38579705357551575,-0.08496922254562378,0.04818475991487503,0.371511846780777,0.0005959674017503858,0.005769812501966953,1.0175451040267944,64,0.0447,0.167,1,1,5,0,9,0.889,,,,,,,0.08350414037704468,0.7206149101257324,2.1140215396881104,0.0178,,0.2083
272,20000,0.0,24,2,0.25,30.0,0.25,0.0019277918618172407,0.22220087051391602,0.21763841807842255,0.34792548418045044,-0.09052933007478714,0.05464925616979599,0.32623475790023804,0.0009038936696015298,0.005843078251928091,0.9203799366950989,64,0.0392,0.25,2,0,3,0,10,0.9,,,,,,,0.09836083650588989,0.8108022212982178,2.1757614612579346,0.018,,0.2083
273,20000,0.0,24,2,0.1429,29.86,0.1429,0.0012196034658700228,0.24175451695919037,0.23906180262565613,0.33607786893844604,-0.09225417673587799,0.027095168828964233,0.37173473834991455,0.0005716216983273625,0.004813879728317261,1.2263343334197998,64,0.0349,0.143,1,0,6,0,8,1.0,0.081,0.3242,0.25,5,34,2,0.07522758841514587,0.737483024597168,2.1413917541503906,0.0181,0.1458,0.2083
274,20000,0.0,24,2,0.2222,28.78,0.2222,0.001015472342260182,0.21821409463882446,0.2147001028060913,0.4670473635196686,-0.09522488713264465,0.036726102232933044,0.4861549735069275,0.0009133928688243032,0.005330126266926527,0.7234703898429871,64,0.0435,0.333,3,1,5,1,4,0.75,,,,,,,0.13162237405776978,0.7850248217582703,1.977289080619812,0.01785,,0.2083
275,20000,0.0,24,2,0.1429,30.0,0.1429,0.0010972385061904788,0.18592797219753265,0.1835046410560608,0.40694743394851685,-0.09640124440193176,0.06470086425542831,0.37156039476394653,0.0007964758551679552,0.004773118998855352,0.8797027468681335,64,0.0776,0.143,2,0,6,0,7,1.0,,,,,,,0.10958388447761536,0.7175804376602173,2.139371871948242,0.0179,,0.2083
276,20000,0.0,24,2,0.3333,30.0,0.3333,0.0006118955789133906,0.23306363821029663,0.23690928518772125,0.3995404541492462,-0.09379254281520844,0.03741627186536789,0.4169989228248596,0.0003748714807443321,0.0030030792113393545,0.6429320573806763,64,0.023,0.333,2,0,4,0,8,0.75,,,,,,,0.1458825170993805,0.6671740412712097,2.0718088150024414,0.01795,,0.2083
277,20000,0.0,24,2,0.0,29.2,0.0,0.0009032129310071468,0.22457048296928406,0.22785672545433044,0.3671462833881378,-0.09736098349094391,0.045023538172245026,0.3719941973686218,0.0006797758978791535,0.0049319821409881115,0.8844152688980103,64,0.0606,0.0,3,0,4,1,8,0.625,,,,,,,0.1100851520895958,0.7328676581382751,2.075978994369507,0.018,,0.2083
278,20000,0.0,24,2,0.25,29.75,0.25,0.0036410579923540354,0.22976745665073395,0.22186829149723053,0.3573664128780365,-0.09297899901866913,0.036590561270713806,0.3728061616420746,0.0007795183337293565,0.008716289885342121,0.9983342289924622,64,0.0499,0.25,1,0,3,0,11,0.909,,,,,,,0.09313414245843887,0.9188895225524902,2.073660373687744,0.0181,,0.2083
279,20000,0.0,24,2,0.0,30.0,0.0,0.0011242202017456293,0.21483513712882996,0.21624484658241272,0.45464351773262024,-0.09218446165323257,0.021811593323946,0.49916547536849976,0.0005891759064979851,0.008078617975115776,0.9506910443305969,64,0.0537,0.0,1,0,6,0,9,1.0,,,,,,,0.0969657450914383,0.6598950624465942,2.1855034828186035,0.01825,,0.2083
280,20000,0.0,24,2,0.375,29.88,0.375,0.0007747708586975932,0.2116808146238327,0.20817890763282776,0.42312461137771606,-0.09432061016559601,0.09407385438680649,0.3261275291442871,0.0004988380242139101,0.006339965853840113,1.148950457572937,64,0.0386,0.375,1,0,5,0,7,0.857,0.079,0.3464,0.104,2,36,7,0.08209284394979477,0.7537564039230347,2.2080461978912354,0.01835,0.0625,0.2083
281,20000,0.0,24,2,0.3,30.0,0.3,0.00099011545535177,0.1844571828842163,0.1882612705230713,0.43662819266319275,-0.0977221429347992,0.033243365585803986,0.46505415439605713,0.0006003452581353486,0.005618881434202194,0.6934140920639038,64,0.0418,0.3,0,0,6,1,6,0.667,,,,,,,0.1409289836883545,0.8045289516448975,1.9598596096038818,0.0183,,0.2083
282,20000,0.0,24,2,0.0,28.57,0.0,0.0011614764807745814,0.20322588086128235,0.1955239474773407,0.32976406812667847,-0.09781394898891449,0.026256095618009567,0.37138015031814575,0.000560480635613203,0.007371379993855953,0.8308174014091492,64,0.0551,0.0,2,0,4,3,7,1.0,,,,,,,0.11773218959569931,0.7093160152435303,2.1349480152130127,0.01825,,0.2083
283,20000,0.0,24,2,0.0,29.4,0.0,0.0026535324286669493,0.20546455681324005,0.21824584901332855,0.36679092049598694,-0.093006931245327,0.02015402540564537,0.417049378156662,0.000931616232264787,0.004880857188254595,0.9985112547874451,64,0.0316,0.0,3,0,7,3,3,1.0,,,,,,,0.09314560145139694,0.6765701174736023,2.074850559234619,0.01805,,0.2083
284,20000,0.0,24,2,0.0,30.0,0.0,0.0008693891577422619,0.21578197181224823,0.21460551023483276,0.3721082806587219,-0.09430766850709915,0.04640098661184311,0.3714764714241028,0.0008748333202674985,0.004275005776435137,0.8683748245239258,64,0.0393,0.0,3,0,5,1,7,0.857,,,,,,,0.10860248655080795,0.7976276278495789,2.133946418762207,0.018,,0.2083
285,20000,0.0,24,2,0.3333,28.83,0.3333,0.0007261490682139993,0.2304263412952423,0.2308243364095688,0.39363518357276917,-0.09618699550628662,0.011224462650716305,0.46428385376930237,0.0004685159947257489,0.0061787948943674564,0.8670016527175903,64,0.0397,0.5,2,1,2,1,8,0.75,,,,,,,0.11094211041927338,0.634971022605896,1.993186593055725,0.01795,,0.2083
286,20000,0.0,24,2,0.25,30.0,0.25,0.0007905443198978901,0.18991222977638245,0.1838686615228653,0.36204108595848083,-0.09448036551475525,0.018723057582974434,0.4173637628555298,0.0008052860503084958,0.003423136193305254,0.8978519439697266,64,0.0356,0.25,2,0,6,0,6,0.833,,,,,,,0.10522933304309845,0.6966673135757446,2.0185954570770264,0.01785,,0.2083
287,20000,0.0,24,2,0.1,30.0,0.1,0.0029606411699205637,0.21345755457878113,0.2134394645690918,0.4080108106136322,-0.09668658673763275,0.04211650788784027,0.4169084131717682,0.00043599141645245254,0.007111985702067614,1.2188266515731812,64,0.0278,0.1,2,0,9,0,4,1.0,0.0785,0.3689,0.188,4,38,1,0.07932759821414948,0.6997770071029663,2.0218167304992676,0.01795,0.1042,0.2083
288,20000,0.0,24,2,0.1429,29.43,0.1429,0.0005608326173387468,0.19844871759414673,0.19933074712753296,0.3561478853225708,-0.09560952335596085,0.04949698969721794,0.34812337160110474,0.0004302320594433695,0.009280086494982243,0.8558400273323059,64,0.0449,0.143,1,0,5,1,8,0.875,,,,,,,0.11171424388885498,0.6610400080680847,2.1714372634887695,0.018,,0.2083
289,20000,0.0,24,2,0.0,30.0,0.0,0.0011483868584036827,0.20148155093193054,0.20331072807312012,0.5780551433563232,-0.0942949652671814,0.057115525007247925,0.5549994111061096,0.0006780060357414186,0.006239240523427725,0.7361468076705933,64,0.0507,0.0,2,0,7,0,7,1.0,,,,,,,0.12809260189533234,0.6785596609115601,1.8048059940338135,0.01785,,0.2083
290,20000,0.0,24,2,0.1429,29.57,0.1429,0.0008645659545436502,0.2182932198047638,0.21285593509674072,0.3614085018634796,-0.09758251905441284,0.01867632567882538,0.4186408817768097,0.0006514432025142014,0.005994951818138361,0.721613883972168,64,0.0331,0.143,4,0,6,0,5,1.0,,,,,,,0.13522815704345703,0.7311574220657349,2.091036319732666,0.0179,,0.2083
291,20000,0.0,24,2,0.0,30.0,0.0,0.000673197559081018,0.20273226499557495,0.20144236087799072,0.38585054874420166,-0.09230656176805496,0.02916121482849121,0.4174650311470032,0.0005944997537881136,0.0047392770648002625,0.7865417003631592,64,0.0325,0.0,4,0,8,0,4,0.75,,,,,,,0.11735748499631882,0.7830957770347595,2.082951545715332,0.0177,,0.2083
292,20000,0.0,24,2,0.125,30.0,0.125,0.0008251563413068652,0.17544227838516235,0.17098373174667358,0.3923008441925049,-0.09827352315187454,0.08098854124546051,0.3258722126483917,0.000558321422431618,0.0054501378908753395,0.7876192927360535,64,0.0334,0.125,3,0,7,0,5,1.0,,,,,,,0.12477286905050278,0.9008886218070984,2.2099766731262207,0.01765,,0.2083
293,20000,0.0,24,2,0.0,30.0,0.0,0.001490893424488604,0.23488977551460266,0.24001452326774597,0.31466567516326904,-0.09221817553043365,0.03823951631784439,0.32715630531311035,0.0004943992826156318,0.006497051566839218,1.1369402408599854,64,0.051,0.0,1,0,6,1,8,0.75,,,,,,,0.08111083507537842,0.7962545156478882,2.1277027130126953,0.0175,,0.2083
294,20000,0.0,24,2,0.4,28.6,0.4,0.0008875750354491174,0.15380845963954926,0.15082986652851105,0.3376603424549103,-0.09029653668403625,0.0267907977104187,0.3710739016532898,0.0008326264214701951,0.006602776236832142,1.6516155004501343,64,0.0416,0.4,2,0,1,2,9,0.889,0.0935,0.3735,0.083,4,39,5,0.054671645164489746,0.7632142901420593,2.110811710357666,0.0176,0.0,0.2083
295,20000,0.0,24,2,0.0,30.0,0.0,0.0012601269409060478,0.16504235565662384,0.15443724393844604,0.3259327709674835,-0.0925518199801445,0.021585887297987938,0.37139445543289185,0.0007261248538270593,0.007836719043552876,1.2175902128219604,64,0.0328,0.0,1,0,7,1,7,0.857,,,,,,,0.07601229846477509,0.766656756401062,2.1293835639953613,0.0174,,0.2083
296,20000,0.0,24,2,0.0,30.0,0.0,0.0016886438243091106,0.15600274503231049,0.15004688501358032,0.337485671043396,-0.08975636959075928,0.02638525329530239,0.3711387515068054,0.000692518544383347,0.006665597204118967,1.1841439008712769,64,0.0498,0.0,1,0,6,2,7,0.714,,,,,,,0.07579853385686874,0.7631081342697144,2.1534976959228516,0.01725,,0.2083
297,20000,0.0,24,2,0.1429,30.0,0.1429,0.0010313020320609212,0.20047129690647125,0.19894826412200928,0.32428035140037537,-0.09576468169689178,0.023361962288618088,0.37122052907943726,0.0010072790319100022,0.004201144445687532,1.3663219213485718,64,0.0493,0.143,0,0,6,0,9,0.778,,,,,,,0.07008939981460571,0.6514661908149719,2.126004934310913,0.0172,,0.2083
298,20000,0.0,24,2,0.125,29.38,0.125,0.001293764216825366,0.19726897776126862,0.19512933492660522,0.4369332492351532,-0.0957595556974411,0.09956276416778564,0.3303627371788025,0.0011994380038231611,0.006409136578440666,1.5411947965621948,64,0.0457,0.125,1,0,6,1,7,1.0,,,,,,,0.06213332340121269,0.7628235220909119,2.169747829437256,0.01735,,0.2083
299,20000,0.0,24,2,0.4,29.8,0.4,0.000809789402410388,0.17482134699821472,0.17455065250396729,0.41747140884399414,-0.09531326591968536,0.059816837310791016,0.39130598306655884,0.0005440373788587749,0.0036900341510772705,0.7684804201126099,64,0.0314,0.4,2,0,2,1,9,0.778,,,,,,,0.12402822077274323,0.7280738353729248,2.0843138694763184,0.01735,,0.2083
300,20000,0.0,24,2,0.125,29.25,0.125,0.000568907824344933,0.21557429432868958,0.2128811925649643,0.7663254141807556,-0.09650232642889023,0.06112890690565109,0.7371987104415894,0.000491440121550113,0.006742507219314575,0.7682485580444336,64,0.0393,0.125,1,0,6,1,7,0.857,,,,,,,0.12561342120170593,0.8450908064842224,2.013253927230835,0.0173,,0.2083
301,20000,0.0,24,2,0.0,29.88,0.0,0.0006006324547342956,0.20333179831504822,0.20280161499977112,0.3966706693172455,-0.09544110298156738,0.03549649566411972,0.41891926527023315,0.0005192473763599992,0.004399010445922613,0.8140028119087219,64,0.039,0.0,2,0,7,1,6,1.0,0.0904,0.4357,0.062,2,40,5,0.11724911630153656,0.8215687274932861,2.096419334411621,0.01725,0.0208,0.2083
302,20000,0.0,24,2,0.125,29.25,0.125,0.0008266622899100184,0.23000118136405945,0.22544297575950623,0.32814082503318787,-0.09383263438940048,0.02360622212290764,0.37140053510665894,0.00044348195660859346,0.0067209661938250065,1.296008825302124,64,0.0404,0.125,3,0,5,2,5,0.2,,,,,,,0.07240123301744461,0.754265546798706,2.170018196105957,0.01705,,0.2083
303,20000,0.0,24,2,0.3333,29.67,0.3333,0.001036287983879447,0.20351116359233856,0.20435625314712524,0.39375898241996765,-0.09143301099538803,0.05567589029669762,0.3714028000831604,0.0004974837647750974,0.0048748510889709,0.8958274126052856,64,0.0361,0.333,3,0,2,0,10,0.8,,,,,,,0.10206543654203415,0.7875752449035645,2.136798858642578,0.0171,,0.2083
304,20000,0.0,24,2,0.0,29.6,0.0,0.0007655738736502826,0.2017105221748352,0.20075035095214844,0.3720344603061676,-0.09635496139526367,0.02045663818717003,0.42565903067588806,0.0008548191981390119,0.0036342372186481953,0.9126691222190857,64,0.0412,0.0,1,0,4,1,10,1.0,,,,,,,0.10557492077350616,0.7441954612731934,2.021066665649414,0.01735,,0.2083
305,20000,0.0,24,2,0.0,30.0,0.0,0.0007224706932902336,0.17346397042274475,0.1677079051733017,0.3336378335952759,-0.09426627308130264,0.027158362790942192,0.37132298946380615,0.0005909414612688124,0.004528763238340616,0.8648102879524231,64,0.0566,0.0,3,0,5,0,8,0.875,,,,,,,0.1090022549033165,0.9329201579093933,2.1474127769470215,0.0173,,0.2083
306,20000,0.0,24,2,0.1111,29.56,0.1111,0.000666711712256074,0.20425403118133545,0.19139599800109863,0.4352095425128937,-0.08985932171344757,0.052617188543081284,0.4176889657974243,0.0006791148916818202,0.004291072487831116,0.8686319589614868,64,0.0459,0.111,2,0,7,1,5,1.0,,,,,,,0.103449247777462,0.8562315702438354,2.0499095916748047,0.0172,,0.2083
307,20000,0.0,24,2,0.3333,30.0,0.3333,0.0014292682753875852,0.2382834255695343,0.24511626362800598,0.46469080448150635,-0.09414598345756531,0.07358358800411224,0.40919333696365356,0.0007143156253732741,0.004952562507241964,0.8370169997215271,64,0.0421,0.333,2,0,4,0,8,0.875,,,,,,,0.11247798800468445,0.8498629331588745,2.0022106170654297,0.0172,,0.2083
308,20000,0.0,24,2,0.2,29.4,0.2,0.0008381153456866741,0.17476817965507507,0.1694173812866211,0.3472065031528473,-0.09433692693710327,0.03388863801956177,0.3716585040092468,0.0007794414996169508,0.004215326625853777,1.0188530683517456,64,0.0384,0.2,3,0,5,3,3,0.667,0.0871,0.3915,0.083,3,39,5,0.0925913006067276,0.7601749897003174,2.1234352588653564,0.01695,0.0208,0.2083
309,20000,0.0,24,2,0.0,30.0,0.0,0.0010026501258835196,0.19803176820278168,0.1888962984085083,0.38074928522109985,-0.09394337236881256,0.049441464245319366,0.3724172115325928,0.000633586139883846,0.006785014644265175,0.8797117471694946,64,0.0403,0.0,2,0,3,0,11,0.818,,,,,,,0.10678881406784058,0.7620596289634705,2.1160526275634766,0.0169,,0.2083
310,20000,0.0,24,2,0.0,29.83,0.0,0.0007575526251457632,0.22441354393959045,0.21559354662895203,0.2708815038204193,-0.09328489005565643,0.015727145597338676,0.3301079273223877,0.0008387247216887772,0.005208383779972792,0.9880976676940918,64,0.0431,0.0,2,0,4,2,8,0.75,,,,,,,0.09440857172012329,0.6713371276855469,2.169820547103882,0.0167,,0.2083
311,20000,0.0,24,2,0.1667,29.0,0.1667,0.0005736916209571064,0.2176806628704071,0.22072173655033112,0.4312754273414612,-0.09093710780143738,0.07356332242488861,0.37166154384613037,0.0006152396090328693,0.006848696619272232,1.320184588432312,64,0.0457,0.167,3,0,4,1,7,1.0,,,,,,,0.06888212263584137,0.8135849833488464,2.1545920372009277,0.0167,,0.2083
312,20000,0.0,24,2,0.0,28.88,0.0,0.001464287401176989,0.17983092367649078,0.18431797623634338,0.3657532036304474,-0.09726200997829437,0.02158934995532036,0.4168195128440857,0.0007183311972767115,0.006034033838659525,0.8020667433738708,64,0.0309,0.0,1,0,4,4,7,1.0,,,,,,,0.12126423418521881,0.6675475835800171,2.0757243633270264,0.01675,,0.2083
313,20000,0.0,24,2,0.1667,30.0,0.1667,0.000868382747285068,0.2318127304315567,0.22950807213783264,0.5815678834915161,-0.09392315149307251,0.04611734673380852,0.580628514289856,0.0009065002668648958,0.005255651194602251,0.9391271471977234,64,0.0298,0.167,4,0,5,0,6,1.0,,,,,,,0.10001110285520554,0.8121354579925537,1.987955927848816,0.01685,,0.2083
314,20000,0.0,24,2,0.0,29.88,0.0,0.0010689339833334088,0.2024225890636444,0.20148250460624695,0.37966397404670715,-0.09278377890586853,0.04935562610626221,0.37127652764320374,0.000506776210386306,0.004919955972582102,1.1279782056808472,64,0.0467,0.0,2,0,7,1,6,0.667,,,,,,,0.08225671201944351,0.6512567400932312,2.1219329833984375,0.0167,,0.2083
315,20000,0.0,24,2,0.0,29.8,0.0,0.0008124603191390634,0.14564812183380127,0.15057848393917084,0.3516327738761902,-0.09379777312278748,0.03595512732863426,0.3710583448410034,0.0007979549118317664,0.004923907574266195,1.0067399740219116,64,0.0572,0.0,1,0,8,2,5,1.0,0.0781,0.461,0.125,4,37,5,0.09316980838775635,0.8127948641777039,2.130568742752075,0.01655,0.0417,0.2083
316,20000,0.0,24,2,0.1,29.6,0.1,0.001055353437550366,0.20664331316947937,0.20304983854293823,0.46571406722068787,-0.08644022047519684,0.04359213635325432,0.4627392888069153,0.0005723379435949028,0.004461480770260096,0.947819709777832,64,0.0395,0.1,2,0,8,1,4,1.0,,,,,,,0.09119901061058044,0.7024140357971191,2.0005316734313965,0.01635,,0.2083
317,20000,0.0,24,2,0.2857,29.0,0.2857,0.0009150909609161317,0.2256670594215393,0.22074303030967712,0.4155411720275879,-0.0971347987651825,0.04684977978467941,0.4167904853820801,0.0005819582147523761,0.004371909890323877,0.7613579630851746,64,0.0496,0.286,1,0,4,1,8,0.875,,,,,,,0.12758098542690277,0.7976857423782349,2.061309576034546,0.01645,,0.2083
318,20000,0.0,24,2,0.4,29.6,0.4,0.0013506532413884997,0.1955992728471756,0.20375916361808777,0.41090524196624756,-0.08678649365901947,0.039017971605062485,0.4174538552761078,0.0007599362288601696,0.004403908271342516,0.9716588258743286,64,0.0267,0.4,1,0,3,0,10,0.6,,,,,,,0.08931786566972733,0.7814280390739441,2.076063394546509,0.0164,,0.2083
319,20000,0.0,24,2,0.1111,29.78,0.1111,0.0009590344852767885,0.20493116974830627,0.20913124084472656,0.39120519161224365,-0.09674058854579926,0.04042854160070419,0.40439414978027344,0.00042360948282293975,0.005389109719544649,0.9450058937072754,64,0.05,0.111,2,0,7,1,5,1.0,,,,,,,0.10237034410238266,0.6798002123832703,2.0295472145080566,0.01625,,0.2083
320,20000,0.0,24,2,0.125,29.38,0.125,0.003210684284567833,0.22376799583435059,0.22970257699489594,0.42266830801963806,-0.09000542759895325,0.08337974548339844,0.34273117780685425,0.0006547643570229411,0.006366160232573748,0.8348158001899719,64,0.0354,0.125,5,0,6,1,3,1.0,,,,,,,0.1078147143125534,0.8413301706314087,2.113083839416504,0.0162,,0.2083
321,20000,0.0,24,2,0.0,29.67,0.0,0.0016339783323928714,0.19705277681350708,0.1896064579486847,0.31812232732772827,-0.09226623177528381,0.018395433202385902,0.37197864055633545,0.0006594454753212631,0.003238096833229065,1.2547534704208374,64,0.0523,0.0,2,0,8,1,5,1.0,,,,,,,0.07353335618972778,0.7030857801437378,2.119396686553955,0.016,,0.2083
322,20000,0.0,24,2,0.1,29.1,0.1,0.0010776115814223886,0.16524794697761536,0.1668846309185028,0.6322830319404602,-0.09390415251255035,0.04669614136219025,0.6312505006790161,0.0005645583150908351,0.0030888495966792107,0.9931011199951172,64,0.0374,0.1,0,0,6,3,6,1.0,0.0691,0.4114,0.062,0,40,5,0.09455648809671402,0.7741011381149292,2.0404343605041504,0.016,0.0625,0.2083
323,20000,0.0,24,2,0.0,30.0,0.0,0.0010033752769231796,0.20938628911972046,0.21503636240959167,0.459054559469223,-0.09549348056316376,0.044299133121967316,0.4630286991596222,0.00038052210584282875,0.005842159502208233,0.7745108008384705,64,0.037,0.0,4,0,8,0,4,1.0,,,,,,,0.12329522520303726,0.8214606046676636,2.0488834381103516,0.0159,,0.2083
324,20000,0.0,24,2,0.0,29.0,0.0,0.0007015902665443718,0.21520687639713287,0.21686847507953644,0.36450478434562683,-0.09025513380765915,0.0394747294485569,0.37273886799812317,0.0006992174894548953,0.00614316388964653,1.1770373582839966,64,0.0663,0.0,5,0,2,1,8,0.875,,,,,,,0.07667992264032364,0.7993484735488892,2.108893632888794,0.0159,,0.2083
325,20000,0.0,24,2,0.1429,29.43,0.1429,0.0014087525196373463,0.1824246495962143,0.1889825165271759,0.4131065011024475,-0.09375901520252228,0.04388635605573654,0.4173170328140259,0.0006867038900963962,0.003551526227965951,0.9516987800598145,64,0.0321,0.143,2,0,4,2,7,1.0,,,,,,,0.0985175371170044,0.9203355312347412,2.0841593742370605,0.01595,,0.2083
326,20000,0.0,24,2,0.0,30.0,0.0,0.0011521537089720368,0.18223214149475098,0.19065222144126892,0.3220745325088501,-0.08720697462558746,0.03857077285647392,0.3299712538719177,0.0007526564295403659,0.004337423015385866,1.3876926898956299,64,0.0251,0.0,3,0,5,0,8,0.75,,,,,,,0.06284314393997192,0.7333385944366455,2.1654157638549805,0.0159,,0.2083
327,20000,0.0,24,2,0.0,30.0,0.0,0.0011375969043001533,0.25134387612342834,0.24817410111427307,0.33105820417404175,-0.09892056882381439,0.028391405940055847,0.37095633149147034,0.0007306751213036478,0.0044792876578867435,0.9708365797996521,64,0.0654,0.0,1,0,6,0,9,1.0,,,,,,,0.10189208388328552,0.7233428955078125,2.133847236633301,0.01585,,0.2083
328,20000,0.0,24,2,0.0,29.5,0.0,0.0010705615859478712,0.19177043437957764,0.1924126148223877,0.32219642400741577,-0.0890071839094162,0.018566496670246124,0.3710574507713318,0.0007203206769190729,0.006026357412338257,1.2939867973327637,64,0.0591,0.0,2,0,4,2,8,0.75,,,,,,,0.06878523528575897,0.6796360015869141,2.1305713653564453,0.01575,,0.2083
329,20000,0.0,24,2,0.1667,30.0,0.1667,0.0016608944861218333,0.21535921096801758,0.22083747386932373,0.3423268496990204,-0.09059377759695053,0.05229131877422333,0.32617050409317017,0.0006204823148436844,0.004335003439337015,1.526370882987976,64,0.021,0.333,2,1,3,1,8,0.875,0.0923,0.4559,0.146,3,37,4,0.05935239791870117,0.7256344556808472,2.202802896499634,0.0158,0.0833,0.2083
330,20000,0.0,24,2,0.0,30.0,0.0,0.0004822376067750156,0.2089398056268692,0.2052690088748932,0.4233461618423462,-0.09504037350416183,0.02640577405691147,0.4628283977508545,0.0004305020556785166,0.0054931482300162315,0.8608145713806152,64,0.0285,0.0,2,0,5,1,8,0.875,,,,,,,0.11040748655796051,0.8399451971054077,2.0038270950317383,0.0158,,0.2083
331,20000,0.0,24,2,0.0,30.0,0.0,0.0010801861062645912,0.19967006146907806,0.20343546569347382,0.381698876619339,-0.08701378852128983,0.04725639149546623,0.37176787853240967,0.0005541400169022381,0.004864047281444073,1.3619426488876343,64,0.0363,0.0,0,0,4,0,12,0.917,,,,,,,0.06388945877552032,0.8226138353347778,2.1537983417510986,0.01615,,0.2083
332,20000,0.0,24,2,0.0,30.0,0.0,0.0006336160586215556,0.18861913681030273,0.1894560307264328,0.36310258507728577,-0.08808662742376328,0.01571751944720745,0.41699206829071045,0.0004007399547845125,0.00552420923486352,1.1327635049819946,64,0.0416,0.143,1,1,6,0,8,0.875,,,,,,,0.07776258885860443,0.6881041526794434,2.0535531044006348,0.01615,,0.2083
333,20000,0.0,24,2,0.0,30.0,0.0,0.0006353463977575302,0.19181892275810242,0.1922866702079773,0.31551262736320496,-0.08567763864994049,0.036771953105926514,0.3252977132797241,0.00038373752613551915,0.004697248339653015,1.381081461906433,64,0.085,0.0,1,0,9,1,5,0.8,,,,,,,0.062036626040935516,0.7533779144287109,2.194950580596924,0.01595,,0.2083
334,20000,0.0,24,2,0.1429,29.57,0.1429,0.0014573558000847697,0.16696962714195251,0.17064936459064484,0.3665013313293457,-0.09496419131755829,0.020679546520113945,0.417162150144577,0.0006168720428831875,0.005888557992875576,1.2405691146850586,64,0.0308,0.143,3,0,4,2,6,1.0,,,,,,,0.07654888182878494,0.7322019338607788,2.06113862991333,0.016,,0.2083
335,20000,0.0,24,2,0.0,30.0,0.0,0.000901425548363477,0.17094062268733978,0.17055025696754456,0.39813563227653503,-0.09798362851142883,0.04465233534574509,0.40439361333847046,0.0009538129670545459,0.004842001013457775,1.146951675415039,64,0.1198,0.0,0,0,4,1,11,1.0,,,,,,,0.0854296088218689,0.8212816119194031,1.9537904262542725,0.0162,,0.2083
336,20000,0.0,24,2,0.0,29.89,0.0,0.0006338025559671223,0.20257307589054108,0.2031172513961792,0.41000959277153015,-0.08994424343109131,0.06263875216245651,0.37262099981307983,0.0006531178951263428,0.004110618494451046,1.1111699342727661,64,0.0419,0.111,3,1,7,1,4,1.0,0.095,0.3762,0.083,3,37,7,0.08094553649425507,0.6578917503356934,2.103666305541992,0.016,0.0208,0.2083
337,20000,0.0,24,2,0.125,29.5,0.125,0.0007913823937997222,0.2175772488117218,0.2137109935283661,0.4089308977127075,-0.08636655658483505,0.05990167707204819,0.3734690248966217,0.0004906225367449224,0.004050130490213633,1.7816141843795776,64,0.081,0.25,3,1,4,2,5,1.0,,,,,,,0.048476576805114746,0.8508502840995789,2.094508409500122,0.01595,,0.2083
338,20000,0.0,24,2,0.4,29.2,0.4,0.001175789744593203,0.21070492267608643,0.2152811884880066,0.390846848487854,-0.09741706401109695,0.03419285640120506,0.41715168952941895,0.00046217706403695047,0.005453009624034166,1.032143473625183,64,0.0225,0.6,3,1,1,1,8,1.0,,,,,,,0.09438326209783554,0.8141319155693054,2.0257036685943604,0.0163,,0.2083
339,20000,0.0,24,2,0.0,30.0,0.0,0.0008928207680583,0.2361762672662735,0.23460614681243896,0.4060958921909332,-0.08691439032554626,0.05961048603057861,0.37181591987609863,0.0007907109684310853,0.003946796990931034,1.1243751049041748,64,0.0559,0.0,2,0,6,0,8,1.0,,,,,,,0.07730017602443695,0.7279996275901794,2.1431679725646973,0.0164,,0.2083
340,20000,0.0,24,2,0.0,29.71,0.0,0.0010336055420339108,0.20584869384765625,0.2075866460800171,0.4969647228717804,-0.09716159105300903,0.04112284630537033,0.509544849395752,0.000585141300689429,0.004671530798077583,0.9397168159484863,64,0.0462,0.0,3,0,6,1,6,0.833,,,,,,,0.1033945381641388,0.758830189704895,1.8796594142913818,0.01635,,0.2083
341,20000,0.0,24,2,0.0,29.8,0.0,0.000933330855332315,0.19090232253074646,0.19189035892486572,0.37186962366104126,-0.09193055331707001,0.05471102148294449,0.3522239327430725,0.0006466730264946818,0.004308424424380064,1.2360528707504272,64,0.0405,0.0,3,0,4,1,8,1.0,,,,,,,0.07437428832054138,0.7528403997421265,2.105828285217285,0.01645,,0.2083
342,20000,0.0,24,2,0.1111,29.89,0.1111,0.0006958012236282229,0.26670849323272705,0.2728097140789032,0.3914952874183655,-0.0925946906208992,0.07740123569965363,0.3258649706840515,0.0005341116338968277,0.006845081690698862,0.9255566000938416,64,0.0395,0.111,1,0,7,1,6,0.667,,,,,,,0.10004217177629471,0.7692446708679199,2.180114269256592,0.0163,,0.2083
343,20000,0.0,24,2,0.25,30.0,0.25,0.0007273374358192086,0.16412606835365295,0.16589507460594177,0.3668513298034668,-0.09332653880119324,0.04318830370903015,0.37133023142814636,0.0005487370071932673,0.004942040424793959,1.2464112043380737,64,0.0304,0.25,2,0,3,0,10,0.9,0.0861,0.4437,0.042,0,40,6,0.07487620413303375,0.8270105719566345,2.101797103881836,0.01645,0.0417,0.2083
344,20000,0.0,24,2,0.0,30.0,0.0,0.001027810969389975,0.22349539399147034,0.22417965531349182,0.40606820583343506,-0.09106729924678802,0.07062715291976929,0.3520238697528839,0.0005190643714740872,0.007714650593698025,1.4493440389633179,64,0.0496,0.0,2,0,7,0,7,0.857,,,,,,,0.06283346563577652,0.7952346205711365,2.162653923034668,0.01645,,0.2083
345,20000,0.0,24,2,0.2222,30.0,0.2222,0.0015168619574978948,0.2366233915090561,0.24758058786392212,0.31633737683296204,-0.09751764684915543,0.019711395725607872,0.37124818563461304,0.0006328265299089253,0.006368125323206186,1.4729657173156738,64,0.0482,0.222,1,0,7,0,6,1.0,,,,,,,0.0662049651145935,0.7096907496452332,2.1117331981658936,0.01655,,0.2083
346,20000,0.0,24,2,0.0,30.0,0.0,0.0008511402411386371,0.15245497226715088,0.15044821798801422,0.5849732160568237,-0.0956648662686348,0.04052335023880005,0.596102774143219,0.00067569047678262,0.0069772363640367985,0.9843055605888367,64,0.0447,0.0,2,0,6,0,8,0.75,,,,,,,0.09719021618366241,0.7155905961990356,1.9552552700042725,0.0164,,0.2083
347,20000,0.0,24,2,0.25,29.5,0.25,0.0011784060625359416,0.2371797412633896,0.22909283638000488,0.42926666140556335,-0.09665445983409882,0.05363725870847702,0.416992723941803,0.0006195523892529309,0.0033077553380280733,0.6684557795524597,64,0.0771,0.25,3,0,5,1,5,1.0,,,,,,,0.14459364116191864,0.5771459341049194,2.040083646774292,0.0163,,0.2083
348,20000,0.0,24,2,0.1667,30.0,0.1667,0.0008856654749251902,0.2040933072566986,0.20641615986824036,0.4438899755477905,-0.08733958005905151,0.05567203089594841,0.41682004928588867,0.0006718303775414824,0.0061308653093874454,1.0865576267242432,64,0.0295,0.167,2,0,5,0,8,0.875,,,,,,,0.08038191497325897,0.7401294708251953,2.0606558322906494,0.0164,,0.2083
349,20000,0.0,24,2,0.0,29.62,0.0,0.0007063659140840173,0.23720191419124603,0.23171916604042053,0.3834919333457947,-0.09539058804512024,0.0745953693985939,0.3266558349132538,0.00039420966641046107,0.006071928422898054,0.8330045938491821,64,0.0359,0.125,2,1,6,1,6,0.667,,,,,,,0.11451387405395508,0.8684815168380737,2.1659791469573975,0.01635,,0.2083
350,20000,0.0,24,2,0.0,30.0,0.0,0.0011361255310475826,0.19533392786979675,0.1907961666584015,0.49947845935821533,-0.09869224578142166,0.08823639154434204,0.4185590147972107,0.0005777331534773111,0.006277828011661768,0.8910649418830872,64,0.0449,0.0,2,0,6,1,7,0.714,0.0793,0.4083,0.125,1,38,4,0.11075764149427414,1.1109118461608887,2.0662426948547363,0.01645,0.1042,0.2083
351,20000,0.0,24,2,0.5,29.5,0.5,0.0011379319475963712,0.178847074508667,0.17899054288864136,0.5126453638076782,-0.09161382168531418,0.09184824675321579,0.417614221572876,0.0007640539552085102,0.005896886344999075,0.9247474074363708,64,0.0307,0.5,5,0,2,0,7,0.571,,,,,,,0.0990690290927887,0.8598422408103943,2.0719399452209473,0.01635,,0.2083
352,20000,0.0,24,2,0.0,29.62,0.0,0.0027484893798828125,0.22928619384765625,0.23027461767196655,0.3586716949939728,-0.09489647299051285,0.03940104693174362,0.3718055486679077,0.00040005226037465036,0.005921077914535999,1.0601921081542969,64,0.0389,0.0,1,0,6,2,7,0.571,,,,,,,0.08950874209403992,0.9143656492233276,2.111649751663208,0.016,,0.2083
353,20000,0.0,24,2,0.4,29.8,0.4,0.0008696195436641574,0.2380586862564087,0.2391362488269806,0.5247810482978821,-0.09173403680324554,0.05858742818236351,0.49665433168411255,0.0004936588229611516,0.005371818784624338,0.7836801409721375,64,0.0186,0.4,1,0,3,0,10,0.8,,,,,,,0.11705545336008072,0.7659741640090942,2.0883729457855225,0.0162,,0.2083
354,20000,0.0,24,2,0.1429,29.14,0.1429,0.001376779517158866,0.14538782835006714,0.14069974422454834,0.3456873297691345,-0.08975489437580109,0.030862942337989807,0.3710731267929077,0.0012750780442729592,0.005286470986902714,1.3798836469650269,64,0.0513,0.143,2,0,4,2,7,0.857,,,,,,,0.06504526734352112,0.7410659193992615,2.1345608234405518,0.0162,,0.2083
355,20000,0.0,24,2,0.4,29.6,0.4,0.0010546478442847729,0.21876168251037598,0.21174994111061096,0.37278831005096436,-0.09578828513622284,0.04748954623937607,0.3713173270225525,0.0006808508187532425,0.004560349974781275,0.9484896063804626,64,0.0448,0.4,3,0,2,1,8,0.875,,,,,,,0.10099034011363983,0.8691546320915222,2.1309590339660645,0.01625,,0.2083
356,20000,0.0,24,2,0.0,30.0,0.0,0.0010016715386882424,0.18253418803215027,0.18711847066879272,0.5828886032104492,-0.08793599903583527,0.06027285382151604,0.5469280481338501,0.0007419107132591307,0.006701658014208078,1.0942960977554321,64,0.0247,0.0,4,0,5,0,7,0.857,,,,,,,0.08035850524902344,0.8414308428764343,2.0102286338806152,0.01635,,0.2083
357,20000,0.0,24,2,0.1667,29.67,0.1667,0.0008521832060068846,0.19007857143878937,0.19016456604003906,0.3639478385448456,-0.09038713574409485,0.040306974202394485,0.3713494539260864,0.000690871209371835,0.004743149969726801,1.5076555013656616,64,0.0421,0.167,3,0,4,1,7,1.0,0.088,0.4001,0.062,1,42,3,0.05995211750268936,0.7935700416564941,2.1537885665893555,0.0163,0.0417,0.2083
358,20000,0.0,24,2,0.1429,29.57,0.1429,0.000749782775528729,0.25706946849823,0.2589080333709717,0.31476476788520813,-0.09100674837827682,0.0162489153444767,0.3711076080799103,0.0007619679090566933,0.004332131706178188,1.2027246952056885,64,0.0341,0.143,5,0,5,1,4,0.75,,,,,,,0.07566714286804199,0.6762644052505493,2.1089134216308594,0.0162,,0.2083
359,20000,0.0,24,2,0.3333,29.67,0.3333,0.0008196844719350338,0.17065834999084473,0.1757289469242096,0.3908501863479614,-0.09268289804458618,0.0546453595161438,0.3712140917778015,0.0004691581998486072,0.006056566257029772,1.282238245010376,64,0.0259,0.333,4,0,1,1,9,1.0,,,,,,,0.07228212803602219,0.7171216011047363,2.0982627868652344,0.01645,,0.2083
360,20000,0.0,24,2,0.2857,29.86,0.2857,0.0006435029208660126,0.22355316579341888,0.21794313192367554,0.4274784028530121,-0.08830704540014267,0.04786822199821472,0.4175712466239929,0.000665827770717442,0.004955557640641928,1.1582211256027222,64,0.0298,0.286,2,0,3,2,7,0.857,,,,,,,0.07624368369579315,0.8181394338607788,2.062469482421875,0.01645,,0.2083
361,20000,0.0,24,2,0.25,30.0,0.25,0.0008665220811963081,0.1975923627614975,0.20019391179084778,0.4662023186683655,-0.09737689793109894,0.047723930329084396,0.4650730490684509,0.0008748332038521767,0.00611660722643137,1.0320582389831543,64,0.0473,0.25,3,0,5,1,5,1.0,,,,,,,0.09435213357210159,0.7622484564781189,2.0884995460510254,0.01645,,0.2083
362,20000,0.0,24,2,0.0,29.71,0.0,0.0007735601393505931,0.19557742774486542,0.19181646406650543,0.7470167279243469,-0.07505439221858978,0.11075687408447266,0.596439003944397,0.00037361090653575957,0.0082367779687047,1.191151738166809,64,0.0573,0.0,2,0,4,3,7,1.0,,,,,,,0.06300993263721466,1.0168412923812866,2.150038242340088,0.01655,,0.2083
363,20000,0.0,24,2,0.0,30.0,0.0,0.0005818443605676293,0.2603864073753357,0.25534048676490784,0.42595043778419495,-0.09192107617855072,0.09483186900615692,0.3252202868461609,0.0004894087905995548,0.005974934436380863,1.157179832458496,64,0.0237,0.25,6,1,3,0,6,0.833,,,,,,,0.07943543046712875,0.8691582679748535,2.197284698486328,0.01665,,0.2083
364,20000,0.0,24,2,0.0,30.0,0.0,0.0009219039347954094,0.15702050924301147,0.16318954527378082,0.3708984851837158,-0.09660273790359497,0.02421494945883751,0.41679587960243225,0.0006322788540273905,0.0045508467592298985,0.8014262318611145,64,0.0764,0.143,2,1,6,0,7,0.857,0.1055,0.4062,0.021,0,41,6,0.12053853273391724,0.7723827362060547,2.0680952072143555,0.01675,0.0208,0.2083
365,20000,0.0,24,2,0.0,30.0,0.0,0.0007057090406306088,0.23302769660949707,0.23000727593898773,0.4985817074775696,-0.0933932214975357,0.06288135051727295,0.46352294087409973,0.0006432466907426715,0.005378603935241699,0.899958610534668,64,0.031,0.0,2,0,6,0,8,1.0,,,,,,,0.1037750244140625,0.8462731242179871,2.0000083446502686,0.0168,,0.2083
366,20000,0.0,24,2,0.2,30.0,0.2,0.00091348442947492,0.24675549566745758,0.24093036353588104,0.3592446446418762,-0.09711188822984695,0.041703399270772934,0.37101680040359497,0.0006757016526535153,0.0038658359553664923,0.993893563747406,64,0.0553,0.2,4,0,4,0,7,1.0,,,,,,,0.09770854562520981,0.8117930889129639,2.1192657947540283,0.01685,,0.2083
367,20000,0.0,24,2,0.0,30.0,0.0,0.0014847425045445561,0.2543885111808777,0.2462731897830963,0.33571356534957886,-0.09757974743843079,0.02924453467130661,0.3711758553981781,0.0005101033602841198,0.0072567760944366455,1.5774497985839844,64,0.0484,0.0,5,0,4,0,7,0.857,,,,,,,0.06185918301343918,0.7074109315872192,2.1349611282348633,0.0168,,0.2083
368,20000,0.0,24,2,0.0,29.88,0.0,0.0009434439125470817,0.21017661690711975,0.2154550552368164,0.3469161093235016,-0.09022338688373566,0.031452491879463196,0.3714905083179474,0.0006075777346268296,0.005488006863743067,1.7003265619277954,64,0.0534,0.0,1,0,7,1,7,0.714,,,,,,,0.05306238681077957,0.7643719911575317,2.092989444732666,0.01675,,0.2083
369,20000,0.0,24,2,0.0,29.8,0.0,0.0009174828883260489,0.18371707201004028,0.18432679772377014,0.2573228180408478,-0.09093071520328522,0.010147478431463242,0.32524991035461426,0.000556976068764925,0.005417340900748968,1.4412521123886108,64,0.028,0.0,3,0,2,3,8,1.0,,,,,,,0.0630914717912674,0.6992585062980652,2.211115837097168,0.0169,,0.2083
370,20000,0.0,24,2,0.0,29.29,0.0,0.0010440326295793056,0.260113388299942,0.2626636028289795,0.3221530616283417,-0.09291133284568787,0.020780380815267563,0.37127983570098877,0.0006268791621550918,0.004447577055543661,0.9315837025642395,64,0.0465,0.0,0,0,5,2,9,0.778,,,,,,,0.099734827876091,0.7329685091972351,2.136539936065674,0.017,,0.2083
371,20000,0.0,24,2,0.0,28.8,0.0,0.0012346630683168769,0.23804756999015808,0.23965303599834442,0.4961111843585968,-0.09137913584709167,0.08282525837421417,0.4187629818916321,0.0010432216804474592,0.006153622642159462,1.0068598985671997,64,0.0377,0.0,2,0,3,2,9,0.778,0.0919,0.4673,0.083,1,39,5,0.09075655043125153,0.7539159059524536,2.0422329902648926,0.017,0.0625,0.2083
372,20000,0.0,24,2,0.1429,29.71,0.1429,0.0014059863751754165,0.1639321744441986,0.15848584473133087,0.30512845516204834,-0.09305785596370697,0.02982412837445736,0.3359012305736542,0.0007711065118201077,0.005273642484098673,1.0104840993881226,64,0.0418,0.143,3,0,5,1,6,1.0,,,,,,,0.0920923575758934,0.7861999869346619,2.128800392150879,0.01715,,0.2083
373,20000,0.0,24,2,0.1,29.6,0.1,0.0010028919205069542,0.2152048647403717,0.21472327411174774,0.5174040198326111,-0.0892791599035263,0.11431030929088593,0.3746967017650604,0.0006619179621338844,0.006731719709932804,1.310104489326477,64,0.0708,0.1,4,0,6,3,2,1.0,,,,,,,0.06814659386873245,0.9928792715072632,2.0901918411254883,0.0169,,0.2083
374,20000,0.0,24,2,0.1667,29.67,0.1667,0.001077687949873507,0.18861785531044006,0.18574288487434387,0.4239657521247864,-0.09318029880523682,0.0489264577627182,0.4169059097766876,0.0007546273991465569,0.004774459637701511,0.9632973074913025,64,0.0431,0.167,2,0,4,1,8,0.625,,,,,,,0.09673056751489639,0.7701776027679443,2.0703725814819336,0.0168,,0.2083
375,20000,0.0,24,2,0.0,30.0,0.0,0.0008535709930583835,0.1761549562215805,0.1833588033914566,0.5273827910423279,-0.08838248252868652,0.07523354887962341,0.4629213213920593,0.0008550191414542496,0.0047537581995129585,0.8160771727561951,64,0.0585,0.0,3,0,5,0,8,1.0,,,,,,,0.10830162465572357,0.9244129657745361,2.016998052597046,0.0168,,0.2083
376,20000,0.0,24,2,0.0,30.0,0.0,0.0010648525785654783,0.1864405870437622,0.18504521250724792,0.3616982400417328,-0.08821456134319305,0.03815179318189621,0.3713105618953705,0.0007661012932658195,0.004597286228090525,1.4905214309692383,64,0.066,0.0,1,0,4,2,9,0.889,,,,,,,0.05918369069695473,0.8075971603393555,2.1083474159240723,0.0169,,0.2083
377,20000,0.0,24,2,0.1429,29.86,0.1429,0.001562034711241722,0.21703675389289856,0.2129286825656891,0.4672448933124542,-0.07843734323978424,0.10822679102420807,0.3263169229030609,0.001059143920429051,0.005823435727506876,1.7398920059204102,64,0.0347,0.143,2,0,5,1,7,0.857,,,,,,,0.0450817309319973,0.7553553581237793,2.192518711090088,0.0169,,0.2083
378,20000,0.0,24,2,0.0,30.0,0.0,0.0005380918155424297,0.265951544046402,0.27163976430892944,0.4803990423679352,-0.08302460610866547,0.11664309352636337,0.3273649215698242,0.0003971843689214438,0.005545089486986399,1.1254702806472778,64,0.0742,0.0,3,0,3,0,10,0.9,0.0838,0.3591,0.062,1,41,4,0.07376880943775177,0.7992886304855347,2.194164276123047,0.017,0.0417,0.2083
379,20000,0.0,24,2,0.0,30.0,0.0,0.0009893535170704126,0.19434647262096405,0.1826471984386444,0.3877944052219391,-0.09321250021457672,0.04640574753284454,0.3861948847770691,0.000524116272572428,0.004001090303063393,1.0628108978271484,64,0.0285,0.0,4,0,5,1,6,0.667,,,,,,,0.08770374208688736,0.8857263922691345,2.079474925994873,0.01685,,0.2083
380,20000,0.0,24,2,0.0,29.67,0.0,0.0005402584210969508,0.22540441155433655,0.222933828830719,0.4418890178203583,-0.09303657710552216,0.03445059806108475,0.4635014832019806,0.0004988549626432359,0.005045855883508921,1.053766131401062,64,0.0518,0.0,2,0,2,1,11,0.818,,,,,,,0.08828958123922348,0.9050097465515137,2.0060176849365234,0.0168,,0.2083
381,20000,0.0,24,2,0.0,30.0,0.0,0.0007125246920622885,0.23325729370117188,0.2356465756893158,0.4624899923801422,-0.09296371787786484,0.06819965690374374,0.4167555272579193,0.0005965580348856747,0.004597709979861975,1.048302173614502,64,0.0465,0.0,2,0,8,0,6,0.667,,,,,,,0.08868026733398438,0.7498500347137451,2.0666112899780273,0.0167,,0.2083
382,20000,0.0,24,2,0.2,29.9,0.2,0.0019414399284869432,0.19703856110572815,0.18757930397987366,0.660889744758606,-0.07880079746246338,0.05338229984045029,0.6298683285713196,0.0005668386002071202,0.006115213967859745,1.5431263446807861,64,0.0487,0.2,3,0,8,0,3,1.0,,,,,,,0.051065679639577866,0.8069450855255127,2.131786823272705,0.01675,,0.2083
383,20000,0.0,24,2,0.1429,29.86,0.1429,0.0009445084724575281,0.22812418639659882,0.22027231752872467,0.3295276165008545,-0.07905220985412598,0.039639413356781006,0.3255777955055237,0.00079849932808429,0.007446418050676584,1.7515424489974976,64,0.0475,0.143,1,0,4,2,8,0.875,,,,,,,0.045132916420698166,0.7608870267868042,2.199646472930908,0.0168,,0.2083
384,20000,0.0,24,2,0.0,29.33,0.0,0.000779553025495261,0.1849966049194336,0.18550392985343933,0.33867475390434265,-0.09818753600120544,0.054423220455646515,0.3257959485054016,0.0005263517377898097,0.00443976791575551,1.1520624160766602,64,0.0611,0.0,3,0,3,3,7,1.0,,,,,,,0.08522762358188629,0.6270720362663269,2.1557865142822266,0.01675,,0.2083
385,20000,0.0,24,2,0.0,29.2,0.0,0.0017539003165438771,0.1929495930671692,0.19055241346359253,0.4605697989463806,-0.09604813903570175,0.056482940912246704,0.44132739305496216,0.0006827486213296652,0.004649360664188862,1.0360811948776245,64,0.0348,0.0,2,0,3,2,9,0.889,0.0855,0.4738,0.021,1,43,4,0.09270329028367996,0.8041536211967468,1.998428463935852,0.01685,0.0,0.2083
386,20000,0.0,24,2,0.1667,29.67,0.1667,0.000598246231675148,0.23676644265651703,0.23429475724697113,0.2948862612247467,-0.09605833888053894,0.030364714562892914,0.3276812434196472,0.00044625677401199937,0.005067887250334024,0.9580791592597961,64,0.0412,0.167,1,0,4,1,9,1.0,,,,,,,0.1002613753080368,0.7850376963615417,2.1543776988983154,0.017,,0.2083
387,20000,0.0,24,2,0.0,29.83,0.0,0.0011144824093207717,0.1973208785057068,0.1939944326877594,0.3227972984313965,-0.09543084353208542,0.022041207179427147,0.3715823292732239,0.0007630210602656007,0.0051267510280013084,1.7647994756698608,64,0.0463,0.0,2,0,5,1,8,0.875,,,,,,,0.05407460778951645,0.7459916472434998,2.127868175506592,0.0168,,0.2083
388,20000,0.0,24,2,0.0,29.8,0.0,0.0008058454841375351,0.1957603394985199,0.18896660208702087,0.3827105760574341,-0.09737543761730194,0.029928242787718773,0.417275071144104,0.0005770887364633381,0.005908894818276167,0.811270534992218,64,0.0505,0.0,2,0,4,1,9,0.778,,,,,,,0.12002831697463989,0.7244641184806824,2.073441505432129,0.01675,,0.2083
389,20000,0.0,24,2,0.25,28.62,0.25,0.0011933797504752874,0.19439566135406494,0.18684107065200806,0.39074572920799255,-0.09454134106636047,0.030430583283305168,0.41949525475502014,0.000700819946359843,0.009861307218670845,1.0915638208389282,64,0.0591,0.375,4,1,3,2,4,1.0,,,,,,,0.08661091327667236,0.7124168276786804,2.0049784183502197,0.01685,,0.2083
390,20000,0.0,24,2,0.25,30.0,0.25,0.0009062432800419629,0.20122307538986206,0.19687344133853912,0.4206579923629761,-0.0950341671705246,0.0405588261783123,0.43292510509490967,0.00047339373850263655,0.0032988102175295353,0.6919109225273132,64,0.0432,0.25,1,0,3,0,11,0.727,,,,,,,0.13735027611255646,0.7667262554168701,1.9507957696914673,0.01685,,0.2083
391,20000,0.0,24,2,0.3333,29.83,0.3333,0.000828313350211829,0.20557942986488342,0.20828525722026825,0.45180854201316833,-0.09335394203662872,0.06287797540426254,0.4170375168323517,0.0005570537177845836,0.004738051909953356,0.807515561580658,64,0.0257,0.5,3,1,3,0,7,1.0,,,,,,,0.11560636758804321,0.8533495664596558,2.0677108764648438,0.01705,,0.2083
392,20000,0.0,24,2,0.0,30.0,0.0,0.0008200077572837472,0.17375001311302185,0.17151480913162231,0.3935204744338989,-0.08869324624538422,0.054188959300518036,0.37123528122901917,0.0007919827476143837,0.005201015155762434,1.0876262187957764,64,0.0555,0.0,2,0,6,0,8,0.75,0.0715,0.4066,0.062,0,39,6,0.08154754340648651,0.6746134161949158,2.1333062648773193,0.0169,0.0625,0.2083
393,20000,0.0,24,2,0.0,30.0,0.0,0.0009170056437142193,0.18419308960437775,0.1813291311264038,0.3917089104652405,-0.09263330698013306,0.032113440334796906,0.4170576333999634,0.000577884609811008,0.0061154430732131,0.977886974811554,64,0.0789,0.0,2,0,7,0,7,0.857,,,,,,,0.0947280302643776,0.8174194693565369,2.0760245323181152,0.0169,,0.2083
394,20000,0.0,24,2,0.2222,29.67,0.2222,0.001436413498595357,0.26568615436553955,0.25944072008132935,0.504460871219635,-0.09593423455953598,0.044919051229953766,0.5087858438491821,0.0005892147310078144,0.0035422996152192354,0.7441306710243225,64,0.0197,0.222,3,0,6,1,4,0.75,,,,,,,0.128921240568161,0.80393385887146,1.874496340751648,0.0168,,0.2083
395,20000,0.0,24,2,0.0,30.0,0.0,0.0007686961907893419,0.22339081764221191,0.21379221975803375,0.41907796263694763,-0.08875302970409393,0.06569316983222961,0.3737374544143677,0.0006499773007817566,0.005414417013525963,1.0220035314559937,64,0.0269,0.0,4,0,6,0,6,1.0,,,,,,,0.08684219419956207,0.8874467611312866,2.0885543823242188,0.01685,,0.2083
396,20000,0.0,24,2,0.0,28.4,0.0,0.001118698506616056,0.18881559371948242,0.18496307730674744,0.3603586256504059,-0.08963131159543991,0.03829844668507576,0.37110403180122375,0.0007668728358112276,0.004578067921102047,1.4058780670166016,64,0.0363,0.0,4,0,3,2,7,0.571,,,,,,,0.06375468522310257,0.7232247591018677,2.112004280090332,0.01675,,0.2083
397,20000,0.0,24,2,0.0,29.14,0.0,0.0007218028767965734,0.21721044182777405,0.22174786031246185,0.3286738991737366,-0.09194760769605637,0.04614203795790672,0.3257226347923279,0.00040974002331495285,0.00522956857457757,1.2391209602355957,64,0.0627,0.0,2,0,5,2,7,0.857,,,,,,,0.07420390844345093,0.7363399267196655,2.158529758453369,0.01675,,0.2083
398,20000,0.0,24,2,0.2857,28.86,0.2857,0.0010954281315207481,0.2083781361579895,0.21022334694862366,0.2817794382572174,-0.08782582730054855,0.020849158987402916,0.32532477378845215,0.0006107347435317934,0.005164320580661297,1.6007431745529175,64,0.0393,0.286,1,0,3,2,8,1.0,,,,,,,0.05486565828323364,0.7995626330375671,2.2067325115203857,0.0169,,0.2083
399,20000,0.0,24,2,0.0,29.71,0.0,0.00043960483162663877,0.18580666184425354,0.1874971091747284,0.3758902847766876,-0.09615498781204224,0.042245469987392426,0.38506874442100525,0.0004921347135677934,0.004971202928572893,1.049950361251831,64,0.0303,0.0,1,0,6,1,8,0.875,0.0716,0.3978,0.125,3,37,5,0.09158049523830414,0.7702581286430359,2.0663464069366455,0.01695,0.0625,0.2083
400,20000,0.0,24,2,0.1111,29.89,0.1111,0.0005621528252959251,0.20282593369483948,0.203957200050354,0.3343893885612488,-0.09078466892242432,0.0259551964700222,0.3711004853248596,0.0005248159286566079,0.004326369147747755,1.0435781478881836,64,0.043,0.111,0,0,8,0,7,1.0,,,,,,,0.08699363470077515,0.7758252024650574,2.1102871894836426,0.01695,,0.2083
401,20000,0.0,24,2,0.0,29.17,0.0,0.0006941602332517505,0.21641522645950317,0.21376904845237732,0.2909792959690094,-0.08891037851572037,0.020423179492354393,0.3356301188468933,0.0006075294804759324,0.006826421711593866,1.002488374710083,64,0.022,0.167,2,1,4,1,8,0.875,,,,,,,0.08868968486785889,0.7310008406639099,2.1687989234924316,0.0171,,0.2083
402,20000,0.0,24,2,0.1,29.9,0.1,0.0009875439573079348,0.19452953338623047,0.1971110701560974,0.28932419419288635,-0.08344937115907669,0.0223982036113739,0.3252904713153839,0.0009980231989175081,0.005373377352952957,2.0450994968414307,64,0.0241,0.1,4,0,7,2,2,1.0,,,,,,,0.040804557502269745,0.7143683433532715,2.1801700592041016,0.01695,,0.2083
403,20000,0.0,24,2,0.4,30.0,0.4,0.0005619472358375788,0.25232499837875366,0.2523186206817627,0.2952612638473511,-0.09371152520179749,0.030585508793592453,0.32556039094924927,0.0004686409083660692,0.0044827330857515335,0.8589860200881958,64,0.0437,0.4,2,0,3,0,9,1.0,,,,,,,0.1090955138206482,0.6402642130851746,2.1930928230285645,0.0171,,0.2083
404,20000,0.0,24,2,0.1429,30.0,0.1429,0.000731063773855567,0.21071909368038177,0.20839589834213257,0.3693392872810364,-0.08827722072601318,0.041075900197029114,0.3727321922779083,0.000782012299168855,0.005465030670166016,1.6549357175827026,64,0.0259,0.143,0,0,5,1,9,1.0,,,,,,,0.05334177985787392,0.7625974416732788,2.0650463104248047,0.01705,,0.2083
405,20000,0.0,24,2,0.2,30.0,0.2,0.0006342303240671754,0.21871928870677948,0.21773771941661835,0.46410903334617615,-0.09862658381462097,0.048809003084897995,0.4627240300178528,0.0004853764548897743,0.004787166602909565,0.7678164839744568,64,0.037,0.2,2,0,4,0,9,0.778,,,,,,,0.12845072150230408,0.8382830619812012,2.0290279388427734,0.01705,,0.2083
406,20000,0.0,24,2,0.0,30.0,0.0,0.002873542718589306,0.22616055607795715,0.2220461666584015,0.36973145604133606,-0.09784796088933945,0.047112733125686646,0.3715866208076477,0.0007022232166491449,0.0035346613731235266,1.1356850862503052,64,0.0304,0.0,4,0,8,0,4,1.0,0.0812,0.4718,0.083,1,38,6,0.0861576497554779,0.7622127532958984,2.0948305130004883,0.0169,0.0625,0.2083
407,20000,0.0,24,2,0.0,29.5,0.0,0.000755696150008589,0.2141384482383728,0.21722647547721863,0.3656376302242279,-0.09337447583675385,0.020177101716399193,0.41664743423461914,0.0007035595481283963,0.0040209004655480385,1.1738736629486084,64,0.0394,0.0,1,0,5,1,9,0.889,,,,,,,0.07954388111829758,0.7110122442245483,2.065154790878296,0.01695,,0.2083
408,20000,0.0,24,2,0.0,28.89,0.0,0.001114987418986857,0.2080535888671875,0.20674166083335876,0.34994009137153625,-0.09110140055418015,0.0331651009619236,0.37161409854888916,0.0007218342507258058,0.006194396410137415,1.258427381515503,64,0.0447,0.0,0,0,7,2,7,0.857,,,,,,,0.07239305973052979,0.6996420621871948,2.1095569133758545,0.01675,,0.2083
409,20000,0.0,24,2,0.0,29.0,0.0,0.0007165479473769665,0.14817669987678528,0.14936374127864838,0.3200320899486542,-0.07326114177703857,0.032454367727041245,0.32538431882858276,0.0006951985997147858,0.0060003651306033134,2.222700595855713,64,0.0419,0.0,2,0,4,2,8,0.75,,,,,,,0.03296041861176491,0.7342731356620789,2.2100226879119873,0.0167,,0.2083
410,20000,0.0,24,2,0.1111,29.89,0.1111,0.0007509308634325862,0.19717416167259216,0.18960747122764587,0.3350702226161957,-0.09047698974609375,0.02569960430264473,0.3714454472064972,0.000479640846606344,0.005405140575021505,1.8833553791046143,64,0.0295,0.111,1,0,8,0,6,1.0,,,,,,,0.04804031550884247,0.7320464849472046,2.090573310852051,0.01655,,0.2083
411,20000,0.0,24,2,0.0,30.0,0.0,0.0005511088529601693,0.22119483351707458,0.2193603664636612,0.33635231852531433,-0.08595462143421173,0.024515001103281975,0.3711305260658264,0.0005379901849664748,0.0042928182519972324,2.46756911277771,64,0.0407,0.167,1,1,5,0,9,0.556,,,,,,,0.03483372554183006,0.7592171430587769,2.11500883102417,0.01645,,0.2083
412,20000,0.0,24,2,0.0,29.89,0.0,0.0005444263224489987,0.20150700211524963,0.19837594032287598,0.3223901689052582,-0.09564650803804398,0.026273321360349655,0.36163926124572754,0.0006209572893567383,0.0077015673741698265,1.287165880203247,64,0.0363,0.0,5,0,7,2,2,1.0,,,,,,,0.07430783659219742,0.6869014501571655,2.101175308227539,0.0164,,0.2083
413,20000,0.0,24,2,0.0,29.56,0.0,0.000885333982296288,0.16532841324806213,0.16118782758712769,0.2990967333316803,-0.08541534841060638,0.02836701087653637,0.3256266713142395,0.0007651253254152834,0.004302776884287596,1.5839142799377441,64,0.0451,0.0,1,0,6,3,6,0.833,0.1049,0.4763,0.083,2,39,5,0.0539267472922802,0.6403272151947021,2.199348211288452,0.0162,0.0417,0.2083
414,20000,0.0,24,2,0.2857,29.86,0.2857,0.000991031643934548,0.20860058069229126,0.20419418811798096,0.32107871770858765,-0.09399250149726868,0.02084653452038765,0.3713599145412445,0.0005609409417957067,0.004036496859043837,1.506331443786621,64,0.0272,0.286,3,0,3,2,6,1.0,,,,,,,0.062398288398981094,0.7664644122123718,2.1302311420440674,0.01615,,0.2083
415,20000,0.0,24,2,0.1429,29.86,0.1429,0.0007771238451823592,0.1816076934337616,0.18396379053592682,0.4284677505493164,-0.08849531412124634,0.07123690843582153,0.3711678087711334,0.0006329662282951176,0.0066428640857338905,1.4217172861099243,64,0.0394,0.143,3,0,5,1,6,1.0,,,,,,,0.06224537268280983,0.9389788508415222,2.1337878704071045,0.01615,,0.2083
416,20000,0.0,24,2,0.125,29.75,0.125,0.0005100108683109283,0.21794936060905457,0.21629422903060913,0.3327963948249817,-0.09106895327568054,0.047829072922468185,0.3259139955043793,0.00042007435695268214,0.004586408380419016,1.3551099300384521,64,0.04,0.125,1,0,6,1,7,0.857,,,,,,,0.06720411032438278,0.8436031341552734,2.21989107131958,0.01625,,0.2083
417,20000,0.0,24,2,0.1429,29.43,0.1429,0.0007021140772849321,0.24635642766952515,0.24863538146018982,0.404774934053421,-0.0941348522901535,0.03845454007387161,0.41895806789398193,0.0005060167168267071,0.006085253320634365,1.1397111415863037,64,0.0479,0.143,1,0,5,1,8,0.75,,,,,,,0.0825953558087349,0.8484028577804565,1.9877867698669434,0.01615,,0.2083
418,20000,0.0,24,2,0.0,27.86,0.0,0.0007163062691688538,0.22380627691745758,0.2278268039226532,0.40074414014816284,-0.08174044638872147,0.05409030243754387,0.37123870849609375,0.0006827871548011899,0.006130563095211983,1.3081183433532715,64,0.0264,0.0,4,0,3,4,5,0.6,,,,,,,0.06248704344034195,0.7663031816482544,2.1192681789398193,0.0161,,0.2083
419,20000,0.0,24,2,0.2,29.8,0.2,0.0009447161573916674,0.16886025667190552,0.17495012283325195,0.35587239265441895,-0.08943960070610046,0.03572538495063782,0.37155526876449585,0.0006129242829047143,0.004611909855157137,1.1929652690887451,64,0.027,0.2,3,0,3,1,8,1.0,,,,,,,0.07497251033782959,0.7109343409538269,2.085495710372925,0.01625,,0.2083
420,20000,0.0,24,2,0.125,30.0,0.125,0.001203257474116981,0.21567384898662567,0.2225438356399536,0.3350400924682617,-0.07928786426782608,0.0431569442152977,0.3253999650478363,0.0007711232756264508,0.005228220485150814,1.6881459951400757,64,0.0408,0.125,3,0,7,0,5,1.0,0.0813,0.3916,0.125,0,35,7,0.04696742445230484,0.725052535533905,2.163119077682495,0.01605,0.125,0.2083
421,20000,0.0,24,2,0.0,30.0,0.0,0.0009617555188015103,0.1378410905599594,0.14156998693943024,0.4135309159755707,-0.08949793875217438,0.060387905687093735,0.3803013265132904,0.0006876143161207438,0.003903426229953766,0.9801445007324219,64,0.0676,0.0,1,0,3,0,12,0.833,,,,,,,0.09131095558404922,0.7686046361923218,2.106717586517334,0.0164,,0.2083
422,20000,0.0,24,2,0.0,30.0,0.0,0.0017110833432525396,0.22193092107772827,0.22346195578575134,0.38632288575172424,-0.08794558048248291,0.04989700764417648,0.37177181243896484,0.0005131842917762697,0.005405220203101635,1.685673713684082,64,0.0385,0.0,3,0,6,1,6,0.667,,,,,,,0.05217236280441284,0.7857374548912048,2.1176624298095703,0.01635,,0.2083
423,20000,0.0,24,2,0.1429,29.86,0.1429,0.0006200839998200536,0.16009049117565155,0.16277657449245453,0.3645731806755066,-0.09616146981716156,0.020717494189739227,0.41715580224990845,0.000493941712193191,0.004287705756723881,1.1836761236190796,64,0.0653,0.143,2,0,4,2,7,0.571,,,,,,,0.08123968541622162,0.7261453866958618,2.0214791297912598,0.01615,,0.2083
424,20000,0.0,24,2,0.125,30.0,0.125,0.0005821319064125419,0.15480118989944458,0.15661469101905823,0.36695295572280884,-0.09172488749027252,0.019575536251068115,0.41757932305336,0.00054896593792364,0.0038949085865169764,1.2595704793930054,64,0.0406,0.125,0,0,7,0,8,0.875,,,,,,,0.07282236218452454,0.6728929281234741,2.072317600250244,0.01615,,0.2083
425,20000,0.0,24,2,0.0,30.0,0.0,0.0010201653931289911,0.22532114386558533,0.21898862719535828,0.3610016107559204,-0.08972735702991486,0.0388764962553978,0.3710963726043701,0.0007299837307073176,0.0037592127919197083,1.8711076974868774,64,0.0354,0.0,4,0,5,0,7,1.0,,,,,,,0.04795413464307785,0.8833502531051636,2.1055350303649902,0.0162,,0.2083
426,20000,0.0,24,2,0.0,29.5,0.0,0.0007313524256460369,0.12042088806629181,0.11798462271690369,0.448017418384552,-0.09695006906986237,0.03930475935339928,0.46348968148231506,0.0006430764915421605,0.005736565683037043,0.8394309282302856,64,0.0436,0.0,2,0,5,1,8,0.75,,,,,,,0.1154949963092804,0.6811094284057617,2.01831316947937,0.016,,0.2083
427,20000,0.0,24,2,0.1667,29.67,0.1667,0.0009244278771802783,0.17231902480125427,0.16560213267803192,0.43948858976364136,-0.09382470697164536,0.05688319727778435,0.4170674681663513,0.0010700178099796176,0.004958877805620432,1.0077123641967773,64,0.047,0.167,3,0,5,0,7,0.857,0.0818,0.4208,0.042,1,34,12,0.09310664236545563,0.8664801120758057,2.036074161529541,0.01615,0.0208,0.2083
428,20000,0.0,24,2,0.1429,30.0,0.1429,0.0009235728066414595,0.2024369239807129,0.1991739124059677,0.3375614583492279,-0.09567444771528244,0.05211681127548218,0.32600677013397217,0.0005754023441113532,0.005991062615066767,1.0398350954055786,64,0.0418,0.143,1,0,6,0,8,0.75,,,,,,,0.09200924634933472,0.8751499056816101,2.1921629905700684,0.01605,,0.2083
429,20000,0.0,24,2,0.0909,29.36,0.0909,0.0011261687614023685,0.2506893277168274,0.24277569353580475,0.566189169883728,-0.09119398146867752,0.09577876329421997,0.46310368180274963,0.0004597418010234833,0.005443956237286329,1.0381455421447754,64,0.0392,0.091,0,0,8,2,5,0.4,,,,,,,0.0878431499004364,1.0375738143920898,2.0005505084991455,0.016,,0.2083
430,20000,0.0,24,2,0.1667,30.0,0.1667,0.000824475777335465,0.19122499227523804,0.18847748637199402,0.36465826630592346,-0.09664972126483917,0.02072027139365673,0.41689375042915344,0.0006891508819535375,0.005947433412075043,0.8439207077026367,64,0.0309,0.167,1,0,5,0,9,0.889,,,,,,,0.11452464759349823,0.7847036123275757,2.0383658409118652,0.0161,,0.2083
431,20000,0.0,24,2,0.0,30.0,0.0,0.0007996580097824335,0.186709463596344,0.18306173384189606,0.34848496317863464,-0.08973924815654755,0.054784756153821945,0.3256068825721741,0.0005962422001175582,0.0060956357046961784,1.70809805393219,64,0.0266,0.0,4,0,6,0,6,1.0,,,,,,,0.052537526935338974,0.8257521390914917,2.182523250579834,0.0161,,0.2083
432,20000,0.0,24,2,0.0,29.5,0.0,0.001495057251304388,0.21119436621665955,0.22105684876441956,0.47893157601356506,-0.09395816922187805,0.053641580045223236,0.46343427896499634,0.0006094931159168482,0.004344641696661711,0.879496693611145,64,0.0491,0.0,2,0,6,2,6,1.0,,,,,,,0.10683175176382065,0.7206642627716064,1.9743283987045288,0.016,,0.2083
433,20000,0.0,24,2,0.0,30.0,0.0,0.0007156857755035162,0.17123445868492126,0.16376367211341858,0.5168547630310059,-0.09559449553489685,0.05469124764204025,0.5006325244903564,0.0006870467332191765,0.004868510644882917,0.994938313961029,64,0.0467,0.0,4,0,6,0,6,1.0,,,,,,,0.09608082473278046,0.7542974352836609,1.986520528793335,0.0159,,0.2083
434,20000,0.0,24,2,0.1667,29.17,0.1667,0.0007879118784330785,0.24950292706489563,0.24505600333213806,0.3966943621635437,-0.09462381154298782,0.035723041743040085,0.41748517751693726,0.0003358824469614774,0.004773864522576332,1.0487866401672363,64,0.029,0.167,3,0,2,3,7,0.857,0.0924,0.4298,0.146,4,32,9,0.09022217243909836,0.731070876121521,2.0216755867004395,0.01585,0.0625,0.2083
435,20000,0.0,24,2,0.0,29.5,0.0,0.0019699232652783394,0.21974502503871918,0.21511882543563843,0.41503089666366577,-0.09285720437765121,0.04404686018824577,0.4169316291809082,0.0004330030351411551,0.00572551041841507,0.8261122107505798,64,0.049,0.0,2,0,5,1,8,0.875,,,,,,,0.11240264773368835,0.887232780456543,2.089872360229492,0.0158,,0.2083
436,20000,0.0,24,2,0.125,29.88,0.125,0.0006993868155404925,0.17255249619483948,0.1699942797422409,0.43634235858917236,-0.09447206556797028,0.03313196077942848,0.4624582529067993,0.0005713373539038002,0.004184487741440535,0.8986089825630188,64,0.0326,0.125,2,0,7,0,6,0.833,,,,,,,0.10513144731521606,0.844530463218689,2.0065109729766846,0.01575,,0.2083
437,20000,0.0,24,2,0.0,30.0,0.0,0.0007673845393583179,0.22052569687366486,0.22135275602340698,0.3199153244495392,-0.08942918479442596,0.017702169716358185,0.3717763423919678,0.0006125190411694348,0.004327637143433094,1.3631259202957153,64,0.06,0.0,3,0,5,0,8,0.875,,,,,,,0.06560595333576202,0.6920688152313232,2.0990071296691895,0.0158,,0.2083
438,20000,0.0,24,2,0.3333,29.17,0.3333,0.0019461950287222862,0.2618388533592224,0.2656243145465851,0.478661447763443,-0.0949518233537674,0.050126075744628906,0.47153180837631226,0.00042639640741981566,0.003658589906990528,1.0222681760787964,64,0.0426,0.333,2,0,3,1,8,0.5,,,,,,,0.09288347512483597,0.9160844683647156,2.0141141414642334,0.01565,,0.2083
439,20000,0.0,24,2,0.25,30.0,0.25,0.0007389874663203955,0.21079617738723755,0.20622602105140686,0.3682726323604584,-0.09741078317165375,0.023621831089258194,0.4167894124984741,0.0005238965968601406,0.003300693817436695,0.8876471519470215,64,0.0385,0.25,1,0,6,0,7,1.0,,,,,,,0.10974042117595673,0.7529681921005249,2.0409655570983887,0.01565,,0.2083
440,20000,0.0,24,2,0.125,29.38,0.125,0.0012897446285933256,0.1868552565574646,0.19137853384017944,0.622217059135437,-0.09479545801877975,0.10259607434272766,0.5092101097106934,0.00045907695312052965,0.005220478866249323,0.9262241721153259,64,0.0345,0.125,4,0,5,2,4,0.75,,,,,,,0.10234612226486206,0.8716491460800171,1.8883910179138184,0.01555,,0.2083
441,20000,0.0,24,2,0.0,30.0,0.0,0.0005112257786095142,0.16188988089561462,0.15888702869415283,0.285136878490448,-0.0939280092716217,0.025309210643172264,0.32541587948799133,0.0005770907737314701,0.006061174441128969,1.1164277791976929,64,0.0269,0.0,1,0,7,1,7,1.0,0.0829,0.4113,0.188,3,29,10,0.08413264155387878,0.719157874584198,2.1540589332580566,0.0156,0.125,0.2083
442,20000,0.0,24,2,0.0,30.0,0.0,0.0009222107473760843,0.2447555959224701,0.24554860591888428,0.3609371483325958,-0.09045184403657913,0.01590932346880436,0.4180367588996887,0.0005750994314439595,0.0030672054272145033,1.207288146018982,64,0.0361,0.0,3,0,6,0,7,0.714,,,,,,,0.07492150366306305,0.7605549693107605,2.0138540267944336,0.0156,,0.2083
443,20000,0.0,24,2,0.0,29.83,0.0,0.000566753267776221,0.22096240520477295,0.22405686974525452,0.43082356452941895,-0.09260320663452148,0.05059986934065819,0.4179900884628296,0.0006143422797322273,0.00847384613007307,0.8443984985351562,64,0.0646,0.0,3,0,5,1,7,1.0,,,,,,,0.10966766625642776,0.9275569319725037,2.0380184650421143,0.01565,,0.2083
444,20000,0.0,24,2,0.125,29.62,0.125,0.0008044936112128198,0.22210857272148132,0.22254537045955658,0.3898322582244873,-0.09592165052890778,0.03283683583140373,0.41746485233306885,0.0010125291300937533,0.005230813752859831,1.0964092016220093,64,0.0261,0.125,2,0,5,2,6,1.0,,,,,,,0.08748708665370941,0.7604057192802429,2.0533511638641357,0.0157,,0.2083
445,20000,0.0,24,2,0.0,30.0,0.0,0.0029079834930598736,0.23037615418434143,0.23684869706630707,0.34036901593208313,-0.09306378662586212,0.029146257787942886,0.37112438678741455,0.0004261265567038208,0.008031808771193027,1.475504994392395,64,0.0402,0.0,3,0,7,0,6,1.0,,,,,,,0.06307250261306763,0.675926685333252,2.1291608810424805,0.01565,,0.2083
446,20000,0.0,24,2,0.0,30.0,0.0,0.0017927337903529406,0.19215652346611023,0.19396863877773285,0.472008615732193,-0.09514276683330536,0.05092596635222435,0.4629969000816345,0.0006646092515438795,0.004605121910572052,0.9479633569717407,64,0.0514,0.0,3,0,5,0,8,0.875,,,,,,,0.10036545246839523,0.803989827632904,2.0033230781555176,0.01565,,0.2083
447,20000,0.0,24,2,0.0,30.0,0.0,0.0008480156539008021,0.19489061832427979,0.19802749156951904,0.3701273500919342,-0.09561759978532791,0.023120734840631485,0.4174651503562927,0.0010324770119041204,0.004076652228832245,0.9921013712882996,64,0.0481,0.0,1,0,5,2,8,0.75,,,,,,,0.0963788628578186,0.628116250038147,2.065223455429077,0.0155,,0.2083
448,20000,0.0,24,2,0.25,29.75,0.25,0.0005207765498198569,0.17706525325775146,0.17503386735916138,0.3964303731918335,-0.09484954178333282,0.03585885465145111,0.4171368181705475,0.0003939086163882166,0.0048507689498364925,0.9113278388977051,64,0.0376,0.25,3,0,6,0,5,1.0,0.0899,0.4361,0.021,0,41,6,0.10407839715480804,0.76351398229599,2.0787601470947266,0.0156,0.0208,0.2083
449,20000,0.0,24,2,0.0,29.5,0.0,0.0006219406495802104,0.175954669713974,0.17660793662071228,0.42377907037734985,-0.09235115349292755,0.04853237420320511,0.4168248176574707,0.000687200459651649,0.004481333773583174,1.041425347328186,64,0.0263,0.0,2,0,5,1,8,0.75,,,,,,,0.08867764472961426,0.7723102569580078,2.0649209022521973,0.01555,,0.2083
450,20000,0.0,24,2,0.2222,29.78,0.2222,0.0007607498555444181,0.163289412856102,0.16280466318130493,0.3549797832965851,-0.09331929683685303,0.03753703832626343,0.37113505601882935,0.0007371891406364739,0.004179903771728277,1.2620333433151245,64,0.0294,0.222,1,0,6,1,6,0.833,,,,,,,0.0739436075091362,0.8975070714950562,2.1077632904052734,0.01565,,0.2083
451,20000,0.0,24,2,0.0,30.0,0.0,0.0010075109312310815,0.1459878385066986,0.14803898334503174,0.3279467821121216,-0.09534431248903275,0.019978728145360947,0.38123297691345215,0.0006590159609913826,0.004201290663331747,1.2194656133651733,64,0.0279,0.0,3,0,6,0,7,1.0,,,,,,,0.0781853199005127,0.7612978219985962,2.063559055328369,0.0155,,0.2083
452,20000,0.0,24,2,0.0,29.8,0.0,0.0008322830544784665,0.1679760068655014,0.15880420804023743,0.48888424038887024,-0.09791462868452072,0.037783388048410416,0.5090199708938599,0.0006697325152345002,0.004424280021339655,0.7050949931144714,64,0.0348,0.0,2,0,4,1,9,0.778,,,,,,,0.13886728882789612,0.7743145823478699,1.9142651557922363,0.0154,,0.2083
453,20000,0.0,24,2,0.25,29.38,0.25,0.0009508099174126983,0.2594355344772339,0.25661319494247437,0.4527166485786438,-0.09349735081195831,0.06327652931213379,0.41692131757736206,0.00047147730947472155,0.0054792133159935474,0.982121467590332,64,0.0349,0.25,0,0,4,2,8,0.75,,,,,,,0.09519938379526138,0.9218113422393799,2.0628490447998047,0.01535,,0.2083
454,20000,0.0,24,2,0.0,29.56,0.0,0.001037309062667191,0.25068655610084534,0.25030577182769775,0.3586445152759552,-0.09796793013811111,0.030215470120310783,0.3935753107070923,0.0004149363376200199,0.005212379153817892,1.001937747001648,64,0.0311,0.0,3,0,8,1,4,0.75,,,,,,,0.09777846187353134,0.7476782202720642,2.003530979156494,0.0153,,0.2083
455,20000,0.0,24,2,0.125,29.62,0.125,0.0007743338937871158,0.14840488135814667,0.1470608413219452,0.3086404800415039,-0.09412005543708801,0.014192569069564342,0.3722911477088928,0.0006428576307371259,0.004168492276221514,1.3171509504318237,64,0.0357,0.25,3,1,5,1,5,1.0,0.0848,0.3693,0.146,1,36,5,0.07145730406045914,0.8095377683639526,2.1205782890319824,0.0152,0.125,0.2083
456,20000,0.0,24,2,0.0,30.0,0.0,0.00044093391625210643,0.17761076986789703,0.1754818856716156,0.37379536032676697,-0.09336978197097778,0.0698157250881195,0.32561105489730835,0.0005238567246124148,0.003845276078209281,1.7340431213378906,64,0.0283,0.0,3,0,4,0,9,1.0,,,,,,,0.053845133632421494,0.8019354343414307,2.16910719871521,0.0154,,0.2083
457,20000,0.0,24,2,0.3333,29.0,0.3333,0.0007064093369990587,0.18259197473526,0.1815628707408905,0.5367105007171631,-0.09484051167964935,0.08330757915973663,0.4630604088306427,0.0005781453219242394,0.0037509393878281116,0.9119847416877747,64,0.0585,0.5,1,1,2,1,9,0.889,,,,,,,0.10399353504180908,0.9486677050590515,2.0019381046295166,0.01565,,0.2083
458,20000,0.0,24,2,0.2222,30.0,0.2222,0.0013524045934900641,0.18530410528182983,0.1896151304244995,0.32222774624824524,-0.09206436574459076,0.020240802317857742,0.37108343839645386,0.0008249066886492074,0.0054541463032364845,1.2998504638671875,64,0.0437,0.222,1,0,7,0,6,0.667,,,,,,,0.07082688808441162,0.6895999908447266,2.1393561363220215,0.01555,,0.2083
459,20000,0.0,24,2,0.0,30.0,0.0,0.0010319049470126629,0.17149770259857178,0.16835863888263702,0.3551686406135559,-0.08232973515987396,0.03195101022720337,0.37123438715934753,0.000913914933335036,0.004723883233964443,1.0309540033340454,64,0.0353,0.0,2,0,5,2,7,1.0,,,,,,,0.07985782623291016,0.8570570945739746,2.1147243976593018,0.0157,,0.2083
460,20000,0.0,24,2,0.1667,29.5,0.1667,0.0011260000756010413,0.1841098964214325,0.18378913402557373,0.519710898399353,-0.08430744707584381,0.1059986874461174,0.38878750801086426,0.0005273129208944738,0.006466882769018412,1.2188469171524048,64,0.0464,0.167,3,0,5,0,7,0.571,,,,,,,0.06916983425617218,0.8774325847625732,2.072960615158081,0.01575,,0.2083
461,20000,0.0,24,2,0.3333,29.67,0.3333,0.0004087056149728596,0.15487982332706451,0.15538343787193298,0.44186317920684814,-0.094246044754982,0.03582657128572464,0.46247512102127075,0.0004510011349339038,0.003961945418268442,0.7739547491073608,64,0.028,0.333,4,0,1,1,9,0.889,,,,,,,0.12177203595638275,0.6722359657287598,1.9759429693222046,0.0161,,0.2083
462,20000,0.0,24,2,0.0,30.0,0.0,0.0014929519966244698,0.26263663172721863,0.2553659677505493,0.41020840406417847,-0.09116119146347046,0.04097485542297363,0.4170861840248108,0.0005413913750089705,0.00466741481795907,1.0437285900115967,64,0.0276,0.0,3,0,7,1,5,1.0,0.0799,0.4639,0.042,1,40,6,0.08734185993671417,0.7211937308311462,2.072192668914795,0.0159,0.0208,0.2083
463,20000,0.0,24,2,0.1667,29.17,0.1667,0.00044555909698829055,0.23160189390182495,0.2313341200351715,0.3870622217655182,-0.09409774839878082,0.04770512506365776,0.38301214575767517,0.0004639252438209951,0.005475192796438932,1.1593976020812988,64,0.073,0.167,2,0,4,1,8,0.625,,,,,,,0.08116088807582855,0.7880775332450867,2.031355619430542,0.0159,,0.2083
464,20000,0.0,24,2,0.1429,30.0,0.1429,0.0010790909873321652,0.2398630976676941,0.2447754442691803,0.3635168969631195,-0.09193867444992065,0.018214715644717216,0.41696739196777344,0.0010572534520179033,0.004117502365261316,1.0600067377090454,64,0.033,0.143,1,0,6,0,8,0.75,,,,,,,0.08673404157161713,0.7874792814254761,2.0481810569763184,0.0159,,0.2083
465,20000,0.0,24,2,0.0,30.0,0.0,0.001079260720871389,0.20050358772277832,0.2034713625907898,0.5110659599304199,-0.09431057423353195,0.06977074593305588,0.46343040466308594,0.0005204743938520551,0.004809244070202112,0.8743206262588501,64,0.0521,0.0,4,0,4,0,8,0.875,,,,,,,0.10786726325750351,0.783524751663208,1.98896062374115,0.0159,,0.2083
466,20000,0.0,24,2,0.0,30.0,0.0,0.0007740671280771494,0.16892102360725403,0.16882430016994476,0.4390261769294739,-0.08339260518550873,0.035690080374479294,0.447475790977478,0.000544701877515763,0.00712566077709198,1.5473029613494873,64,0.0407,0.0,4,0,3,0,9,1.0,,,,,,,0.053895458579063416,0.7950202822685242,2.082282304763794,0.0161,,0.2083
467,20000,0.0,24,2,0.125,30.0,0.125,0.0009337994270026684,0.21509552001953125,0.21419942378997803,0.6177874803543091,-0.06543402373790741,0.1530083566904068,0.3749498128890991,0.0005888010491617024,0.0045098778791725636,1.1651262044906616,64,0.037,0.125,1,0,7,0,7,1.0,,,,,,,0.05616045743227005,0.9129726886749268,2.083434820175171,0.0161,,0.2083
468,20000,0.0,24,2,0.1667,29.83,0.1667,0.0006652512238360941,0.18147173523902893,0.18214477598667145,0.38988977670669556,-0.09249760210514069,0.030903872102499008,0.417133629322052,0.000562150205951184,0.006892000325024128,1.5109871625900269,64,0.0289,0.167,0,0,5,0,10,0.8,,,,,,,0.06121666729450226,0.8904628753662109,2.0691847801208496,0.01615,,0.2083
469,20000,0.0,24,2,0.125,29.88,0.125,0.0014681173488497734,0.25209513306617737,0.24318398535251617,0.327210396528244,-0.08990466594696045,0.04090311378240585,0.3314740061759949,0.0005072868661954999,0.007669654209166765,1.9797626733779907,64,0.0444,0.125,3,0,7,0,5,0.8,0.082,0.3703,0.042,1,39,7,0.045411840081214905,0.692579448223114,2.148655414581299,0.016,0.0208,0.2083
470,20000,0.0,24,2,0.25,29.0,0.25,0.0011417912319302559,0.22896753251552582,0.23329377174377441,0.6294476985931396,-0.08329911530017853,0.07472807168960571,0.5610487461090088,0.0005049054743722081,0.004483789671212435,0.799625813961029,64,0.0398,0.25,3,0,5,1,5,0.8,,,,,,,0.10417261719703674,0.8277961015701294,1.8735344409942627,0.016,,0.2083
471,20000,0.0,24,2,0.0,29.89,0.0,0.0007130256271921098,0.20107035338878632,0.19989779591560364,0.34222808480262756,-0.09332812577486038,0.029412459582090378,0.37253934144973755,0.0006739084492437541,0.008383957669138908,1.273203730583191,64,0.0478,0.0,1,0,7,2,6,0.833,,,,,,,0.07330179214477539,0.8034112453460693,2.117056131362915,0.016,,0.2083
472,20000,0.0,24,2,0.125,29.75,0.125,0.0009162151254713535,0.17103517055511475,0.1744168996810913,0.4385656714439392,-0.0944855809211731,0.07998716086149216,0.37123000621795654,0.0005648395163007081,0.0036938446573913097,1.0072062015533447,64,0.0421,0.125,1,0,6,1,7,1.0,,,,,,,0.093809574842453,0.6571621894836426,2.1422390937805176,0.0161,,0.2083
473,20000,0.0,24,2,0.4,30.0,0.4,0.0009950948879122734,0.21360169351100922,0.22049443423748016,0.6604758501052856,-0.09041646122932434,0.13061416149139404,0.48681434988975525,0.0005744969821535051,0.0056992704048752785,1.3753095865249634,64,0.034,0.4,6,0,3,0,5,0.8,,,,,,,0.065742626786232,0.8458685278892517,2.1773648262023926,0.0161,,0.2083
474,20000,0.0,24,2,0.125,29.88,0.125,0.0010461146011948586,0.18473635613918304,0.18390440940856934,0.42095479369163513,-0.09553521871566772,0.025691544637084007,0.4629212021827698,0.0007500561187043786,0.004371473100036383,0.6819753050804138,64,0.0385,0.125,2,0,7,0,6,0.833,,,,,,,0.14008605480194092,0.7809409499168396,1.9815583229064941,0.01605,,0.2083
475,20000,0.0,24,2,0.1111,30.0,0.1111,0.0010831435211002827,0.2171802967786789,0.20991188287734985,0.3162003457546234,-0.09479781240224838,0.019197307527065277,0.37109124660491943,0.000881461426615715,0.0030245522502809763,1.2591627836227417,64,0.0346,0.111,1,0,6,2,6,1.0,,,,,,,0.0752863809466362,0.7261978387832642,2.105180501937866,0.0161,,0.2083
476,20000,0.0,24,2,0.0,30.0,0.0,0.0005376585759222507,0.20619451999664307,0.207703098654747,0.3343339264392853,-0.08883978426456451,0.024712106212973595,0.3714594542980194,0.00041338379378430545,0.004580101929605007,1.3714770078659058,64,0.0373,0.0,3,0,7,0,6,1.0,0.082,0.4338,0.083,2,34,10,0.06477672606706619,0.7172709703445435,2.0861148834228516,0.01605,0.0417,0.2083
477,20000,0.0,24,2,0.2857,30.0,0.2857,0.0009164909715764225,0.20451243221759796,0.19815568625926971,0.5510688424110413,-0.0946158617734909,0.09015776962041855,0.4632629156112671,0.0008421847596764565,0.004212499130517244,0.9339510798454285,64,0.0319,0.286,2,0,5,0,7,1.0,,,,,,,0.10130708664655685,0.9537321329116821,1.9678232669830322,0.01625,,0.2083
478,20000,0.0,24,2,0.0,29.5,0.0,0.000738293572794646,0.17143259942531586,0.16980043053627014,0.37949150800704956,-0.0927499309182167,0.049350839108228683,0.3711879849433899,0.0006777742528356612,0.00470351055264473,1.1335443258285522,64,0.0546,0.0,0,0,7,1,8,0.75,,,,,,,0.0818229466676712,0.7097870707511902,2.124905586242676,0.0162,,0.2083
479,20000,0.0,24,2,0.1,29.9,0.1,0.0009160686749964952,0.16721674799919128,0.16147224605083466,0.4970930814743042,-0.05325349420309067,0.06541173160076141,0.41730111837387085,0.0007531101582571864,0.00444397795945406,0.9968759417533875,64,0.0245,0.1,2,0,8,1,4,1.0,,,,,,,0.05342038348317146,1.1202211380004883,2.0490918159484863,0.0161,,0.2083
480,20000,0.0,24,2,0.0,30.0,0.0,0.0011219249572604895,0.1920192837715149,0.18523521721363068,0.8274401426315308,-0.08488643169403076,0.04190662130713463,0.8243950605392456,0.0005099094705656171,0.008236472494900227,1.4919331073760986,64,0.0347,0.0,4,0,5,0,7,0.857,,,,,,,0.05689694732427597,0.7476717233657837,2.1732959747314453,0.01615,,0.2083
481,20000,0.0,24,2,0.5,29.83,0.5,0.0008832659223116934,0.1485295295715332,0.14547502994537354,0.34366708993911743,-0.08462776243686676,0.04910358786582947,0.32794472575187683,0.000701569952070713,0.004285935312509537,1.7727317810058594,64,0.0615,0.667,3,1,2,0,7,0.857,,,,,,,0.047738611698150635,0.7457897663116455,2.149458885192871,0.0162,,0.2083
482,20000,0.0,24,2,0.0,30.0,0.0,0.0008691581897437572,0.21616843342781067,0.22145125269889832,0.4606325924396515,-0.09721431136131287,0.08520390838384628,0.38561081886291504,0.0006079113227315247,0.0036565405316650867,0.8755542039871216,64,0.0314,0.0,1,0,4,0,11,1.0,,,,,,,0.11103174090385437,0.8126196265220642,2.0917859077453613,0.0164,,0.2083
483,20000,0.0,24,2,0.0,30.0,0.0,0.003270341781899333,0.2552464008331299,0.26725560426712036,0.4840630888938904,-0.0890645831823349,0.07585907727479935,0.41909193992614746,0.00046679956722073257,0.004635146353393793,1.3861415386199951,64,0.0348,0.0,1,0,8,1,6,0.833,0.0776,0.4094,0.062,1,42,3,0.06425359845161438,0.8696578741073608,1.9926435947418213,0.0163,0.0417,0.2083
484,20000,0.0,24,2,0.2,29.4,0.2,0.0007252531941048801,0.2641376852989197,0.2629675269126892,0.42912063002586365,-0.09353400766849518,0.028048675507307053,0.464128315448761,0.0004387795925140381,0.004857976455241442,0.8878908157348633,64,0.0389,0.4,6,1,3,0,5,0.4,,,,,,,0.10534404218196869,0.8079285621643066,1.9685629606246948,0.01625,,0.2083
485,20000,0.0,24,2,0.0,30.0,0.0,0.0013370659435167909,0.22407574951648712,0.22195246815681458,0.35109183192253113,-0.08903422951698303,0.05438107252120972,0.32920941710472107,0.0004189161991234869,0.0043090027756989,1.3872627019882202,64,0.0295,0.125,1,1,7,0,7,1.0,,,,,,,0.06417979300022125,0.7712178230285645,2.1471474170684814,0.0162,,0.2083
486,20000,0.0,24,2,0.0,29.29,0.0,0.0007620013202540576,0.17695379257202148,0.17757555842399597,0.3928380608558655,-0.08637579530477524,0.0528448224067688,0.3711698055267334,0.000650511123239994,0.00470884470269084,1.085287094116211,64,0.045,0.143,3,1,5,1,6,0.833,,,,,,,0.07958796620368958,0.7958619594573975,2.110570192337036,0.01625,,0.2083
487,20000,0.0,24,2,0.1111,30.0,0.1111,0.0012178971664980054,0.154506117105484,0.14815358817577362,0.4165591299533844,-0.09108646214008331,0.06692473590373993,0.3717172145843506,0.0008579271961934865,0.0041578300297260284,1.0563408136367798,64,0.038,0.111,1,0,8,0,6,1.0,,,,,,,0.08622829616069794,0.820826530456543,2.124875545501709,0.0161,,0.2083
488,20000,0.0,24,2,0.0,28.86,0.0,0.000490107573568821,0.17777404189109802,0.17409192025661469,0.47027260065078735,-0.09503050893545151,0.049099426716566086,0.4648040533065796,0.00044821875053457916,0.0046004136092960835,0.8503643274307251,64,0.052,0.0,1,0,4,3,8,0.875,,,,,,,0.1117527037858963,0.7977982759475708,1.9937074184417725,0.01615,,0.2083
489,20000,0.0,24,2,0.1667,30.0,0.1667,0.0008307897951453924,0.1792135238647461,0.18083760142326355,0.49314776062965393,-0.09009259194135666,0.08160069584846497,0.41748833656311035,0.0003843991144094616,0.005101283546537161,1.1594651937484741,64,0.0552,0.167,4,0,4,1,6,1.0,,,,,,,0.07770185172557831,0.8931307792663574,2.0809669494628906,0.0162,,0.2083
490,20000,0.0,24,2,0.0,30.0,0.0,0.0014343903167173266,0.15881037712097168,0.1609143614768982,0.32438862323760986,-0.09217457473278046,0.021532118320465088,0.37114572525024414,0.0005879763630218804,0.004706487990915775,1.218930959701538,64,0.0573,0.0,2,0,4,1,9,1.0,0.0792,0.3963,0.0,0,45,3,0.07561919093132019,0.7931196093559265,2.1538333892822266,0.01645,0.0,0.2083
491,20000,0.0,24,2,0.0,30.0,0.0,0.0005587011110037565,0.1955367773771286,0.19371743500232697,0.5517131090164185,-0.09678992629051208,0.04572148621082306,0.5552628040313721,0.00035122098051942885,0.0035945544950664043,0.6341454982757568,64,0.0464,0.0,4,0,4,1,7,0.857,,,,,,,0.15263046324253082,0.6873269081115723,1.8218097686767578,0.01645,,0.2083
492,20000,0.0,24,2,0.0,30.0,0.0,0.0015211316058412194,0.1672353297472,0.16870194673538208,0.37788617610931396,-0.09477651119232178,0.05862871930003166,0.35259008407592773,0.0007369273225776851,0.005630322732031345,1.3690112829208374,64,0.0281,0.0,1,0,5,0,10,1.0,,,,,,,0.06922990083694458,0.7190031409263611,2.111617088317871,0.01655,,0.2083
493,20000,0.0,24,2,0.0,30.0,0.0,0.0007510898867622018,0.17695194482803345,0.18267777562141418,0.3143170475959778,-0.084369957447052,0.03497221693396568,0.32608428597450256,0.0005732111749239266,0.005316540133208036,1.4198673963546753,64,0.0724,0.0,4,0,6,0,6,0.833,,,,,,,0.05942101031541824,0.8598999381065369,2.207385540008545,0.0164,,0.2083
494,20000,0.0,24,2,0.0,29.71,0.0,0.002748717088252306,0.21706834435462952,0.22123479843139648,0.49901288747787476,-0.096771240234375,0.04209233075380325,0.5090608596801758,0.0004626828304026276,0.005077254492789507,0.8940679430961609,64,0.0314,0.0,3,0,6,1,6,1.0,,,,,,,0.10823701322078705,0.7204684615135193,1.9374516010284424,0.0164,,0.2083
495,20000,0.0,24,2,0.0,29.4,0.0,0.0011071991175413132,0.1808648258447647,0.17837649583816528,0.36453530192375183,-0.09414638578891754,0.042325884103775024,0.3715367913246155,0.0006270549492910504,0.00498623913154006,1.3051319122314453,64,0.0679,0.0,2,0,4,1,9,0.778,,,,,,,0.07213553786277771,0.7544971704483032,2.1164066791534424,0.01645,,0.2083
496,20000,0.0,24,2,0.0,30.0,0.0,0.0013054083101451397,0.18311452865600586,0.19544795155525208,0.3445627689361572,-0.08084369450807571,0.04408116266131401,0.33492523431777954,0.000569449330214411,0.00463784160092473,1.7840712070465088,64,0.0246,0.0,4,0,4,0,8,0.875,,,,,,,0.04531416669487953,0.8741248846054077,2.1535449028015137,0.01655,,0.2083
497,20000,0.0,24,2,0.0,30.0,0.0,0.0013123588869348168,0.15904611349105835,0.16611091792583466,0.33267268538475037,-0.08000646531581879,0.0192963108420372,0.37112975120544434,0.0007129920413717628,0.0059135607443749905,1.5480300188064575,64,0.0372,0.0,2,0,6,1,7,0.857,0.0618,0.445,0.083,1,38,6,0.051682762801647186,0.685632586479187,2.11582088470459,0.01645,0.0625,0.2083
498,20000,0.0,24,2,0.1111,30.0,0.1111,0.0006785095320083201,0.17306244373321533,0.16813409328460693,0.3248242735862732,-0.0880667120218277,0.01926608569920063,0.3711118698120117,0.0005457819206640124,0.006493887864053249,1.2451170682907104,64,0.0504,0.111,2,0,8,0,5,1.0,,,,,,,0.07072966545820236,0.7898248434066772,2.1002235412597656,0.0165,,0.2083
499,20000,0.0,24,2,0.0,30.0,0.0,0.0009944714838638902,0.14631780982017517,0.14850860834121704,0.28753143548965454,-0.07533327490091324,0.01766463927924633,0.3254936933517456,0.0006172487628646195,0.004083443898707628,1.5942310094833374,64,0.0364,0.2,2,1,4,0,9,0.667,,,,,,,0.047253675758838654,0.7544312477111816,2.18768048286438,0.0164,,0.2083
500,20000,0.0,24,2,0.1667,29.5,0.1667,0.0011489968746900558,0.15701378881931305,0.1645529419183731,0.3407283425331116,-0.08095329999923706,0.024442464113235474,0.3709719181060791,0.0005052026826888323,0.0036495858803391457,1.2027004957199097,64,0.0269,0.167,1,0,2,3,9,0.667,,,,,,,0.06730960309505463,0.6433129906654358,2.1338512897491455,0.0164,,0.2083
501,20000,0.0,24,2,0.0,29.5,0.0,0.0008619566797278821,0.185792937874794,0.18480201065540314,0.3673165738582611,-0.08090890944004059,0.05789461359381676,0.33051279187202454,0.0005560846766456962,0.003846957115456462,1.5178192853927612,64,0.0416,0.0,2,0,5,1,8,0.875,,,,,,,0.05330602452158928,0.8578187823295593,2.1771867275238037,0.0165,,0.2083
502,20000,0.0,24,2,0.0,30.0,0.0,0.0006896249833516777,0.24300985038280487,0.24314092099666595,0.3624460697174072,-0.08359001576900482,0.03606009483337402,0.37108495831489563,0.00045138117275200784,0.005661825183779001,1.5400581359863281,64,0.0265,0.0,2,0,4,0,10,0.9,,,,,,,0.05427718162536621,0.744032084941864,2.117372989654541,0.01655,,0.2083
503,20000,0.0,24,2,0.0,29.83,0.0,0.0008141752332448959,0.17713448405265808,0.17700031399726868,0.31292083859443665,-0.09016010165214539,0.014623197726905346,0.3712371587753296,0.0008464304264634848,0.00519478227943182,1.8075249195098877,64,0.0348,0.0,2,0,5,1,8,0.875,,,,,,,0.04988041892647743,0.6642934083938599,2.089641809463501,0.0167,,0.2083
504,20000,0.0,24,2,0.0,28.8,0.0,0.0006452450179494917,0.21632125973701477,0.21492576599121094,0.3273656666278839,-0.09092186391353607,0.022211937233805656,0.3711085915565491,0.0005905024008825421,0.0055101485922932625,1.4467498064041138,64,0.0361,0.0,2,0,4,1,9,1.0,0.0672,0.4462,0.125,2,35,7,0.06284559518098831,0.7294367551803589,2.1237049102783203,0.0167,0.0833,0.2083
505,20000,0.0,24,2,0.2,29.9,0.2,0.0008825581753626466,0.19687610864639282,0.1982477307319641,0.4038983881473541,-0.08850747346878052,0.01382755022495985,0.46284544467926025,0.0006153474096208811,0.0038106192369014025,1.0140408277511597,64,0.0438,0.2,2,0,6,2,4,0.5,,,,,,,0.0872819647192955,0.7167760133743286,1.9788497686386108,0.01645,,0.2083
506,20000,0.0,24,2,0.0,29.86,0.0,0.0004409553948789835,0.2176859974861145,0.21476134657859802,0.3774901330471039,-0.08625800907611847,0.02225843444466591,0.4167952537536621,0.00035703068715520203,0.004872031509876251,1.3256744146347046,64,0.0381,0.0,4,0,6,1,5,0.8,,,,,,,0.06506726145744324,0.7508997321128845,2.0784072875976562,0.0164,,0.2083
507,20000,0.0,24,2,0.3333,30.0,0.3333,0.000735561887267977,0.1908494532108307,0.18481722474098206,0.3592376112937927,-0.095524862408638,0.04067026451230049,0.3714008629322052,0.0005058353999629617,0.004042168613523245,1.4909857511520386,64,0.023,0.333,2,0,2,0,11,0.818,,,,,,,0.0640682578086853,0.794081449508667,2.1224541664123535,0.01645,,0.2083
508,20000,0.0,24,2,0.4,30.0,0.4,0.0018226185347884893,0.17338891327381134,0.17510995268821716,0.3704110383987427,-0.08911043405532837,0.06539727747440338,0.3256867527961731,0.0006788186728954315,0.006080316845327616,1.6788485050201416,64,0.0264,0.4,2,0,3,0,9,0.556,,,,,,,0.0530783087015152,0.8002709150314331,2.1785149574279785,0.01665,,0.2083
509,20000,0.0,24,2,0.0,30.0,0.0,0.0007889425614848733,0.18426573276519775,0.18557032942771912,0.392222136259079,-0.09467792510986328,0.056569039821624756,0.3711467981338501,0.0005464008427225053,0.005230339709669352,1.1379852294921875,64,0.0358,0.0,4,0,6,0,6,1.0,,,,,,,0.08319785445928574,0.810152530670166,2.141134262084961,0.0165,,0.2083
510,20000,0.0,24,2,0.2222,29.67,0.2222,0.0008232733234763145,0.18949094414710999,0.18832840025424957,0.41880661249160767,-0.0874398872256279,0.028616201132535934,0.44666919112205505,0.000441698357462883,0.0046898298896849155,1.3060994148254395,64,0.0386,0.333,2,1,6,0,5,0.6,,,,,,,0.066947340965271,0.7544357180595398,2.083730697631836,0.0164,,0.2083
511,20000,0.0,24,2,0.25,29.5,0.25,0.0011711902916431427,0.15953364968299866,0.16107143461704254,0.348206102848053,-0.09063690900802612,0.0327807292342186,0.37121865153312683,0.0004789058293681592,0.004125844221562147,1.2089011669158936,64,0.0425,0.25,4,0,2,1,8,1.0,0.064,0.4216,0.146,0,33,8,0.07497461885213852,0.7853569388389587,2.1246519088745117,0.0166,0.1458,0.2083
512,20000,0.0,24,2,0.0,30.0,0.0,0.0009805784793570638,0.19986101984977722,0.20659883320331573,0.36258140206336975,-0.08786003291606903,0.038173921406269073,0.37173447012901306,0.0005065005389042199,0.004718231037259102,1.198116660118103,64,0.0341,0.0,2,0,4,0,10,0.9,,,,,,,0.07333178073167801,0.8672894239425659,2.1135354042053223,0.0167,,0.2083
513,20000,0.0,24,2,0.0,29.86,0.0,0.000577393569983542,0.21301709115505219,0.21339493989944458,0.30933794379234314,-0.0848105326294899,0.03286288306117058,0.32557839155197144,0.0003958485904149711,0.005688604433089495,1.1732823848724365,64,0.0245,0.0,2,0,5,2,7,1.0,,,,,,,0.07228483259677887,1.116992712020874,2.2197155952453613,0.01665,,0.2083
514,20000,0.0,24,2,0.0,30.0,0.0,0.0008874227642081678,0.1726398468017578,0.179888054728508,0.45234838128089905,-0.09442346543073654,0.04086071252822876,0.46329522132873535,0.0004971100715920329,0.00351039064116776,0.9302120208740234,64,0.0329,0.0,2,0,6,0,8,1.0,,,,,,,0.10150747001171112,0.7930072546005249,1.9753738641738892,0.01655,,0.2083
515,20000,0.0,24,2,0.0,30.0,0.0,0.0005549891502596438,0.22202111780643463,0.22185049951076508,0.3075321912765503,-0.09762003272771835,0.016055066138505936,0.37117356061935425,0.0004507074481807649,0.0037370866630226374,0.8463042378425598,64,0.0316,0.0,4,0,8,0,4,1.0,,,,,,,0.11534862965345383,0.7235856056213379,2.133312463760376,0.0164,,0.2083
516,20000,0.0,24,2,0.2,29.4,0.2,0.0006584564107470214,0.1881120800971985,0.18982946872711182,0.28673118352890015,-0.08935379981994629,0.023852232843637466,0.32585984468460083,0.000483821815578267,0.005041333381086588,1.4655159711837769,64,0.0383,0.2,3,0,3,1,8,0.75,,,,,,,0.06097088009119034,0.829208254814148,2.1830368041992188,0.0165,,0.2083
517,20000,0.0,24,2,0.0,30.0,0.0,0.001099115121178329,0.2167605757713318,0.21767127513885498,0.41451212763786316,-0.06124264746904373,0.05112205073237419,0.3713712692260742,0.0004353937110863626,0.004278820473700762,1.4218465089797974,64,0.0414,0.0,1,0,6,0,9,0.889,,,,,,,0.04307261481881142,0.9259339570999146,2.135998010635376,0.0165,,0.2083
518,20000,0.0,24,2,0.1818,29.36,0.1818,0.000854206969961524,0.14638566970825195,0.1477477252483368,0.3542090952396393,-0.08476601541042328,0.05601619929075241,0.3252573013305664,0.0005243387422524393,0.003370814723894,1.535737156867981,64,0.0383,0.182,1,0,7,2,4,1.0,0.0656,0.4444,0.042,0,37,9,0.055195655673742294,0.747539222240448,2.21040678024292,0.0165,0.0417,0.2083
519,20000,0.0,24,2,0.0,30.0,0.0,0.000937323085963726,0.19437935948371887,0.19028593599796295,0.5019930005073547,-0.08641806244850159,0.034511201083660126,0.5171135663986206,0.0005671954713761806,0.0045502400025725365,1.1144009828567505,64,0.0365,0.0,1,0,9,0,6,0.667,,,,,,,0.07754664868116379,0.8237494230270386,1.8547942638397217,0.0163,,0.2083
520,20000,0.0,24,2,0.1,29.5,0.1,0.0004472524451557547,0.1907375454902649,0.18778181076049805,0.28473135828971863,-0.09314900636672974,0.02546156942844391,0.32522284984588623,0.0003851732471957803,0.0034687556326389313,1.9888218641281128,64,0.0486,0.1,2,0,8,1,4,1.0,,,,,,,0.04683627188205719,0.7378338575363159,2.194434642791748,0.0163,,0.2083
521,20000,0.0,24,2,0.0,30.0,0.0,0.01576489582657814,0.179672509431839,0.19562509655952454,0.4041309356689453,-0.09511871635913849,0.03241604566574097,0.43175846338272095,0.0004918712074868381,0.005318161565810442,0.8932194709777832,64,0.0236,0.0,2,0,6,0,8,1.0,,,,,,,0.10648974776268005,0.7975225448608398,2.016415596008301,0.0163,,0.2083
522,20000,0.0,24,2,0.2,29.8,0.2,0.0014064464485272765,0.19858363270759583,0.20195883512496948,0.34646522998809814,-0.08799224346876144,0.0309044998139143,0.3710075616836548,0.0005479821120388806,0.003281848970800638,1.621532678604126,64,0.0341,0.2,2,0,3,1,9,0.889,,,,,,,0.0542648583650589,0.6351341009140015,2.1116738319396973,0.01645,,0.2083
523,20000,0.0,24,2,0.1429,29.86,0.1429,0.0007231909548863769,0.2425997108221054,0.23566535115242004,0.4458383023738861,-0.0958394706249237,0.02206258475780487,0.4951099753379822,0.00037642655661329627,0.004885276313871145,1.059975266456604,64,0.0304,0.286,1,1,5,0,8,0.75,,,,,,,0.09041670709848404,0.6076619625091553,1.9055649042129517,0.01645,,0.2083
524,20000,0.0,24,2,0.0,28.33,0.0,0.0006306091672740877,0.16689664125442505,0.16021966934204102,0.4592565596103668,-0.09331297874450684,0.0664290115237236,0.4172256290912628,0.0005221765022724867,0.004971776623278856,1.1928215026855469,64,0.076,0.0,3,0,4,2,7,1.0,,,,,,,0.07822878658771515,0.7496383190155029,2.0498170852661133,0.01645,,0.2083
525,20000,0.0,24,2,0.0,29.29,0.0,0.00035984866553917527,0.21073496341705322,0.2077816128730774,0.43655654788017273,-0.09324196726083755,0.03256774693727493,0.4627595543861389,0.00030855456134304404,0.003806938650086522,1.359626293182373,64,0.0391,0.0,3,0,4,3,6,0.833,0.0684,0.4787,0.0,0,36,12,0.06857911497354507,0.855647087097168,1.9861373901367188,0.01625,0.0,0.2083
526,20000,0.0,24,2,0.1429,29.71,0.1429,0.0005734182777814567,0.16473619639873505,0.17331425845623016,0.468313992023468,-0.08771244436502457,0.09108012169599533,0.37118810415267944,0.00043440735316835344,0.005356187466531992,1.49860417842865,64,0.0628,0.143,2,0,5,1,7,0.857,,,,,,,0.05852942913770676,0.8806888461112976,2.133267879486084,0.0164,,0.2083
527,20000,0.0,24,2,0.125,30.0,0.125,0.001322978176176548,0.18702048063278198,0.18460026383399963,0.33568647503852844,-0.08802063018083572,0.02467433176934719,0.3718191981315613,0.0006002067821100354,0.005078522954136133,1.536468744277954,64,0.0452,0.125,1,0,7,0,7,0.857,,,,,,,0.05728761851787567,0.7751812934875488,2.106947183609009,0.01645,,0.2083
528,20000,0.0,24,2,0.125,30.0,0.125,0.0006307642906904221,0.19622766971588135,0.19750025868415833,0.3787137567996979,-0.08168826997280121,0.04377241060137749,0.37117844820022583,0.00043288286542519927,0.003357508685439825,2.1272754669189453,64,0.0287,0.125,0,0,7,0,8,1.0,,,,,,,0.038400422781705856,0.7584325671195984,2.139120101928711,0.0165,,0.2083
529,20000,0.0,24,2,0.0,29.75,0.0,0.004555135034024715,0.2733522653579712,0.278430700302124,0.32365521788597107,-0.09118345379829407,0.043304335325956345,0.32552632689476013,0.00047492049634456635,0.005407326389104128,2.2091729640960693,64,0.0469,0.0,1,0,7,1,7,0.714,,,,,,,0.04127492755651474,0.7358765006065369,2.2085556983947754,0.0163,,0.2083
530,20000,0.0,24,2,0.1667,30.0,0.1667,0.0012864430900663137,0.1853826940059662,0.1882186383008957,0.42693132162094116,-0.09020213037729263,0.04832049459218979,0.4179246425628662,0.000996490241959691,0.005135651212185621,1.5397180318832397,64,0.0408,0.167,1,0,5,0,9,0.667,,,,,,,0.05858353525400162,0.9032295942306519,2.0624611377716064,0.0161,,0.2083
531,20000,0.0,24,2,0.3333,29.17,0.3333,0.000846953596919775,0.22223208844661713,0.22024674713611603,0.6211711168289185,-0.09857615828514099,0.19595959782600403,0.3257409334182739,0.0008404980762861669,0.004174181260168552,1.5762687921524048,64,0.0381,0.333,1,0,3,1,9,0.889,,,,,,,0.06253765523433685,0.9173542857170105,2.2220282554626465,0.01635,,0.2083
532,20000,0.0,24,2,0.0,30.0,0.0,0.0005914133507758379,0.17129117250442505,0.17168784141540527,0.3242199718952179,-0.09389203786849976,0.02189496159553528,0.3717678487300873,0.0005391863523982465,0.005108501762151718,1.4236387014389038,64,0.0378,0.0,2,0,6,1,7,0.857,0.0624,0.4461,0.208,1,32,6,0.06595215201377869,0.6990472078323364,2.112685203552246,0.0164,0.1875,0.2083
533,20000,0.0,24,2,0.25,29.12,0.25,0.0010894802398979664,0.1897035837173462,0.19281527400016785,0.44243910908699036,-0.08905927836894989,0.056493159383535385,0.416837215423584,0.00048510910710319877,0.0033496920950710773,0.9649229049682617,64,0.0496,0.5,1,2,4,0,7,0.714,,,,,,,0.0922967940568924,0.790116012096405,2.049401044845581,0.0164,,0.2083
534,20000,0.0,24,2,0.0,29.8,0.0,0.0007044199155643582,0.16668996214866638,0.16601142287254333,0.36541059613227844,-0.09627491235733032,0.0441935770213604,0.37105119228363037,0.0005400488153100014,0.004494294989854097,1.2973246574401855,64,0.0266,0.0,3,0,4,1,8,0.5,,,,,,,0.07421033829450607,0.6506539583206177,2.1134471893310547,0.0163,,0.2083
535,20000,0.0,24,2,0.2727,29.64,0.2727,0.0006834221421740949,0.22065675258636475,0.22053325176239014,0.5086449384689331,-0.0898464247584343,0.08972963690757751,0.4169531762599945,0.0003777233650907874,0.004157800693064928,0.8908492922782898,64,0.0496,0.364,4,1,6,1,1,0.0,,,,,,,0.1008547991514206,1.0981130599975586,2.0670294761657715,0.01625,,0.2083
536,20000,0.0,24,2,0.0,29.86,0.0,0.000530875928234309,0.2129601687192917,0.2097030133008957,0.42646920680999756,-0.08634162694215775,0.0463879369199276,0.41788727045059204,0.0004196394293103367,0.004295365884900093,1.0017303228378296,64,0.0409,0.143,1,1,6,0,8,1.0,,,,,,,0.08619248867034912,0.9071435332298279,2.080444574356079,0.01625,,0.2083
537,20000,0.0,24,2,0.8,29.8,0.8,0.0005572762456722558,0.17561587691307068,0.1734437793493271,0.34415629506111145,-0.09220677614212036,0.03163078427314758,0.3713098168373108,0.00040235332562588155,0.003583346726372838,1.2544492483139038,64,0.0279,0.8,5,0,1,0,6,0.833,,,,,,,0.07350379228591919,0.786177396774292,2.155273675918579,0.0164,,0.2083
538,20000,0.0,24,2,0.0,28.8,0.0,0.0010561944218352437,0.18599170446395874,0.1877875179052353,0.36827442049980164,-0.09118640422821045,0.04340879246592522,0.3710598349571228,0.000473523250548169,0.0031668145675212145,0.9221548438072205,64,0.0656,0.0,2,0,3,2,9,0.889,,,,,,,0.09888406097888947,0.6966999769210815,2.1323132514953613,0.01635,,0.2083
539,20000,0.0,24,2,0.0,29.67,0.0,0.0015293313190340996,0.20299823582172394,0.20388326048851013,0.38331499695777893,-0.08333134651184082,0.04656045138835907,0.37156277894973755,0.0017187754856422544,0.003925300668925047,1.4894351959228516,64,0.0305,0.0,2,0,8,1,5,1.0,0.0666,0.4343,0.167,0,31,9,0.05594828724861145,0.799159049987793,2.1494877338409424,0.0162,0.1667,0.2083
540,20000,0.0,24,2,0.0,30.0,0.0,0.0008353592129424214,0.16984131932258606,0.16505323350429535,0.34262657165527344,-0.08394818007946014,0.026861459016799927,0.3709515333175659,0.0006928891525603831,0.0038006091490387917,1.4381970167160034,64,0.0448,0.0,2,0,6,0,8,0.875,,,,,,,0.0583704337477684,0.7399897575378418,2.161489963531494,0.01615,,0.2083
541,20000,0.0,24,2,0.25,29.5,0.25,0.00045824030530638993,0.2155778557062149,0.21172159910202026,0.40707963705062866,-0.09358550608158112,0.04119999334216118,0.4166450798511505,0.0004074325552210212,0.0032401925418525934,1.3822826147079468,64,0.055,0.375,1,1,4,1,7,0.857,,,,,,,0.06770359724760056,0.8293842077255249,2.0641589164733887,0.0162,,0.2083
542,20000,0.0,24,2,0.2857,29.86,0.2857,0.001167281181551516,0.1582704484462738,0.15038739144802094,0.4812106192111969,-0.0973978042602539,0.05579826235771179,0.465120792388916,0.0007885441300459206,0.0037822003941982985,0.8798912167549133,64,0.0359,0.286,4,0,5,0,5,1.0,,,,,,,0.11069301515817642,0.6897737979888916,2.0074830055236816,0.01635,,0.2083
543,20000,0.0,24,2,0.25,30.0,0.25,0.0008746552048251033,0.25056472420692444,0.24754567444324493,0.35018283128738403,-0.08978840708732605,0.04307129234075546,0.35139089822769165,0.0004348756046965718,0.004875530023127794,1.0943140983581543,64,0.0359,0.25,2,0,3,0,10,0.7,,,,,,,0.08204992860555649,0.7899124026298523,2.1070103645324707,0.0163,,0.2083
544,20000,0.0,24,2,0.125,29.75,0.125,0.000864367582835257,0.2005968540906906,0.20958660542964935,0.4161233901977539,-0.09438413381576538,0.022779986262321472,0.46253007650375366,0.0007078346679918468,0.0048349336721003056,0.8878684043884277,64,0.0283,0.125,3,0,6,1,5,1.0,,,,,,,0.10630419850349426,0.7710773348808289,1.987029790878296,0.01635,,0.2083
545,20000,0.0,24,2,0.1429,29.71,0.1429,0.0009691027225926518,0.21919871866703033,0.21328143775463104,0.35616084933280945,-0.09351669251918793,0.061267606914043427,0.3252113461494446,0.0006605928647331893,0.003861969569697976,1.6146787405014038,64,0.0323,0.143,2,0,6,0,7,1.0,,,,,,,0.05791659653186798,0.7982208132743835,2.1934585571289062,0.0164,,0.2083
546,20000,0.0,24,2,0.1111,28.89,0.1111,0.0007852917769923806,0.1824650913476944,0.17782984673976898,0.35496222972869873,-0.09648777544498444,0.016517693176865578,0.4167705178260803,0.0005303980433382094,0.0032881915103644133,1.081126093864441,64,0.0791,0.111,0,0,5,3,7,1.0,0.0625,0.3982,0.104,0,33,10,0.08924747258424759,0.7139908671379089,2.0807065963745117,0.0165,0.1042,0.2083
547,20000,0.0,24,2,0.1429,29.86,0.1429,0.001505048479884863,0.1729309856891632,0.1798027753829956,0.49112409353256226,-0.090069979429245,0.10312378406524658,0.37126362323760986,0.0007265707827173173,0.007365748286247253,0.8361821174621582,64,0.034,0.143,0,0,5,1,9,0.778,,,,,,,0.10771574079990387,0.9208478331565857,2.1320548057556152,0.0165,,0.2083
548,20000,0.0,24,2,0.0,29.14,0.0,0.0005696172593161464,0.18305028975009918,0.18478822708129883,0.42675504088401794,-0.08900794386863708,0.03418392688035965,0.4453202486038208,0.0004827102820854634,0.004149752203375101,1.012321949005127,64,0.0286,0.0,1,0,5,2,8,0.875,,,,,,,0.0879245400428772,0.6259989738464355,2.0399293899536133,0.0165,,0.2083
549,20000,0.0,24,2,0.0,30.0,0.0,0.0008223196491599083,0.16473010182380676,0.16594821214675903,0.5081358551979065,-0.09787043929100037,0.026564832776784897,0.5510205030441284,0.0004193411150481552,0.0037122811190783978,0.6758806109428406,64,0.0333,0.0,0,0,7,0,9,1.0,,,,,,,0.14480432868003845,0.6979875564575195,1.9483346939086914,0.0164,,0.2083
550,20000,0.0,24,2,0.1,29.8,0.1,0.000607925932854414,0.2033938467502594,0.203465074300766,0.4169027805328369,-0.0956432893872261,0.011551282368600368,0.4877721965312958,0.0007155931671150029,0.003342657582834363,1.219971776008606,64,0.0428,0.2,2,1,7,1,4,1.0,,,,,,,0.0783979520201683,0.6724233627319336,2.1230921745300293,0.0163,,0.2083
551,20000,0.0,24,2,0.0,29.6,0.0,0.001134989084675908,0.14275240898132324,0.13955704867839813,0.3876405358314514,-0.08733877539634705,0.05067690461874008,0.37102556228637695,0.0004230062186252326,0.005199936684221029,1.3926711082458496,64,0.0411,0.0,1,0,8,2,5,0.6,,,,,,,0.0627131462097168,0.7209610342979431,2.101989507675171,0.01605,,0.2083
552,20000,0.0,24,2,0.0,30.0,0.0,0.0016069408738985658,0.19461092352867126,0.19313479959964752,0.47701653838157654,-0.08790665119886398,0.027164427563548088,0.5087401270866394,0.0005027598817832768,0.0037083993665874004,1.0282810926437378,64,0.0281,0.0,1,0,5,0,10,1.0,,,,,,,0.0854889303445816,0.7108815908432007,1.9254664182662964,0.01625,,0.2083
553,20000,0.0,24,2,0.0,30.0,0.0,0.0010056094033643603,0.20940996706485748,0.2061464786529541,0.36538517475128174,-0.09432058036327362,0.04279686138033867,0.37124019861221313,0.00033825330319814384,0.005743684712797403,1.6193182468414307,64,0.0371,0.0,3,0,4,0,9,0.889,0.0651,0.4152,0.062,0,39,6,0.058247096836566925,0.7755440473556519,2.14947772026062,0.01645,0.0625,0.2083
554,20000,0.0,24,2,0.0833,29.67,0.0833,0.0004342867177911103,0.17922934889793396,0.18054786324501038,0.39792779088020325,-0.09319458156824112,0.02561921440064907,0.4380471408367157,0.00039464730070903897,0.0036736014299094677,0.8800690770149231,64,0.0487,0.083,0,0,8,3,4,1.0,,,,,,,0.10589461028575897,0.7158136367797852,1.9919469356536865,0.0161,,0.2083
555,20000,0.0,24,2,0.5,29.33,0.5,0.001028659287840128,0.18343809247016907,0.17866584658622742,0.4608747661113739,-0.09840749204158783,0.06941914558410645,0.41752952337265015,0.0005943169817328453,0.005828931927680969,0.9834290742874146,64,0.033,0.5,2,0,2,1,8,1.0,,,,,,,0.100065678358078,0.7629941701889038,2.064772605895996,0.01635,,0.2083
556,20000,0.0,24,2,0.1667,30.0,0.1667,0.0005081604467704892,0.15639275312423706,0.15363913774490356,0.40118348598480225,-0.0920768529176712,0.058444779366254807,0.3710983991622925,0.00036536401603370905,0.010544751770794392,1.13357675075531,64,0.0206,0.167,4,0,5,0,6,1.0,,,,,,,0.08122684061527252,0.7715286612510681,2.1400363445281982,0.0164,,0.2083
557,20000,0.0,24,2,0.0,30.0,0.0,0.0029976824298501015,0.1932835876941681,0.20089414715766907,0.35128697752952576,-0.09415251016616821,0.03587090224027634,0.371101438999176,0.0005303689395077527,0.0051924847066402435,0.8932272791862488,64,0.0346,0.0,6,0,4,0,6,1.0,,,,,,,0.10540711879730225,0.8695217370986938,2.1510891914367676,0.0165,,0.2083
558,20000,0.0,24,2,0.0,29.67,0.0,0.0006562486523762345,0.17010051012039185,0.1697673201560974,0.36959049105644226,-0.0938744992017746,0.022268008440732956,0.41700637340545654,0.0004990806919522583,0.0038451917935162783,0.9071545600891113,64,0.0379,0.0,3,0,8,1,4,0.75,,,,,,,0.10348236560821533,0.5615665316581726,2.0449063777923584,0.01625,,0.2083
559,20000,0.0,24,2,0.2,28.0,0.2,0.0009605746017768979,0.1895366758108139,0.19063211977481842,0.3929471969604492,-0.07490795850753784,0.04721211642026901,0.37152546644210815,0.0004879589250776917,0.0038108909502625465,1.2343429327011108,64,0.0393,0.2,3,0,2,2,8,0.875,,,,,,,0.06068650633096695,0.8234001994132996,2.095155954360962,0.01625,,0.2083
560,20000,0.0,24,2,0.0,29.5,0.0,0.000625824905000627,0.1835707128047943,0.17877283692359924,0.42581072449684143,-0.08194233477115631,0.04442104697227478,0.41692620515823364,0.0006761744734831154,0.003969486337155104,1.4979112148284912,64,0.0399,0.0,1,0,7,1,7,0.571,0.0691,0.4018,0.104,2,34,9,0.05470439791679382,0.8954939842224121,2.062497615814209,0.016,0.0625,0.2083
561,20000,0.0,24,2,0.0,29.62,0.0,0.000581642787437886,0.18082831799983978,0.18426725268363953,0.4505336284637451,-0.08874233067035675,0.03069305419921875,0.4755106270313263,0.0006341204280033708,0.004758489318192005,1.1861610412597656,64,0.0477,0.0,3,0,7,1,5,0.8,,,,,,,0.07481473684310913,0.781235933303833,2.0297036170959473,0.01585,,0.2083
562,20000,0.0,24,2,0.0,29.67,0.0,0.0008329963311553001,0.23802509903907776,0.23584969341754913,0.4798596203327179,-0.09739480167627335,0.03267410025000572,0.5087487697601318,0.0004730442597065121,0.006314951926469803,0.8066740036010742,64,0.0428,0.0,4,0,5,1,6,0.833,,,,,,,0.120736263692379,0.7451026439666748,1.9236414432525635,0.01585,,0.2083
563,20000,0.0,24,2,0.0,29.44,0.0,0.0007670962950214744,0.21239367127418518,0.2171996533870697,0.3462276756763458,-0.08699055016040802,0.027242250740528107,0.3768391013145447,0.0006507678772322834,0.0037892519030719995,1.542214274406433,64,0.0507,0.0,3,0,8,1,4,0.75,,,,,,,0.05640626326203346,0.8395851850509644,2.1321680545806885,0.01565,,0.2083
564,20000,0.0,24,2,0.1111,29.67,0.1111,0.0006171937566250563,0.2108801305294037,0.2129148542881012,0.34093207120895386,-0.09158021211624146,0.052487701177597046,0.32523417472839355,0.00043321572593413293,0.004605427384376526,1.4053294658660889,64,0.037,0.111,1,0,6,2,6,1.0,,,,,,,0.06516636908054352,0.8089773058891296,2.1890854835510254,0.0157,,0.2083
565,20000,0.0,24,2,0.5,30.0,0.5,0.0010627496521919966,0.189974844455719,0.18817119300365448,0.38799887895584106,-0.09805817902088165,0.03317062184214592,0.41729551553726196,0.0008454275084659457,0.0048406305722892284,0.8558376431465149,64,0.0186,0.5,3,0,3,0,7,1.0,,,,,,,0.11457568407058716,0.767808198928833,2.0702245235443115,0.01595,,0.2083
566,20000,0.0,24,2,0.0,30.0,0.0,0.001734678982757032,0.16044998168945312,0.16601914167404175,0.29925981163978577,-0.09059789776802063,0.0310869961977005,0.32581987977027893,0.0006217867485247552,0.0037276882212609053,1.6079257726669312,64,0.0356,0.0,3,0,9,0,4,0.75,,,,,,,0.05634458363056183,0.8217377662658691,2.1864500045776367,0.0159,,0.2083
567,20000,0.0,24,2,0.25,30.0,0.25,0.000662340666167438,0.1977924406528473,0.2020861655473709,0.5042017698287964,-0.08500218391418457,0.03910238295793533,0.5089045763015747,0.0005867459694854915,0.004189209081232548,1.039867877960205,64,0.057,0.25,4,0,3,0,8,0.875,0.0748,0.4127,0.146,1,38,3,0.0817432552576065,0.8528925180435181,1.952756404876709,0.01605,0.125,0.2083
568,20000,0.0,24,2,0.0,30.0,0.0,0.0005171663360670209,0.1902548372745514,0.18959274888038635,0.36022260785102844,-0.0891362726688385,0.051023777574300766,0.3446457087993622,0.00037618610076606274,0.005331235472112894,1.1053481101989746,64,0.0388,0.0,3,0,6,1,6,1.0,,,,,,,0.08064089715480804,0.850255012512207,2.101741313934326,0.0161,,0.2083
569,20000,0.0,24,2,0.1429,29.71,0.1429,0.0005441445973701775,0.1686183363199234,0.1821838915348053,0.3485517203807831,-0.08768609166145325,0.0314173623919487,0.3710519075393677,0.0004649230686482042,0.004702393431216478,1.3008952140808105,64,0.0401,0.143,4,0,5,1,5,1.0,,,,,,,0.06740442663431168,0.8079683780670166,2.1351828575134277,0.01605,,0.2083
570,20000,0.0,24,2,0.1429,30.0,0.1429,0.0009494898840785027,0.21610692143440247,0.21356281638145447,0.34726768732070923,-0.08861471712589264,0.05442487820982933,0.3253272473812103,0.00047811411786824465,0.0034108019899576902,1.5820459127426147,64,0.0295,0.143,6,0,6,0,3,0.667,,,,,,,0.05601273849606514,0.8603256940841675,2.20175838470459,0.01585,,0.2083
571,20000,0.0,24,2,0.0,29.0,0.0,0.0007163931149989367,0.18775394558906555,0.18330271542072296,0.3231625556945801,-0.09561730921268463,0.022521410137414932,0.3710775673389435,0.0008742571226321161,0.005318935494869947,1.3863885402679443,64,0.0396,0.0,2,0,2,1,11,0.909,,,,,,,0.06896862387657166,0.8203861713409424,2.132802724838257,0.01605,,0.2083
572,20000,0.0,24,2,0.0,29.6,0.0,0.001274681300856173,0.23908114433288574,0.2411881685256958,0.35721614956855774,-0.08880124241113663,0.03605497628450394,0.3714280128479004,0.0005072988569736481,0.004958891309797764,1.1148099899291992,64,0.0367,0.0,4,0,4,1,7,0.857,,,,,,,0.07965594530105591,0.8199540972709656,2.128974676132202,0.016,,0.2083
573,20000,0.0,24,2,0.0,30.0,0.0,0.0006170769920572639,0.19832272827625275,0.20054486393928528,0.30047377943992615,-0.06937846541404724,0.02109929919242859,0.32535749673843384,0.000726350408513099,0.004592326004058123,2.288809299468994,64,0.0294,0.0,1,0,6,1,8,0.75,,,,,,,0.030312035232782364,0.8079321384429932,2.200857162475586,0.01595,,0.2083
574,20000,0.0,24,2,0.1667,29.83,0.1667,0.0006052094977349043,0.18640300631523132,0.18879880011081696,0.4018990099430084,-0.09334462136030197,0.03241617605090141,0.4278292953968048,0.0005295126466080546,0.0051639508455991745,0.8632489442825317,64,0.0172,0.167,1,0,4,1,9,1.0,0.0619,0.3603,0.125,1,39,3,0.10813175141811371,0.8505223989486694,2.002869129180908,0.0161,0.1042,0.2083
575,20000,0.0,24,2,0.1667,30.0,0.1667,0.0008859974914230406,0.17402923107147217,0.17199531197547913,0.3115641176700592,-0.0763099417090416,0.030485540628433228,0.3253040611743927,0.00044404735672287643,0.003197835059836507,1.4846079349517822,64,0.0387,0.167,3,0,5,0,7,0.857,,,,,,,0.05140073969960213,0.7375302314758301,2.1859445571899414,0.0161,,0.2083
576,20000,0.0,24,2,0.0,30.0,0.0,0.00136729353107512,0.23357199132442474,0.22928185760974884,0.543314516544342,-0.0874740406870842,0.04459970444440842,0.5396221876144409,0.0005846117855980992,0.00393392750993371,1.0369867086410522,64,0.0214,0.0,3,0,6,0,7,0.714,,,,,,,0.08435405790805817,0.8514703512191772,1.9318135976791382,0.01605,,0.2083
577,20000,0.0,24,2,0.125,30.0,0.125,0.0008538783295080066,0.21074819564819336,0.2157166451215744,0.4360392689704895,-0.09382264316082001,0.03258613497018814,0.46273672580718994,0.0005004895501770079,0.0039058509282767773,0.871059238910675,64,0.0351,0.125,1,0,7,0,7,0.571,,,,,,,0.10771097987890244,0.7299654483795166,1.9775605201721191,0.01595,,0.2083
578,20000,0.0,24,2,0.125,29.38,0.125,0.0007911501452326775,0.1757768988609314,0.17409390211105347,0.4834567904472351,-0.09349803626537323,0.07870878279209137,0.41713207960128784,0.0005137684638611972,0.004810363054275513,1.2858821153640747,64,0.0294,0.125,3,0,4,3,5,0.8,,,,,,,0.07271119952201843,0.771048903465271,2.0418026447296143,0.01605,,0.2083
579,20000,0.0,24,2,0.2857,29.86,0.2857,0.00043146900134161115,0.21731799840927124,0.2203783243894577,0.3502518832683563,-0.08663967251777649,0.05449506640434265,0.32576704025268555,0.0004788480291608721,0.004268750548362732,1.279699683189392,64,0.0301,0.286,4,0,5,0,5,0.8,,,,,,,0.06770312786102295,0.9831311106681824,2.212498426437378,0.016,,0.2083
580,20000,0.0,24,2,0.125,28.25,0.125,0.0011004909174516797,0.18500904738903046,0.18964052200317383,0.32097327709198,-0.0772058516740799,0.03333635255694389,0.32942870259284973,0.0004145514976698905,0.004155457019805908,2.1117231845855713,64,0.0563,0.125,1,0,4,3,7,0.857,,,,,,,0.03656059503555298,0.8422955274581909,2.150171995162964,0.0159,,0.2083
581,20000,0.0,24,2,0.0,30.0,0.0,0.0007726631592959166,0.2192758172750473,0.22514814138412476,0.28803035616874695,-0.09791655838489532,0.02843455784022808,0.3256022036075592,0.0005290331901051104,0.006951222661882639,2.306370735168457,64,0.0447,0.0,4,0,4,0,8,0.75,0.0649,0.3971,0.062,1,39,6,0.04245482385158539,0.8425113558769226,2.193739891052246,0.0159,0.0417,0.2083
582,20000,0.0,24,2,0.0,30.0,0.0,0.002900970634073019,0.14599356055259705,0.14062023162841797,0.39905792474746704,-0.0941505953669548,0.03694487363100052,0.4171360731124878,0.0004522522212937474,0.004365396685898304,1.2062058448791504,64,0.0405,0.0,4,0,5,1,6,0.833,,,,,,,0.07805515825748444,0.7552573680877686,2.062657117843628,0.0159,,0.2083
583,20000,0.0,24,2,0.0,29.86,0.0,0.0010342795867472887,0.2197623997926712,0.21137018501758575,0.32097548246383667,-0.08882017433643341,0.01842416077852249,0.37125569581985474,0.0004083680687472224,0.003383276052772999,1.370233416557312,64,0.0325,0.143,3,1,6,0,6,1.0,,,,,,,0.06482119858264923,0.732039213180542,2.1256322860717773,0.01595,,0.2083
584,20000,0.0,24,2,0.1429,29.57,0.1429,0.000845601549372077,0.1979520618915558,0.2003411501646042,0.3264894485473633,-0.08419670164585114,0.03230307996273041,0.34367892146110535,0.0006752075278200209,0.004802108742296696,1.3670567274093628,64,0.0276,0.143,4,0,4,2,5,0.8,,,,,,,0.061589766293764114,0.873985767364502,2.1329779624938965,0.01605,,0.2083
585,20000,0.0,24,2,0.0,30.0,0.0,0.000790771096944809,0.20351456105709076,0.2028961181640625,0.39958059787750244,-0.09277985990047455,0.014105971902608871,0.46277666091918945,0.0007222963613457978,0.002743738703429699,1.0534579753875732,64,0.0325,0.0,3,0,7,0,6,1.0,,,,,,,0.08807171136140823,0.6622986793518066,2.0127055644989014,0.016,,0.2083
586,20000,0.0,24,2,0.1667,29.17,0.1667,0.00048519246047362685,0.17746755480766296,0.18357393145561218,0.3153308629989624,-0.07251735776662827,0.030379604548215866,0.32568150758743286,0.00047984186676330864,0.0028150167781859636,3.82147216796875,64,0.0279,0.167,3,0,2,3,7,0.286,,,,,,,0.01897628791630268,0.6716000437736511,2.1668388843536377,0.01565,,0.2083
587,20000,0.0,24,2,0.0,29.0,0.0,0.0013625441351905465,0.17329904437065125,0.17071682214736938,0.35667914152145386,-0.09536623954772949,0.01697600446641445,0.41669294238090515,0.00044402811909094453,0.0028008928056806326,1.234204649925232,64,0.0452,0.0,3,0,4,1,8,0.875,,,,,,,0.07726939022541046,0.6602345108985901,2.06687593460083,0.01565,,0.2083
588,20000,0.0,24,2,0.125,30.0,0.125,0.0006935084238648415,0.2217412143945694,0.22084417939186096,0.3049514591693878,-0.09403842687606812,0.03571714460849762,0.3253495991230011,0.0003613315348047763,0.0044120242819190025,1.3069682121276855,64,0.0422,0.125,2,0,7,0,6,0.833,0.0743,0.3652,0.083,0,40,4,0.07195157557725906,0.9783724546432495,2.2228145599365234,0.01565,0.0833,0.2083
589,20000,0.0,24,2,0.3333,29.78,0.3333,0.0008176861447282135,0.21364247798919678,0.21889814734458923,0.31661751866340637,-0.09336809813976288,0.04029620438814163,0.32569265365600586,0.0006383612053468823,0.007401126902550459,1.0145539045333862,64,0.034,0.333,1,0,5,1,6,0.833,,,,,,,0.09202872216701508,0.8048693537712097,2.1622653007507324,0.01565,,0.2083
590,20000,0.0,24,2,0.0,29.86,0.0,0.001143323490396142,0.19421330094337463,0.18848440051078796,0.47111567854881287,-0.09755300730466843,0.09766548871994019,0.37104618549346924,0.0006193812005221844,0.004583088681101799,1.5604901313781738,64,0.0361,0.0,3,0,6,1,6,0.833,,,,,,,0.06251433491706848,0.7144753336906433,2.1084394454956055,0.0156,,0.2083
591,20000,0.0,24,2,0.0,29.5,0.0,0.0006863802555017173,0.1903167963027954,0.19340607523918152,0.4268815219402313,-0.08764253556728363,0.0705268532037735,0.3712851405143738,0.0005896509974263608,0.0043703787960112095,1.839141845703125,64,0.0463,0.0,1,0,6,2,7,1.0,,,,,,,0.047654032707214355,0.7779099345207214,2.130431652069092,0.0155,,0.2083
592,20000,0.0,24,2,0.1111,30.0,0.1111,0.0007129954756237566,0.15957197546958923,0.16784700751304626,0.35965439677238464,-0.09049606323242188,0.03846663236618042,0.37097734212875366,0.00047840611659921706,0.0044797323644161224,1.1033594608306885,64,0.0271,0.111,2,0,7,1,5,1.0,,,,,,,0.0820186585187912,0.7374618053436279,2.141131639480591,0.0154,,0.2083
593,20000,0.0,24,2,0.0,28.33,0.0,0.0008314483566209674,0.1812400072813034,0.1828823983669281,0.34675246477127075,-0.08637803792953491,0.029134325683116913,0.37303248047828674,0.0007077322225086391,0.003658770816400647,1.5337384939193726,64,0.0348,0.0,3,0,2,4,7,0.571,,,,,,,0.056318625807762146,0.7684153914451599,2.1497206687927246,0.01535,,0.2083
594,20000,0.0,24,2,0.0909,29.82,0.0909,0.001642347313463688,0.15466386079788208,0.15322890877723694,0.3115680515766144,-0.07706906646490097,0.03050939366221428,0.3253827393054962,0.00042571418453007936,0.004471177235245705,1.541473150253296,64,0.0275,0.091,3,0,8,2,2,1.0,,,,,,,0.04999702051281929,0.722665548324585,2.210944890975952,0.0151,,0.2083
595,20000,0.0,24,2,0.0,29.27,0.0,0.0008420594967901707,0.17864280939102173,0.18216297030448914,0.3756124973297119,-0.09101709723472595,0.023924220353364944,0.4168691337108612,0.0006102868937887251,0.003824082436040044,1.7023193836212158,64,0.0364,0.0,2,0,8,3,3,1.0,0.069,0.3701,0.021,0,37,10,0.053466521203517914,0.6965787410736084,2.073596954345703,0.01485,0.0208,0.2083
596,20000,0.0,24,2,0.0,29.88,0.0,0.0006396771059371531,0.1631111204624176,0.15977677702903748,0.3852739930152893,-0.09539857506752014,0.02829858660697937,0.4223979115486145,0.00038588521420024335,0.0033549764193594456,1.2388482093811035,64,0.0405,0.0,6,0,7,1,2,1.0,,,,,,,0.07700585573911667,0.8082250356674194,2.025629758834839,0.01475,,0.2083
597,20000,0.0,24,2,0.2857,30.0,0.2857,0.0005704089999198914,0.1931755691766739,0.19183112680912018,0.3322719633579254,-0.09407460689544678,0.026386648416519165,0.3716517388820648,0.0005395626067183912,0.003843061625957489,1.328291416168213,64,0.0147,0.286,0,0,4,1,9,0.667,,,,,,,0.0708237737417221,0.7786449790000916,2.124330997467041,0.0148,,0.2083
598,20000,0.0,24,2,0.0,29.33,0.0,0.0009235035395249724,0.2041197121143341,0.20571526885032654,0.37963756918907166,-0.09231948107481003,0.02396741323173046,0.4220992922782898,0.0005748459952883422,0.003845849772915244,1.3460901975631714,64,0.0629,0.0,2,0,6,3,5,1.0,,,,,,,0.0685834288597107,0.6786881685256958,2.00675630569458,0.0147,,0.2083
599,20000,0.0,24,2,0.0,29.17,0.0,0.00044205758604221046,0.20805886387825012,0.21184758841991425,0.41741910576820374,-0.09167587012052536,0.04416082799434662,0.4176623523235321,0.00045714661246165633,0.006221922114491463,1.3025883436203003,64,0.0551,0.0,3,0,4,2,7,0.857,,,,,,,0.07037976384162903,0.9074525833129883,2.0478882789611816,0.0146,,0.2083
600,20000,0.0,24,2,0.1,30.0,0.1,0.0009238814236596227,0.1616835594177246,0.15862679481506348,0.4359419047832489,-0.0962643027305603,0.0559445284307003,0.4179510474205017,0.0004673729126807302,0.004732189234346151,1.1872382164001465,64,0.0255,0.2,1,1,8,0,5,0.6,,,,,,,0.0810825526714325,1.0171163082122803,2.0654473304748535,0.0146,,0.2083
601,20000,0.0,24,2,0.0,30.0,0.0,0.0020602629519999027,0.21477995812892914,0.2174883782863617,0.4564931392669678,-0.09462729096412659,0.06578382104635239,0.41781800985336304,0.000470398721517995,0.003469577059149742,1.2075910568237305,64,0.0201,0.0,3,0,4,1,8,0.875,,,,,,,0.07836037874221802,0.7638434767723083,2.0392403602600098,0.01475,,0.2083
602,20000,0.0,24,2,0.0,30.0,0.0,0.000981056597083807,0.14136995375156403,0.1406419277191162,0.5708919167518616,-0.09319660067558289,0.1451425552368164,0.3717855215072632,0.0007971902377903461,0.004035842604935169,1.0718483924865723,64,0.0545,0.0,1,0,7,1,7,0.857,0.063,0.4012,0.042,0,37,9,0.086949422955513,0.6928466558456421,2.1510396003723145,0.0146,0.0417,0.2083
603,20000,0.0,24,2,0.3333,30.0,0.3333,0.0019077493343502283,0.2465834617614746,0.2436346709728241,0.3079162538051605,-0.09637654572725296,0.015305872075259686,0.3710135817527771,0.000468124111648649,0.005334914196282625,1.2588423490524292,64,0.0354,0.333,3,0,4,0,7,0.857,,,,,,,0.0765596553683281,0.7155508399009705,2.1199777126312256,0.0146,,0.2083
604,20000,0.0,24,2,0.1111,28.78,0.1111,0.000957416370511055,0.24952150881290436,0.24812079966068268,0.5063589811325073,-0.09285388886928558,0.044069819152355194,0.5085386633872986,0.0005385121912695467,0.005069080274552107,0.8046719431877136,64,0.0453,0.111,2,0,6,2,5,0.8,,,,,,,0.11539347469806671,0.7887398600578308,1.9199588298797607,0.0147,,0.2083
605,20000,0.0,24,2,0.0,30.0,0.0,0.0019958186894655228,0.1742866337299347,0.1738594025373459,0.32445627450942993,-0.09873667359352112,0.025074895471334457,0.3711215853691101,0.0005515043158084154,0.0038430988788604736,1.076141595840454,64,0.0263,0.0,4,0,3,0,9,0.889,,,,,,,0.09175063669681549,0.7829971313476562,2.1273300647735596,0.01465,,0.2083
606,20000,0.0,24,2,0.0,30.0,0.0,0.0008358812774531543,0.2031642198562622,0.19954383373260498,0.28412652015686035,-0.09527027606964111,0.025579510256648064,0.3254777491092682,0.0007455674931406975,0.005520053207874298,1.965897560119629,64,0.0219,0.25,4,1,3,0,8,0.875,,,,,,,0.048461467027664185,0.9045035243034363,2.1685616970062256,0.01455,,0.2083
607,20000,0.0,24,2,0.0,30.0,0.0,0.0007800854509696364,0.21382956206798553,0.21385443210601807,0.3203069269657135,-0.0895988717675209,0.01840408891439438,0.37105807662010193,0.00047612996422685683,0.004079105332493782,1.4964947700500488,64,0.0529,0.0,3,0,6,0,7,1.0,,,,,,,0.05987249314785004,0.7091468572616577,2.1117308139801025,0.01455,,0.2083
608,20000,0.0,24,2,0.0,30.0,0.0,0.0007814123528078198,0.17850494384765625,0.18359819054603577,0.27347198128700256,-0.09720873087644577,0.021143248304724693,0.3255714178085327,0.000544524344149977,0.005645593162626028,1.4876785278320312,64,0.0369,0.0,4,0,2,0,10,0.9,,,,,,,0.06534256041049957,0.7599666118621826,2.1908841133117676,0.0148,,0.2083
609,20000,0.0,24,2,0.0,29.12,0.0,0.002008121693506837,0.1864781230688095,0.18264459073543549,0.3840138614177704,-0.09043712913990021,0.027741586789488792,0.4167884588241577,0.0005425419076345861,0.004358696285635233,1.0795079469680786,64,0.0494,0.0,0,0,6,2,8,1.0,0.0724,0.4261,0.021,0,42,5,0.08377625048160553,0.8087191581726074,2.06704044342041,0.0148,0.0208,0.2083
610,20000,0.0,24,2,0.1429,28.86,0.1429,0.0008369198767468333,0.18825313448905945,0.1922234445810318,0.40582188963890076,-0.07774247229099274,0.07767696678638458,0.32690146565437317,0.0004944382817484438,0.0026179112028330564,2.3604938983917236,64,0.0244,0.143,2,0,5,1,7,0.857,,,,,,,0.03293483704328537,0.7087976932525635,2.178337335586548,0.01495,,0.2083
611,20000,0.0,24,2,0.125,29.88,0.125,0.0005459977546706796,0.15495917201042175,0.15246394276618958,0.5014892220497131,-0.09165742993354797,0.03835008293390274,0.514137864112854,0.0005308653344400227,0.004617257509380579,0.8509389162063599,64,0.0397,0.125,2,0,7,0,6,0.833,,,,,,,0.10771328210830688,0.8370187282562256,1.8839716911315918,0.01505,,0.2083
612,20000,0.0,24,2,0.0909,30.0,0.0909,0.0007986890850588679,0.16239453852176666,0.16011974215507507,0.36141839623451233,-0.09456876665353775,0.01854846253991127,0.41685691475868225,0.0007582808029837906,0.004066616762429476,1.2069774866104126,64,0.0401,0.182,2,1,9,0,3,1.0,,,,,,,0.07835172116756439,0.8530046939849854,2.0399107933044434,0.015,,0.2083
613,20000,0.0,24,2,0.1111,29.67,0.1111,0.0009215479367412627,0.19968275725841522,0.2080381214618683,0.448751837015152,-0.08844378590583801,0.05931377038359642,0.4168461561203003,0.0007424543146044016,0.003443845547735691,1.4283838272094727,64,0.0688,0.111,3,0,7,1,4,1.0,,,,,,,0.06191878765821457,0.7382071018218994,2.046779155731201,0.01505,,0.2083
614,20000,0.0,24,2,0.0,29.67,0.0,0.0016118392813950777,0.17346283793449402,0.1783333569765091,0.30300140380859375,-0.08732487261295319,0.03143058344721794,0.3251749873161316,0.0005225068307481706,0.004580250475555658,2.2585527896881104,64,0.0289,0.0,1,0,4,2,9,0.889,,,,,,,0.038664087653160095,0.748234748840332,2.1942176818847656,0.015,,0.2083
615,20000,0.0,24,2,0.0,29.0,0.0,0.0008123511215671897,0.16651199758052826,0.1654941439628601,0.26860448718070984,-0.09485720098018646,0.017841152846813202,0.32531771063804626,0.00054198905127123,0.004923327825963497,1.4709323644638062,64,0.0873,0.0,3,0,5,1,7,1.0,,,,,,,0.06448781490325928,0.8227295279502869,2.1647138595581055,0.015,,0.2083
616,20000,0.0,24,2,0.25,29.5,0.25,0.0013508015545085073,0.15461242198944092,0.16159477829933167,0.39535918831825256,-0.09206956624984741,0.03349978104233742,0.4173843264579773,0.0008709919056855142,0.006089729722589254,1.583603858947754,64,0.0276,0.25,2,0,3,0,10,0.8,0.0711,0.4397,0.104,2,37,6,0.058139264583587646,0.7025456428527832,2.0493876934051514,0.0152,0.0625,0.2083
617,20000,0.0,24,2,0.3333,29.83,0.3333,0.0006868820637464523,0.20949134230613708,0.21108722686767578,0.28005003929138184,-0.08894483000040054,0.020636051893234253,0.3253553807735443,0.0003316850052215159,0.004734776448458433,1.8036192655563354,64,0.027,0.333,2,0,3,1,8,0.75,,,,,,,0.04931463673710823,0.7367178797721863,2.1945502758026123,0.01515,,0.2083
618,20000,0.0,24,2,0.125,29.25,0.125,0.000785765761975199,0.20874625444412231,0.20472995936870575,0.3331761658191681,-0.09200333058834076,0.026127245277166367,0.37096327543258667,0.0008277283632196486,0.003923466894775629,1.57439124584198,64,0.0337,0.125,4,0,6,1,4,1.0,,,,,,,0.05843739956617355,0.7178174257278442,2.1167166233062744,0.01515,,0.2083
619,20000,0.0,24,2,0.2,30.0,0.2,0.0007609007880091667,0.15283086895942688,0.14919525384902954,0.35298952460289,-0.0956551730632782,0.06040000170469284,0.3254978656768799,0.0005818361532874405,0.004693690221756697,1.0195800065994263,64,0.037,0.2,0,0,3,1,11,0.909,,,,,,,0.09381820261478424,0.8457795977592468,2.203535556793213,0.0154,,0.2083
620,20000,0.0,24,2,0.0,29.43,0.0,0.00048266665544360876,0.17520692944526672,0.1820920705795288,0.33974480628967285,-0.08827968686819077,0.02735496684908867,0.3713971972465515,0.0004815771826542914,0.003834710456430912,1.258235216140747,64,0.0267,0.0,3,0,5,2,6,0.833,,,,,,,0.07016152143478394,0.8653163313865662,2.102123260498047,0.0152,,0.2083
621,20000,0.0,24,2,0.0,30.0,0.0,0.0007277483819052577,0.20703276991844177,0.2131163775920868,0.2738792598247528,-0.09168660640716553,0.019322872161865234,0.3253788650035858,0.0006967320223338902,0.003082530340179801,2.127861738204956,64,0.0373,0.0,3,0,4,0,9,0.889,,,,,,,0.043088607490062714,0.7266320586204529,2.1947622299194336,0.01525,,0.2083
622,20000,0.0,24,2,0.5,29.75,0.5,0.0006767885060980916,0.16199354827404022,0.1617606282234192,0.4337998628616333,-0.09592615067958832,0.03258577361702919,0.46275633573532104,0.00041295430855825543,0.003596262773498893,1.1423382759094238,64,0.0261,0.5,2,0,2,0,10,0.7,,,,,,,0.08397350460290909,0.7796516418457031,1.9897595643997192,0.01545,,0.2083
623,20000,0.0,24,2,0.0,30.0,0.0,0.002745134523138404,0.14900819957256317,0.1614486277103424,0.3945862650871277,-0.09808018803596497,0.037168316543102264,0.41688114404678345,0.000692733854521066,0.002897371770814061,1.2520825862884521,64,0.0343,0.0,3,0,7,1,5,1.0,0.0791,0.4435,0.042,0,42,4,0.07833364605903625,0.7482048869132996,2.04245662689209,0.01525,0.0417,0.2083
624,20000,0.0,24,2,0.0,30.0,0.0,0.001272919005714357,0.2134573757648468,0.2162967026233673,0.3991295099258423,-0.09138501435518265,0.035208411514759064,0.4174201786518097,0.0005050139152444899,0.005355038680136204,1.542938470840454,64,0.0443,0.0,1,0,6,0,9,0.778,,,,,,,0.05922790616750717,0.8261145353317261,2.024437665939331,0.01515,,0.2083
625,20000,0.0,24,2,0.1429,29.71,0.1429,0.0010573434410616755,0.1893794983625412,0.1867172122001648,0.5176637172698975,-0.09590445458889008,0.07428424060344696,0.46369224786758423,0.0006794945220462978,0.0026148848701268435,0.759575366973877,64,0.0415,0.143,1,0,6,0,8,0.75,,,,,,,0.12626060843467712,0.7813804149627686,1.9655059576034546,0.0152,,0.2083
626,20000,0.0,24,2,0.0,30.0,0.0,0.0009239553473889828,0.17941814661026,0.1777261644601822,0.34780192375183105,-0.09639596939086914,0.034131791442632675,0.37397220730781555,0.0003899966541212052,0.003924197051674128,1.1103650331497192,64,0.0338,0.0,4,0,4,0,8,0.75,,,,,,,0.08681467175483704,0.7878631949424744,2.14194917678833,0.0154,,0.2083
627,20000,0.0,24,2,0.0,29.6,0.0,0.0005078747635707259,0.15968939661979675,0.15653184056282043,0.2998148500919342,-0.0959126278758049,0.034415245056152344,0.3252735137939453,0.0004942389787174761,0.0032469776924699545,1.388508915901184,64,0.0633,0.0,3,0,4,1,8,1.0,,,,,,,0.06907598674297333,0.7749267816543579,2.1932809352874756,0.01545,,0.2083
628,20000,0.0,24,2,0.0,29.4,0.0,0.000680139462929219,0.20811477303504944,0.20843683183193207,0.30390119552612305,-0.09784114360809326,0.014534617774188519,0.3709374666213989,0.0006541088805533946,0.0034712818451225758,1.3653641939163208,64,0.0335,0.0,1,0,4,1,10,1.0,,,,,,,0.07165937125682831,0.7174783945083618,2.131377935409546,0.0156,,0.2083
629,20000,0.0,24,2,0.1,29.9,0.1,0.0009977283189073205,0.17645995318889618,0.1741330325603485,0.38857272267341614,-0.09602636098861694,0.03262519836425781,0.4167630076408386,0.0005916914669796824,0.005171384196728468,1.2291417121887207,64,0.0381,0.2,1,1,8,0,5,0.8,,,,,,,0.07812473177909851,0.806048572063446,2.0893454551696777,0.0155,,0.2083
630,20000,0.0,24,2,0.1667,30.0,0.1667,0.000794391380622983,0.1756916642189026,0.1775103360414505,0.3726651966571808,-0.09812849760055542,0.04851505160331726,0.37094175815582275,0.0005425869603641331,0.005643684882670641,1.0415828227996826,64,0.0383,0.167,3,0,4,1,7,1.0,0.0577,0.4269,0.083,0,40,4,0.09421093016862869,0.8657795786857605,2.141429901123047,0.0156,0.0833,0.2083
631,20000,0.0,24,2,0.0,30.0,0.0,0.000721234770026058,0.1787937879562378,0.1811375916004181,0.31035536527633667,-0.08086729049682617,0.030817529186606407,0.3267780840396881,0.0004542659444268793,0.005619061179459095,2.2401885986328125,64,0.0413,0.0,2,0,7,0,7,1.0,,,,,,,0.036098431795835495,0.7431224584579468,2.178683280944824,0.0157,,0.2083
632,20000,0.0,24,2,0.2222,29.33,0.2222,0.0011024404084309936,0.2122621238231659,0.21309679746627808,0.40508124232292175,-0.08673298358917236,0.05907813832163811,0.3713805675506592,0.0004871149139944464,0.00455473642796278,1.9707252979278564,64,0.0303,0.222,1,0,6,1,6,0.833,,,,,,,0.04401068761944771,0.9158180952072144,2.121366024017334,0.0157,,0.2083
633,20000,0.0,24,2,0.2,29.2,0.2,0.0025095916353166103,0.21597632765769958,0.21856406331062317,0.453976571559906,-0.09648115932941437,0.019823040813207626,0.5084099769592285,0.0005846527637913823,0.004803358111530542,1.0419820547103882,64,0.0385,0.2,2,0,2,2,9,0.667,,,,,,,0.09259387850761414,0.7432049512863159,1.9258934259414673,0.0158,,0.2083
634,20000,0.0,24,2,0.0,29.67,0.0,0.000762640149332583,0.187458336353302,0.19017848372459412,0.35155656933784485,-0.09166835248470306,0.034789226949214935,0.37137314677238464,0.0005292340065352619,0.004546643700450659,1.117692232131958,64,0.0388,0.0,2,0,7,2,5,1.0,,,,,,,0.08201573044061661,0.8095893859863281,2.1399474143981934,0.0158,,0.2083
635,20000,0.0,24,2,0.125,30.0,0.125,0.0008033284684643149,0.17826296389102936,0.18317511677742004,0.3383147418498993,-0.07775148749351501,0.04405640810728073,0.3252733051776886,0.0004738392308354378,0.005360162351280451,3.1047275066375732,64,0.047,0.125,3,0,7,0,5,0.8,,,,,,,0.025042932480573654,0.7020803689956665,2.203442335128784,0.0157,,0.2083
636,20000,0.0,24,2,0.0,30.0,0.0,0.0009090987732633948,0.20271384716033936,0.20754091441631317,0.6432624459266663,-0.0965246707201004,0.13638141751289368,0.46517908573150635,0.0006131015834398568,0.003690376179292798,0.9072232246398926,64,0.031,0.0,2,0,5,0,9,0.778,,,,,,,0.10639572143554688,0.9557421207427979,1.978349208831787,0.01575,,0.2083
637,20000,0.0,24,2,0.0,29.83,0.0,0.0016167083522304893,0.1685766875743866,0.1680612862110138,0.4581744968891144,-0.09105966985225677,0.019287774339318275,0.5083969831466675,0.0004805276694241911,0.0045232875272631645,0.9776626825332642,64,0.0313,0.0,1,0,4,2,9,0.778,0.0601,0.3943,0.146,3,38,3,0.09314017742872238,0.7215120196342468,1.9330852031707764,0.01575,0.0833,0.2083
638,20000,0.0,24,2,0.2,29.3,0.2,0.0028426721692085266,0.22094324231147766,0.2143314927816391,0.37972164154052734,-0.0897885411977768,0.04776456579566002,0.3716757893562317,0.00047817060840316117,0.0046105533838272095,1.1203230619430542,64,0.0358,0.2,1,0,7,1,5,0.8,,,,,,,0.0801452249288559,0.7039017677307129,2.1261425018310547,0.0157,,0.2083
639,20000,0.0,24,2,0.2,29.8,0.2,0.0014488177839666605,0.2051481306552887,0.19096331298351288,0.38928505778312683,-0.09767337143421173,0.03401254117488861,0.4167318344116211,0.0008378095808438957,0.004403049126267433,1.281636118888855,64,0.0319,0.2,1,0,6,2,5,1.0,,,,,,,0.0762099027633667,0.8582799434661865,2.0758819580078125,0.01565,,0.2083
640,20000,0.0,24,2,0.0,30.0,0.0,0.0005890758475288749,0.20065933465957642,0.21259790658950806,0.3782878816127777,-0.09090511500835419,0.02508525177836418,0.4169222414493561,0.0004269180353730917,0.004200522787868977,1.44267737865448,64,0.0402,0.0,0,0,8,0,8,1.0,,,,,,,0.06301140040159225,0.7600845694541931,2.0506274700164795,0.0157,,0.2083
641,20000,0.0,24,2,0.1667,29.33,0.1667,0.0006306231371127069,0.24615851044654846,0.24758803844451904,0.26819196343421936,-0.08280476927757263,0.011460663750767708,0.3251553773880005,0.0008995751268230379,0.00584004819393158,1.8647736310958862,64,0.0519,0.167,2,0,3,2,8,1.0,,,,,,,0.04440473020076752,0.8031272888183594,2.2059192657470703,0.01595,,0.2083
642,20000,0.0,24,2,0.0,29.67,0.0,0.0012380174593999982,0.19696596264839172,0.2011663019657135,0.4823077917098999,-0.08821703493595123,0.04611395299434662,0.47557759284973145,0.0006985223735682666,0.005438708700239658,1.126996397972107,64,0.0256,0.0,4,0,2,1,9,1.0,,,,,,,0.07827624678611755,0.8706450462341309,2.1006431579589844,0.01625,,0.2083
643,20000,0.0,24,2,0.1667,30.0,0.1667,0.0010739460121840239,0.16432790458202362,0.1699167639017105,0.41007959842681885,-0.09089438617229462,0.04089968651533127,0.41711774468421936,0.00044678544509224594,0.004113735631108284,1.5764728784561157,64,0.027,0.167,2,0,5,0,8,0.875,,,,,,,0.05765680596232414,0.6648545861244202,2.033778190612793,0.0165,,0.2083
644,20000,0.0,24,2,0.125,29.75,0.125,0.0010991113958880305,0.18003980815410614,0.17576470971107483,0.36717429757118225,-0.09448817372322083,0.043984007090330124,0.3711175322532654,0.0005926048033870757,0.005153813865035772,1.1581529378890991,64,0.0449,0.125,1,0,6,1,7,1.0,0.0731,0.3812,0.0,0,45,3,0.08158523589372635,0.7675457000732422,2.1321792602539062,0.0168,0.0,0.2083
645,20000,0.0,24,2,0.0,30.0,0.0,0.00042750744614750147,0.18292337656021118,0.18038195371627808,0.5612824559211731,-0.09720233827829361,0.051327433437108994,0.5542807579040527,0.0003943345509469509,0.003098362125456333,0.673490047454834,64,0.035,0.0,3,0,9,0,4,0.75,,,,,,,0.144326314330101,0.8032927513122559,1.84572172164917,0.0165,,0.2083
646,20000,0.0,24,2,0.0,29.75,0.0,0.002212072489783168,0.19777531921863556,0.1880006194114685,0.43097418546676636,-0.08284233510494232,0.09246174991130829,0.3271401524543762,0.0004327159549575299,0.0035057126078754663,1.7911258935928345,64,0.0327,0.0,5,0,3,1,7,0.714,,,,,,,0.04625154286623001,0.9192840456962585,2.1399240493774414,0.01655,,0.2083
647,20000,0.0,24,2,0.0,30.0,0.0,0.0005161628359928727,0.18892094492912292,0.18950188159942627,0.30579259991645813,-0.09409304708242416,0.03611893951892853,0.32525044679641724,0.0004030819400213659,0.00479466887190938,1.2224329710006714,64,0.0359,0.0,1,0,8,1,6,0.667,,,,,,,0.07697194814682007,0.8486016988754272,2.198256015777588,0.0164,,0.2083
648,20000,0.0,24,2,0.0,29.89,0.0,0.0011181512381881475,0.1650119125843048,0.1701900064945221,0.35631218552589417,-0.09445600211620331,0.038879916071891785,0.37098240852355957,0.0008769055129960179,0.004051855765283108,1.3495820760726929,64,0.0362,0.0,1,0,8,1,6,0.833,,,,,,,0.06998908519744873,0.6945961713790894,2.1592957973480225,0.0164,,0.2083
649,20000,0.0,24,2,0.0,30.0,0.0,0.0007482910295948386,0.1996062994003296,0.18916399776935577,0.4476088583469391,-0.08696393668651581,0.022801965475082397,0.486946165561676,0.0004957274068146944,0.0040454138070344925,1.3688685894012451,64,0.035,0.0,3,0,5,0,8,1.0,,,,,,,0.06352978944778442,0.7660950422286987,2.0377912521362305,0.0165,,0.2083
650,20000,0.0,24,2,0.2222,29.89,0.2222,0.0006340180989354849,0.17272409796714783,0.1686934530735016,0.42376038432121277,-0.09661313891410828,0.051052361726760864,0.4167502224445343,0.00049287622096017,0.0030371295288205147,1.1982425451278687,64,0.0352,0.222,2,0,7,0,5,1.0,,,,,,,0.08062905073165894,0.867668092250824,2.0577752590179443,0.0166,,0.2083
651,20000,0.0,24,2,0.0,29.67,0.0,0.001410932163707912,0.21958383917808533,0.21193860471248627,0.32584428787231445,-0.09757514297962189,0.04796154424548149,0.3253971040248871,0.0003884731268044561,0.004198505077511072,1.4724186658859253,64,0.0265,0.0,0,0,7,2,7,0.714,0.0662,0.4047,0.104,0,41,2,0.06626861542463303,0.8460077047348022,2.1880874633789062,0.0164,0.1042,0.2083
652,20000,0.0,24,2,0.2,30.0,0.2,0.0008574056555517018,0.1578817218542099,0.1584419310092926,0.2817360460758209,-0.08793258666992188,0.02143394574522972,0.3251786231994629,0.0004605931753758341,0.0032442493829876184,1.7939306497573853,64,0.0257,0.2,4,0,4,0,7,0.714,,,,,,,0.049016717821359634,0.7845372557640076,2.194741725921631,0.0165,,0.2083
653,20000,0.0,24,2,0.0,30.0,0.0,0.0010486239334568381,0.19430570304393768,0.18566562235355377,0.44814661145210266,-0.0944412499666214,0.038825467228889465,0.46287864446640015,0.00044419130426831543,0.004116589669138193,1.0657438039779663,64,0.0419,0.0,4,0,6,0,6,0.833,,,,,,,0.08861534297466278,0.7916721701622009,1.9791507720947266,0.0162,,0.2083
654,20000,0.0,24,2,0.0,29.71,0.0,0.0005647510406561196,0.18791596591472626,0.1806773990392685,0.33710360527038574,-0.09688453376293182,0.02222394198179245,0.38778141140937805,0.0004042868677061051,0.003517688950523734,1.1707693338394165,64,0.0586,0.143,2,1,5,1,7,0.857,,,,,,,0.08275287598371506,0.7293277978897095,2.1673262119293213,0.01615,,0.2083
655,20000,0.0,24,2,0.1429,29.86,0.1429,0.0007745671318843961,0.20506280660629272,0.20741137862205505,0.36873891949653625,-0.09287406504154205,0.02040279284119606,0.41871178150177,0.0006214196910150349,0.004191210959106684,0.9951769709587097,64,0.0334,0.143,2,0,6,0,7,0.857,,,,,,,0.09332418441772461,0.8144813776016235,2.0430748462677,0.0161,,0.2083
656,20000,0.0,24,2,0.0,30.0,0.0,0.0009473597165197134,0.16887712478637695,0.168177992105484,0.46546971797943115,-0.0961412787437439,0.025210876017808914,0.5095034241676331,0.000370310852304101,0.0033716706093400717,0.7707730531692505,64,0.043,0.0,4,0,3,0,9,0.778,,,,,,,0.124733567237854,0.7864939570426941,1.9357178211212158,0.01615,,0.2083
657,20000,0.0,24,2,0.0,29.25,0.0,0.0006560441688634455,0.17390204966068268,0.17431798577308655,0.3646449148654938,-0.08724233508110046,0.016387777402997017,0.4169369041919708,0.0003878347633872181,0.004349581431597471,0.9601733088493347,64,0.0508,0.0,2,0,5,3,6,0.667,,,,,,,0.09086103737354279,0.7560636401176453,2.018889904022217,0.01595,,0.2083
658,20000,0.0,24,2,0.2222,30.0,0.2222,0.00041917175985872746,0.19429951906204224,0.1936054229736328,0.33036646246910095,-0.09752286970615387,0.027082838118076324,0.3709404468536377,0.0004825228825211525,0.0055664340034127235,1.8758947849273682,64,0.0395,0.222,3,0,7,0,4,0.5,0.0818,0.3905,0.062,1,44,1,0.051987387239933014,0.7469009160995483,2.1517486572265625,0.01585,0.0417,0.2083
659,20000,0.0,24,2,0.1667,30.0,0.1667,0.0005047779413871467,0.1794792115688324,0.18852493166923523,0.40907174348831177,-0.09531082957983017,0.019958220422267914,0.46257248520851135,0.000387952575692907,0.0037873047403991222,0.8300313353538513,64,0.0417,0.167,2,0,5,0,8,1.0,,,,,,,0.11482799053192139,0.7121037244796753,1.9952325820922852,0.01595,,0.2083
660,20000,0.0,24,2,0.0,30.0,0.0,0.0009473698446527123,0.17717023193836212,0.17782214283943176,0.41604986786842346,-0.09317080676555634,0.022403258830308914,0.4624682664871216,0.0008063583518378437,0.0038917900528758764,0.8576532602310181,64,0.0311,0.0,3,0,6,0,7,0.571,,,,,,,0.1086345762014389,0.8130919337272644,2.0019309520721436,0.016,,0.2083
