iter,buffer,beta,ei_hi,ei_lo,roll_succ,roll_len,roll_ret,critic_loss,q_mean,target_mean,actor_loss,pg_loss,bc_loss,grip_loss,aux_c,aux_a,lam,n_expert,roll_min_pos,roll_close,roll_skip,roll_miss,roll_timeout,roll_fail,exp_kept,exp_succ,eval_min_pos,eval_min_rot,eval_close,eval_miss,eval_timeout,eval_fail,q_pi,a_absmean,grip_logit,buf_pos,eval_succ,best_succ
0,333,0.5,24,22,0.6667,29.67,0.6667,0.009510342963039875,0.3688544034957886,0.3802475929260254,0.36296239495277405,-0.09863995015621185,0.050831831991672516,0.35234278440475464,0.006445373874157667,0.015191805548965931,0.3047396242618561,64,0.0201,0.667,5,0,2,0,5,0.6,,,,,,,0.32368600368499756,0.6698288917541504,2.1166069507598877,0.02102,,-1.0
1,702,0.4921,24,22,0.0,30.0,0.0,0.006929610390216112,0.4074866771697998,0.3912898898124695,0.3992106020450592,-0.09962204098701477,0.027488242834806442,0.43450599908828735,0.004693792201578617,0.01870027557015419,0.28701481223106384,64,0.0196,0.0,4,0,3,0,9,1.0,,,,,,,0.3470972180366516,0.6006742119789124,2.0233542919158936,0.02279,,-1.0
2,1062,0.4841,24,22,0.25,29.75,0.25,0.006527442950755358,0.3824048340320587,0.36602723598480225,0.425592303276062,-0.09945239126682281,0.07992808520793915,0.35689207911491394,0.006808925420045853,0.016592886298894882,0.2544113099575043,64,0.0141,0.25,4,0,2,1,8,0.875,,,,,,,0.3909118175506592,0.7040707468986511,2.084300994873047,0.0226,,-1.0
3,1521,0.4762,24,22,0.0,30.0,0.0,0.0065846676006913185,0.31841903924942017,0.3149910867214203,0.41638046503067017,-0.09906657785177231,0.031979214400053024,0.4440697729587555,0.007467391435056925,0.014837688766419888,0.3528250455856323,64,0.0064,0.0,1,0,6,0,9,0.889,,,,,,,0.28078100085258484,0.64388108253479,2.028531312942505,0.02104,,-1.0
4,1945,0.4683,24,21,0.2,30.0,0.2,0.0033833764027804136,0.3774658143520355,0.3869463801383972,0.9136973023414612,-0.09787294268608093,0.06116333603858948,0.8810443878173828,0.004944741725921631,0.01639825850725174,0.31930747628211975,64,0.0103,0.2,2,0,8,0,4,1.0,,,,,,,0.30651628971099854,0.6936115026473999,2.084807872772217,0.01954,,-1.0
5,2368,0.4603,24,21,0.0,29.62,0.0,0.004277108237147331,0.30188488960266113,0.3081163763999939,0.7816684246063232,-0.09741920232772827,0.0377427414059639,0.7952121496200562,0.0033073227386921644,0.016779975965619087,0.3782791793346405,64,0.0137,0.0,2,0,7,1,6,0.833,,,,,,,0.25753253698349,0.687802791595459,2.0493433475494385,0.01816,,-1.0
6,2812,0.4524,24,21,0.1429,29.71,0.1429,0.009059866890311241,0.39421546459198,0.40891033411026,0.40055981278419495,-0.09581636637449265,0.055841147899627686,0.37750399112701416,0.006392157636582851,0.01437982264906168,0.3848280608654022,64,0.0167,0.143,1,0,6,0,8,0.875,,,,,,,0.24898487329483032,0.670036256313324,2.0220818519592285,0.01814,,-1.0
7,3263,0.4444,24,21,0.6667,29.33,0.6667,0.003152755554765463,0.3686959147453308,0.36680179834365845,0.44353947043418884,-0.09849037230014801,0.027516014873981476,0.48021557927131653,0.0030897355172783136,0.013564465567469597,0.34930750727653503,64,0.027,0.667,1,0,1,0,12,0.75,0.1165,0.8159,0.0,0,46,2,0.2819589376449585,0.6180807948112488,2.0810317993164062,0.019,0.0,0.0
8,3710,0.4365,24,21,0.0,29.25,0.0,0.005379738286137581,0.29414817690849304,0.2793942093849182,0.3403681218624115,-0.09970033168792725,0.031851626932621,0.3701403737068176,0.005267175380140543,0.012449672445654869,0.3776572346687317,64,0.0074,0.0,1,0,7,1,7,0.714,,,,,,,0.2639968991279602,0.6720209121704102,2.0416088104248047,0.01806,,0.0
9,4162,0.4286,24,21,0.0909,30.0,0.0909,0.004316621460020542,0.3504006862640381,0.34701889753341675,0.9804286956787109,-0.09863375127315521,0.05675269663333893,0.9583346843719482,0.003543609520420432,0.014444702304899693,0.39452794194221497,64,0.0073,0.091,1,0,10,0,4,0.5,,,,,,,0.25000447034835815,0.6713907718658447,2.0091469287872314,0.01682,,0.0
10,4619,0.4206,24,21,0.1429,30.0,0.1429,0.0033790599554777145,0.2925815284252167,0.28835055232048035,0.3424040973186493,-0.09828498214483261,0.04440156742930412,0.3436567485332489,0.003573122201487422,0.01645842008292675,0.39030274748802185,64,0.0118,0.143,1,0,6,0,8,0.875,,,,,,,0.2518172860145569,0.6661266088485718,2.0720322132110596,0.01689,,0.0
11,4981,0.4127,24,21,0.1429,30.0,0.1429,0.003313240595161915,0.2666468620300293,0.2736297845840454,0.3733786344528198,-0.09537577629089355,0.024646934121847153,0.4136205315589905,0.002966491272673011,0.011680026538670063,0.5488239526748657,64,0.01,0.143,4,0,6,0,5,0.6,,,,,,,0.173782080411911,0.6297838687896729,1.9780610799789429,0.01646,,0.0
12,5316,0.4048,24,20,0.5,30.0,0.5,0.0033903836738318205,0.35633236169815063,0.34846678376197815,0.3669814467430115,-0.09806974232196808,0.039311960339546204,0.3801785707473755,0.0035014215391129255,0.012497399002313614,0.46316638588905334,64,0.0102,0.5,5,0,3,0,5,0.8,,,,,,,0.21173758804798126,0.6695122718811035,2.103114128112793,0.01674,,0.0
13,5680,0.3968,24,20,0.0,30.0,0.0,0.0035088546574115753,0.2610902190208435,0.2661753296852112,0.5774148106575012,-0.09643657505512238,0.041987329721450806,0.5818029642105103,0.0038452642038464546,0.01614753156900406,0.5366119146347046,64,0.02,0.0,4,0,7,0,5,0.8,,,,,,,0.17971381545066833,0.618659496307373,2.007946014404297,0.01637,,0.0
14,6076,0.3889,24,20,0.2857,30.0,0.2857,0.00376217276789248,0.28625738620758057,0.2891019582748413,0.33753854036331177,-0.09892682731151581,0.027075370773673058,0.37716710567474365,0.002837623003870249,0.01029504369944334,0.49016833305358887,64,0.0267,0.286,3,0,5,0,6,0.833,0.1568,0.742,0.021,0,47,0,0.2018221616744995,0.6802167892456055,2.0785226821899414,0.01646,0.0208,0.0208
15,6435,0.381,24,20,0.2,30.0,0.2,0.004020123742520809,0.2477528154850006,0.24875551462173462,0.39895880222320557,-0.09617944806814194,0.02849995158612728,0.43108028173446655,0.002829322125762701,0.014116118662059307,0.4975546896457672,64,0.0194,0.2,4,0,4,0,7,0.571,,,,,,,0.19330428540706635,0.7040559649467468,1.9893667697906494,0.01632,,0.0208
16,6795,0.373,24,20,0.25,28.0,0.25,0.0033938069827854633,0.2927583158016205,0.2874986529350281,0.37373945116996765,-0.09949769079685211,0.030539264902472496,0.40720969438552856,0.0018010027706623077,0.009897856041789055,0.4530700147151947,64,0.0075,0.25,4,0,2,1,8,1.0,,,,,,,0.21960775554180145,0.6431707143783569,2.0750794410705566,0.01678,,0.0208
17,7191,0.3651,24,20,0.25,29.25,0.25,0.004146287217736244,0.29180261492729187,0.2953113317489624,0.38908281922340393,-0.09880287945270538,0.04154418408870697,0.39956629276275635,0.002585564972832799,0.010462121106684208,0.5645000338554382,64,0.0197,0.25,3,0,2,1,9,1.0,,,,,,,0.1750272512435913,0.6613278388977051,2.0143983364105225,0.01724,,0.0208
18,7611,0.3571,24,20,0.0,30.0,0.0,0.003515278920531273,0.29322683811187744,0.29403409361839294,0.7400513291358948,-0.09838397055864334,0.04363444447517395,0.7462424635887146,0.0018734559416770935,0.009847929701209068,0.4416631758213043,64,0.0154,0.0,2,0,7,0,7,0.857,,,,,,,0.22275792062282562,0.7010596990585327,2.0134286880493164,0.01708,,0.0208
19,8060,0.3492,24,19,0.1111,29.22,0.1111,0.0069261034950613976,0.2633581757545471,0.2768663465976715,0.34299153089523315,-0.09500515460968018,0.04127470403909683,0.34907931089401245,0.005746406968683004,0.012735971249639988,0.6422483921051025,64,0.023,0.111,1,0,7,1,6,1.0,,,,,,,0.14792588353157043,0.6297123432159424,2.1129889488220215,0.017,,0.0208
20,8515,0.3413,24,19,0.1111,30.0,0.1111,0.0035933642648160458,0.26886701583862305,0.2631515860557556,0.29448944330215454,-0.09922663867473602,0.025357386097311974,0.3344467878341675,0.003598712384700775,0.017109043896198273,0.6147807240486145,64,0.0127,0.111,1,0,8,0,6,0.833,,,,,,,0.1614016890525818,0.6495224833488464,2.1540632247924805,0.01679,,0.0208
21,8943,0.3333,24,19,0.0,30.0,0.0,0.004013577941805124,0.30863356590270996,0.31459760665893555,0.31956571340560913,-0.09592726081609726,0.03976186364889145,0.3288741111755371,0.0023483477998524904,0.014190246351063251,0.5689377188682556,64,0.0135,0.0,2,0,5,0,9,0.889,0.1652,0.7168,0.0,0,48,0,0.1686076521873474,0.6272575259208679,2.1168761253356934,0.01688,0.0,0.0208
22,9333,0.3254,24,19,0.0,29.38,0.0,0.00442566117271781,0.22260373830795288,0.23430860042572021,0.3324289917945862,-0.09781952947378159,0.02266257256269455,0.37965625524520874,0.0022696128580719233,0.010534243658185005,0.5100365877151489,64,0.0244,0.0,3,0,7,1,5,0.8,,,,,,,0.19178923964500427,0.6716821193695068,2.092475652694702,0.01661,,0.0208
23,9729,0.3175,24,19,0.0,30.0,0.0,0.0057957968674600124,0.26067596673965454,0.2863558828830719,0.36078745126724243,-0.09612955152988434,0.03582616150379181,0.3773422837257385,0.002555282087996602,0.01584479957818985,0.6557082533836365,64,0.0271,0.0,3,0,7,0,6,0.833,,,,,,,0.14660415053367615,0.6932909488677979,2.0858845710754395,0.01645,,0.0208
24,10126,0.3095,24,19,0.1667,30.0,0.1667,0.003812729846686125,0.2683757543563843,0.2464846670627594,0.3531096875667572,-0.0975857526063919,0.033092595636844635,0.38022637367248535,0.003254953073337674,0.00856777187436819,0.5365055203437805,64,0.0096,0.167,3,0,5,0,7,0.857,,,,,,,0.18189141154289246,0.5640426874160767,2.045299530029297,0.01649,,0.0208
25,10554,0.3016,24,19,0.0,30.0,0.0,0.0031698853708803654,0.24231155216693878,0.24002863466739655,0.31983938813209534,-0.09889411926269531,0.02858344092965126,0.3563883304595947,0.0018759239464998245,0.010356586426496506,0.5685537457466125,64,0.0176,0.0,2,0,5,0,9,0.889,,,,,,,0.1739397943019867,0.6217875480651855,2.1199111938476562,0.01658,,0.0208
26,10978,0.2937,24,19,0.4444,30.0,0.4444,0.004678153898566961,0.2779408395290375,0.28706616163253784,0.34849247336387634,-0.09790527820587158,0.02067084051668644,0.3989759087562561,0.002712286077439785,0.012160330079495907,0.5199266672134399,64,0.023,0.444,2,0,5,0,5,0.6,,,,,,,0.18830592930316925,0.555770993232727,1.995477318763733,0.01658,,0.0208
27,11435,0.2857,24,18,0.125,30.0,0.125,0.003895072964951396,0.2644228935241699,0.2552865147590637,0.3167182207107544,-0.0976560115814209,0.03127617388963699,0.34714433550834656,0.0019990350119769573,0.009355050511658192,0.5496649146080017,64,0.011,0.125,1,0,7,0,7,0.857,,,,,,,0.1776646226644516,0.5750600099563599,2.100092649459839,0.01653,,0.0208
28,11864,0.2778,24,18,0.0,30.0,0.0,0.004120026249438524,0.24310314655303955,0.2552705705165863,0.30442002415657043,-0.09389333426952362,0.02263636514544487,0.34931933879852295,0.0017811839934438467,0.0074425870552659035,0.6753146052360535,64,0.0208,0.0,2,0,5,0,9,1.0,0.1651,0.6305,0.062,3,45,0,0.13903643190860748,0.6716307401657104,2.0200061798095703,0.01669,0.0,0.0208
29,12229,0.2698,24,18,0.0,30.0,0.0,0.005646026227623224,0.2795521914958954,0.2790132164955139,0.4225085973739624,-0.09932098537683487,0.04642438143491745,0.4242013096809387,0.0026067879516631365,0.00955901201814413,0.4921594560146332,64,0.0102,0.0,4,0,7,0,5,1.0,,,,,,,0.20180651545524597,0.701377272605896,2.0193707942962646,0.0166,,0.0208
30,12656,0.2619,24,18,0.0,30.0,0.0,0.004764684941619635,0.30000224709510803,0.3121830224990845,0.4059182107448578,-0.09456942975521088,0.03492596372961998,0.4268229901790619,0.001566838240250945,0.007625478785485029,0.6305192708969116,64,0.0104,0.0,2,0,6,1,7,1.0,,,,,,,0.14998658001422882,0.6389808058738708,1.9489707946777344,0.01659,,0.0208
31,13052,0.254,24,18,0.0,30.0,0.0,0.0036329564172774553,0.31846538186073303,0.32603612542152405,0.7795020937919617,-0.0973556712269783,0.02370789647102356,0.8246868252754211,0.0016198583180084825,0.009510334581136703,0.7510583400726318,64,0.0358,0.0,3,0,5,0,8,0.875,,,,,,,0.1296246349811554,0.612420916557312,2.148305892944336,0.01663,,0.0208
32,13542,0.246,24,18,0.0,30.0,0.0,0.003082104492932558,0.27536267042160034,0.2862427234649658,0.4250158667564392,-0.09766964614391327,0.04637230187654495,0.4262992739677429,0.001914432505145669,0.007283276412636042,0.6968479156494141,64,0.0179,0.0,0,0,6,0,10,0.8,,,,,,,0.1401592195034027,0.6686820983886719,2.0213687419891357,0.01661,,0.0208
33,13964,0.2381,24,18,0.1,29.8,0.1,0.002845944371074438,0.2753185033798218,0.28404825925827026,0.33165228366851807,-0.09801435470581055,0.021289970725774765,0.38220474123954773,0.0014259441522881389,0.009763915091753006,0.6469480991363525,64,0.0371,0.1,2,0,8,1,4,0.75,,,,,,,0.15150263905525208,0.6204656362533569,2.092991590499878,0.0164,,0.0208
34,14391,0.2302,24,17,0.1429,30.0,0.1429,0.0070576136931777,0.2704601287841797,0.27692556381225586,0.3226575255393982,-0.09815682470798492,0.020849032327532768,0.3730006217956543,0.0015546062495559454,0.012231367640197277,0.6986569762229919,64,0.0234,0.143,2,0,6,0,7,1.0,,,,,,,0.14049360156059265,0.6442931294441223,2.12851881980896,0.01647,,0.0208
35,14819,0.2222,24,17,0.0,30.0,0.0,0.004616170655936003,0.2227534055709839,0.23308061063289642,0.6126566529273987,-0.09825610369443893,0.03954651579260826,0.6267777681350708,0.0013306373730301857,0.01008390262722969,0.4988943636417389,64,0.026,0.0,2,0,5,1,8,0.875,0.1117,0.5748,0.021,1,47,0,0.19694772362709045,0.763023853302002,2.014268636703491,0.01647,0.0,0.0208
36,15275,0.2143,24,17,0.0,29.67,0.0,0.0035102819092571735,0.26268333196640015,0.26205870509147644,0.6783280372619629,-0.0935182198882103,0.0818113312125206,0.6034436225891113,0.001357251894660294,0.009559971280395985,0.6051661968231201,64,0.0335,0.0,1,0,5,1,9,0.889,,,,,,,0.15453311800956726,0.7075459361076355,2.0900001525878906,0.0165,,0.0208
37,15729,0.2063,24,17,0.0,30.0,0.0,0.004150396212935448,0.22455577552318573,0.2193537950515747,0.42995917797088623,-0.0969085842370987,0.0628829225897789,0.3973047137260437,0.0014848090941086411,0.00759440753608942,0.5876293182373047,64,0.0215,0.0,1,0,10,0,5,0.6,,,,,,,0.16491448879241943,0.6473314166069031,2.0199410915374756,0.01621,,0.0208
38,16150,0.1984,24,17,0.0,30.0,0.0,0.0037347679026424885,0.22334836423397064,0.22753679752349854,0.4204536974430084,-0.09664316475391388,0.01865522377192974,0.47719329595565796,0.0017799973720684648,0.005186276510357857,0.5616081357002258,64,0.0319,0.0,2,0,6,0,8,0.75,,,,,,,0.17208290100097656,0.6330105066299438,2.084258556365967,0.01616,,0.0208
39,16607,0.1905,24,17,0.0,30.0,0.0,0.00479317270219326,0.2240062952041626,0.22944462299346924,0.29975399374961853,-0.09292366355657578,0.02767869085073471,0.33071738481521606,0.0025957482866942883,0.013205751776695251,0.8318425416946411,64,0.0221,0.0,1,0,7,0,8,0.875,,,,,,,0.11170823872089386,0.6320806741714478,2.1427383422851562,0.01614,,0.0208
40,17028,0.1825,24,17,0.0,30.0,0.0,0.0041624633595347404,0.2255893051624298,0.21069398522377014,0.2940836548805237,-0.09032351523637772,0.021151533350348473,0.3359697163105011,0.0022088135592639446,0.012268755584955215,1.0557644367218018,64,0.0218,0.0,2,0,8,0,6,0.833,,,,,,,0.08555271476507187,0.5913578271865845,2.0564961433410645,0.01603,,0.0208
41,17425,0.1746,24,17,0.1667,30.0,0.1667,0.0017658036667853594,0.20478606224060059,0.2064647078514099,0.7624144554138184,-0.09643494337797165,0.03202730044722557,0.7894190549850464,0.001876204856671393,0.010751430876553059,0.7099184393882751,64,0.0168,0.167,3,0,5,0,7,1.0,,,,,,,0.13583946228027344,0.6409210562705994,2.1149048805236816,0.01613,,0.0208
42,17820,0.1667,24,16,0.0,30.0,0.0,0.0027204384095966816,0.24178969860076904,0.2520110607147217,0.5176132917404175,-0.09187617897987366,0.029325146228075027,0.546446681022644,0.0018898985581472516,0.008785058744251728,0.7616023421287537,64,0.036,0.0,3,0,7,1,5,1.0,0.1072,0.5766,0.021,0,45,2,0.12063536047935486,0.6349064111709595,1.9727646112442017,0.01605,0.0208,0.0208
43,18186,0.1587,24,16,0.0,30.0,0.0,0.00420745462179184,0.27350667119026184,0.2728038430213928,0.31258320808410645,-0.09680649638175964,0.01623775064945221,0.3726397156715393,0.0014900354435667396,0.008548990823328495,0.6018946766853333,64,0.0181,0.0,4,0,6,0,6,1.0,,,,,,,0.16083627939224243,0.6500930786132812,2.168581485748291,0.01606,,0.0208
44,18604,0.1508,24,16,0.0,29.67,0.0,0.004157751798629761,0.21630656719207764,0.21979013085365295,0.3562256395816803,-0.09875911474227905,0.01648801565170288,0.41870447993278503,0.0016044098883867264,0.006608462426811457,0.8110019564628601,64,0.0258,0.083,2,1,9,2,2,1.0,,,,,,,0.12177419662475586,0.6719082593917847,2.0499331951141357,0.0158,,0.0208
45,19092,0.1429,24,16,0.0,30.0,0.0,0.0020229520741850138,0.19773194193840027,0.19252964854240417,0.33059021830558777,-0.09418286383152008,0.01888439990580082,0.38220304250717163,0.0014204384060576558,0.009602498263120651,0.6561359167098999,64,0.029,0.0,0,0,7,1,8,0.875,,,,,,,0.14354169368743896,0.7221347689628601,2.0812177658081055,0.01577,,0.0208
46,19573,0.1349,24,16,0.25,29.75,0.25,0.00482499785721302,0.22604608535766602,0.24282534420490265,0.4189799726009369,-0.09450206160545349,0.0382082536816597,0.429732084274292,0.001982841407880187,0.014666837640106678,0.772644579410553,64,0.0331,0.25,0,0,8,1,4,1.0,,,,,,,0.1223098635673523,0.6385862231254578,1.9648313522338867,0.01574,,0.0208
47,19998,0.127,24,16,0.2222,30.0,0.2222,0.004211281426250935,0.21996095776557922,0.23284876346588135,0.33527520298957825,-0.09742999076843262,0.026288285851478577,0.37463057041168213,0.0015592266572639346,0.010996093042194843,0.8456778526306152,64,0.0359,0.333,2,1,6,0,5,1.0,,,,,,,0.11520934104919434,0.5352715253829956,2.0938448905944824,0.01575,,0.0208
48,20423,0.119,24,16,0.0,30.0,0.0,0.0038029085844755173,0.2330084890127182,0.23513135313987732,0.5906007885932922,-0.09501427412033081,0.07343578338623047,0.5349023938179016,0.0013414283748716116,0.007682204246520996,0.8568712472915649,64,0.0222,0.0,2,0,6,0,8,0.75,,,,,,,0.1108851283788681,0.6624178290367126,2.143747568130493,0.01572,,0.0208
49,20821,0.1111,24,15,0.0,30.0,0.0,0.003935131244361401,0.2016870677471161,0.20276762545108795,0.4713413715362549,-0.09965916723012924,0.04642767459154129,0.473842591047287,0.0020520854741334915,0.008605201728641987,0.8460249304771423,64,0.018,0.0,3,0,5,0,8,1.0,0.116,0.5576,0.0,0,48,0,0.11779696494340897,0.6233073472976685,1.9209415912628174,0.0158,0.0,0.0208
50,21252,0.1032,24,15,0.0,30.0,0.0,0.0020751249976456165,0.19813445210456848,0.19298139214515686,0.3743378221988678,-0.09623409807682037,0.019122295081615448,0.4268690347671509,0.0016154359327629209,0.010916588827967644,0.8245218396186829,64,0.0194,0.0,2,0,3,0,11,0.909,,,,,,,0.11671504378318787,0.7607007026672363,2.2312116622924805,0.01595,,0.0208
51,21604,0.0952,24,15,0.0,30.0,0.0,0.003790923859924078,0.2349649965763092,0.2429678738117218,0.4161738455295563,-0.0928107425570488,0.024883337318897247,0.4550960063934326,0.0010625672293826938,0.008243818767368793,0.9115962982177734,64,0.0446,0.0,4,0,4,1,7,0.714,,,,,,,0.1018112301826477,0.6478453278541565,2.0525050163269043,0.01592,,0.0208
52,22057,0.0873,24,15,0.1429,30.0,0.1429,0.002138274721801281,0.20972569286823273,0.21534337103366852,0.3874690532684326,-0.09554831683635712,0.041196927428245544,0.3966529071331024,0.0012582113267853856,0.007941247895359993,0.8482487797737122,64,0.0378,0.143,1,0,6,0,8,0.75,,,,,,,0.11264186352491379,0.7336589694023132,2.191251277923584,0.01591,,0.0208
53,22502,0.0794,24,15,0.0,29.0,0.0,0.00323760649189353,0.18206387758255005,0.1982482373714447,0.36384695768356323,-0.09277158975601196,0.056939806789159775,0.33875370025634766,0.001956840744242072,0.007970449514687061,0.8007779121398926,64,0.046,0.0,1,0,8,2,5,1.0,,,,,,,0.11585183441638947,0.5631674528121948,2.1280741691589355,0.01582,,0.0208
54,22928,0.0714,24,15,0.125,30.0,0.125,0.0021261207293719053,0.21783113479614258,0.22293218970298767,0.34763482213020325,-0.09209820628166199,0.041490137577056885,0.35335013270378113,0.0012458056444302201,0.006805249955505133,0.9628767371177673,64,0.0349,0.125,2,0,7,0,6,0.833,,,,,,,0.09564900398254395,0.6578091382980347,2.1000189781188965,0.01579,,0.0208
55,23233,0.0635,24,15,0.0,30.0,0.0,0.002125421306118369,0.19190070033073425,0.18447725474834442,0.3139243721961975,-0.09536504745483398,0.01621805690228939,0.37353813648223877,0.0020273663103580475,0.006630272138863802,0.76190584897995,64,0.0452,0.0,6,0,4,1,5,0.8,,,,,,,0.12516644597053528,0.6249915361404419,2.1162595748901367,0.01575,,0.0208
56,23629,0.0556,24,15,0.0,30.0,0.0,0.002159002237021923,0.19663390517234802,0.1977357268333435,0.4462127983570099,-0.0952506810426712,0.03314930945634842,0.47218257188796997,0.001348414458334446,0.005964555777609348,0.8443849682807922,64,0.0341,0.0,3,0,7,0,6,1.0,0.0907,0.5383,0.042,1,41,5,0.11280479282140732,0.7130637168884277,2.0356810092926025,0.01574,0.0208,0.0208
57,23994,0.0476,24,14,0.0,29.83,0.0,0.0030932852532714605,0.2065652459859848,0.21458113193511963,0.36286798119544983,-0.09859994053840637,0.03857085853815079,0.3797438144683838,0.001545456238090992,0.009164739400148392,0.7701696157455444,64,0.0302,0.0,4,0,4,2,6,1.0,,,,,,,0.1280236691236496,0.5773726105690002,1.9928781986236572,0.01575,,0.0208
58,24453,0.0397,24,14,0.0,30.0,0.0,0.002729150466620922,0.215117409825325,0.22084280848503113,0.4501357972621918,-0.08886890858411789,0.03409744054079056,0.467978298664093,0.0013476666063070297,0.005663043353706598,0.8603402972221375,64,0.0364,0.0,1,0,6,0,9,0.889,,,,,,,0.10329508036375046,0.6622990369796753,2.044485092163086,0.01579,,0.0208
59,24867,0.0317,24,14,0.0,29.18,0.0,0.002986422972753644,0.19182656705379486,0.2002047300338745,0.5031253695487976,-0.09733599424362183,0.08357562869787216,0.4295017123222351,0.001242889673449099,0.007616718765348196,0.8553559184074402,64,0.0577,0.0,2,0,10,1,3,1.0,,,,,,,0.11379589885473251,0.6075135469436646,2.0586090087890625,0.01564,,0.0208
60,25293,0.0238,24,14,0.0,29.67,0.0,0.004605581983923912,0.21782219409942627,0.2154005467891693,0.3783636689186096,-0.09520970284938812,0.04115346074104309,0.38827505707740784,0.0016722689615562558,0.005982776638120413,0.9078285098075867,64,0.0349,0.0,2,0,5,1,8,1.0,,,,,,,0.10487630218267441,0.6856815814971924,2.164956569671631,0.0157,,0.0208
61,25659,0.0159,24,14,0.0,29.8,0.0,0.00188141455873847,0.19382944703102112,0.18659955263137817,0.3669780194759369,-0.09743475168943405,0.019123435020446777,0.4229721128940582,0.0021484678145498037,0.006387586705386639,0.9927915930747986,64,0.0382,0.0,4,0,4,1,7,0.857,,,,,,,0.09814219921827316,0.6628817915916443,2.0424394607543945,0.01571,,0.0208
62,26116,0.0079,24,14,0.0,30.0,0.0,0.0041826278902590275,0.225771963596344,0.21183538436889648,0.2886171340942383,-0.09688076376914978,0.025041338056325912,0.33166176080703735,0.0012005665339529514,0.007506901863962412,0.9701261520385742,64,0.0507,0.0,1,0,8,0,7,1.0,,,,,,,0.09986408054828644,0.6640385985374451,2.164126396179199,0.0157,,0.0208
63,26542,0.0,24,14,0.0,29.86,0.0,0.0029798741452395916,0.2283310890197754,0.21926237642765045,0.36792370676994324,-0.09769994020462036,0.061127670109272,0.3397896885871887,0.0009887332562357187,0.007157276850193739,0.9821392893791199,64,0.0508,0.0,2,0,6,1,7,1.0,0.0969,0.4804,0.042,2,40,6,0.09947666525840759,0.6480141878128052,2.1143908500671387,0.01571,0.0,0.0208
64,26969,0.0,24,13,0.0,30.0,0.0,0.00268950080499053,0.19860181212425232,0.19277949631214142,0.44675883650779724,-0.09826979041099548,0.0788780152797699,0.3835647702217102,0.0009780143154785037,0.007415637373924255,0.7142523527145386,64,0.0468,0.143,2,1,6,0,7,1.0,,,,,,,0.1375841200351715,0.6260781288146973,2.081061840057373,0.01572,,0.0208
65,27333,0.0,24,13,0.0,30.0,0.0,0.002335004275664687,0.19135835766792297,0.18729370832443237,0.3657590448856354,-0.09546799957752228,0.030946126207709312,0.3938918113708496,0.0009744109702296555,0.01088598184287548,0.8539333343505859,64,0.0426,0.0,4,0,8,0,4,1.0,,,,,,,0.11179795861244202,0.6068729162216187,2.1232333183288574,0.01566,,0.0208
66,27789,0.0,24,13,0.0,30.0,0.0,0.003448477713391185,0.23938612639904022,0.23963183164596558,0.3013637363910675,-0.08770689368247986,0.024182714521884918,0.3376966714859009,0.001049303449690342,0.006017006002366543,1.0516138076782227,64,0.0558,0.0,1,0,9,0,6,1.0,,,,,,,0.08340219408273697,0.6740542650222778,2.120368242263794,0.01562,,0.0208
67,28249,0.0,24,13,0.0,30.0,0.0,0.0027175438590347767,0.1870409995317459,0.18192771077156067,0.4511197507381439,-0.09461800754070282,0.08262719213962555,0.37501081824302673,0.0022951592691242695,0.01094514038413763,0.9486239552497864,64,0.0483,0.0,1,0,5,0,10,1.0,,,,,,,0.09974236786365509,0.7144157290458679,2.1299872398376465,0.01572,,0.0208
68,28705,0.0,24,13,0.2222,30.0,0.2222,0.002836456522345543,0.2407931685447693,0.24162203073501587,0.38521552085876465,-0.09718486666679382,0.051270462572574615,0.37513914704322815,0.001053648884408176,0.009440665133297443,0.7932860255241394,64,0.0429,0.333,1,1,6,0,6,1.0,,,,,,,0.12250924110412598,0.7663768529891968,2.0511860847473145,0.01575,,0.0208
69,29163,0.0,24,13,0.1667,29.83,0.1667,0.003968838136643171,0.21752819418907166,0.21236193180084229,0.39206060767173767,-0.09067295491695404,0.05030938982963562,0.37646058201789856,0.0014707290101796389,0.011308388784527779,0.9159947633743286,64,0.0511,0.167,1,0,5,0,9,0.889,,,,,,,0.09898850321769714,0.681063175201416,2.1686861515045166,0.01581,,0.0208
70,29634,0.0,24,13,0.0,29.14,0.0,0.0026799114421010017,0.23063482344150543,0.21854987740516663,0.4540886878967285,-0.09337522089481354,0.04072420299053192,0.4629454016685486,0.001268188119865954,0.00614025117829442,1.061918020248413,64,0.0621,0.0,0,0,5,2,9,0.667,0.1084,0.4494,0.042,0,44,2,0.08793073147535324,0.6231550574302673,1.9648704528808594,0.01576,0.0417,0.0417
71,30125,0.0,24,13,0.2,30.0,0.2,0.0018969736993312836,0.2618343234062195,0.25494399666786194,0.405079185962677,-0.09681660681962967,0.06138857826590538,0.375286728143692,0.0012018062407150865,0.00766384182497859,0.9124252200126648,64,0.0686,0.2,0,0,4,0,11,1.0,,,,,,,0.10610908269882202,0.6540799140930176,2.0132105350494385,0.0159,,0.0417
72,30546,0.0,24,12,0.1667,28.83,0.1667,0.004198132082819939,0.1971050202846527,0.2059607207775116,0.6129441261291504,-0.09740667045116425,0.04639123007655144,0.6139140129089355,0.0013377948198467493,0.007308575790375471,0.8739417195320129,64,0.0639,0.167,2,0,4,1,8,1.0,,,,,,,0.11145671457052231,0.6874735355377197,2.1394548416137695,0.01598,,0.0417
73,30973,0.0,24,12,0.0,30.0,0.0,0.0029769688844680786,0.16052839159965515,0.1655004918575287,0.436644971370697,-0.09857171028852463,0.04355461522936821,0.4431377053260803,0.0014844839461147785,0.009939504787325859,0.6548826694488525,64,0.0424,0.0,2,0,5,2,7,1.0,,,,,,,0.15051811933517456,0.6333872675895691,1.9727537631988525,0.01598,,0.0417
74,31430,0.0,24,12,0.0,30.0,0.0,0.009257365949451923,0.20100727677345276,0.21525225043296814,0.5590379238128662,-0.09135305881500244,0.13785158097743988,0.3721911907196045,0.0012697711354121566,0.004993143025785685,1.0509750843048096,64,0.0713,0.0,1,0,8,0,7,0.857,,,,,,,0.08692219853401184,0.6285899877548218,2.101968288421631,0.01594,,0.0417
75,31909,0.0,24,12,0.0,29.45,0.0,0.00180470896884799,0.24078530073165894,0.2305416613817215,0.45032402873039246,-0.09729382395744324,0.050678811967372894,0.44310200214385986,0.0012419658014550805,0.0063165053725242615,0.782635509967804,64,0.0706,0.0,0,0,10,1,5,1.0,,,,,,,0.12431563436985016,0.6547834873199463,1.9893338680267334,0.01586,,0.0417
76,32366,0.0,24,12,0.4286,29.86,0.4286,0.002399347024038434,0.24299858510494232,0.24243801832199097,0.6012539267539978,-0.09126674383878708,0.10599206387996674,0.47535064816474915,0.0008415115880779922,0.01037182193249464,1.372841238975525,64,0.0204,0.429,1,0,3,1,8,0.75,,,,,,,0.06648018956184387,0.7442231178283691,2.0777411460876465,0.01591,,0.0417
77,32730,0.0,24,12,0.0,30.0,0.0,0.004376493860036135,0.24208003282546997,0.25363481044769287,0.4455552399158478,-0.09453113377094269,0.05812881514430046,0.4194982349872589,0.0011606138432398438,0.008661039173603058,0.7001160383224487,64,0.049,0.125,4,1,7,0,4,0.75,0.0797,0.4968,0.167,3,38,2,0.1350221037864685,0.6852185726165771,2.020552158355713,0.01583,0.1042,0.1042
78,33185,0.0,24,12,0.0,29.33,0.0,0.0014773670118302107,0.19184653460979462,0.1881297379732132,0.3721485137939453,-0.09674353897571564,0.046367913484573364,0.3721230924129486,0.0013606082648038864,0.008066285401582718,1.06055748462677,64,0.055,0.0,1,0,5,1,9,1.0,,,,,,,0.09121951460838318,0.6260183453559875,2.0694165229797363,0.01588,,0.1042
79,33543,0.0,24,11,0.0,27.5,0.0,0.001791137270629406,0.21257129311561584,0.2037314772605896,0.4901255667209625,-0.09840095043182373,0.09655585885047913,0.39102739095687866,0.0012040858855471015,0.008774793706834316,0.7554783821105957,64,0.0691,0.0,4,0,3,1,8,0.875,,,,,,,0.13024984300136566,0.6932634115219116,2.0299630165100098,0.01592,,0.1042
80,33985,0.0,24,11,0.0,30.0,0.0,0.0027740986552089453,0.26108667254447937,0.2657950520515442,0.7047290802001953,-0.09648308157920837,0.027929728850722313,0.7412928342819214,0.0011687244987115264,0.008119702339172363,0.9953026175498962,64,0.0581,0.0,1,0,7,0,8,0.75,,,,,,,0.09693843126296997,0.5939006805419922,2.0500411987304688,0.01589,,0.1042
81,34410,0.0,24,11,0.0,29.88,0.0,0.0015049533685669303,0.2353532910346985,0.2375517636537552,0.47498905658721924,-0.09907510131597519,0.09854437410831451,0.37323275208473206,0.0013488151598721743,0.007485356647521257,0.9403029680252075,64,0.0395,0.0,2,0,7,1,6,1.0,,,,,,,0.1053650826215744,0.7816984057426453,2.0814623832702637,0.01587,,0.1042
82,34859,0.0,24,11,0.0,29.4,0.0,0.0020934988278895617,0.21593870222568512,0.2172701358795166,0.48161470890045166,-0.09500190615653992,0.07312034070491791,0.4279198944568634,0.0014196624979376793,0.004912062082439661,0.790270984172821,64,0.0536,0.0,1,0,8,2,5,0.8,,,,,,,0.12021435052156448,0.6450595855712891,1.9665755033493042,0.01578,,0.1042
83,35278,0.0,24,11,0.1111,29.33,0.1111,0.002592068165540695,0.23370981216430664,0.21759410202503204,0.33309537172317505,-0.08500533550977707,0.04410981386899948,0.32651156187057495,0.0012189403641968966,0.006739032920449972,1.5204459428787231,64,0.043,0.111,2,0,7,1,5,1.0,,,,,,,0.05590815842151642,0.733590304851532,2.204071044921875,0.01576,,0.1042
84,35734,0.0,24,11,0.0,30.0,0.0,0.003044002689421177,0.19751743972301483,0.19190172851085663,0.41589775681495667,-0.09280669689178467,0.0773664340376854,0.3503360152244568,0.0016948521370068192,0.007271094713360071,1.3810547590255737,64,0.049,0.0,1,0,8,0,7,0.857,0.0856,0.4981,0.062,1,43,2,0.06719987094402313,0.6758479475975037,2.043095588684082,0.01573,0.0417,0.1042
85,36220,0.0,24,11,0.0,30.0,0.0,0.002931760624051094,0.1957024186849594,0.19985109567642212,0.5411641001701355,-0.08806745707988739,0.06601407378911972,0.4942868947982788,0.0013477460015565157,0.005832982249557972,0.9521418809890747,64,0.0516,0.0,0,0,10,0,6,0.833,,,,,,,0.09249404072761536,0.6426496505737305,1.9636270999908447,0.01565,,0.1042
86,36667,0.0,24,11,0.0,30.0,0.0,0.0016298224218189716,0.19286733865737915,0.19167618453502655,0.41529569029808044,-0.09277909994125366,0.03566913306713104,0.43117794394493103,0.001401749555952847,0.011117149144411087,1.2562589645385742,64,0.0633,0.0,1,0,6,0,9,0.889,,,,,,,0.07385348528623581,0.6816186904907227,2.0500869750976562,0.01568,,0.1042
87,37126,0.0,24,10,0.3333,30.0,0.3333,0.002056020312011242,0.20750699937343597,0.2017638087272644,0.36326149106025696,-0.09640808403491974,0.040630463510751724,0.37421709299087524,0.0010811862302944064,0.008383077569305897,1.0020321607589722,64,0.0526,0.333,1,0,4,0,9,1.0,,,,,,,0.09621256589889526,0.6963406801223755,2.1153564453125,0.01578,,0.1042
88,37553,0.0,24,10,0.1429,30.0,0.1429,0.0028600888326764107,0.1918126791715622,0.19359830021858215,0.49120715260505676,-0.09755882620811462,0.10434906929731369,0.376749724149704,0.002366892993450165,0.006636213976889849,0.9014043211936951,64,0.0508,0.143,2,0,6,0,7,1.0,,,,,,,0.10822982341051102,0.647434413433075,2.069117307662964,0.01582,,0.1042
89,37976,0.0,24,10,0.0909,30.0,0.0909,0.003539568278938532,0.23248335719108582,0.233297199010849,0.5430963039398193,-0.09539660811424255,0.10893921554088593,0.4174167215824127,0.0012498097494244576,0.006395578384399414,0.8445270657539368,64,0.0622,0.091,2,0,10,0,3,1.0,,,,,,,0.11295861005783081,0.7145956754684448,2.057159900665283,0.01575,,0.1042
90,38376,0.0,24,10,0.0,30.0,0.0,0.002438432304188609,0.18459752202033997,0.17971965670585632,0.5450993776321411,-0.0833233892917633,0.1493404358625412,0.32573163509368896,0.0010269621852785349,0.008020495064556599,1.6485016345977783,64,0.0544,0.0,3,0,3,0,10,1.0,,,,,,,0.050544921308755875,0.6589168906211853,2.2070815563201904,0.01584,,0.1042
91,38774,0.0,24,10,0.0,30.0,0.0,0.002520971931517124,0.1772657334804535,0.1733008623123169,0.5189849138259888,-0.09768939018249512,0.09638871997594833,0.4187588691711426,0.0021631938870996237,0.010275996290147305,1.0297560691833496,64,0.0509,0.0,3,0,5,0,8,0.875,0.0718,0.4571,0.104,0,42,1,0.09486652910709381,0.6789220571517944,2.0427560806274414,0.01586,0.1042,0.1042
92,39258,0.0,24,10,0.1818,29.91,0.1818,0.002424648031592369,0.17280316352844238,0.16875895857810974,0.5249390006065369,-0.09376335144042969,0.11790188401937485,0.37992388010025024,0.0012345268623903394,0.005949376150965691,1.1765344142913818,64,0.0477,0.182,0,0,7,2,5,1.0,,,,,,,0.07969452440738678,0.6415008306503296,2.0878117084503174,0.01584,,0.1042
93,39654,0.0,24,10,0.0,30.0,0.0,0.004334416706115007,0.20328953862190247,0.2123420238494873,0.3982139527797699,-0.09499429166316986,0.035095181316137314,0.41791898012161255,0.0012901781592518091,0.010197793133556843,1.2227669954299927,64,0.0562,0.0,3,0,7,0,6,1.0,,,,,,,0.07768797129392624,0.7189207077026367,2.1002697944641113,0.01584,,0.1042
94,39955,0.0,24,9,0.125,29.88,0.125,0.0033212173730134964,0.197447270154953,0.20532704889774323,0.3484886884689331,-0.08981014788150787,0.05249309539794922,0.32677528262138367,0.0011122303549200296,0.013074777089059353,1.256589651107788,64,0.0219,0.125,6,0,7,0,2,1.0,,,,,,,0.07147133350372314,0.6473872661590576,2.2365522384643555,0.01579,,0.1042
95,40413,0.0,24,9,0.0,30.0,0.0,0.0022182827815413475,0.1948986053466797,0.19667145609855652,0.5845819115638733,-0.09635214507579803,0.0939800888299942,0.4888395071029663,0.0013870500260964036,0.008268767036497593,0.7655903697013855,64,0.0212,0.0,1,0,7,0,8,1.0,,,,,,,0.12585338950157166,0.6670662760734558,1.8992760181427002,0.01581,,0.1042
96,40867,0.0,24,9,0.1429,29.57,0.1429,0.0022534746676683426,0.22956222295761108,0.23111364245414734,0.4791090488433838,-0.0963270291686058,0.09979250282049179,0.3714570999145508,0.0010968183632940054,0.008787904866039753,1.1911591291427612,64,0.0409,0.143,1,0,5,1,8,0.875,,,,,,,0.08086831867694855,0.7306916117668152,2.087111711502075,0.01583,,0.1042
97,41317,0.0,24,9,0.2,29.6,0.2,0.002166067250072956,0.20812365412712097,0.21992337703704834,0.3931146562099457,-0.08371502161026001,0.050102025270462036,0.37256163358688354,0.0010788780637085438,0.008127975277602673,1.5350273847579956,64,0.0555,0.2,1,0,4,0,10,0.7,,,,,,,0.054536499083042145,0.6778809428215027,2.0671229362487793,0.01585,,0.1042
98,41714,0.0,24,9,0.1667,30.0,0.1667,0.0037893876433372498,0.25894588232040405,0.2706199884414673,0.3245123028755188,-0.09912548214197159,0.024675294756889343,0.3711722493171692,0.0011662133038043976,0.006229860708117485,1.2306029796600342,64,0.0334,0.167,3,0,5,0,7,1.0,0.0674,0.4105,0.146,0,34,7,0.08055032789707184,0.6735897064208984,2.165039300918579,0.01589,0.1458,0.1458
99,42077,0.0,24,9,0.1429,29.71,0.1429,0.002462003380060196,0.22466778755187988,0.21708540618419647,0.3761681616306305,-0.09750159084796906,0.04281297326087952,0.38398289680480957,0.0011558333644643426,0.008121760562062263,0.9460375905036926,64,0.0353,0.143,4,0,5,1,5,1.0,,,,,,,0.10306312143802643,0.6767638921737671,2.074856758117676,0.0159,,0.1458
100,42462,0.0,24,9,0.125,28.75,0.125,0.0016349258366972208,0.21797247231006622,0.21909447014331818,0.5407435894012451,-0.08988677710294724,0.08199611306190491,0.46361666917800903,0.0009367095772176981,0.006042977329343557,0.9032852053642273,64,0.044,0.125,3,0,6,1,5,0.8,,,,,,,0.09951095283031464,0.7696561813354492,1.9962687492370605,0.01587,,0.1458
101,42822,0.0,24,9,0.1111,29.67,0.1111,0.0018469609785825014,0.21511979401111603,0.21059906482696533,0.3784971535205841,-0.09550140798091888,0.0269099622964859,0.4177389144897461,0.0009510736563242972,0.004879417829215527,0.9151167869567871,64,0.0449,0.222,4,1,7,0,3,1.0,,,,,,,0.10435980558395386,0.6110524535179138,2.098221778869629,0.01583,,0.1458
102,43274,0.0,24,8,0.2,29.7,0.2,0.001988280564546585,0.2332855463027954,0.23725968599319458,0.403269499540329,-0.09840318560600281,0.06219538301229477,0.37357592582702637,0.0010830503888428211,0.007412020582705736,0.9470872282981873,64,0.0393,0.2,1,0,7,1,5,1.0,,,,,,,0.10390087217092514,0.6789530515670776,2.057732343673706,0.01583,,0.1458
103,43701,0.0,24,8,0.3333,29.83,0.3333,0.002127416431903839,0.17322830855846405,0.1811710000038147,0.4059777557849884,-0.09200382232666016,0.06129079684615135,0.3715056777000427,0.0013324496103450656,0.007788600400090218,1.0066617727279663,64,0.0315,0.5,2,1,3,0,8,0.875,,,,,,,0.09139496088027954,0.7195101976394653,2.1177332401275635,0.01588,,0.1458
104,44127,0.0,24,8,0.0,29.86,0.0,0.0022222294937819242,0.17603746056556702,0.16601788997650146,0.3573668897151947,-0.09713318943977356,0.03843482583761215,0.3728967607021332,0.0012983159394934773,0.009467296302318573,1.015696406364441,64,0.0762,0.0,2,0,6,1,7,0.857,,,,,,,0.09563210606575012,0.5721128582954407,2.0957319736480713,0.01586,,0.1458
105,44555,0.0,24,8,0.0,30.0,0.0,0.003879549913108349,0.27353906631469727,0.2838436961174011,0.3695850968360901,-0.08348888903856277,0.025708850473165512,0.39913803339004517,0.0016174872871488333,0.005036497954279184,1.1901158094406128,64,0.0455,0.0,2,0,5,0,9,0.778,0.072,0.5269,0.208,1,30,8,0.0701519101858139,0.6530104279518127,2.058342456817627,0.01587,0.1875,0.1875
106,45012,0.0,24,8,0.1667,29.67,0.1667,0.0026255499105900526,0.20761822164058685,0.2114647626876831,0.3591654896736145,-0.09498964250087738,0.06250552088022232,0.326333224773407,0.0014933609636500478,0.005621716380119324,1.1767596006393433,64,0.0293,0.167,1,0,5,0,9,1.0,,,,,,,0.08072136342525482,0.8100482821464539,2.1798384189605713,0.01593,,0.1875
107,45440,0.0,24,8,0.1667,30.0,0.1667,0.0033024223521351814,0.1926240622997284,0.20263513922691345,0.49427202343940735,-0.08988437056541443,0.07778938859701157,0.4255920648574829,0.001414911588653922,0.005971136502921581,1.653502345085144,64,0.0373,0.167,2,0,5,0,8,0.625,,,,,,,0.05435999482870102,0.6170468330383301,2.015841484069824,0.01591,,0.1875
108,45865,0.0,24,8,0.2857,29.71,0.2857,0.003365417942404747,0.1979018896818161,0.19583848118782043,0.6457810401916504,-0.09800969064235687,0.11657702177762985,0.506986141204834,0.0012784946011379361,0.007301131263375282,1.0671604871749878,64,0.038,0.286,2,0,5,0,7,1.0,,,,,,,0.09184155613183975,0.6723356246948242,2.0545356273651123,0.01596,,0.1875
109,46171,0.0,24,7,0.25,30.0,0.25,0.002557516098022461,0.2074735462665558,0.21643108129501343,0.5230790972709656,-0.0869431346654892,0.04863467067480087,0.5102991461753845,0.0009657678310759366,0.004907435271888971,0.9118505716323853,64,0.0397,0.25,6,0,3,0,6,0.833,,,,,,,0.09534801542758942,0.6706264019012451,1.949833869934082,0.01598,,0.1875
110,46662,0.0,24,7,0.0,30.0,0.0,0.0021717583294957876,0.20239493250846863,0.21519094705581665,0.3916219472885132,-0.09322802722454071,0.030875585973262787,0.4199684262275696,0.001392062520608306,0.006260756403207779,0.8677965998649597,64,0.0333,0.0,0,0,5,0,11,0.909,,,,,,,0.10743072628974915,0.7060293555259705,1.9870439767837524,0.01603,,0.1875
111,47018,0.0,24,7,0.0,28.33,0.0,0.002061504404991865,0.20320716500282288,0.20107772946357727,0.37862280011177063,-0.07628107070922852,0.040320102125406265,0.37147292494773865,0.0013531263684853911,0.0055815246887505054,1.614122748374939,64,0.0533,0.0,4,0,3,3,6,1.0,,,,,,,0.04725853353738785,0.6221781969070435,2.1652159690856934,0.01604,,0.1875
112,47412,0.0,24,7,0.0,29.86,0.0,0.0034379372373223305,0.17639827728271484,0.1953933835029602,0.3321675658226013,-0.08907672017812729,0.03982095047831535,0.3378280997276306,0.0015217007603496313,0.007548550609499216,1.4484531879425049,64,0.0338,0.286,3,2,5,0,6,0.833,0.0749,0.4251,0.125,0,37,5,0.061497826129198074,0.6106885671615601,2.1132287979125977,0.01601,0.125,0.1875
113,47840,0.0,24,7,0.1667,30.0,0.1667,0.0027964459732174873,0.19380849599838257,0.19379156827926636,0.44270458817481995,-0.0949980616569519,0.0789392814040184,0.3756699562072754,0.0014260041061788797,0.008308249525725842,1.2954072952270508,64,0.0486,0.167,2,0,5,0,8,0.875,,,,,,,0.07333450764417648,0.7103034257888794,2.1581640243530273,0.01603,,0.1875
114,48329,0.0,24,7,0.0,30.0,0.0,0.0034142506774514914,0.20854857563972473,0.2128586769104004,0.45587360858917236,-0.09019715338945389,0.06277000904083252,0.41695883870124817,0.0009725442505441606,0.0071438089944422245,0.949221134185791,64,0.044,0.0,0,0,6,0,10,0.9,,,,,,,0.0950222760438919,0.6397807002067566,2.051280975341797,0.01606,,0.1875
115,48815,0.0,24,7,0.0,30.0,0.0,0.0018594274297356606,0.2092229127883911,0.2102251499891281,0.45777952671051025,-0.09094148874282837,0.06284130364656448,0.4187706708908081,0.0015087610809132457,0.008535495959222317,1.207815408706665,64,0.055,0.0,0,0,10,0,6,1.0,,,,,,,0.07529419660568237,0.724301815032959,2.006336212158203,0.01602,,0.1875
116,49239,0.0,24,7,0.0,29.75,0.0,0.001685315859504044,0.17780914902687073,0.1750308722257614,0.3174210488796234,-0.09532758593559265,0.04193819686770439,0.3254709839820862,0.0012328829616308212,0.006802520249038935,1.016983151435852,64,0.0467,0.0,2,0,3,1,10,0.7,,,,,,,0.09373566508293152,0.6820027232170105,2.2012791633605957,0.01602,,0.1875
117,49721,0.0,24,6,0.1429,30.0,0.1429,0.002224999014288187,0.20371806621551514,0.20474156737327576,0.5364511609077454,-0.09363412857055664,0.10433673113584518,0.41817522048950195,0.0010296659311279655,0.006473187822848558,0.9947453737258911,64,0.0305,0.143,0,0,6,0,9,0.778,,,,,,,0.09412874281406403,0.7232503890991211,2.0483458042144775,0.01603,,0.1875
118,50167,0.0,24,6,0.125,28.62,0.125,0.0014413709286600351,0.17834129929542542,0.18000125885009766,0.44757261872291565,-0.0831158235669136,0.08851083368062973,0.3516503870487213,0.0013152379542589188,0.004032808821648359,1.3505877256393433,64,0.0538,0.125,1,0,5,2,7,1.0,,,,,,,0.06154048442840576,0.6827155947685242,2.0540201663970947,0.01605,,0.1875
119,50582,0.0,24,6,0.0,30.0,0.0,0.0020693589467555285,0.1719125360250473,0.16290956735610962,0.46768590807914734,-0.09824937582015991,0.06919828057289124,0.4230341911315918,0.0012656558537855744,0.009009089320898056,1.2125575542449951,64,0.0338,0.0,2,0,7,0,7,0.857,0.0637,0.421,0.125,1,38,4,0.08102656900882721,0.627676248550415,2.0706872940063477,0.01603,0.1042,0.1875
120,51067,0.0,24,6,0.1,29.9,0.1,0.0019118085037916899,0.18831393122673035,0.18747392296791077,0.41893142461776733,-0.09448318928480148,0.022998392581939697,0.4644002914428711,0.0014517434174194932,0.00603508623316884,0.8864299058914185,64,0.0453,0.1,0,0,8,1,6,0.833,,,,,,,0.1065884530544281,0.6036705374717712,2.005917549133301,0.016,,0.1875
121,51521,0.0,24,6,0.0,29.62,0.0,0.0019703281577676535,0.18765789270401,0.179045170545578,0.43398335576057434,-0.0988834872841835,0.06919938325881958,0.3897979259490967,0.0011458533117547631,0.00934028159826994,1.0101333856582642,64,0.0526,0.0,1,0,7,1,7,0.857,,,,,,,0.09789152443408966,0.6603631377220154,2.095736026763916,0.01597,,0.1875
122,51967,0.0,24,6,0.3,29.1,0.3,0.0022374303080141544,0.23921051621437073,0.2292523831129074,0.6065374612808228,-0.0948098674416542,0.05986586958169937,0.5776413679122925,0.0008862147224135697,0.007948359474539757,0.8688549399375916,64,0.0392,0.3,1,0,4,3,5,0.8,,,,,,,0.10912048071622849,0.6741126775741577,2.0175960063934326,0.01597,,0.1875
123,52393,0.0,24,6,0.0,30.0,0.0,0.0018238412449136376,0.21280622482299805,0.21031709015369415,0.4715079963207245,-0.09423911571502686,0.05609668418765068,0.4508749544620514,0.0012209308333694935,0.005357586778700352,0.9343404769897461,64,0.0598,0.0,2,0,6,0,8,0.625,,,,,,,0.10086163878440857,0.6466438174247742,2.099644899368286,0.01594,,0.1875
124,52846,0.0,24,5,0.25,29.5,0.25,0.0013235941296443343,0.181732639670372,0.1800461709499359,0.43542012572288513,-0.09698381274938583,0.0737559050321579,0.38162726163864136,0.0011557579273357987,0.0065297773107886314,1.1114641427993774,64,0.0278,0.375,1,1,4,1,7,1.0,,,,,,,0.08725771307945251,0.6900293827056885,2.088322639465332,0.01597,,0.1875
125,53230,0.0,24,5,0.2857,28.71,0.2857,0.002318701473996043,0.16548457741737366,0.18753571808338165,0.6081212162971497,-0.09623312950134277,0.055336203426122665,0.5892776250839233,0.0014997039688751101,0.008808637037873268,1.0895559787750244,64,0.0375,0.286,3,0,4,1,6,0.667,,,,,,,0.08832325041294098,0.7191829681396484,2.0307528972625732,0.01597,,0.1875
126,53501,0.0,24,5,0.0,30.0,0.0,0.0036017578095197678,0.23416447639465332,0.22258326411247253,0.44054773449897766,-0.09435133635997772,0.06207150220870972,0.40706396102905273,0.0008203175384551287,0.0073842317797243595,1.2411415576934814,64,0.0324,0.0,7,0,7,1,1,1.0,0.0661,0.3782,0.229,0,35,2,0.07601980865001678,0.6408823132514954,2.006615161895752,0.01591,0.2292,0.2292
127,53919,0.0,24,5,0.4545,29.55,0.4545,0.0024049715138971806,0.2360454648733139,0.22476951777935028,0.6880621314048767,-0.09888093173503876,0.046071186661720276,0.6911876201629639,0.0011440031230449677,0.007226053159683943,0.7725927233695984,64,0.0379,0.455,2,0,6,0,3,1.0,,,,,,,0.12798583507537842,0.7240707278251648,1.9509562253952026,0.01593,,0.2292
128,54317,0.0,24,5,0.2,30.0,0.2,0.0018880271818488836,0.19025078415870667,0.1885797381401062,0.4214411973953247,-0.0971049815416336,0.048193931579589844,0.4193904399871826,0.0010390073293820024,0.005535745993256569,0.7136203050613403,64,0.0464,0.2,3,0,4,0,8,1.0,,,,,,,0.13607372343540192,0.6613436937332153,2.017167091369629,0.01598,,0.2292
129,54745,0.0,24,5,0.1667,30.0,0.1667,0.0033596321009099483,0.1936173290014267,0.2101009041070938,0.3756655156612396,-0.095090351998806,0.07024826109409332,0.3264710307121277,0.0015259297797456384,0.007576643023639917,0.9094460606575012,64,0.0396,0.167,2,0,5,0,8,0.75,,,,,,,0.1045585349202156,0.7562445998191833,2.216738700866699,0.01598,,0.2292
130,55169,0.0,24,5,0.1,30.0,0.1,0.0028058763127774,0.1922965943813324,0.18312525749206543,0.6472902894020081,-0.08820483833551407,0.09363733232021332,0.5441697835922241,0.0009695742628537118,0.008101356215775013,0.8449649810791016,64,0.0429,0.1,2,0,9,0,4,1.0,,,,,,,0.10438874363899231,0.7208470702171326,2.1461215019226074,0.01595,,0.2292
131,55564,0.0,24,5,0.0,29.86,0.0,0.002268323441967368,0.1867840737104416,0.1850338578224182,0.6317414045333862,-0.09606421738862991,0.15294697880744934,0.41831016540527344,0.001479869126342237,0.007202988024801016,1.0294064283370972,64,0.0318,0.0,3,0,5,2,6,1.0,,,,,,,0.09332000464200974,0.7667436599731445,2.1154003143310547,0.01595,,0.2292
132,55991,0.0,24,4,0.0,30.0,0.0,0.002134661190211773,0.142558753490448,0.14604710042476654,0.3551235795021057,-0.09730760753154755,0.03860701993107796,0.37244853377342224,0.0016273307846859097,0.005537236575037241,0.9961426854133606,64,0.0432,0.0,2,0,7,0,7,1.0,,,,,,,0.09768440574407578,0.7310341596603394,2.0622265338897705,0.01595,,0.2292
133,56443,0.0,24,4,0.0,29.38,0.0,0.002569668460637331,0.20619355142116547,0.1983005553483963,0.35639488697052,-0.09524908661842346,0.02730698511004448,0.39358723163604736,0.0011874238261952996,0.00688550528138876,1.1608686447143555,64,0.0342,0.0,1,0,5,3,7,0.429,0.0625,0.3934,0.125,1,38,4,0.08204984664916992,0.6707576513290405,2.051081657409668,0.01587,0.1042,0.2292
134,56897,0.0,24,4,0.2,29.9,0.2,0.0017084560822695494,0.20596712827682495,0.20773392915725708,0.6182283759117126,-0.08972014486789703,0.18431900441646576,0.334273099899292,0.0007338505238294601,0.010074879042804241,1.7235227823257446,64,0.0601,0.2,1,0,8,0,5,1.0,,,,,,,0.05205625668168068,0.6286381483078003,2.121185302734375,0.01587,,0.2292
135,57378,0.0,24,4,0.3333,29.44,0.3333,0.0016503850929439068,0.18649174273014069,0.18866851925849915,0.4690936803817749,-0.09715284407138824,0.05327663570642471,0.45566704869270325,0.0012388109462335706,0.00805243756622076,0.9550310969352722,64,0.0443,0.444,0,1,4,1,7,0.429,,,,,,,0.10172741115093231,0.7058228850364685,2.1009576320648193,0.01584,,0.2292
136,57773,0.0,24,4,0.2857,29.86,0.2857,0.001964824041351676,0.17225497961044312,0.16129964590072632,0.5040585994720459,-0.09626664221286774,0.06697668135166168,0.46320727467536926,0.0017198548885062337,0.006329195573925972,0.6613566279411316,64,0.0196,0.286,3,0,4,1,6,1.0,,,,,,,0.14555934071540833,0.7878671884536743,1.9992338418960571,0.01587,,0.2292
137,58167,0.0,24,4,0.125,29.88,0.125,0.003400481306016445,0.19360175728797913,0.18877020478248596,0.45872318744659424,-0.09872591495513916,0.06787972152233124,0.41838744282722473,0.0009625509846955538,0.006604420021176338,0.8673886656761169,64,0.0425,0.125,3,0,7,0,5,0.8,,,,,,,0.11381969600915909,0.6934452056884766,2.0328524112701416,0.01585,,0.2292
138,58591,0.0,24,4,0.1,30.0,0.1,0.0027143284678459167,0.21708595752716064,0.21833284199237823,0.4312627911567688,-0.0961158499121666,0.08119840919971466,0.3614077866077423,0.000995294889435172,0.007148113567382097,0.7304200530052185,64,0.041,0.1,2,0,9,0,4,0.75,,,,,,,0.1315898299217224,0.695616602897644,2.050889253616333,0.0158,,0.2292
139,59019,0.0,24,3,0.1667,30.0,0.1667,0.0026551811024546623,0.2502743601799011,0.24205917119979858,0.4185730814933777,-0.09880432486534119,0.04544550180435181,0.4232926070690155,0.0013439287431538105,0.006387599743902683,0.765708863735199,64,0.0356,0.167,2,0,5,0,8,0.75,,,,,,,0.12903641164302826,0.7098681330680847,2.0691070556640625,0.01581,,0.2292
140,59476,0.0,24,3,0.0,30.0,0.0,0.0023782814387232065,0.19849205017089844,0.19694483280181885,0.39845576882362366,-0.0938778668642044,0.058505456894636154,0.37208518385887146,0.0017979633994400501,0.006475078407675028,1.1184965372085571,64,0.0314,0.0,1,0,5,0,10,0.8,0.0797,0.4004,0.146,0,34,7,0.08393219113349915,0.725456714630127,2.089536428451538,0.01582,0.1458,0.2292
141,59931,0.0,24,3,0.25,29.75,0.25,0.0020151715725660324,0.21688173711299896,0.21151168644428253,0.46862441301345825,-0.09375044703483582,0.09218305349349976,0.3745822608470917,0.0010847662342712283,0.006852957885712385,1.4254534244537354,64,0.056,0.25,1,0,6,0,7,1.0,,,,,,,0.06576886028051376,0.7956383228302002,2.092015027999878,0.01585,,0.2292
142,60319,0.0,24,3,0.25,29.5,0.25,0.002378882374614477,0.21427252888679504,0.22033658623695374,0.41635656356811523,-0.09681806713342667,0.09214900434017181,0.32555916905403137,0.0012644239468500018,0.006634886842221022,0.8496495485305786,64,0.0352,0.25,3,0,3,0,9,0.778,,,,,,,0.11395058780908585,0.7469371557235718,2.1933040618896484,0.01588,,0.2292
143,60744,0.0,24,3,0.125,29.88,0.125,0.0025360328145325184,0.18919402360916138,0.1953164041042328,0.3493613600730896,-0.096699059009552,0.03424607962369919,0.37323683500289917,0.0013643237762153149,0.008662811480462551,0.9647586941719055,64,0.0362,0.125,2,0,7,0,6,0.833,,,,,,,0.10023133456707001,0.698689341545105,2.1262378692626953,0.01587,,0.2292
144,61201,0.0,24,3,0.0,30.0,0.0,0.0039354548789560795,0.16246512532234192,0.16568461060523987,0.37212106585502625,-0.0876174047589302,0.056079041212797165,0.34418928623199463,0.0014589858474209905,0.0067822495475411415,1.1222783327102661,64,0.049,0.0,1,0,8,0,7,1.0,,,,,,,0.07807101309299469,0.754480242729187,2.138245105743408,0.01587,,0.2292
145,61651,0.0,24,3,0.125,29.5,0.125,0.0015977988950908184,0.19623830914497375,0.19889169931411743,0.45193007588386536,-0.09741537272930145,0.08437258005142212,0.377468466758728,0.001017020782455802,0.006263683084398508,1.104634404182434,64,0.0495,0.125,1,0,6,1,7,0.714,,,,,,,0.08818788826465607,0.7382938265800476,2.1414570808410645,0.01585,,0.2292
146,62049,0.0,24,3,0.2,30.0,0.2,0.0019899262115359306,0.2497318983078003,0.26048749685287476,0.4114316999912262,-0.09168444573879242,0.041669756174087524,0.417073130607605,0.0011602629674598575,0.005407008808106184,1.1053839921951294,64,0.0572,0.2,3,0,4,0,8,1.0,,,,,,,0.08294352144002914,0.7139567732810974,2.0763611793518066,0.01589,,0.2292
147,62502,0.0,24,2,0.2,29.8,0.2,0.0016904142685234547,0.20970697700977325,0.20887884497642517,0.3253622055053711,-0.09363220632076263,0.029904788359999657,0.3556555509567261,0.0010964942630380392,0.007058579940348864,0.8914648294448853,64,0.0512,0.2,1,0,8,0,5,1.0,0.0811,0.3923,0.167,2,37,3,0.10503186285495758,0.6312549710273743,2.0755422115325928,0.01589,0.125,0.2292
148,62927,0.0,24,2,0.3333,29.5,0.3333,0.0022047359962016344,0.17696735262870789,0.1845720261335373,0.44698479771614075,-0.09672904014587402,0.07550545781850815,0.3895317316055298,0.0012087546056136489,0.00634235143661499,0.9787865877151489,64,0.0285,0.333,2,0,3,1,8,0.75,,,,,,,0.09882546216249466,0.6911935806274414,2.058535575866699,0.01591,,0.2292
149,63351,0.0,24,2,0.3333,29.89,0.3333,0.0014796530595049262,0.19558808207511902,0.20173433423042297,0.5715507864952087,-0.09083075821399689,0.12086834758520126,0.41760706901550293,0.0011476952349767089,0.006075506564229727,0.8831229209899902,64,0.0341,0.333,2,0,6,0,5,1.0,,,,,,,0.1028517633676529,0.7311066389083862,2.063851833343506,0.01593,,0.2292
150,63742,0.0,24,2,0.2857,29.29,0.2857,0.0016193455085158348,0.22107964754104614,0.2277315855026245,0.3960663676261902,-0.09669607877731323,0.05728376656770706,0.37390661239624023,0.001177116995677352,0.008576643653213978,0.705076277256012,64,0.0253,0.429,3,1,2,2,6,0.833,,,,,,,0.13714271783828735,0.6918908357620239,2.112349510192871,0.01594,,0.2292
151,64170,0.0,24,2,0.0,30.0,0.0,0.0017495568608865142,0.21552878618240356,0.21721476316452026,0.42283913493156433,-0.08769926428794861,0.09010420739650726,0.3265382945537567,0.001336212968453765,0.007583399768918753,1.032764196395874,64,0.0364,0.0,2,0,6,0,8,0.625,,,,,,,0.08491703122854233,0.8036189079284668,2.165698528289795,0.01591,,0.2292
152,64597,0.0,24,2,0.1429,30.0,0.1429,0.0018361819675192237,0.2231251299381256,0.21933478116989136,0.447920560836792,-0.08905068039894104,0.07171689718961716,0.39012646675109863,0.0010528576094657183,0.006821971386671066,0.9870659112930298,64,0.0655,0.143,2,0,6,0,7,1.0,,,,,,,0.09021755307912827,0.6841508150100708,2.062671661376953,0.01593,,0.2292
153,65085,0.0,24,2,0.3333,29.67,0.3333,0.0023231017403304577,0.23346439003944397,0.23222383856773376,0.45998772978782654,-0.09574490785598755,0.043193839490413666,0.4659024775028229,0.0017002359963953495,0.006884975824505091,0.8655779957771301,64,0.0315,0.333,0,0,4,0,10,0.9,,,,,,,0.11061383783817291,0.6373089551925659,2.0073537826538086,0.01598,,0.2292
154,65539,0.0,24,2,0.0,30.0,0.0,0.0020271348766982555,0.20337949693202972,0.19741156697273254,0.4817134737968445,-0.09807183593511581,0.10229100286960602,0.3721313178539276,0.001999372849240899,0.006143992301076651,0.950832188129425,64,0.046,0.0,1,0,8,0,7,0.714,0.0667,0.3653,0.208,3,37,1,0.10314315557479858,0.6980071067810059,2.125084400177002,0.01594,0.1458,0.2292
155,65958,0.0,24,2,0.3333,28.5,0.3333,0.0031518666073679924,0.2125493288040161,0.21584683656692505,0.5331980586051941,-0.09836995601654053,0.058638930320739746,0.5113853216171265,0.0016702654538676143,0.005809716414660215,0.622917115688324,64,0.0347,0.333,2,0,3,1,8,1.0,,,,,,,0.15791821479797363,0.7053982615470886,1.9001773595809937,0.016,,0.2292
156,66325,0.0,24,2,0.2,30.0,0.2,0.0018335306085646152,0.21274879574775696,0.20945829153060913,0.40627703070640564,-0.09682399034500122,0.04109474644064903,0.418778657913208,0.0009938335279002786,0.004265697672963142,0.9474436640739441,64,0.0273,0.4,4,1,3,0,7,1.0,,,,,,,0.10219498723745346,0.7068988680839539,2.0953216552734375,0.01603,,0.2292
157,66771,0.0,24,2,0.2857,29.86,0.2857,0.0019570619333535433,0.2040005624294281,0.19241398572921753,0.625919759273529,-0.09727068245410919,0.10962193459272385,0.5008917450904846,0.0017271089600399137,0.006109577137976885,0.7038236260414124,64,0.0231,0.286,1,0,5,0,8,0.75,,,,,,,0.1382032036781311,0.7491941452026367,1.997041940689087,0.01604,,0.2292
158,67256,0.0,24,2,0.2,29.9,0.2,0.0026752371340990067,0.2273528128862381,0.22259032726287842,0.4436222314834595,-0.09330517053604126,0.0814027190208435,0.37144792079925537,0.0013232433702796698,0.00534810358658433,1.0123194456100464,64,0.046,0.2,0,0,8,0,6,1.0,,,,,,,0.09216970205307007,0.8615121841430664,2.111868143081665,0.01604,,0.2292
159,67638,0.0,24,2,0.3333,28.33,0.3333,0.0016739710699766874,0.22070889174938202,0.21436846256256104,0.36641132831573486,-0.09598389267921448,0.0668865516781807,0.32549208402633667,0.0008011973695829511,0.006260028574615717,0.8188329935073853,64,0.0374,0.667,3,1,1,0,10,0.8,,,,,,,0.11722034960985184,0.6699666976928711,2.1862759590148926,0.01609,,0.2292
160,67998,0.0,24,2,0.0,29.0,0.0,0.002297135768458247,0.15759582817554474,0.16097113490104675,0.3553336560726166,-0.09318044781684875,0.058449625968933105,0.32802802324295044,0.0011255095014348626,0.007173665799200535,1.040169358253479,64,0.0708,0.0,4,0,4,2,6,1.0,,,,,,,0.08958199620246887,0.7469989061355591,2.152986526489258,0.01609,,0.2292
161,68483,0.0,24,2,0.4286,29.43,0.4286,0.0017386965919286013,0.2256542146205902,0.22950181365013123,0.405106782913208,-0.0974453017115593,0.08675442636013031,0.32594922184944153,0.0008714539580978453,0.006188057363033295,0.9136619567871094,64,0.047,0.429,0,0,4,0,9,0.778,0.0581,0.3577,0.167,0,37,3,0.10665356367826462,0.6939486861228943,2.160928249359131,0.01612,0.1667,0.2292
162,68938,0.0,24,2,0.1429,29.57,0.1429,0.0022479717154055834,0.24701233208179474,0.2473115175962448,0.44735825061798096,-0.09680400788784027,0.08467115461826324,0.3714215159416199,0.0010412767296656966,0.006796846631914377,0.8681055307388306,64,0.0275,0.143,1,0,5,1,8,1.0,,,,,,,0.11151179671287537,0.7211605906486511,2.1467249393463135,0.01614,,0.2292
163,69361,0.0,24,2,0.0,29.86,0.0,0.0034262456465512514,0.1999097615480423,0.1897217035293579,0.3948667049407959,-0.09738197922706604,0.0800764262676239,0.3289547860622406,0.0015197052853181958,0.0062820748426020145,0.9713060259819031,64,0.0386,0.143,2,1,6,0,7,0.857,,,,,,,0.10025879740715027,0.7403032183647156,2.162895679473877,0.01613,,0.2292
164,69761,0.0,24,2,0.0,30.0,0.0,0.0018717569764703512,0.22238080203533173,0.2218237817287445,0.42574799060821533,-0.09762795269489288,0.051356665790081024,0.4174514412879944,0.0010773389367386699,0.006422365549951792,0.8497284054756165,64,0.0423,0.0,3,0,3,0,10,1.0,,,,,,,0.11489313095808029,0.6781476736068726,2.065460205078125,0.01618,,0.2292
165,70155,0.0,24,2,0.0,29.86,0.0,0.0027575772255659103,0.16471625864505768,0.1605498492717743,0.4560081362724304,-0.0983109176158905,0.0893467366695404,0.3722379207611084,0.0014149161288514733,0.006775293964892626,0.8065064549446106,64,0.0309,0.0,3,0,6,1,6,0.833,,,,,,,0.12189725786447525,0.8176722526550293,2.0880069732666016,0.01616,,0.2292
166,70520,0.0,24,2,0.0,29.83,0.0,0.0032295575365424156,0.1859462559223175,0.1757425218820572,0.5618739128112793,-0.09460215270519257,0.11792005598545074,0.4170035123825073,0.0016136884223669767,0.007264814339578152,0.8504616618156433,64,0.0608,0.0,4,0,5,1,6,1.0,,,,,,,0.11123622953891754,0.8379896879196167,2.0920662879943848,0.01617,,0.2292
167,70917,0.0,24,2,0.25,29.75,0.25,0.002538800472393632,0.2302621603012085,0.2283504605293274,0.47230738401412964,-0.09794522076845169,0.09568142145872116,0.37384524941444397,0.0017780993366613984,0.010089026764035225,0.7615800499916077,64,0.032,0.25,3,0,3,0,9,0.889,,,,,,,0.12860792875289917,0.7324050664901733,2.0808684825897217,0.0162,,0.2292
168,71308,0.0,24,2,0.3333,29.67,0.3333,0.0021742708049714565,0.22049665451049805,0.22929814457893372,0.3905842900276184,-0.09220358729362488,0.07698945701122284,0.32543087005615234,0.0010640360414981842,0.006756185088306665,1.2011240720748901,64,0.0381,0.444,3,1,5,0,4,1.0,0.0607,0.4117,0.167,0,34,6,0.07676441222429276,0.6870622038841248,2.1867623329162598,0.01621,0.1667,0.2292
169,71676,0.0,24,2,0.25,30.0,0.25,0.0029507651925086975,0.22239424288272858,0.21342946588993073,0.28457263112068176,-0.09790694713592529,0.027217358350753784,0.3256065249443054,0.0014443120453506708,0.004876697901636362,1.0192115306854248,64,0.0466,0.25,4,0,3,0,8,1.0,,,,,,,0.09606146067380905,0.666570782661438,2.146928310394287,0.01625,,0.2292
170,72161,0.0,24,2,0.2,29.9,0.2,0.0025540755596011877,0.21858623623847961,0.21749380230903625,0.48295602202415466,-0.09324493259191513,0.07284342497587204,0.42592868208885193,0.0017870039446279407,0.00917081069201231,0.8182818293571472,64,0.0388,0.2,0,0,8,0,6,1.0,,,,,,,0.11395210027694702,0.6817067861557007,2.083099365234375,0.01626,,0.2292
171,72557,0.0,24,2,0.0,30.0,0.0,0.003172332886606455,0.20470795035362244,0.2067044973373413,0.3808131217956543,-0.0897216871380806,0.0483945868909359,0.37120145559310913,0.0012203429359942675,0.00508835818618536,0.97137451171875,64,0.0397,0.0,3,0,7,0,6,1.0,,,,,,,0.09236569702625275,0.6548454165458679,2.1343798637390137,0.01625,,0.2292
172,73013,0.0,24,2,0.125,29.88,0.125,0.005909918807446957,0.20201973617076874,0.19595524668693542,0.5122522115707397,-0.09225432574748993,0.11467929929494858,0.37135523557662964,0.0019389127846807241,0.007585390005260706,1.2459019422531128,64,0.0383,0.125,1,0,7,0,7,1.0,,,,,,,0.07404621690511703,0.7398723363876343,2.1255788803100586,0.01626,,0.2292
173,73362,0.0,24,2,0.0,27.71,0.0,0.0036009589675813913,0.20302492380142212,0.207271009683609,0.454422265291214,-0.0964810699224472,0.09745901077985764,0.3532271087169647,0.0017251861281692982,0.005516438279300928,0.5607188940048218,64,0.0515,0.0,4,0,4,3,5,1.0,,,,,,,0.17206673324108124,0.8763178586959839,2.070805788040161,0.01625,,0.2292
174,73818,0.0,24,2,0.25,29.88,0.25,0.004260952118784189,0.187760591506958,0.17783845961093903,0.3786611258983612,-0.09608505666255951,0.06626996397972107,0.3393480181694031,0.0014260801253840327,0.005716483574360609,0.8809452056884766,64,0.0348,0.25,1,0,6,0,7,1.0,,,,,,,0.10907042026519775,0.7748674154281616,2.1209235191345215,0.01627,,0.2292
175,74152,0.0,24,2,0.0,30.0,0.0,0.0026658307760953903,0.20151713490486145,0.2077707052230835,0.5867353677749634,-0.09607874602079391,0.1540757715702057,0.3719419538974762,0.001350926817394793,0.005441238638013601,0.819252610206604,64,0.0268,0.0,5,0,7,0,4,1.0,0.0547,0.3337,0.229,0,34,3,0.11727610230445862,0.7961252927780151,2.1199851036071777,0.01625,0.2292,0.2292
176,74548,0.0,24,2,0.1667,29.83,0.1667,0.0028682209085673094,0.2032189965248108,0.20461386442184448,0.3985791802406311,-0.09510847926139832,0.03511274233460426,0.420383095741272,0.0008907432784326375,0.0061581674963235855,0.7773908972740173,64,0.0285,0.167,3,0,5,0,7,0.857,,,,,,,0.12234318256378174,0.706148624420166,2.038494110107422,0.01626,,0.2292
177,75000,0.0,24,2,0.2,29.7,0.2,0.0020781613420695066,0.17047086358070374,0.1690569519996643,0.38519519567489624,-0.09653478860855103,0.053217798471450806,0.3723124861717224,0.0012701366795226932,0.0059638312086462975,1.2915964126586914,64,0.0334,0.2,1,0,8,0,5,0.8,,,,,,,0.07474067807197571,0.6696914434432983,2.1303224563598633,0.01624,,0.2292
178,75365,0.0,24,2,0.1667,29.83,0.1667,0.0025117197073996067,0.20599666237831116,0.19600248336791992,0.2966800034046173,-0.09818197786808014,0.03277277573943138,0.3261033296585083,0.0012449179776012897,0.0064262342639267445,1.1069010496139526,64,0.0249,0.167,4,0,4,1,6,0.833,,,,,,,0.08869986236095428,0.734939455986023,2.170427083969116,0.01624,,0.2292
179,75780,0.0,24,2,0.3,29.3,0.3,0.005006612278521061,0.20800328254699707,0.20485441386699677,0.5543225407600403,-0.09609837085008621,0.05997122824192047,0.5275863409042358,0.001135468133725226,0.005784312263131142,0.697161078453064,64,0.0343,0.3,2,0,6,1,4,0.75,,,,,,,0.13784241676330566,0.770056426525116,1.942183017730713,0.01623,,0.2292
180,76179,0.0,24,2,0.0,30.0,0.0,0.0021510589867830276,0.1887497901916504,0.18823584914207458,0.44992074370384216,-0.09645324945449829,0.08536271750926971,0.37173062562942505,0.001144522917456925,0.007835853844881058,0.7959333658218384,64,0.0234,0.0,3,0,4,0,9,1.0,,,,,,,0.12118257582187653,0.7540992498397827,2.121586322784424,0.01626,,0.2292
181,76668,0.0,24,2,0.1667,29.83,0.1667,0.0017303313361480832,0.1874358206987381,0.19374972581863403,0.5743169188499451,-0.09760680794715881,0.10306816548109055,0.462951123714447,0.001306604826822877,0.0056725251488387585,0.7483024001121521,64,0.0383,0.167,0,0,4,1,10,1.0,,,,,,,0.13043764233589172,0.7069247961044312,1.9922332763671875,0.0163,,0.2292
182,77005,0.0,24,2,0.0,30.0,0.0,0.001719588995911181,0.20344533026218414,0.1989525854587555,0.6064375638961792,-0.09177438169717789,0.10345739126205444,0.488934189081192,0.00152048550080508,0.004725980572402477,0.8496684432029724,64,0.0441,0.0,5,0,4,0,7,1.0,0.0532,0.3567,0.271,1,31,4,0.10801199823617935,0.6904869079589844,1.9201340675354004,0.01632,0.25,0.25
183,77430,0.0,24,2,0.1429,29.86,0.1429,0.0024799080565571785,0.22440092265605927,0.23093488812446594,0.42638108134269714,-0.09171724319458008,0.09468971192836761,0.32533061504364014,0.0011209259973838925,0.006776576861739159,1.1868371963500977,64,0.0332,0.143,2,0,6,0,7,0.857,,,,,,,0.07727870345115662,0.8667215704917908,2.1892387866973877,0.01632,,0.25
184,77839,0.0,24,2,0.0,29.55,0.0,0.0018318281508982182,0.2090875655412674,0.20279350876808167,0.3285846412181854,-0.08594052493572235,0.019915686920285225,0.3712312579154968,0.0011880272068083286,0.00692504970356822,1.4375747442245483,64,0.0567,0.0,2,0,10,1,3,0.667,,,,,,,0.05978160351514816,0.7415064573287964,2.150580406188965,0.01626,,0.25
185,78286,0.0,24,2,0.1667,30.0,0.1667,0.0018416934181004763,0.22811266779899597,0.22639326751232147,0.36677464842796326,-0.0902685821056366,0.05173957347869873,0.35016828775405884,0.0009986821096390486,0.00679157255217433,1.3477023839950562,64,0.0314,0.167,1,0,5,0,9,0.778,,,,,,,0.06697961688041687,0.6228543519973755,2.0804851055145264,0.01627,,0.25
186,78713,0.0,24,2,0.2,29.6,0.2,0.0021013219375163317,0.2598657011985779,0.26060357689857483,0.41139400005340576,-0.09700790047645569,0.06487812846899033,0.37575358152389526,0.0009137013112194836,0.005784173961728811,0.8254009485244751,64,0.0444,0.2,2,0,3,1,9,0.778,,,,,,,0.11752821505069733,0.6532762050628662,2.070383310317993,0.01629,,0.25
187,79173,0.0,24,2,0.4,30.0,0.4,0.002801917726173997,0.1995079666376114,0.19861100614070892,0.4283332824707031,-0.0967210978269577,0.07432108372449875,0.3712611794471741,0.0012896832777187228,0.010302065871655941,0.9807581901550293,64,0.0345,0.4,1,0,3,0,10,0.9,,,,,,,0.09861870110034943,0.6411911249160767,2.113464832305908,0.01633,,0.25
188,79535,0.0,24,2,0.2857,29.71,0.2857,0.0028921235352754593,0.2710455656051636,0.28141385316848755,0.4856328070163727,-0.094596728682518,0.10106583684682846,0.3736138641834259,0.0012220105854794383,0.008967967703938484,1.0692462921142578,64,0.0309,0.286,4,0,5,0,5,0.6,,,,,,,0.0884704738855362,0.8417598605155945,2.1799635887145996,0.01632,,0.25
189,79904,0.0,24,2,0.0,30.0,0.0,0.0031092020217329264,0.2076399326324463,0.2041712999343872,0.4524907171726227,-0.09377740323543549,0.08495160192251205,0.3726493716239929,0.0011929854517802596,0.0074311066418886185,0.9838182330131531,64,0.0405,0.0,4,0,3,0,9,0.778,0.0584,0.3361,0.083,1,41,3,0.09531985223293304,0.7897515296936035,2.1125099658966064,0.01633,0.0625,0.25
190,80289,0.0,24,2,0.0,29.2,0.0,0.0020385668613016605,0.2104519009590149,0.20712994039058685,0.5523986220359802,-0.09803681075572968,0.0924169272184372,0.46266689896583557,0.0010584734845906496,0.0058694202452898026,0.6970430612564087,64,0.0385,0.0,3,0,8,2,3,0.667,,,,,,,0.14064669609069824,0.6851184368133545,1.9855848550796509,0.01628,,0.25
191,80675,0.0,24,2,0.0,28.88,0.0,0.0018770883325487375,0.23298963904380798,0.23487883806228638,0.5267754793167114,-0.09035671502351761,0.1198945865035057,0.3722218871116638,0.0011155243264511228,0.010242266580462456,1.403213381767273,64,0.0517,0.0,3,0,7,1,5,1.0,,,,,,,0.06439271569252014,0.8588446974754333,2.0972180366516113,0.01626,,0.25
192,81097,0.0,24,2,0.375,29.62,0.375,0.003121932502835989,0.19288627803325653,0.19707360863685608,0.648871898651123,-0.0941242054104805,0.1824544370174408,0.3749629259109497,0.0015453433152288198,0.006248613819479942,0.8125978708267212,64,0.0169,0.5,2,1,4,0,6,0.833,,,,,,,0.11583122611045837,0.8068024516105652,2.089773654937744,0.01628,,0.25
193,81504,0.0,24,2,0.5,28.67,0.5,0.002659556223079562,0.2616831064224243,0.2741546034812927,0.47460129857063293,-0.0927579253911972,0.07370563596487045,0.4173082709312439,0.0013153060572221875,0.00527936639264226,0.7258455157279968,64,0.0356,0.5,2,0,2,1,8,0.5,,,,,,,0.12779292464256287,0.7530006170272827,2.087049961090088,0.01628,,0.25
194,81914,0.0,24,2,0.0,29.0,0.0,0.0031376623082906008,0.2217336744070053,0.227927103638649,0.39945653080940247,-0.09396365284919739,0.036756087094545364,0.41710084676742554,0.001178279984742403,0.005614325404167175,0.831213653087616,64,0.0448,0.0,2,0,6,2,6,0.833,,,,,,,0.11304392665624619,0.6689441204071045,2.0666208267211914,0.01626,,0.25
195,82337,0.0,24,2,0.0,29.62,0.0,0.002995395567268133,0.24051956832408905,0.245590940117836,0.4960492253303528,-0.09466972947120667,0.10833132266998291,0.3712823987007141,0.0013003500644117594,0.0055478415451943874,0.75922691822052,64,0.0357,0.0,2,0,5,3,6,1.0,,,,,,,0.12469226866960526,0.7703635096549988,2.1202163696289062,0.01625,,0.25
196,82673,0.0,24,2,0.2,30.0,0.2,0.0031966129317879677,0.20840831100940704,0.22170010209083557,0.2776414752006531,-0.09305498003959656,0.021040355786681175,0.3255077004432678,0.0010554732289165258,0.006216092966496944,1.4839569330215454,64,0.0371,0.2,5,0,4,0,6,1.0,0.0538,0.3958,0.208,0,34,4,0.0627073347568512,0.7265326976776123,2.1774048805236816,0.01627,0.2083,0.25
197,83069,0.0,24,2,0.25,29.25,0.25,0.0022128985729068518,0.23555220663547516,0.24511897563934326,0.4227769374847412,-0.09437000006437302,0.0717109963297844,0.3711227774620056,0.001261663157492876,0.005204303190112114,0.7208132743835449,64,0.0247,0.25,3,0,2,1,9,1.0,,,,,,,0.13092155754566193,0.7821249961853027,2.1332926750183105,0.01631,,0.25
198,83495,0.0,24,2,0.125,30.0,0.125,0.0017501243855804205,0.20725619792938232,0.20157010853290558,0.5170745849609375,-0.0920570120215416,0.0941125750541687,0.41691380739212036,0.0010442390339449048,0.007985291071236134,0.9330539703369141,64,0.0375,0.125,2,0,6,1,6,1.0,,,,,,,0.09866204857826233,0.7552699446678162,2.0511937141418457,0.01631,,0.25
199,83948,0.0,24,2,0.1111,29.67,0.1111,0.0020799082703888416,0.26236438751220703,0.2555164098739624,0.31391480565071106,-0.09589134156703949,0.017960432916879654,0.3710337281227112,0.0011245892383158207,0.0057030790485441685,0.7990021705627441,64,0.0556,0.111,1,0,8,0,6,1.0,,,,,,,0.12001385539770126,0.699908435344696,2.153883457183838,0.01631,,0.25
200,84340,0.0,24,2,0.1429,29.43,0.1429,0.0020601791329681873,0.16091573238372803,0.15774549543857574,0.4736204743385315,-0.09297221899032593,0.047208547592163086,0.4689950942993164,0.0011225015623494983,0.006361010950058699,0.9348793029785156,64,0.0371,0.143,3,0,4,2,6,0.833,,,,,,,0.09944836795330048,0.746527910232544,1.9795353412628174,0.0163,,0.25
201,84799,0.0,24,2,0.0,30.0,0.0,0.0017376579344272614,0.21438011527061462,0.21679534018039703,0.462789386510849,-0.08682772517204285,0.08650088310241699,0.3735658526420593,0.0009747478761710227,0.006099001504480839,1.2573307752609253,64,0.0362,0.0,1,0,6,0,9,1.0,,,,,,,0.06905718147754669,0.7456841468811035,2.0910661220550537,0.01632,,0.25
202,85211,0.0,24,2,0.0,29.86,0.0,0.0015243408270180225,0.2165151685476303,0.22112160921096802,0.41157466173171997,-0.09494639933109283,0.08754601329565048,0.3286360204219818,0.0009952994296327233,0.0055860355496406555,1.1288102865219116,64,0.0281,0.0,2,0,6,1,7,0.714,,,,,,,0.08411191403865814,0.7424113154411316,2.1595473289489746,0.0163,,0.25
203,85667,0.0,24,2,0.125,29.88,0.125,0.002356081735342741,0.18445856869220734,0.18682262301445007,0.42735907435417175,-0.09208545088768005,0.07216200232505798,0.37124377489089966,0.0011673030676320195,0.007753478363156319,0.9854077696800232,64,0.0475,0.125,1,0,7,0,7,1.0,0.0583,0.326,0.083,1,41,3,0.09344908595085144,0.6413659453392029,2.117367744445801,0.01631,0.0625,0.25
204,86089,0.0,24,2,0.25,29.75,0.25,0.0019576966296881437,0.2056826800107956,0.20169994235038757,0.5870528817176819,-0.09194672107696533,0.15096008777618408,0.3735105097293854,0.0013788581127300858,0.007137858308851719,1.0292649269104004,64,0.0421,0.25,2,0,6,0,6,0.667,,,,,,,0.08933242410421371,0.6843191385269165,2.0836188793182373,0.0163,,0.25
205,86537,0.0,24,2,0.2,29.3,0.2,0.0016231868648901582,0.233129620552063,0.23320509493350983,0.6516104340553284,-0.0990893691778183,0.13757124543190002,0.4719744324684143,0.0008874870836734772,0.007165821734815836,0.6008134484291077,64,0.0268,0.2,1,0,6,2,5,1.0,,,,,,,0.16492535173892975,0.9140939712524414,1.9842913150787354,0.01629,,0.25
206,86993,0.0,24,2,0.3333,30.0,0.3333,0.0029060160741209984,0.1948607861995697,0.20188671350479126,0.8264589309692383,-0.08897973597049713,0.06628261506557465,0.7795616388320923,0.001609958941116929,0.006623632740229368,1.2199970483779907,64,0.0256,0.333,1,0,6,0,6,0.833,,,,,,,0.07293438911437988,0.7327136397361755,2.011831521987915,0.0163,,0.25
207,87437,0.0,24,2,0.2857,29.71,0.2857,0.002476890105754137,0.23295408487319946,0.23115503787994385,0.5277726650238037,-0.10000000149011612,0.10375653207302094,0.4167422652244568,0.0010333593236282468,0.007034618873149157,0.7804739475250244,64,0.0391,0.286,1,0,4,1,8,0.875,,,,,,,0.12812727689743042,0.5995633006095886,2.071906089782715,0.01632,,0.25
208,87897,0.0,24,2,0.0,30.0,0.0,0.0019762543961405754,0.21717387437820435,0.21719437837600708,0.46983006596565247,-0.09411697089672089,0.0948832556605339,0.37199217081069946,0.0012926403433084488,0.004376730881631374,0.7744272947311401,64,0.034,0.0,1,0,5,0,10,1.0,,,,,,,0.12153105437755585,0.6970812678337097,2.136714458465576,0.01635,,0.25
209,88290,0.0,24,2,0.125,29.75,0.125,0.0025104437954723835,0.258978009223938,0.25921955704689026,0.42872366309165955,-0.09554668515920639,0.07463647425174713,0.3719882667064667,0.0009104247437790036,0.006018260959535837,0.8468253016471863,64,0.0476,0.125,3,0,7,0,5,1.0,,,,,,,0.11282927542924881,0.5921463370323181,2.136936664581299,0.01634,,0.25
210,88749,0.0,24,2,0.0,30.0,0.0,0.004526425618678331,0.2338070273399353,0.24513445794582367,0.3504292666912079,-0.0970509797334671,0.036541275680065155,0.37113094329833984,0.0013153731124475598,0.006533506792038679,0.752142608165741,64,0.0442,0.0,1,0,6,0,9,0.778,0.0679,0.4103,0.208,1,35,3,0.1290326714515686,0.7082098722457886,2.1425132751464844,0.01634,0.1875,0.25
211,89174,0.0,24,2,0.0,30.0,0.0,0.0013881330378353596,0.1996142715215683,0.19505813717842102,0.3601670563220978,-0.09523913264274597,0.054860617965459824,0.3429805040359497,0.0011534380028024316,0.005408895201981068,0.9737967848777771,64,0.0407,0.0,2,0,9,0,5,1.0,,,,,,,0.09780185669660568,0.7125341296195984,2.1398773193359375,0.01632,,0.25
212,89570,0.0,24,2,0.1429,30.0,0.1429,0.002363992854952812,0.2254345417022705,0.23273998498916626,0.8014180660247803,-0.09653066098690033,0.10415711253881454,0.6858060359954834,0.0011076716473326087,0.007656976580619812,0.6782082319259644,64,0.0359,0.143,3,0,6,0,6,0.833,,,,,,,0.14233189821243286,0.5754752159118652,1.988593339920044,0.01631,,0.25
213,89968,0.0,24,2,0.2,30.0,0.2,0.0019051425624638796,0.18157193064689636,0.17893078923225403,0.3785811960697174,-0.09412622451782227,0.049648016691207886,0.37114405632019043,0.0011938862735405564,0.0045346529223024845,0.927812397480011,64,0.0202,0.2,3,0,4,0,8,0.875,,,,,,,0.1014496237039566,0.7368971705436707,2.119455337524414,0.01633,,0.25
214,90383,0.0,24,2,0.1,29.8,0.1,0.0031106804963201284,0.2152450680732727,0.21818271279335022,0.40956559777259827,-0.08247700333595276,0.07460235804319382,0.3404483199119568,0.0008537483518011868,0.004779152572154999,1.4381585121154785,64,0.0364,0.2,2,1,8,0,4,0.75,,,,,,,0.057349033653736115,0.7301022410392761,2.0847513675689697,0.0163,,0.25
215,90811,0.0,24,2,0.2,30.0,0.2,0.0048052226193249226,0.21466177701950073,0.20495687425136566,0.4792725443840027,-0.09831760823726654,0.07894664257764816,0.41716188192367554,0.0013360093580558896,0.0050699771381914616,1.1499541997909546,64,0.0167,0.2,2,0,4,0,9,0.667,,,,,,,0.08549697697162628,0.6605855226516724,2.137647867202759,0.0163,,0.25
216,91209,0.0,24,2,0.0,30.0,0.0,0.0034953400027006865,0.1726047545671463,0.1558496057987213,0.3382732570171356,-0.0983918160200119,0.03118588589131832,0.37145912647247314,0.0016915524611249566,0.00566836865618825,0.9414791464805603,64,0.0377,0.0,3,0,5,0,8,0.875,,,,,,,0.1045076996088028,0.725684642791748,2.150481700897217,0.0163,,0.25
217,91631,0.0,24,2,0.0,30.0,0.0,0.0020031610038131475,0.23316925764083862,0.22663304209709167,0.4934082627296448,-0.09586706757545471,0.08432015031576157,0.417680561542511,0.001105547766201198,0.005908938590437174,0.9322925806045532,64,0.0486,0.0,2,0,5,0,9,0.667,0.0645,0.374,0.125,1,41,1,0.10282936692237854,0.7184933423995972,2.066343307495117,0.01629,0.1042,0.25
218,92054,0.0,24,2,0.0,30.0,0.0,0.0021388453897088766,0.2200506031513214,0.2226209193468094,0.4458273649215698,-0.0973997637629509,0.07288361340761185,0.39381906390190125,0.0013145285192877054,0.007281651254743338,1.1985504627227783,64,0.032,0.0,2,0,3,1,10,0.8,,,,,,,0.08126463741064072,0.67714524269104,2.0720841884613037,0.01631,,0.25
219,92474,0.0,24,2,0.1429,29.0,0.1429,0.002475943649187684,0.25412943959236145,0.2478659451007843,0.4355756938457489,-0.09859706461429596,0.032127074897289276,0.46727168560028076,0.0010990698356181383,0.005293862894177437,0.678095817565918,64,0.0412,0.143,2,0,4,2,7,1.0,,,,,,,0.14540284872055054,0.7345973253250122,2.00765061378479,0.01632,,0.25
220,92902,0.0,24,2,0.0,30.0,0.0,0.0015771701000630856,0.19261102378368378,0.19626975059509277,0.4151039123535156,-0.09657275676727295,0.04175100475549698,0.4252929985523224,0.0009507511858828366,0.005763296037912369,0.8462203145027161,64,0.0521,0.0,2,0,5,1,8,0.875,,,,,,,0.11412246525287628,0.6153522729873657,2.0471062660217285,0.01632,,0.25
221,93322,0.0,24,2,0.0,29.25,0.0,0.002667606808245182,0.2300294190645218,0.22143399715423584,0.5607510805130005,-0.0962977409362793,0.09446634352207184,0.4640726149082184,0.001177035504952073,0.008086983114480972,0.7848803400993347,64,0.0404,0.0,2,0,5,3,6,0.833,,,,,,,0.12269097566604614,0.6493234634399414,2.031182050704956,0.0163,,0.25
222,93766,0.0,24,2,0.0,29.2,0.0,0.0022447218652814627,0.2063845694065094,0.21094012260437012,0.5410412549972534,-0.08625736087560654,0.07696441560983658,0.4704451560974121,0.0014871408930048347,0.0058491951785981655,1.286768913269043,64,0.0324,0.0,1,0,4,1,10,0.8,,,,,,,0.06703407317399979,0.6690702438354492,1.984576940536499,0.01631,,0.25
223,94080,0.0,24,2,0.125,29.12,0.125,0.0023772984277457,0.197867289185524,0.19085299968719482,0.34597012400627136,-0.09532995522022247,0.05627021938562393,0.32537561655044556,0.00114249752368778,0.006768026389181614,1.142400860786438,64,0.0381,0.125,5,0,6,1,3,0.667,,,,,,,0.08344702422618866,0.7212194204330444,2.216911792755127,0.01628,,0.25
224,94475,0.0,24,2,0.4286,29.86,0.4286,0.0020498083904385567,0.1812938153743744,0.1797659993171692,0.409227192401886,-0.09317715466022491,0.05132552981376648,0.3973667025566101,0.0012530904496088624,0.004773125983774662,0.8996720314025879,64,0.0281,0.429,3,0,4,0,6,1.0,0.0612,0.3181,0.271,2,33,2,0.10356791317462921,0.7222439646720886,2.0301148891448975,0.01631,0.2292,0.25
225,94896,0.0,24,2,0.3333,29.67,0.3333,0.004901859909296036,0.22774428129196167,0.23544928431510925,0.36411312222480774,-0.0954490602016449,0.06189384311437607,0.3331172466278076,0.0009578329045325518,0.00531450379639864,1.0270183086395264,64,0.0261,0.444,2,1,5,0,5,0.8,,,,,,,0.09293803572654724,0.6910883784294128,2.14094877243042,0.01631,,0.25
226,95259,0.0,24,2,0.25,29.88,0.25,0.0028453462291508913,0.22336222231388092,0.2303605079650879,0.615385115146637,-0.09751757979393005,0.13472050428390503,0.44051992893218994,0.0011124261654913425,0.005883630830794573,0.7459163665771484,64,0.0315,0.25,4,0,6,0,4,1.0,,,,,,,0.13073527812957764,0.8338527679443359,1.9728823900222778,0.01631,,0.25
227,95653,0.0,24,2,0.5,29.5,0.5,0.0021638863254338503,0.21704567968845367,0.20901203155517578,0.4252115786075592,-0.09792560338973999,0.05073059722781181,0.41880375146865845,0.0010441597551107407,0.005744466558098793,0.7631081342697144,64,0.043,0.5,3,0,3,0,7,1.0,,,,,,,0.1283246874809265,0.6809701323509216,2.0495686531066895,0.01635,,0.25
228,96045,0.0,24,2,0.2,28.8,0.2,0.0021689697168767452,0.21072335541248322,0.21980449557304382,0.43662920594215393,-0.09413210302591324,0.05530424043536186,0.4168892204761505,0.0007963292300701141,0.006527217570692301,1.0107221603393555,64,0.048,0.2,3,0,3,1,8,0.875,,,,,,,0.09313350915908813,0.7228962779045105,2.065227508544922,0.01637,,0.25
229,96520,0.0,24,2,0.0,29.89,0.0,0.00428285775706172,0.2283042073249817,0.21633625030517578,0.5073447227478027,-0.09371181577444077,0.09045292437076569,0.4174562990665436,0.0010001854971051216,0.005388686899095774,0.8764285445213318,64,0.0471,0.111,0,1,7,1,7,0.857,,,,,,,0.10692465305328369,0.6163363456726074,2.069734573364258,0.01635,,0.25
230,96918,0.0,24,2,0.25,30.0,0.25,0.003820124315097928,0.20029112696647644,0.2155269980430603,0.5206981897354126,-0.08959509432315826,0.13812175393104553,0.3298484981060028,0.001176599063910544,0.008402598090469837,1.002646565437317,64,0.0223,0.25,3,0,3,0,9,0.667,,,,,,,0.08935859799385071,0.7746237516403198,2.119748115539551,0.01635,,0.25
231,97396,0.0,24,2,0.0,30.0,0.0,0.005541612859815359,0.21396471560001373,0.19682182371616364,0.4412365257740021,-0.09662838280200958,0.058762870728969574,0.4179385006427765,0.0010528144193813205,0.004801325034350157,0.9919182658195496,64,0.0349,0.0,0,0,7,0,9,0.778,0.0468,0.2747,0.229,0,32,5,0.09741566330194473,0.6785974502563477,2.0246317386627197,0.01635,0.2292,0.25
232,97763,0.0,24,2,0.0,30.0,0.0,0.002161008771508932,0.19019833207130432,0.19064435362815857,0.35398373007774353,-0.09239710867404938,0.05601286143064499,0.33115673065185547,0.0016678726533427835,0.0063967895694077015,1.2114256620407104,64,0.0328,0.0,4,0,4,0,8,0.75,,,,,,,0.07627137750387192,0.7510848045349121,2.1427340507507324,0.01635,,0.25
233,98123,0.0,24,2,0.1429,29.29,0.1429,0.0026844600215554237,0.16895203292369843,0.17107045650482178,0.36091259121894836,-0.09050625562667847,0.0384359136223793,0.3712553083896637,0.000965161481872201,0.0065834117121994495,1.0944468975067139,64,0.0281,0.286,4,1,4,1,5,1.0,,,,,,,0.08269588649272919,0.7089356184005737,2.1110494136810303,0.01635,,0.25
234,98580,0.0,24,2,0.2857,29.86,0.2857,0.0013959738425910473,0.22114789485931396,0.21905924379825592,0.5063239336013794,-0.09853541851043701,0.09165265411138535,0.4174700975418091,0.0011734418803825974,0.008167887106537819,0.8417341113090515,64,0.0398,0.286,1,0,5,0,8,1.0,,,,,,,0.11706240475177765,0.7763311266899109,2.0992956161499023,0.01637,,0.25
235,99008,0.0,24,2,0.0,30.0,0.0,0.001597242895513773,0.20088651776313782,0.2117789089679718,0.486200749874115,-0.08521261811256409,0.09704720973968506,0.3747284412384033,0.00148869922850281,0.0051809954456985,1.2070568799972534,64,0.0192,0.0,2,0,5,0,9,0.778,,,,,,,0.07059536129236221,0.6983789801597595,2.1173315048217773,0.01637,,0.25
236,99460,0.0,24,2,0.4444,29.56,0.4444,0.0014029060257598758,0.1964363008737564,0.19860567152500153,0.37505778670310974,-0.08937104046344757,0.04483247920870781,0.37184637784957886,0.0010266308672726154,0.005834983661770821,0.9728826880455017,64,0.0271,0.444,1,0,4,1,6,1.0,,,,,,,0.09186209738254547,0.6903581619262695,2.145801544189453,0.0164,,0.25
237,99886,0.0,24,2,0.0,30.0,0.0,0.0022646430879831314,0.19970794022083282,0.1930113434791565,0.3829239308834076,-0.09866669774055481,0.04055245593190193,0.39789697527885437,0.0012250842992216349,0.0051774997264146805,0.9190320372581482,64,0.0413,0.0,2,0,4,1,9,0.889,,,,,,,0.1073593720793724,0.6315187215805054,2.059501886367798,0.01641,,0.25
238,100000,0.0,24,2,0.4286,30.0,0.4286,0.0021194471046328545,0.18656408786773682,0.19424663484096527,0.3503514230251312,-0.08999770879745483,0.03246927261352539,0.37175121903419495,0.0013612830080091953,0.007318759337067604,0.8900956511497498,64,0.0355,0.429,2,0,4,0,7,1.0,0.0543,0.3346,0.229,1,35,2,0.10111016035079956,0.8023328185081482,2.0759847164154053,0.01643,0.2083,0.25
239,100000,0.0,24,2,0.4286,29.43,0.4286,0.0018215514719486237,0.2107304036617279,0.20752373337745667,0.41222840547561646,-0.09775963425636292,0.0674988180398941,0.37239307165145874,0.0008464526035822928,0.005194671452045441,0.9251300096511841,64,0.0304,0.429,2,0,3,1,7,1.0,,,,,,,0.1056712344288826,0.7776165008544922,2.117399215698242,0.01643,,0.25
240,100000,0.0,24,2,0.2,29.8,0.2,0.0021985790226608515,0.22811833024024963,0.23051732778549194,0.45056354999542236,-0.09863954782485962,0.10902818292379379,0.3281918168067932,0.000726439175195992,0.005909794010221958,1.0275087356567383,64,0.0348,0.2,3,0,6,2,3,0.667,,,,,,,0.09599874913692474,0.8443557024002075,2.141038656234741,0.01638,,0.25
241,100000,0.0,24,2,0.0,29.62,0.0,0.0026404184754937887,0.22686254978179932,0.22249799966812134,0.41269174218177795,-0.08757318556308746,0.08541810512542725,0.32555168867111206,0.001321914722211659,0.007754042744636536,1.0010284185409546,64,0.0379,0.125,1,1,5,2,7,0.857,,,,,,,0.08748321235179901,0.7662324905395508,2.204146385192871,0.01637,,0.25
242,100000,0.0,24,2,0.0,30.0,0.0,0.004174218978732824,0.19178920984268188,0.19756916165351868,0.5359510183334351,-0.09088996052742004,0.08041153848171234,0.4636514186859131,0.001190569018945098,0.004732918459922075,0.8672304153442383,64,0.0149,0.0,3,0,2,0,11,0.909,,,,,,,0.1048048660159111,0.6326221823692322,1.9589999914169312,0.01641,,0.25
243,100000,0.0,24,2,0.2857,29.71,0.2857,0.0024733725003898144,0.17033666372299194,0.17553868889808655,0.4983482360839844,-0.09747137129306793,0.08641660213470459,0.42003706097602844,0.0009505566558800638,0.005898733157664537,0.8552725911140442,64,0.0379,0.286,2,0,4,1,7,0.857,,,,,,,0.11396525800228119,0.7608764171600342,2.0817556381225586,0.01644,,0.25
244,100000,0.0,24,2,0.125,29.5,0.125,0.0021069336216896772,0.2581367790699005,0.26481717824935913,0.46219444274902344,-0.09770427644252777,0.04683031886816025,0.46290910243988037,0.0013441209448501468,0.0066579352132976055,0.8538853526115417,64,0.0368,0.125,3,0,5,2,5,1.0,,,,,,,0.11442317068576813,0.6711399555206299,1.9904732704162598,0.01643,,0.25
245,100000,0.0,24,2,0.1667,30.0,0.1667,0.001637106528505683,0.2140539139509201,0.21147486567497253,0.36175763607025146,-0.09113630652427673,0.03907252103090286,0.3719823360443115,0.0010840671602636576,0.0055331215262413025,1.0120717287063599,64,0.0228,0.167,0,0,5,0,10,0.9,0.0528,0.3491,0.083,1,44,0,0.09004925191402435,0.6602290868759155,2.120310068130493,0.01641,0.0625,0.25
246,100000,0.0,24,2,0.0,30.0,0.0,0.0023850472643971443,0.19524811208248138,0.1954827606678009,0.5246709585189819,-0.0974050834774971,0.09258656203746796,0.43375784158706665,0.0016124770045280457,0.006290182936936617,0.8655547499656677,64,0.018,0.0,2,0,3,2,9,0.778,,,,,,,0.11253486573696136,0.7086079120635986,2.092721462249756,0.01643,,0.25
247,100000,0.0,24,2,0.2,29.6,0.2,0.00255121779628098,0.2386513650417328,0.22918851673603058,0.7079988718032837,-0.09800124168395996,0.06089203059673309,0.681623101234436,0.001156505779363215,0.005185854155570269,0.6610879302024841,64,0.0288,0.2,1,0,3,1,10,0.9,,,,,,,0.14824235439300537,0.8157698512077332,1.9585471153259277,0.01651,,0.25
248,100000,0.0,24,2,0.0,30.0,0.0,0.0015958126168698072,0.161043182015419,0.1626148819923401,0.470806747674942,-0.09256799519062042,0.09418261051177979,0.3717040419578552,0.0010351767996326089,0.006610938813537359,0.9502467513084412,64,0.017,0.0,5,0,4,0,7,1.0,,,,,,,0.09741470217704773,0.8943731784820557,2.094430923461914,0.01652,,0.25
249,100000,0.0,24,2,0.6,29.6,0.6,0.0022088005207479,0.17803889513015747,0.17869004607200623,0.5175835490226746,-0.09512525796890259,0.0953139066696167,0.4189337491989136,0.0017729877727106214,0.006294547580182552,0.7368760704994202,64,0.0346,0.6,1,0,2,0,10,0.8,,,,,,,0.12909261882305145,0.9391641020774841,2.0006699562072754,0.01657,,0.25
250,100000,0.0,24,2,0.1667,29.0,0.1667,0.002095343079417944,0.18984293937683105,0.1908923238515854,0.5577022433280945,-0.09832767397165298,0.11743398755788803,0.4182431697845459,0.0010029803961515427,0.005837562959641218,0.7923870086669922,64,0.039,0.167,5,0,4,1,5,1.0,,,,,,,0.12409046292304993,0.7131513357162476,2.0303401947021484,0.01657,,0.25
251,100000,0.0,24,2,0.6,30.0,0.6,0.0025904790963977575,0.26033544540405273,0.27293267846107483,0.4270358681678772,-0.08523057401180267,0.08887258172035217,0.3311689496040344,0.000925735046621412,0.006704709026962519,1.3061683177947998,64,0.0275,0.6,3,0,2,0,8,0.5,,,,,,,0.06525235623121262,0.8152973055839539,2.128960609436035,0.01659,,0.25
252,100000,0.0,24,2,0.0,30.0,0.0,0.0022463081404566765,0.1798330843448639,0.17652815580368042,0.4333917498588562,-0.08696393668651581,0.04742005467414856,0.42303693294525146,0.0013373754918575287,0.0049573336727917194,0.8971596956253052,64,0.0207,0.0,3,0,4,0,9,0.667,0.0509,0.2893,0.354,1,29,2,0.09693251550197601,0.8267278671264648,2.060201644897461,0.01658,0.3333,0.3333
253,100000,0.0,24,2,0.25,30.0,0.25,0.00263869296759367,0.19229653477668762,0.21516790986061096,0.3938426673412323,-0.0941728800535202,0.055674679577350616,0.3723742961883545,0.0007321189623326063,0.008583808317780495,0.6710385680198669,64,0.029,0.25,2,0,3,0,10,1.0,,,,,,,0.14033901691436768,0.8142393827438354,2.1244053840637207,0.01662,,0.3333
254,100000,0.0,24,2,0.4286,29.43,0.4286,0.0038579097017645836,0.17548930644989014,0.1704479306936264,0.4166974723339081,-0.09762203693389893,0.06150585040450096,0.38846856355667114,0.0011352875735610723,0.005678446963429451,0.9394497275352478,64,0.0302,0.429,3,0,4,0,6,0.833,,,,,,,0.10391406714916229,0.7136681079864502,2.0647945404052734,0.01661,,0.3333
255,100000,0.0,24,2,0.125,30.0,0.125,0.0036596416030079126,0.19828785955905914,0.18441420793533325,0.4122568964958191,-0.0965009480714798,0.05839575454592705,0.3888922929763794,0.0009918425930663943,0.006148090120404959,0.9756986498832703,64,0.0292,0.125,2,0,7,0,6,0.667,,,,,,,0.09890446066856384,0.757922351360321,2.0659914016723633,0.01656,,0.3333
256,100000,0.0,24,2,0.4,29.8,0.4,0.0025460789911448956,0.19639921188354492,0.20426246523857117,0.5065054297447205,-0.09867306798696518,0.0885288268327713,0.42574816942214966,0.0010810138192027807,0.004745315294712782,1.1364845037460327,64,0.0355,0.4,2,0,2,1,9,1.0,,,,,,,0.08682306110858917,0.7945742607116699,2.0121450424194336,0.01661,,0.3333
257,100000,0.0,24,2,0.2222,29.33,0.2222,0.004654871765524149,0.23272868990898132,0.23104986548423767,0.29830241203308105,-0.09848383069038391,0.03405207023024559,0.3253702223300934,0.001277291914448142,0.006623742636293173,0.9584235548973083,64,0.0391,0.222,3,0,6,1,4,0.75,,,,,,,0.102756068110466,0.7224497199058533,2.1972289085388184,0.0166,,0.3333
258,100000,0.0,24,2,0.3333,29.5,0.3333,0.002030968898907304,0.19528977572917938,0.19655872881412506,0.3572371304035187,-0.09760072082281113,0.04028195142745972,0.3717430531978607,0.0012013083323836327,0.005061804782599211,1.016153335571289,64,0.0528,0.333,2,0,4,0,8,1.0,,,,,,,0.09604920446872711,0.6505624055862427,2.1290130615234375,0.01664,,0.3333
259,100000,0.0,24,2,0.1429,29.86,0.1429,0.0029633513186126947,0.20045003294944763,0.20390498638153076,0.6289892196655273,-0.0972592681646347,0.10646113008260727,0.5096510648727417,0.001127694733440876,0.007350380066782236,0.6398181319236755,64,0.0283,0.143,1,0,6,0,8,1.0,0.051,0.3328,0.333,1,30,2,0.15201079845428467,0.6999186277389526,1.9505053758621216,0.01664,0.3125,0.3333
260,100000,0.0,24,2,0.25,27.75,0.25,0.002585057867690921,0.25923627614974976,0.2591492533683777,0.5075369477272034,-0.09901297092437744,0.13841231167316437,0.3255389928817749,0.001656841952353716,0.008372611366212368,0.8231695294380188,64,0.0227,0.25,1,0,2,1,11,1.0,,,,,,,0.1202826052904129,0.7874583005905151,2.17417049407959,0.01673,,0.3333
261,100000,0.0,24,2,0.2,30.0,0.2,0.0027901590801775455,0.20597892999649048,0.20367631316184998,0.42736852169036865,-0.09621120989322662,0.07389607280492783,0.3724186420440674,0.0012389820767566562,0.006737861316651106,1.4009062051773071,64,0.0233,0.2,1,0,4,0,10,0.7,,,,,,,0.06867783516645432,0.7325735092163086,2.091294765472412,0.01675,,0.3333
262,100000,0.0,24,2,0.0,30.0,0.0,0.0036313014570623636,0.19479158520698547,0.19234652817249298,0.48725444078445435,-0.0957220047712326,0.06903856247663498,0.44258546829223633,0.0009976091096177697,0.004627682268619537,0.9795930981636047,64,0.0292,0.0,0,0,5,0,11,0.818,,,,,,,0.0977160856127739,0.6703326106071472,1.94955313205719,0.01673,,0.3333
263,100000,0.0,24,2,0.0,30.0,0.0,0.0021402863785624504,0.17193827033042908,0.17424827814102173,0.5954484939575195,-0.09345811605453491,0.10699789226055145,0.4723294973373413,0.0019357281271368265,0.005162765737622976,0.8966431021690369,64,0.0409,0.0,1,0,6,0,9,1.0,,,,,,,0.10423111915588379,0.8479181528091431,1.9543838500976562,0.01673,,0.3333
264,100000,0.0,24,2,0.25,30.0,0.25,0.003235606709495187,0.1964314877986908,0.20445868372917175,0.49311569333076477,-0.09065312147140503,0.09412261843681335,0.3931443393230438,0.0006959242164157331,0.004758462309837341,0.8761976361274719,64,0.0313,0.25,1,0,6,0,7,1.0,,,,,,,0.10346196591854095,0.6869848966598511,2.057947874069214,0.01676,,0.3333
265,100000,0.0,24,2,0.3333,28.33,0.3333,0.0027978706639260054,0.2760634422302246,0.2786918878555298,0.2967027425765991,-0.09660294651985168,0.031672168523073196,0.3261803984642029,0.0015245565446093678,0.007561921142041683,1.2952204942703247,64,0.0391,0.333,3,0,2,2,7,0.857,,,,,,,0.07458417862653732,0.676886260509491,2.1968994140625,0.01678,,0.3333
266,100000,0.0,24,2,0.0,30.0,0.0,0.0028210037853568792,0.20799632370471954,0.1846584677696228,0.6780599355697632,-0.09929477423429489,0.11007529497146606,0.5549685955047607,0.0010920893400907516,0.00447112089022994,0.5896241068840027,64,0.0293,0.0,1,0,7,0,8,0.875,0.0497,0.2439,0.167,2,34,6,0.1684035360813141,0.7005478143692017,1.8382697105407715,0.01676,0.125,0.3333
267,100000,0.0,24,2,0.0,29.38,0.0,0.003314963774755597,0.2518768012523651,0.24945463240146637,0.4324670135974884,-0.09226763993501663,0.07517573982477188,0.3713386654853821,0.0010222444543614984,0.006089013535529375,0.9500512480735779,64,0.0418,0.0,0,0,7,1,8,0.875,,,,,,,0.09711859375238419,0.7011088132858276,2.1285085678100586,0.01677,,0.3333
268,100000,0.0,24,2,0.2222,29.67,0.2222,0.003715517232194543,0.1865493357181549,0.18826323747634888,0.33719050884246826,-0.09599730372428894,0.05102258175611496,0.3277950882911682,0.0007434272556565702,0.006695124786347151,1.0446510314941406,64,0.0272,0.333,1,1,6,0,6,0.833,,,,,,,0.09189413487911224,0.8658003807067871,2.1958184242248535,0.01675,,0.3333
269,100000,0.0,24,2,0.2,28.8,0.2,0.0017062746919691563,0.24099485576152802,0.22950279712677002,0.7046242356300354,-0.09534266591072083,0.09152506291866302,0.6133236885070801,0.0012324319686740637,0.0071862139739096165,1.001930594444275,64,0.0335,0.2,4,0,3,1,7,1.0,,,,,,,0.09515894949436188,0.6190303564071655,2.06772780418396,0.01677,,0.3333
270,100000,0.0,24,2,0.1667,30.0,0.1667,0.0031022385228425264,0.22799037396907806,0.23248645663261414,0.38576993346214294,-0.09453757107257843,0.07474549114704132,0.32786598801612854,0.0016084263334050775,0.005901024676859379,1.1239813566207886,64,0.0199,0.167,2,0,5,0,8,0.875,,,,,,,0.08410955220460892,0.7515134811401367,2.1547107696533203,0.01682,,0.3333
271,100000,0.0,24,2,0.0,29.83,0.0,0.0014327273238450289,0.20533093810081482,0.1961907148361206,0.38182953000068665,-0.09749935567378998,0.05262600630521774,0.37109777331352234,0.0010278427507728338,0.005958194378763437,0.9630207419395447,64,0.0193,0.0,1,0,5,1,9,0.889,,,,,,,0.10124325752258301,0.650063693523407,2.160449981689453,0.01681,,0.3333
272,100000,0.0,24,2,0.25,29.75,0.25,0.0021936260163784027,0.22991591691970825,0.23644059896469116,0.44112733006477356,-0.09186927229166031,0.07940888404846191,0.3714001178741455,0.0010701894061639905,0.005557446274906397,1.072456955909729,64,0.027,0.25,2,0,3,0,10,0.9,,,,,,,0.08566242456436157,0.7267665863037109,2.100956916809082,0.01684,,0.3333
273,100000,0.0,24,2,0.4286,29.57,0.4286,0.002221989445388317,0.19757302105426788,0.19844725728034973,0.3414846360683441,-0.09678483009338379,0.03195565193891525,0.37116867303848267,0.0011880790116265416,0.0063789281994104385,0.9309148788452148,64,0.0239,0.429,1,0,4,0,8,1.0,0.0511,0.2835,0.146,1,36,5,0.10396743565797806,0.6881170272827148,2.164015054702759,0.01687,0.125,0.3333
274,100000,0.0,24,2,0.2222,30.0,0.2222,0.0015904917381703854,0.1782110631465912,0.17257541418075562,0.47775834798812866,-0.0956791490316391,0.10001467168331146,0.37140023708343506,0.0010491738794371486,0.004015821497887373,0.8557364344596863,64,0.0242,0.222,3,0,5,2,4,0.75,,,,,,,0.11180911958217621,0.8172987699508667,2.1417675018310547,0.01688,,0.3333
275,100000,0.0,24,2,0.1429,30.0,0.1429,0.00235416810028255,0.20922228693962097,0.22230616211891174,0.44238537549972534,-0.0976092666387558,0.08149971812963486,0.3714628517627716,0.0009776442311704159,0.011064731515944004,0.6409093737602234,64,0.0281,0.143,2,0,6,0,7,1.0,,,,,,,0.15229809284210205,0.7373921871185303,2.11670184135437,0.01692,,0.3333
276,100000,0.0,24,2,0.1667,30.0,0.1667,0.0016780764563009143,0.2272237241268158,0.22808872163295746,0.570111870765686,-0.09779612720012665,0.07826102524995804,0.5095137357711792,0.0009652728331275284,0.003744381247088313,0.6428632140159607,64,0.0082,0.167,2,0,5,0,8,0.75,,,,,,,0.15212586522102356,0.7737712264060974,1.943396806716919,0.01693,,0.3333
277,100000,0.0,24,2,0.0,30.0,0.0,0.002511066384613514,0.22502246499061584,0.2320411056280136,0.35345691442489624,-0.09288834780454636,0.059159062802791595,0.3255738615989685,0.0008841597009450197,0.004906540736556053,1.1805227994918823,64,0.0342,0.0,3,0,5,0,8,0.625,,,,,,,0.07868407666683197,0.7068816423416138,2.194031000137329,0.01691,,0.3333
278,100000,0.0,24,2,0.25,30.0,0.25,0.0028873272240161896,0.22556740045547485,0.2304631471633911,0.48175346851348877,-0.09595336019992828,0.0786689817905426,0.4174618721008301,0.001079859328456223,0.005813982337713242,0.9486126899719238,64,0.0319,0.25,1,0,3,0,11,0.909,,,,,,,0.101151242852211,0.7317680716514587,2.034139633178711,0.01696,,0.3333
279,100000,0.0,24,2,0.3333,29.83,0.3333,0.0020271202083677053,0.24555565416812897,0.2516610622406006,0.5164695978164673,-0.09606263786554337,0.07109212130308151,0.46636512875556946,0.0012018821435049176,0.007965626195073128,0.9603225588798523,64,0.0098,0.5,1,1,3,0,9,1.0,,,,,,,0.10003163665533066,0.7741402983665466,2.0527052879333496,0.017,,0.3333
280,100000,0.0,24,2,0.125,29.88,0.125,0.0023785741068422794,0.2806515693664551,0.27892446517944336,0.5237996578216553,-0.09096279740333557,0.14272615313529968,0.3255801796913147,0.0009390931227244437,0.007459935266524553,1.386439561843872,64,0.0259,0.125,1,0,7,0,7,0.857,0.0484,0.2854,0.104,1,40,3,0.0656089186668396,0.7406290769577026,2.2001993656158447,0.01699,0.0833,0.3333
281,100000,0.0,24,2,0.1,29.5,0.1,0.004397853743284941,0.20211055874824524,0.19917306303977966,0.8206239342689514,-0.09708361327648163,0.2478143572807312,0.4190053343772888,0.0015805469593033195,0.0061470321379601955,0.7195395827293396,64,0.043,0.1,0,0,7,2,6,0.667,,,,,,,0.13492463529109955,0.6787295341491699,2.067737579345703,0.01702,,0.3333
282,100000,0.0,24,2,0.1429,29.14,0.1429,0.002099685836583376,0.19575589895248413,0.20206059515476227,0.4202095866203308,-0.09616857767105103,0.0713820606470108,0.37140703201293945,0.0013311647344380617,0.004414028022438288,0.7520837783813477,64,0.0405,0.143,2,0,5,1,7,1.0,,,,,,,0.12786948680877686,0.7162383794784546,2.1159567832946777,0.01703,,0.3333
283,100000,0.0,24,2,0.0,29.5,0.0,0.0019651304464787245,0.1879449039697647,0.17696042358875275,0.33806055784225464,-0.09646187722682953,0.052144527435302734,0.3254578113555908,0.001769790891557932,0.00955119077116251,1.1578948497772217,64,0.0382,0.0,3,0,8,2,3,1.0,,,,,,,0.08330797404050827,0.6667044162750244,2.207824945449829,0.01702,,0.3333
284,100000,0.0,24,2,0.3333,29.83,0.3333,0.0023228453937917948,0.2001701146364212,0.20165632665157318,0.39745205640792847,-0.09265220165252686,0.08068253099918365,0.32576677203178406,0.0009917952120304108,0.005944839213043451,1.0868523120880127,64,0.0358,0.333,3,0,4,0,7,0.857,,,,,,,0.085248202085495,0.7624087333679199,2.2019989490509033,0.01704,,0.3333
285,100000,0.0,24,2,0.1667,30.0,0.1667,0.0027526048943400383,0.2496986985206604,0.2515205144882202,0.38895726203918457,-0.09671087563037872,0.03172788769006729,0.41886138916015625,0.0009046908817254007,0.006701938807964325,0.8568732142448425,64,0.0268,0.167,2,0,4,1,8,0.75,,,,,,,0.11286485940217972,0.6575548052787781,2.0291788578033447,0.01703,,0.3333
286,100000,0.0,24,2,0.0,30.0,0.0,0.00263967621140182,0.17757751047611237,0.16923998296260834,0.5001134872436523,-0.09480961412191391,0.11027266830205917,0.37136542797088623,0.001177757978439331,0.006024704314768314,0.9512413144111633,64,0.0306,0.0,2,0,8,0,6,0.833,,,,,,,0.09966935962438583,0.7254737615585327,2.1294045448303223,0.01702,,0.3333
287,100000,0.0,24,2,0.2,29.9,0.2,0.0026323976926505566,0.2055720090866089,0.22110672295093536,0.4883342385292053,-0.08946222066879272,0.12416114658117294,0.3256218433380127,0.0012676861369982362,0.0077045997604727745,1.1366316080093384,64,0.0275,0.2,2,0,7,1,4,1.0,0.0461,0.2429,0.188,1,37,2,0.07870818674564362,0.8856964111328125,2.2237563133239746,0.01697,0.1667,0.3333
288,100000,0.0,24,2,0.0,29.57,0.0,0.002535398118197918,0.20127853751182556,0.20484958589076996,0.3531380593776703,-0.09272481501102448,0.03514020889997482,0.37195903062820435,0.0011523636057972908,0.0072468542493879795,0.9760565161705017,64,0.0461,0.0,1,0,6,1,8,0.875,,,,,,,0.09499944001436234,0.6526502966880798,2.080479145050049,0.01697,,0.3333
289,100000,0.0,24,2,0.2857,29.71,0.2857,0.010281598195433617,0.2532580494880676,0.26442596316337585,0.4447349011898041,-0.0887601375579834,0.07984858006238937,0.3711182475090027,0.0009581604972481728,0.005359229166060686,1.1836060285568237,64,0.0473,0.286,2,0,5,0,7,1.0,,,,,,,0.07499127835035324,0.6980047225952148,2.1219112873077393,0.01699,,0.3333
290,100000,0.0,24,2,0.0,30.0,0.0,0.002243689727038145,0.18362975120544434,0.18621383607387543,0.39944249391555786,-0.09712564945220947,0.038301821798086166,0.4171263873577118,0.0010052509605884552,0.005676238797605038,1.0780935287475586,64,0.0371,0.0,4,0,7,0,5,1.0,,,,,,,0.09009018540382385,0.7160590887069702,2.066433906555176,0.017,,0.3333
291,100000,0.0,24,2,0.0,30.0,0.0,0.0030037774704396725,0.22086486220359802,0.23268753290176392,0.39762651920318604,-0.09273944050073624,0.08103305846452713,0.32532358169555664,0.0013838416198268533,0.005952530540525913,1.4380362033843994,64,0.05,0.125,4,1,6,1,4,0.75,,,,,,,0.06449033319950104,0.6096832752227783,2.1980998516082764,0.01698,,0.3333
292,100000,0.0,24,2,0.0,29.75,0.0,0.0035131846088916063,0.16606749594211578,0.15754184126853943,0.48598459362983704,-0.08725938200950623,0.12178396433591843,0.3265051245689392,0.0011953687062487006,0.006341875530779362,1.1258375644683838,64,0.0264,0.0,3,0,7,1,5,1.0,,,,,,,0.07750619202852249,0.8707578182220459,2.1830697059631348,0.01698,,0.3333
293,100000,0.0,24,2,0.0,29.86,0.0,0.0033260220661759377,0.24717575311660767,0.24928271770477295,0.4734879732131958,-0.09702454507350922,0.12067508697509766,0.32535552978515625,0.0013420488685369492,0.007613645866513252,0.9504445195198059,64,0.03,0.0,1,0,6,1,8,0.75,,,,,,,0.10208333283662796,0.7750980257987976,2.1929075717926025,0.01697,,0.3333
294,100000,0.0,24,2,0.0,30.0,0.0,0.003454536898061633,0.20671279728412628,0.2156449854373932,0.527510941028595,-0.09435799717903137,0.12384413927793503,0.37140434980392456,0.0011079738615080714,0.005552652757614851,0.9191977381706238,64,0.0333,0.0,2,0,5,0,9,0.889,0.0468,0.276,0.104,0,42,1,0.10265256464481354,0.816241443157196,2.114816188812256,0.01698,0.1042,0.3333
295,100000,0.0,24,2,0.25,29.88,0.25,0.0016860254108905792,0.23876474797725677,0.23207202553749084,0.4086301922798157,-0.09586606919765472,0.06505972892045975,0.37121421098709106,0.0009865054162219167,0.006325212772935629,0.8582901358604431,64,0.0241,0.25,1,0,6,0,7,0.857,,,,,,,0.11169424653053284,0.7197308540344238,2.0972695350646973,0.01698,,0.3333
296,100000,0.0,24,2,0.25,29.62,0.25,0.0019381956662982702,0.19021236896514893,0.18556095659732819,0.41869449615478516,-0.09425810724496841,0.08221612125635147,0.34535038471221924,0.001174099394120276,0.006339950021356344,0.833408772945404,64,0.0277,0.375,1,1,4,1,7,0.714,,,,,,,0.11309949308633804,0.7902164459228516,2.08284330368042,0.01702,,0.3333
297,100000,0.0,24,2,0.2857,29.29,0.2857,0.0025451264809817076,0.2301548719406128,0.21177268028259277,0.5323283672332764,-0.09689874947071075,0.05884549766778946,0.5084496736526489,0.0007849555113352835,0.006172874942421913,0.5305491089820862,64,0.0274,0.286,0,0,4,1,9,0.778,,,,,,,0.18263858556747437,0.8739994764328003,1.900101661682129,0.01701,,0.3333
298,100000,0.0,24,2,0.25,30.0,0.25,0.0015565308276563883,0.25604283809661865,0.2501526474952698,0.4174428880214691,-0.089763343334198,0.05339435860514641,0.39710599184036255,0.000906803528778255,0.006623005960136652,0.9583255648612976,64,0.0286,0.25,1,0,6,0,7,1.0,,,,,,,0.09366686642169952,0.7045673727989197,2.1165270805358887,0.01705,,0.3333
299,100000,0.0,24,2,0.2,30.0,0.2,0.00123353092931211,0.22399310767650604,0.2180892527103424,0.56861811876297,-0.09500551223754883,0.10518909990787506,0.44911083579063416,0.0010482054203748703,0.008269134908914566,1.1495765447616577,64,0.0264,0.2,2,0,4,0,9,0.778,,,,,,,0.08264392614364624,0.7172176837921143,2.1424734592437744,0.01705,,0.3333
300,100000,0.0,24,2,0.125,29.75,0.125,0.002019536914303899,0.1783921718597412,0.17213910818099976,0.5012038946151733,-0.09904995560646057,0.08958500623703003,0.41716498136520386,0.0013316554250195622,0.007837770506739616,0.6810612678527832,64,0.0156,0.125,1,0,6,1,7,0.857,,,,,,,0.14543470740318298,0.8448705077171326,2.0213634967803955,0.01704,,0.3333
301,100000,0.0,24,2,0.25,29.75,0.25,0.004858169239014387,0.24850933253765106,0.26718729734420776,0.297780305147171,-0.09790293127298355,0.03370636701583862,0.32573559880256653,0.0014664040645584464,0.005069771781563759,1.0948880910873413,64,0.0238,0.25,2,0,6,0,6,1.0,0.0406,0.27,0.354,2,30,1,0.0894182026386261,0.7082977294921875,2.200643301010132,0.01707,0.3125,0.3333
302,100000,0.0,24,2,0.25,29.25,0.25,0.00489682937040925,0.21768754720687866,0.2111125886440277,0.4049324691295624,-0.09894954413175583,0.06490126252174377,0.3715672492980957,0.0010920214699581265,0.005024510435760021,0.6468883156776428,64,0.0394,0.25,3,0,5,1,5,0.2,,,,,,,0.152962327003479,0.7301390171051025,2.1348934173583984,0.01705,,0.3333
303,100000,0.0,24,2,0.0,30.0,0.0,0.004379000049084425,0.18076840043067932,0.18449056148529053,0.4055950343608856,-0.09803709387779236,0.036659009754657745,0.427729070186615,0.0011619600700214505,0.005170037038624287,0.605252206325531,64,0.0224,0.0,3,0,3,0,10,0.8,,,,,,,0.16197726130485535,0.7171773314476013,2.0091030597686768,0.01708,,0.3333
304,100000,0.0,24,2,0.6,30.0,0.6,0.003476745681837201,0.2307301163673401,0.22196310758590698,0.4918999671936035,-0.08270755410194397,0.06711869686841965,0.4372537136077881,0.0012115907156839967,0.006232886575162411,1.1781142950057983,64,0.0197,0.6,1,0,2,0,10,1.0,,,,,,,0.07020333409309387,0.7995342016220093,2.007493257522583,0.01711,,0.3333
305,100000,0.0,24,2,0.0,30.0,0.0,0.003014951478689909,0.2069830745458603,0.20499201118946075,0.4040883481502533,-0.09560877084732056,0.07799976319074631,0.3419594168663025,0.0008432501344941556,0.0034763317089527845,0.9517032504081726,64,0.036,0.0,3,0,4,1,8,0.875,,,,,,,0.10046070069074631,0.7009776830673218,2.1090481281280518,0.01711,,0.3333
306,100000,0.0,24,2,0.1111,30.0,0.1111,0.001570670516230166,0.24753409624099731,0.25131213665008545,0.4096706211566925,-0.08737865835428238,0.08466034382581711,0.32537853717803955,0.0007499723578803241,0.004700102843344212,1.538603663444519,64,0.0425,0.111,2,0,8,0,5,1.0,,,,,,,0.05679088085889816,0.7121393084526062,2.1879758834838867,0.01708,,0.3333
307,100000,0.0,24,2,0.1667,29.5,0.1667,0.0017854899633675814,0.21786871552467346,0.21395379304885864,0.6302987933158875,-0.09506431221961975,0.07814832776784897,0.566692590713501,0.0007511628209613264,0.004747757222503424,0.6738379001617432,64,0.0274,0.167,2,0,4,1,8,0.875,,,,,,,0.1410789042711258,0.7468489408493042,1.8788974285125732,0.0171,,0.3333
308,100000,0.0,24,2,0.2,29.6,0.2,0.0018666998948901892,0.20451244711875916,0.20294511318206787,0.4791542589664459,-0.09184761345386505,0.11898073554039001,0.3306519687175751,0.0019345717737451196,0.00477692112326622,1.0545202493667603,64,0.0315,0.2,3,0,5,3,3,0.667,0.0462,0.302,0.271,2,33,2,0.08709895610809326,0.6894439458847046,2.085920810699463,0.01704,0.2292,0.3333
309,100000,0.0,24,2,0.6667,29.67,0.6667,0.002182490425184369,0.23315539956092834,0.21806120872497559,0.35180824995040894,-0.09423710405826569,0.0361371710896492,0.37108367681503296,0.0012165597872808576,0.005374661646783352,0.7628211379051208,64,0.0253,0.667,2,0,1,0,11,0.818,,,,,,,0.12353760749101639,0.7039647102355957,2.108856678009033,0.01707,,0.3333
310,100000,0.0,24,2,0.0,30.0,0.0,0.003300741547718644,0.20966410636901855,0.19963206350803375,0.3577686846256256,-0.09523360431194305,0.0332760214805603,0.38322097063064575,0.0012401525164023042,0.006458587944507599,0.7331108450889587,64,0.0189,0.0,2,0,6,0,8,0.75,,,,,,,0.1299034208059311,0.6931134462356567,2.043285369873047,0.01707,,0.3333
311,100000,0.0,24,2,0.3333,29.5,0.3333,0.0026320964097976685,0.2489880621433258,0.24931466579437256,0.575829803943634,-0.09701602160930634,0.10374186933040619,0.4627591073513031,0.002113842638209462,0.005205953493714333,0.5760378837585449,64,0.0319,0.333,3,0,3,1,7,1.0,,,,,,,0.16841952502727509,0.8093020915985107,2.0042216777801514,0.01707,,0.3333
312,100000,0.0,24,2,0.25,28.88,0.25,0.0019402799662202597,0.21498481929302216,0.2176666557788849,0.5173603892326355,-0.09528648853302002,0.09594056010246277,0.41700631380081177,0.0009700826485641301,0.007518870290368795,0.9152030944824219,64,0.0332,0.25,1,0,4,2,7,1.0,,,,,,,0.10411512851715088,0.7151791453361511,2.0584495067596436,0.01712,,0.3333
313,100000,0.0,24,2,0.1667,30.0,0.1667,0.004924598149955273,0.25740474462509155,0.25562602281570435,0.5365889072418213,-0.08815963566303253,0.05658648535609245,0.5086740851402283,0.0014420170336961746,0.005802977364510298,1.2603553533554077,64,0.0207,0.333,4,1,4,0,6,1.0,,,,,,,0.0699482336640358,0.6821197271347046,2.0289359092712402,0.01716,,0.3333
314,100000,0.0,24,2,0.25,30.0,0.25,0.0026917685754597187,0.17828944325447083,0.17620967328548431,0.5409700274467468,-0.09768085181713104,0.0632738396525383,0.5094245672225952,0.0015454805688932538,0.0053572761826217175,0.588831901550293,64,0.0278,0.375,2,1,5,0,6,0.667,,,,,,,0.1658892035484314,0.7485830187797546,1.9037516117095947,0.01714,,0.3333
315,100000,0.0,24,2,0.2,29.8,0.2,0.0017139855772256851,0.21668797731399536,0.2061874121427536,0.4560643136501312,-0.09603724628686905,0.0662088394165039,0.41710585355758667,0.0013080700300633907,0.005156040191650391,1.0306661128997803,64,0.0228,0.2,1,0,6,2,5,1.0,0.0487,0.2964,0.125,0,38,4,0.09317977726459503,0.689698338508606,2.0589208602905273,0.01715,0.125,0.3333
316,100000,0.0,24,2,0.5,29.9,0.5,0.002027388894930482,0.20134574174880981,0.19317777454853058,0.6250076293945312,-0.09873159229755402,0.12524813413619995,0.47116002440452576,0.001142997294664383,0.004165890160948038,0.5865115523338318,64,0.0287,0.5,2,0,4,1,4,1.0,,,,,,,0.16833698749542236,0.7745971083641052,1.977969765663147,0.01717,,0.3333
317,100000,0.0,24,2,0.4286,29.86,0.4286,0.0035990651231259108,0.18572238087654114,0.1858600527048111,0.46394315361976624,-0.09810666739940643,0.06057761237025261,0.4387241005897522,0.0007825178327038884,0.004341034684330225,0.6844502091407776,64,0.0182,0.571,1,1,3,0,8,0.875,,,,,,,0.1433364450931549,0.7246996760368347,2.0226173400878906,0.01719,,0.3333
318,100000,0.0,24,2,0.0,30.0,0.0,0.0019611234311014414,0.2239888608455658,0.2189314067363739,0.3018748462200165,-0.09656474739313126,0.03534674271941185,0.3253370523452759,0.001047870027832687,0.0048181661404669285,0.8540608286857605,64,0.0224,0.0,1,0,5,0,10,0.6,,,,,,,0.11306542158126831,0.7146643400192261,2.193845510482788,0.01719,,0.3333
319,100000,0.0,24,2,0.0,30.0,0.0,0.001725736539810896,0.227984219789505,0.2264917641878128,0.5700781941413879,-0.09536811709403992,0.0743933618068695,0.5140715837478638,0.00116682646330446,0.005175905767828226,0.6669239401817322,64,0.0371,0.0,2,0,8,1,5,1.0,,,,,,,0.14299699664115906,0.6649602055549622,1.9136395454406738,0.01719,,0.3333
320,100000,0.0,24,2,0.0,29.38,0.0,0.002079386729747057,0.22287151217460632,0.22845467925071716,0.31041035056114197,-0.09194719046354294,0.03707735240459442,0.32528698444366455,0.0009211900178343058,0.005831718444824219,0.8426539301872253,64,0.037,0.0,5,0,7,1,3,1.0,,,,,,,0.10911618918180466,0.660779595375061,2.1871581077575684,0.01719,,0.3333
321,100000,0.0,24,2,0.1111,29.67,0.1111,0.005125589668750763,0.2759796380996704,0.27951347827911377,0.27170616388320923,-0.09550561010837555,0.019789516925811768,0.3253607451915741,0.0011404119431972504,0.004544023424386978,0.9996399879455566,64,0.028,0.111,2,0,7,1,5,1.0,,,,,,,0.09554000198841095,0.6042873859405518,2.1919562816619873,0.01719,,0.3333
322,100000,0.0,24,2,0.0,29.5,0.0,0.002051610266789794,0.24532130360603333,0.2467447966337204,0.5566589832305908,-0.09731245785951614,0.139402374625206,0.37287279963493347,0.0011426253477111459,0.004587709903717041,0.6062552332878113,64,0.0359,0.0,0,0,9,1,6,1.0,0.0524,0.28,0.188,0,37,2,0.1605139970779419,0.8145846128463745,2.1281628608703613,0.01719,0.1875,0.3333
323,100000,0.0,24,2,0.25,29.88,0.25,0.0025901070330291986,0.24871763586997986,0.2527935802936554,0.5536089539527893,-0.0938480794429779,0.15966321527957916,0.32573360204696655,0.0008150180801749229,0.00479400809854269,1.188775897026062,64,0.0255,0.25,4,0,6,0,4,1.0,,,,,,,0.07894513756036758,0.6254217624664307,2.1741862297058105,0.0172,,0.3333
324,100000,0.0,24,2,0.0,28.67,0.0,0.0015966745559126139,0.2537354826927185,0.25080209970474243,0.3881080448627472,-0.09673389047384262,0.05584093928337097,0.3710237741470337,0.0007901003700681031,0.004272569436579943,1.1091407537460327,64,0.0462,0.0,5,0,2,1,8,0.875,,,,,,,0.08721515536308289,0.654732346534729,2.097118854522705,0.01721,,0.3333
325,100000,0.0,24,2,0.4286,30.0,0.4286,0.004302361514419317,0.20130273699760437,0.19850099086761475,0.6178395748138428,-0.097316212952137,0.09575918316841125,0.5212523341178894,0.0008736193994991481,0.004770188592374325,0.6449984312057495,64,0.0199,0.571,2,1,3,0,7,1.0,,,,,,,0.15087822079658508,0.8808199763298035,2.02292537689209,0.0172,,0.3333
326,100000,0.0,24,2,0.0,30.0,0.0,0.0020304853096604347,0.24172019958496094,0.24095125496387482,0.6682855486869812,-0.09377974271774292,0.07949492335319519,0.6002110242843628,0.001752758165821433,0.005728814285248518,0.9846369028091431,64,0.0332,0.0,3,0,5,0,8,0.75,,,,,,,0.0952429547905922,0.7387217283248901,2.078305244445801,0.01718,,0.3333
327,100000,0.0,24,2,0.1667,30.0,0.1667,0.0021581037435680628,0.24040736258029938,0.2404271811246872,0.4057915210723877,-0.09577968716621399,0.08698400110006332,0.32531994581222534,0.0008622812456451356,0.004566551186144352,1.0551257133483887,64,0.0248,0.167,1,0,5,0,9,1.0,,,,,,,0.09077561646699905,0.7773876190185547,2.1984357833862305,0.01723,,0.3333
328,100000,0.0,24,2,0.1667,30.0,0.1667,0.003644824493676424,0.2137693613767624,0.203914076089859,0.5993061661720276,-0.09801918268203735,0.09284187853336334,0.5089678168296814,0.0014119321713224053,0.005347653292119503,0.7657285928726196,64,0.0285,0.167,2,0,5,0,8,0.75,,,,,,,0.12800773978233337,0.6845473051071167,1.923330545425415,0.01721,,0.3333
329,100000,0.0,24,2,0.3333,30.0,0.3333,0.00346530438400805,0.17197003960609436,0.17461001873016357,0.4264973998069763,-0.09841415286064148,0.09433214366436005,0.33355408906936646,0.0009391916100867093,0.005386375356465578,1.0428292751312256,64,0.0197,0.333,2,0,4,0,8,0.875,0.0436,0.268,0.208,3,37,1,0.09437227249145508,0.8490929007530212,2.157783031463623,0.01722,0.1458,0.3333
330,100000,0.0,24,2,0.6667,29.67,0.6667,0.0018192577408626676,0.23483389616012573,0.22603461146354675,0.45269879698753357,-0.09709019958972931,0.04116671904921532,0.4648212194442749,0.0012795159127563238,0.005268676672130823,0.5593330264091492,64,0.0211,0.667,2,0,2,0,8,0.875,,,,,,,0.17358210682868958,0.6968474388122559,1.9626338481903076,0.01728,,0.3333
331,100000,0.0,24,2,0.25,30.0,0.25,0.0024592166300863028,0.19845488667488098,0.20442268252372742,0.4801616072654724,-0.0941794365644455,0.06568630039691925,0.4410859942436218,0.0009695999324321747,0.0037648670841008425,0.6832106709480286,64,0.0367,0.25,0,0,3,0,12,0.917,,,,,,,0.13784830272197723,0.7659009695053101,1.9915682077407837,0.01731,,0.3333
332,100000,0.0,24,2,0.2857,30.0,0.2857,0.0027520752046257257,0.2537708878517151,0.2374451458454132,0.54598069190979,-0.09997721761465073,0.08983297646045685,0.46345484256744385,0.0011396468617022038,0.005674196872860193,0.597004234790802,64,0.0253,0.286,1,0,5,0,8,0.875,,,,,,,0.16746483743190765,0.792816162109375,1.9768683910369873,0.01735,,0.3333
333,100000,0.0,24,2,0.1,29.6,0.1,0.0016913251020014286,0.22057285904884338,0.22304753959178925,0.389098584651947,-0.09785067290067673,0.0561644583940506,0.37142646312713623,0.0012527635553851724,0.006387779954820871,0.8835739493370056,64,0.0424,0.1,1,0,7,2,5,0.8,,,,,,,0.1107441857457161,0.6918298602104187,2.0989978313446045,0.01732,,0.3333
334,100000,0.0,24,2,0.2857,30.0,0.2857,0.002211302286013961,0.22726429998874664,0.2248242199420929,0.6262531876564026,-0.09696877002716064,0.12915748357772827,0.4625934362411499,0.0014027032302692533,0.0046270741149783134,0.8555931448936462,64,0.0209,0.286,3,0,4,1,6,1.0,,,,,,,0.11333513259887695,0.6762557029724121,1.9756112098693848,0.01734,,0.3333
335,100000,0.0,24,2,0.2,30.0,0.2,0.001873691682703793,0.22534644603729248,0.22288717329502106,0.5560188889503479,-0.0981706827878952,0.07794243097305298,0.49546098709106445,0.0009217945043928921,0.005687427707016468,0.8351514935493469,64,0.0315,0.2,0,0,4,0,11,1.0,,,,,,,0.11754835397005081,0.8047565221786499,2.0961618423461914,0.01734,,0.3333
336,100000,0.0,24,2,0.2222,29.67,0.2222,0.0022407241631299257,0.19949951767921448,0.2012040764093399,0.574451744556427,-0.09850607812404633,0.07709604501724243,0.5162904262542725,0.0011583893792703748,0.004950604867190123,0.8044261336326599,64,0.0297,0.222,3,0,6,1,4,1.0,0.0369,0.2279,0.167,0,38,2,0.12245509028434753,0.649426281452179,1.9028129577636719,0.01734,0.1667,0.3333
337,100000,0.0,24,2,0.125,30.0,0.125,0.002517127664759755,0.23080909252166748,0.22388955950737,0.39549341797828674,-0.09695520997047424,0.0825190320611,0.3254261016845703,0.0012180322082713246,0.003968906123191118,0.9706002473831177,64,0.0295,0.125,3,0,7,0,5,1.0,,,,,,,0.09989200532436371,0.6871716976165771,2.1682443618774414,0.01734,,0.3333
338,100000,0.0,24,2,0.2,29.6,0.2,0.001780790975317359,0.18584248423576355,0.1816442757844925,0.37255650758743286,-0.08462345600128174,0.06447082757949829,0.32527482509613037,0.0010812239488586783,0.005926964338868856,1.3207870721817017,64,0.0429,0.2,3,0,3,1,8,1.0,,,,,,,0.06407047808170319,0.6644070148468018,2.190262794494629,0.01739,,0.3333
339,100000,0.0,24,2,0.1667,30.0,0.1667,0.0033683208748698235,0.27204930782318115,0.28099656105041504,0.3353349268436432,-0.09705663472414017,0.0416879802942276,0.3464134931564331,0.0009342684643343091,0.0052041844464838505,0.7643312811851501,64,0.0285,0.167,2,0,5,0,8,1.0,,,,,,,0.1269824206829071,0.6004076600074768,2.127810001373291,0.01742,,0.3333
340,100000,0.0,24,2,0.4286,29.86,0.4286,0.0016565060941502452,0.24879293143749237,0.24270249903202057,0.6207513213157654,-0.09169207513332367,0.07228339463472366,0.5633909106254578,0.0008649675291962922,0.008971299976110458,0.626041829586029,64,0.0234,0.429,3,0,3,1,6,0.833,,,,,,,0.14646318554878235,0.6534609794616699,1.87119460105896,0.01744,,0.3333
341,100000,0.0,24,2,0.0,29.2,0.0,0.0022958365734666586,0.1789560168981552,0.175170436501503,0.3568592667579651,-0.09443630278110504,0.04848851263523102,0.3523462414741516,0.0011307873064652085,0.003944605588912964,0.8768424391746521,64,0.0273,0.0,3,0,4,1,8,1.0,,,,,,,0.1077004224061966,0.6649988293647766,2.0563340187072754,0.01745,,0.3333
342,100000,0.0,24,2,0.1111,29.89,0.1111,0.00268722977489233,0.26201772689819336,0.27455204725265503,0.44276079535484314,-0.0939842239022255,0.07973144948482513,0.3739531934261322,0.0012709988513961434,0.006657865364104509,0.7788881063461304,64,0.0321,0.111,1,0,7,1,6,0.667,,,,,,,0.12066461145877838,0.6766049265861511,2.102679491043091,0.01741,,0.3333
343,100000,0.0,24,2,0.5,30.0,0.5,0.0019220045069232583,0.24280627071857452,0.2436915785074234,0.6186503171920776,-0.0961311087012291,0.1157810389995575,0.4782925844192505,0.0010254608932882547,0.009853612631559372,0.6854926943778992,64,0.028,0.5,2,0,2,0,10,0.9,0.0417,0.1993,0.083,0,41,3,0.1402365118265152,0.608311653137207,2.0269269943237305,0.01746,0.0833,0.3333
344,100000,0.0,24,2,0.1429,30.0,0.1429,0.0018408873584121466,0.2101978063583374,0.20732121169567108,0.37619462609291077,-0.09564590454101562,0.07135424017906189,0.3253799378871918,0.0010866293450817466,0.007504208479076624,0.8779568672180176,64,0.0245,0.143,2,0,6,0,7,0.857,,,,,,,0.1089414581656456,0.6285989284515381,2.1856391429901123,0.01744,,0.3333
345,100000,0.0,24,2,0.0,30.0,0.0,0.003150536911562085,0.19167974591255188,0.20004992187023163,0.48111531138420105,-0.09073196351528168,0.06877373903989792,0.43150022625923157,0.0018920708680525422,0.0055991243571043015,0.7500125765800476,64,0.0335,0.0,1,0,9,0,6,1.0,,,,,,,0.12097392976284027,0.8389947414398193,2.0108156204223633,0.01741,,0.3333
346,100000,0.0,24,2,0.0,30.0,0.0,0.0024700555950403214,0.17926742136478424,0.17567986249923706,0.6330268979072571,-0.09665143489837646,0.11156269162893295,0.5043210983276367,0.001549622742459178,0.004463684279471636,0.7310175895690918,64,0.0221,0.0,2,0,6,0,8,0.75,,,,,,,0.13221491873264313,0.7366700172424316,2.0439651012420654,0.01739,,0.3333
347,100000,0.0,24,2,0.125,30.0,0.125,0.0012125682551413774,0.22205877304077148,0.2225961685180664,0.6670075058937073,-0.09326760470867157,0.06486071646213531,0.6274835467338562,0.0007292263908311725,0.00614023907110095,0.8925185203552246,64,0.0332,0.125,3,0,7,0,5,1.0,,,,,,,0.10449934005737305,0.6917978525161743,2.125826835632324,0.01738,,0.3333
348,100000,0.0,24,2,0.0,30.0,0.0,0.0018035363173112273,0.2240300327539444,0.22026027739048004,0.43414127826690674,-0.0940026268362999,0.0998140200972557,0.32632091641426086,0.0008553711813874543,0.0043898713774979115,0.9012338519096375,64,0.024,0.0,2,0,5,1,8,0.875,,,,,,,0.10430436581373215,0.6497504115104675,2.1646671295166016,0.01735,,0.3333
349,100000,0.0,24,2,0.25,29.88,0.25,0.001390778343193233,0.2321947067975998,0.23514686524868011,0.512789785861969,-0.09801993519067764,0.08722808212041855,0.4323650896549225,0.0009322348632849753,0.007976931519806385,0.5919753909111023,64,0.0203,0.25,2,0,5,1,6,0.667,,,,,,,0.1655811071395874,0.7053362131118774,2.0517287254333496,0.01736,,0.3333
350,100000,0.0,24,2,0.2857,30.0,0.2857,0.0033233279827982187,0.22556141018867493,0.22085848450660706,0.4732308089733124,-0.09615585952997208,0.09751801937818527,0.3712170720100403,0.0007995940395630896,0.006267137825489044,0.8330652117729187,64,0.0264,0.286,2,0,5,0,7,0.714,0.0541,0.2934,0.146,0,38,3,0.11542416363954544,0.8682284355163574,2.131369113922119,0.01737,0.1458,0.3333
351,100000,0.0,24,2,0.25,30.0,0.25,0.0020237837452441454,0.22421571612358093,0.22733843326568604,0.5542162656784058,-0.09209646284580231,0.15819400548934937,0.32531142234802246,0.0011759035987779498,0.009226563386619091,1.2383136749267578,64,0.0174,0.25,5,0,3,0,7,0.571,,,,,,,0.07437248528003693,0.7880508899688721,2.1616058349609375,0.01735,,0.3333
352,100000,0.0,24,2,0.25,30.0,0.25,0.00209735706448555,0.22619956731796265,0.22819212079048157,0.5034738779067993,-0.09105387330055237,0.08639690279960632,0.4189995527267456,0.000837584026157856,0.0054688602685928345,0.920531690120697,64,0.0204,0.25,1,0,6,0,7,0.571,,,,,,,0.09891442954540253,0.6873165965080261,2.090456008911133,0.01735,,0.3333
353,100000,0.0,24,2,0.4,30.0,0.4,0.003915094770491123,0.30740711092948914,0.30650830268859863,0.4178325831890106,-0.0982387438416481,0.04831342026591301,0.41736409068107605,0.0010244877776131034,0.004160844720900059,0.7105633020401001,64,0.0172,0.4,1,0,3,0,10,0.8,,,,,,,0.13825473189353943,0.8679470419883728,2.0446841716766357,0.01738,,0.3333
354,100000,0.0,24,2,0.1429,30.0,0.1429,0.0026971115730702877,0.21480512619018555,0.21912389993667603,0.5658456087112427,-0.09373138844966888,0.09723662585020065,0.4625431299209595,0.000945242412853986,0.005121251102536917,0.6613311767578125,64,0.0366,0.143,2,0,5,1,7,0.857,,,,,,,0.141731396317482,0.7760986685752869,2.0103490352630615,0.01737,,0.3333
355,100000,0.0,24,2,0.2,29.6,0.2,0.0028533514123409986,0.20496687293052673,0.18625016510486603,0.4355504512786865,-0.09490485489368439,0.07776562869548798,0.37260907888412476,0.0011458342196419835,0.00462994072586298,0.9082058072090149,64,0.027,0.2,3,0,4,0,8,0.875,,,,,,,0.10449707508087158,0.7067208290100098,2.141688823699951,0.01739,,0.3333
356,100000,0.0,24,2,0.2,30.0,0.2,0.003173022996634245,0.19848428666591644,0.18502521514892578,0.35611459612846375,-0.08594103157520294,0.056749552488327026,0.32532191276550293,0.000996268936432898,0.006469174288213253,1.3329178094863892,64,0.0271,0.2,4,0,3,1,7,0.857,,,,,,,0.06447587162256241,0.7166104316711426,2.1874523162841797,0.0174,,0.3333
357,100000,0.0,24,2,0.0,29.67,0.0,0.0026748073287308216,0.1847246289253235,0.182323157787323,0.35140863060951233,-0.09407512843608856,0.03591925650835037,0.37099751830101013,0.0012377428356558084,0.00529543636366725,0.908433735370636,64,0.0291,0.0,3,0,5,1,7,1.0,0.0424,0.2501,0.229,1,32,5,0.10355749726295471,0.6509023308753967,2.128666877746582,0.0174,0.2083,0.3333
358,100000,0.0,24,2,0.2857,29.86,0.2857,0.0017984863370656967,0.17183040082454681,0.1644899547100067,0.5193097591400146,-0.09724346548318863,0.09856909513473511,0.417039155960083,0.0009560887119732797,0.0047518000937998295,0.8064476251602173,64,0.0278,0.286,5,0,5,0,4,0.75,,,,,,,0.12058250606060028,0.7232059240341187,2.0110254287719727,0.01742,,0.3333
359,100000,0.0,24,2,0.3333,30.0,0.3333,0.0028105354867875576,0.2249138504266739,0.22089645266532898,0.4614769220352173,-0.09397183358669281,0.06776431202888489,0.4175853133201599,0.0009751206380315125,0.004669668152928352,0.8421206474304199,64,0.0249,0.333,4,0,2,0,9,1.0,,,,,,,0.11158951371908188,0.8053535223007202,2.0792765617370605,0.01746,,0.3333
360,100000,0.0,24,2,0.0,30.0,0.0,0.00216468027792871,0.2560863792896271,0.2625885605812073,0.4635174572467804,-0.09738687425851822,0.06338386982679367,0.4314383268356323,0.0008019826491363347,0.005396521184593439,0.7454426884651184,64,0.0249,0.143,2,1,6,0,7,0.857,,,,,,,0.13064301013946533,0.7978636622428894,2.056492328643799,0.01748,,0.3333
361,100000,0.0,24,2,0.25,30.0,0.25,0.0014842981472611427,0.24475476145744324,0.23775863647460938,0.5113155245780945,-0.09452307224273682,0.128279447555542,0.3459276258945465,0.0008202205644920468,0.006704183295369148,1.0342108011245728,64,0.0277,0.25,3,0,6,0,5,1.0,,,,,,,0.09139632433652878,0.7175902128219604,2.1265881061553955,0.01748,,0.3333
362,100000,0.0,24,2,0.1429,29.86,0.1429,0.00213388679549098,0.2307136505842209,0.23087438941001892,0.44910675287246704,-0.09760522097349167,0.0628523975610733,0.4182972311973572,0.0012234365567564964,0.005419919732958078,0.8045169115066528,64,0.0475,0.286,2,1,5,0,7,1.0,,,,,,,0.12132152169942856,0.6503072381019592,2.063952684402466,0.01751,,0.3333
363,100000,0.0,24,2,0.5,30.0,0.5,0.0012321588583290577,0.22213667631149292,0.21097417175769806,0.43259644508361816,-0.09251224994659424,0.052051737904548645,0.4178539514541626,0.0008792854496277869,0.006302550435066223,1.0285608768463135,64,0.012,0.5,6,0,2,0,6,0.833,,,,,,,0.08994338661432266,0.7456789016723633,2.056910276412964,0.01752,,0.3333
364,100000,0.0,24,2,0.0,30.0,0.0,0.0024109783116728067,0.22452516853809357,0.22595641016960144,0.6484686732292175,-0.09228849411010742,0.1934891641139984,0.3505033254623413,0.0014440674567595124,0.006550970021635294,0.9673199653625488,64,0.0306,0.0,2,0,7,0,7,0.857,0.048,0.243,0.271,2,30,5,0.09540638327598572,0.8746203184127808,2.1189236640930176,0.0175,0.2292,0.3333
365,100000,0.0,24,2,0.3333,30.0,0.3333,0.00211159884929657,0.2769467830657959,0.27040591835975647,0.4161560535430908,-0.09569638222455978,0.04612512141466141,0.4171243906021118,0.001319253584370017,0.0049555618315935135,0.8313402533531189,64,0.0262,0.333,2,0,4,0,8,1.0,,,,,,,0.11511097848415375,0.6074562668800354,2.051121473312378,0.01757,,0.3333
366,100000,0.0,24,2,0.0,30.0,0.0,0.004737623501569033,0.20551303029060364,0.21068745851516724,0.7412573099136353,-0.09206831455230713,0.07659657299518585,0.6768594980239868,0.001294907764531672,0.006546066142618656,0.8707792162895203,64,0.0237,0.0,4,0,4,1,7,1.0,,,,,,,0.10573095083236694,0.7434763312339783,2.094146490097046,0.01756,,0.3333
367,100000,0.0,24,2,0.25,29.75,0.25,0.0025249547325074673,0.27735984325408936,0.2682476043701172,0.45352473855018616,-0.09674477577209473,0.07636874914169312,0.3951793909072876,0.0014457021607086062,0.004705245140939951,0.6510222554206848,64,0.0219,0.25,5,0,3,0,7,0.857,,,,,,,0.1486044079065323,0.7561941146850586,2.0086989402770996,0.01755,,0.3333
368,100000,0.0,24,2,0.0,30.0,0.0,0.0029623268637806177,0.26520809531211853,0.2571018934249878,0.4473719298839569,-0.0852365642786026,0.07878819853067398,0.370999276638031,0.0007059508352540433,0.008065649308264256,1.3026279211044312,64,0.0323,0.0,1,0,8,0,7,0.714,,,,,,,0.06543431431055069,0.8228969573974609,2.1204586029052734,0.01752,,0.3333
369,100000,0.0,24,2,0.0,30.0,0.0,0.0025244555436074734,0.23816269636154175,0.24024724960327148,0.7040347456932068,-0.09580732136964798,0.05656125769019127,0.6841274499893188,0.0011507266899570823,0.005184215493500233,0.5446221232414246,64,0.034,0.2,3,1,3,1,8,1.0,,,,,,,0.1759152114391327,0.7576680183410645,1.8257255554199219,0.01756,,0.3333
370,100000,0.0,24,2,0.0,29.71,0.0,0.0023064627312123775,0.20987597107887268,0.21430163085460663,0.404368132352829,-0.09625878930091858,0.03864815831184387,0.4207601249217987,0.001313487533479929,0.005140958819538355,0.6048577427864075,64,0.0311,0.143,0,1,5,1,9,0.778,,,,,,,0.1591428518295288,0.5366131663322449,2.0036449432373047,0.01756,,0.3333
371,100000,0.0,24,2,0.2,29.4,0.2,0.0035682048182934523,0.23072387278079987,0.23932281136512756,0.7967697381973267,-0.08949146419763565,0.2075345814228058,0.46722137928009033,0.0014819124480709434,0.007941294461488724,0.9416629076004028,64,0.0342,0.2,2,0,3,1,9,0.778,0.0405,0.2688,0.271,0,33,2,0.09503556042909622,0.772493302822113,2.1098151206970215,0.01757,0.2708,0.3333
372,100000,0.0,24,2,0.1429,30.0,0.1429,0.002191659063100815,0.2676020860671997,0.2630627155303955,0.3439883887767792,-0.09586606919765472,0.05263277515769005,0.3316406011581421,0.0011677496368065476,0.005896619986742735,1.095178246498108,64,0.0325,0.143,3,0,6,0,6,1.0,,,,,,,0.08753468096256256,0.6531311273574829,2.1433610916137695,0.01762,,0.3333
373,100000,0.0,24,2,0.1,29.7,0.1,0.002600089181214571,0.20683653652668,0.1949371099472046,0.4222606122493744,-0.09680823981761932,0.049513183534145355,0.4174371361732483,0.0012201054487377405,0.005210722330957651,0.6240890026092529,64,0.0312,0.2,4,1,7,1,2,1.0,,,,,,,0.15511928498744965,0.7307742834091187,2.0620036125183105,0.01758,,0.3333
374,100000,0.0,24,2,0.3333,30.0,0.3333,0.0017756236484274268,0.1970762014389038,0.17721283435821533,0.30332615971565247,-0.09685351699590683,0.03409350663423538,0.32996103167533875,0.0008990443893708289,0.004063270054757595,1.5219738483428955,64,0.0246,0.333,2,0,4,0,8,0.625,,,,,,,0.06363677978515625,0.6692823767662048,2.1389999389648438,0.01763,,0.3333
375,100000,0.0,24,2,0.2,29.8,0.2,0.002052608411759138,0.21519769728183746,0.2169022560119629,0.6511899828910828,-0.09686381369829178,0.11728018522262573,0.5105113983154297,0.0012379331747069955,0.00596407288685441,0.6767075657844543,64,0.0348,0.2,3,0,4,0,8,1.0,,,,,,,0.14313983917236328,0.7467224597930908,1.9352810382843018,0.01763,,0.3333
376,100000,0.0,24,2,0.0,30.0,0.0,0.0010515617905184627,0.2087257206439972,0.20768436789512634,0.5667836666107178,-0.0932612419128418,0.16578611731529236,0.3258039355278015,0.0007641204283572733,0.0053374976851046085,0.973142147064209,64,0.0303,0.0,1,0,5,1,9,0.889,,,,,,,0.09583516418933868,0.885184645652771,2.1797192096710205,0.01763,,0.3333
377,100000,0.0,24,2,0.1429,30.0,0.1429,0.0013789150398224592,0.22568313777446747,0.2227221429347992,0.48634666204452515,-0.09752203524112701,0.058973006904125214,0.4631034731864929,0.0011471043108031154,0.005638405680656433,0.7238797545433044,64,0.0376,0.143,2,0,6,0,7,0.857,,,,,,,0.1347213238477707,0.765654444694519,2.0211665630340576,0.01766,,0.3333
378,100000,0.0,24,2,0.3333,30.0,0.3333,0.0026557024102658033,0.245988130569458,0.24830788373947144,0.4434181749820709,-0.0882488340139389,0.07838505506515503,0.37129682302474976,0.0011241064639762044,0.007200160063803196,1.0358999967575073,64,0.0259,0.333,3,0,2,0,10,0.9,0.0479,0.2166,0.167,0,39,1,0.08519049733877182,0.7883225679397583,2.1241016387939453,0.01772,0.1667,0.3333
379,100000,0.0,24,2,0.1667,30.0,0.1667,0.0020611523650586605,0.2516202926635742,0.2564350366592407,0.6806895732879639,-0.0937858372926712,0.09087522327899933,0.5899903178215027,0.0007916794274933636,0.00546937296167016,0.9117447733879089,64,0.0235,0.167,4,0,4,1,6,0.667,,,,,,,0.10286413133144379,0.606961190700531,2.0292160511016846,0.01771,,0.3333
380,100000,0.0,24,2,0.6667,29.67,0.6667,0.0011515982914716005,0.27022039890289307,0.25526612997055054,0.5383857488632202,-0.09950700402259827,0.13044938445091248,0.37353116273880005,0.0010149264708161354,0.0069255526177585125,0.7245867848396301,64,0.0253,0.667,2,0,1,0,11,0.818,,,,,,,0.1373293101787567,1.0271105766296387,2.124749183654785,0.01773,,0.3333
381,100000,0.0,24,2,0.25,29.88,0.25,0.0024926920887082815,0.20827825367450714,0.2144821286201477,0.4403483271598816,-0.08993369340896606,0.07818920910358429,0.3711174726486206,0.0010097423801198602,0.005572261288762093,0.7889530062675476,64,0.0321,0.25,2,0,6,0,6,0.667,,,,,,,0.11399119347333908,0.7322236895561218,2.143278121948242,0.0177,,0.3333
382,100000,0.0,24,2,0.0,30.0,0.0,0.0028173457831144333,0.1712399125099182,0.1654375195503235,0.43257156014442444,-0.09795871376991272,0.07877190411090851,0.37115761637687683,0.0017180850263684988,0.003657677909359336,0.7236364483833313,64,0.0258,0.0,3,0,9,1,3,1.0,,,,,,,0.13537007570266724,0.6904282569885254,2.150287389755249,0.01765,,0.3333
383,100000,0.0,24,2,0.0,29.86,0.0,0.002466545905917883,0.21359193325042725,0.20351016521453857,0.41661539673805237,-0.09478142112493515,0.04609307274222374,0.41716599464416504,0.001536505063995719,0.004089326597750187,0.9862253069877625,64,0.0315,0.143,1,1,4,2,8,0.875,,,,,,,0.09610524773597717,0.5969379544258118,2.030701160430908,0.01766,,0.3333
384,100000,0.0,24,2,0.0,29.67,0.0,0.0029064107220619917,0.23343896865844727,0.23924346268177032,0.46999356150627136,-0.09690575301647186,0.11533775180578232,0.33312511444091797,0.001077969209291041,0.006197416689246893,0.847916305065155,64,0.0349,0.0,3,0,5,1,7,1.0,,,,,,,0.11428692936897278,0.6418267488479614,2.174168109893799,0.01768,,0.3333
385,100000,0.0,24,2,0.0,30.0,0.0,0.0020424656104296446,0.20726600289344788,0.20600968599319458,0.5078251361846924,-0.0951392725110054,0.09117700904607773,0.4167909026145935,0.0008648112998344004,0.007638926152139902,0.5934037566184998,64,0.0409,0.0,2,0,5,0,9,0.889,0.0388,0.2077,0.146,0,39,2,0.16032804548740387,0.8400230407714844,2.035719633102417,0.01769,0.1458,0.3333
386,100000,0.0,24,2,0.1667,30.0,0.1667,0.003728213720023632,0.3091689944267273,0.3190528154373169,0.37857726216316223,-0.09504223614931107,0.07186125218868256,0.3253570795059204,0.0008333296864293516,0.009079811163246632,0.9503246545791626,64,0.0199,0.167,1,0,5,0,9,1.0,,,,,,,0.10001027584075928,0.77092444896698,2.180283546447754,0.01772,,0.3333
387,100000,0.0,24,2,0.3333,29.83,0.3333,0.0025529388803988695,0.1681789606809616,0.1656268835067749,0.6470761299133301,-0.09079013764858246,0.1350066214799881,0.4655797481536865,0.0008573932573199272,0.0045465328730642796,0.9926086664199829,64,0.0232,0.333,2,0,4,0,8,0.875,,,,,,,0.09146618843078613,0.6618320941925049,2.0128064155578613,0.01773,,0.3333
388,100000,0.0,24,2,0.2,30.0,0.2,0.0021241477224975824,0.2508004903793335,0.25059089064598083,0.8437656164169312,-0.09438280016183853,0.11238138377666473,0.7114788293838501,0.0007880475604906678,0.0038136127404868603,0.687810480594635,64,0.0279,0.2,2,0,3,1,9,0.778,,,,,,,0.13722209632396698,0.7149297595024109,2.068004846572876,0.01773,,0.3333
389,100000,0.0,24,2,0.0,29.62,0.0,0.0012329609598964453,0.21709324419498444,0.2118896245956421,0.4217524826526642,-0.09650711715221405,0.059897806495428085,0.3944112956523895,0.000931652495637536,0.008105417713522911,0.895657479763031,64,0.038,0.0,4,0,7,1,4,1.0,,,,,,,0.10775002837181091,0.6302484273910522,2.0540008544921875,0.0177,,0.3333
390,100000,0.0,24,2,0.0,30.0,0.0,0.0031764230225235224,0.20581266283988953,0.20951883494853973,0.4373505711555481,-0.09650767594575882,0.06822433322668076,0.39482516050338745,0.0011830441653728485,0.005168837029486895,0.924935519695282,64,0.0225,0.0,1,0,4,0,11,0.727,,,,,,,0.10433989763259888,0.678236186504364,2.069608688354492,0.0177,,0.3333
391,100000,0.0,24,2,0.3333,30.0,0.3333,0.0029173267539590597,0.24169641733169556,0.25254106521606445,0.4758613109588623,-0.09543659538030624,0.09778282046318054,0.37318122386932373,0.0008541317074559629,0.005102095194160938,1.3031855821609497,64,0.0264,0.333,3,0,4,0,7,1.0,,,,,,,0.07323330640792847,0.7450494766235352,2.0908262729644775,0.01774,,0.3333
392,100000,0.0,24,2,0.0,30.0,0.0,0.0015707425773143768,0.2336513251066208,0.23307067155838013,0.42500609159469604,-0.09202954918146133,0.0705081969499588,0.3732549846172333,0.0007302575977519155,0.005528511945158243,1.0080509185791016,64,0.0205,0.0,2,0,5,1,8,0.75,0.0412,0.2126,0.167,0,37,3,0.0912945419549942,0.9404562711715698,2.0921645164489746,0.01771,0.1667,0.3333
393,100000,0.0,24,2,0.2857,30.0,0.2857,0.0017813709564507008,0.19374459981918335,0.19818133115768433,0.6668995022773743,-0.08559957891702652,0.05941849946975708,0.6307450532913208,0.0010134106269106269,0.0058341301046311855,1.3406506776809692,64,0.0242,0.286,2,0,5,0,7,0.857,,,,,,,0.06384928524494171,0.6280314326286316,2.168214797973633,0.0177,,0.3333
394,100000,0.0,24,2,0.0,29.89,0.0,0.0020878359209746122,0.2174910306930542,0.20507004857063293,0.4270387291908264,-0.09376462548971176,0.0954497903585434,0.32528233528137207,0.0010759717551991343,0.009242862462997437,1.3765143156051636,64,0.0254,0.111,3,1,7,1,4,0.75,,,,,,,0.06811743229627609,0.7123889327049255,2.1982316970825195,0.01769,,0.3333
395,100000,0.0,24,2,0.0,30.0,0.0,0.004367846995592117,0.20679394900798798,0.2060917317867279,0.48990756273269653,-0.09470675885677338,0.059447746723890305,0.46329379081726074,0.0009292621980421245,0.004850078374147415,0.6149949431419373,64,0.0222,0.0,4,0,6,0,6,1.0,,,,,,,0.15399599075317383,0.7117919921875,2.0050227642059326,0.01766,,0.3333
396,100000,0.0,24,2,0.2,29.6,0.2,0.00205638213083148,0.206682488322258,0.21794015169143677,0.4859359562397003,-0.0903766006231308,0.06623678654432297,0.441550612449646,0.001025968580506742,0.004576759412884712,0.638542890548706,64,0.0328,0.4,4,1,2,1,7,0.571,,,,,,,0.1415356695652008,0.6748248934745789,2.001387357711792,0.01763,,0.3333
397,100000,0.0,24,2,0.0,29.86,0.0,0.002332758391276002,0.24963045120239258,0.24986010789871216,0.42037540674209595,-0.09671111404895782,0.09504946321249008,0.3252790868282318,0.0013364251935854554,0.0034169857390224934,0.7130047678947449,64,0.0501,0.0,2,0,6,1,7,0.857,,,,,,,0.13563880324363708,0.8044809103012085,2.184347152709961,0.01761,,0.3333
398,100000,0.0,24,2,0.0,29.14,0.0,0.0016733474330976605,0.2335120141506195,0.2404915988445282,0.3366660177707672,-0.08892078697681427,0.04807446897029877,0.3263434171676636,0.0012085980270057917,0.0061889090575277805,1.3468683958053589,64,0.0475,0.0,1,0,4,3,8,1.0,,,,,,,0.06602039933204651,0.673989474773407,2.153719425201416,0.01762,,0.3333
399,100000,0.0,24,2,0.1429,29.86,0.1429,0.0012412176001816988,0.18330645561218262,0.18662148714065552,0.7201011776924133,-0.09479528665542603,0.15083369612693787,0.5094649791717529,0.001063408562913537,0.007528197485953569,0.8633019328117371,64,0.0277,0.143,1,0,5,1,8,0.875,0.0429,0.3092,0.125,1,38,4,0.10980549454689026,0.7778365015983582,2.0198874473571777,0.0176,0.1042,0.3333
400,100000,0.0,24,2,0.0,29.44,0.0,0.0023981526028364897,0.21822911500930786,0.2256043255329132,0.360563188791275,-0.08917447924613953,0.03767060115933418,0.37114059925079346,0.0007783076725900173,0.006511735264211893,0.959825336933136,64,0.0351,0.0,0,0,7,2,7,1.0,,,,,,,0.09290698915719986,0.8179157972335815,2.130789279937744,0.01759,,0.3333
401,100000,0.0,24,2,0.1667,30.0,0.1667,0.001345077296718955,0.20781299471855164,0.1979045271873474,0.5418369770050049,-0.09509436041116714,0.08487416803836823,0.4636247754096985,0.001371627440676093,0.007116413675248623,0.6540103554725647,64,0.0184,0.167,2,0,5,0,8,0.875,,,,,,,0.14540192484855652,0.8281069993972778,1.9973084926605225,0.01758,,0.3333
402,100000,0.0,24,2,0.0,30.0,0.0,0.002481789793819189,0.23858290910720825,0.24696952104568481,0.5989428758621216,-0.08922222256660461,0.1692146509885788,0.34706100821495056,0.0011094766668975353,0.005349587649106979,1.0329662561416626,64,0.0271,0.0,4,0,9,1,2,1.0,,,,,,,0.08637477457523346,0.7546321749687195,2.0725250244140625,0.01753,,0.3333
403,100000,0.0,24,2,0.2,30.0,0.2,0.00248453370295465,0.2855130136013031,0.27851417660713196,0.3794759511947632,-0.09614929556846619,0.07145413756370544,0.32999545335769653,0.0008562770090065897,0.005443014204502106,0.896999180316925,64,0.031,0.2,2,0,4,0,9,1.0,,,,,,,0.10718993842601776,0.6795130968093872,2.1442813873291016,0.01755,,0.3333
404,100000,0.0,24,2,0.0,30.0,0.0,0.0024456654209643602,0.2120213508605957,0.2242383360862732,0.3153287172317505,-0.09447610378265381,0.03521312400698662,0.33662307262420654,0.00153486302588135,0.00551098445430398,0.8379519581794739,64,0.0173,0.0,0,0,6,1,9,1.0,,,,,,,0.11274644732475281,0.5550763607025146,2.109041213989258,0.01754,,0.3333
405,100000,0.0,24,2,0.0,30.0,0.0,0.0018025112804025412,0.19762086868286133,0.2083316445350647,0.4591159522533417,-0.09542063623666763,0.08906726539134979,0.37430065870285034,0.0009347102022729814,0.004202770534902811,0.7644070982933044,64,0.0328,0.2,2,1,4,0,9,0.778,,,,,,,0.12482960522174835,0.688834547996521,2.0764451026916504,0.01756,,0.3333
406,100000,0.0,24,2,0.25,30.0,0.25,0.0016143328975886106,0.23706768453121185,0.24472957849502563,0.5948459506034851,-0.09025493264198303,0.0866348072886467,0.5093324780464172,0.0013220590772107244,0.004997557494789362,0.875464916229248,64,0.0257,0.25,4,0,6,0,4,1.0,0.0509,0.2993,0.042,0,42,4,0.1030937135219574,0.7067887783050537,2.0252246856689453,0.01754,0.0417,0.3333
407,100000,0.0,24,2,0.3333,30.0,0.3333,0.0020838419441133738,0.23175054788589478,0.23506413400173187,0.5465824604034424,-0.09148576855659485,0.06872665882110596,0.4976118206977844,0.0009165807859972119,0.006006275769323111,0.7994327545166016,64,0.0241,0.333,1,0,3,1,9,0.889,,,,,,,0.11443835496902466,0.8210316896438599,2.012815475463867,0.01757,,0.3333
408,100000,0.0,24,2,0.0,28.78,0.0,0.0010451157577335835,0.2078387290239334,0.21450531482696533,0.4729955792427063,-0.09437477588653564,0.05125700682401657,0.4624950885772705,0.0009250278817489743,0.004722449462860823,0.9911869168281555,64,0.032,0.0,0,0,7,2,7,0.857,,,,,,,0.09521391242742538,0.7047296762466431,1.99717116355896,0.01752,,0.3333
409,100000,0.0,24,2,0.1667,29.5,0.1667,0.0025549212004989386,0.18285374343395233,0.20075729489326477,0.4551176130771637,-0.08483516424894333,0.09318721294403076,0.3497283458709717,0.0011682218173518777,0.007700004614889622,1.6267719268798828,64,0.0447,0.167,2,0,4,1,8,0.75,,,,,,,0.05214938521385193,0.678210973739624,2.1591410636901855,0.01749,,0.3333
410,100000,0.0,24,2,0.0,30.0,0.0,0.0013446350349113345,0.20880578458309174,0.20618464052677155,0.46811285614967346,-0.0986364483833313,0.07337404042482376,0.4171985387802124,0.0008811552543193102,0.005605396348983049,0.8515241742134094,64,0.0292,0.0,1,0,9,0,6,1.0,,,,,,,0.11583517491817474,0.7616008520126343,1.9907511472702026,0.01749,,0.3333
411,100000,0.0,24,2,0.0,30.0,0.0,0.0030669718980789185,0.21005365252494812,0.1962035745382309,0.4017656445503235,-0.09738677740097046,0.06159085035324097,0.3736145496368408,0.001858453848399222,0.004712357185781002,0.9674331545829773,64,0.0227,0.0,1,0,6,0,9,0.556,,,,,,,0.1006651222705841,0.7413782477378845,2.081836700439453,0.01747,,0.3333
412,100000,0.0,24,2,0.0,29.78,0.0,0.0014730740804225206,0.23408962786197662,0.2346784472465515,0.4029131531715393,-0.09784555435180664,0.05657743662595749,0.3850671648979187,0.0009966538054868579,0.005073330365121365,0.8729492425918579,64,0.0333,0.0,5,0,7,2,2,1.0,,,,,,,0.11208619177341461,0.6381659507751465,2.0993614196777344,0.01745,,0.3333
413,100000,0.0,24,2,0.0,30.0,0.0,0.002214879961684346,0.22864212095737457,0.22084872424602509,0.41943588852882385,-0.09551294893026352,0.048040829598903656,0.41673606634140015,0.0010675332741811872,0.004262191709131002,0.8417956233024597,64,0.0317,0.0,1,0,9,0,6,0.833,0.0362,0.2221,0.25,3,34,2,0.11346335709095001,0.8188028335571289,2.084406614303589,0.01739,0.1875,0.3333
414,100000,0.0,24,2,0.2857,29.71,0.2857,0.0023468544241040945,0.23274138569831848,0.23429271578788757,0.5194769501686096,-0.08848711103200912,0.07127045840024948,0.4635642468929291,0.0008788019767962396,0.0037177458871155977,1.0724692344665527,64,0.0242,0.286,3,0,4,1,6,1.0,,,,,,,0.08250783383846283,0.7628295421600342,1.986289143562317,0.01743,,0.3333
415,100000,0.0,24,2,0.2857,30.0,0.2857,0.002681558718904853,0.19689291715621948,0.19426840543746948,0.3612518608570099,-0.09154625236988068,0.03929532319307327,0.371240496635437,0.000995015143416822,0.005933939479291439,0.8591718673706055,64,0.0273,0.429,3,1,3,1,6,1.0,,,,,,,0.10655175149440765,0.6785845160484314,2.1273627281188965,0.01744,,0.3333
416,100000,0.0,24,2,0.25,30.0,0.25,0.002542186062783003,0.23557251691818237,0.2390899658203125,0.5342050194740295,-0.09050904959440231,0.05585217475891113,0.5105220079421997,0.0011722950730472803,0.004975385032594204,0.6752926707267761,64,0.0264,0.25,1,0,6,0,7,0.857,,,,,,,0.134029358625412,0.755852460861206,1.935335397720337,0.01747,,0.3333
417,100000,0.0,24,2,0.2857,29.43,0.2857,0.001482438761740923,0.21316471695899963,0.20194625854492188,0.4031452536582947,-0.09215376526117325,0.060616400092840195,0.37139376997947693,0.0009274895419366658,0.005344869568943977,0.748905599117279,64,0.0415,0.286,1,0,4,1,8,0.75,,,,,,,0.1230512410402298,0.7306346893310547,2.090670108795166,0.01747,,0.3333
418,100000,0.0,24,2,0.0,28.43,0.0,0.0016929340781643987,0.2323281466960907,0.23509573936462402,0.3506547808647156,-0.09360301494598389,0.03538578376173973,0.3710969388484955,0.001165610970929265,0.004778586328029633,1.0694060325622559,64,0.0255,0.0,4,0,5,2,5,0.6,,,,,,,0.0875280424952507,0.7459062337875366,2.129739761352539,0.01745,,0.3333
419,100000,0.0,24,2,0.2,30.0,0.2,0.0016014898428693414,0.2785589098930359,0.2824333906173706,0.496165007352829,-0.09332366287708282,0.08534243702888489,0.4168979525566101,0.0010509404819458723,0.0038116835057735443,0.984796941280365,64,0.0253,0.2,3,0,4,0,8,1.0,,,,,,,0.09476437419652939,0.661781370639801,2.0638515949249268,0.01745,,0.3333
420,100000,0.0,24,2,0.0,29.0,0.0,0.0027492353692650795,0.23296548426151276,0.22816437482833862,0.6039323806762695,-0.09067569673061371,0.13754244148731232,0.4169142246246338,0.0011389588471502066,0.005217912141233683,1.1267585754394531,64,0.0229,0.0,3,0,6,2,5,1.0,0.0423,0.2736,0.188,0,33,6,0.08047482371330261,0.7843332290649414,2.0421817302703857,0.01742,0.1875,0.3333
421,100000,0.0,24,2,0.0,29.0,0.0,0.007183891721069813,0.2567604184150696,0.27117305994033813,0.45372968912124634,-0.08784221857786179,0.04924540966749191,0.44097909331321716,0.0010348320938646793,0.00420398311689496,0.7876322269439697,64,0.0301,0.0,1,0,2,1,12,0.833,,,,,,,0.11152695119380951,0.7099987864494324,2.0006518363952637,0.01743,,0.3333
422,100000,0.0,24,2,0.0,30.0,0.0,0.00179714011028409,0.2294313907623291,0.22554504871368408,0.4248313903808594,-0.09452071040868759,0.07071831822395325,0.3720438480377197,0.0011274866992607713,0.011743240058422089,0.7815783619880676,64,0.0234,0.0,3,0,7,0,6,0.667,,,,,,,0.12093569338321686,0.7563657760620117,2.109438896179199,0.0174,,0.3333
423,100000,0.0,24,2,0.1429,29.71,0.1429,0.0019980582874268293,0.18794000148773193,0.18323519825935364,0.33139491081237793,-0.09539523720741272,0.04960663616657257,0.32522428035736084,0.0013036496238783002,0.0047051613219082355,1.5311014652252197,64,0.0222,0.143,2,0,5,1,7,0.571,,,,,,,0.06230497732758522,0.7008683681488037,2.205631971359253,0.0174,,0.3333
424,100000,0.0,24,2,0.0,30.0,0.0,0.00244575715623796,0.2125212550163269,0.21199053525924683,0.3633296489715576,-0.09477506577968597,0.06507295370101929,0.3257851302623749,0.001070259721018374,0.004347304813563824,1.2519968748092651,64,0.0231,0.0,0,0,8,0,8,0.875,,,,,,,0.07569912075996399,0.6595526933670044,2.1695103645324707,0.0174,,0.3333
425,100000,0.0,24,2,0.4,29.8,0.4,0.0019523757509887218,0.19891518354415894,0.20700126886367798,0.3611707091331482,-0.09304541349411011,0.05652492493391037,0.33846721053123474,0.0010731754591688514,0.005398170091211796,1.0824021100997925,64,0.0266,0.4,4,0,3,0,7,1.0,,,,,,,0.0859619751572609,0.6249606013298035,2.1417343616485596,0.01743,,0.3333
426,100000,0.0,24,2,0.0,30.0,0.0,0.002581048524007201,0.1744162142276764,0.16945333778858185,0.3741016685962677,-0.09885399788618088,0.04931333661079407,0.371814101934433,0.001870055217295885,0.005029808264225721,1.2832282781600952,64,0.0354,0.0,2,0,5,1,8,0.75,,,,,,,0.07703539729118347,0.7160763740539551,2.1073455810546875,0.01739,,0.3333
427,100000,0.0,24,2,0.3333,30.0,0.3333,0.002053237985819578,0.22213900089263916,0.22235016524791718,0.5914064645767212,-0.09672228246927261,0.060554325580596924,0.5641285181045532,0.0006649699062108994,0.0057831937447190285,0.684454619884491,64,0.0222,0.333,3,0,4,0,7,0.857,0.0541,0.2234,0.146,3,39,2,0.14131292700767517,0.6950179934501648,1.8748383522033691,0.01739,0.0833,0.3333
428,100000,0.0,24,2,0.0,30.0,0.0,0.0026022647507488728,0.23180139064788818,0.23584413528442383,0.3591727614402771,-0.09748747944831848,0.04134704917669296,0.37118467688560486,0.001329341670498252,0.005562907550483942,0.9756596684455872,64,0.0252,0.0,1,0,7,0,8,0.75,,,,,,,0.09991955757141113,0.7394317388534546,2.11728572845459,0.01738,,0.3333
429,100000,0.0,24,2,0.0909,29.36,0.0909,0.0021136170253157616,0.20270046591758728,0.19661128520965576,0.33872100710868835,-0.08685236424207687,0.048838045448064804,0.3251972198486328,0.0008775296155363321,0.005400099791586399,1.1929084062576294,64,0.0228,0.091,0,0,8,2,5,0.4,,,,,,,0.07280723750591278,0.7865668535232544,2.2123472690582275,0.01737,,0.3333
430,100000,0.0,24,2,0.1667,30.0,0.1667,0.0016323267482221127,0.21544420719146729,0.21196089684963226,0.31986019015312195,-0.08488528430461884,0.03861859440803528,0.3252091109752655,0.0010875851148739457,0.0045983027666807175,1.0088423490524292,64,0.0192,0.333,1,1,4,0,9,0.889,,,,,,,0.08414128422737122,0.756247878074646,2.203169107437134,0.0174,,0.3333
431,100000,0.0,24,2,0.0,30.0,0.0,0.0016122012166306376,0.2442503571510315,0.24785520136356354,0.5278659462928772,-0.09454841911792755,0.07842978835105896,0.46321046352386475,0.000979127362370491,0.004688652697950602,0.7475917935371399,64,0.0272,0.0,4,0,5,1,6,1.0,,,,,,,0.1264706552028656,0.6073909997940063,1.9707642793655396,0.01739,,0.3333
432,100000,0.0,24,2,0.0,29.88,0.0,0.003399491310119629,0.21757961809635162,0.2233995497226715,0.3663557171821594,-0.09666503965854645,0.04395585507154465,0.3722790479660034,0.0008464803104288876,0.005660013761371374,0.8843153119087219,64,0.037,0.0,2,0,7,1,6,1.0,,,,,,,0.10931061208248138,0.7258009910583496,2.096458911895752,0.01738,,0.3333
433,100000,0.0,24,2,0.0,29.67,0.0,0.004033156670629978,0.26051029562950134,0.28012263774871826,0.36354494094848633,-0.09373848140239716,0.041868649423122406,0.3710094690322876,0.0011011349270120263,0.005073292646557093,1.0840476751327515,64,0.0338,0.0,4,0,5,1,6,1.0,,,,,,,0.08647081255912781,0.6366340517997742,2.133277654647827,0.01739,,0.3333
434,100000,0.0,24,2,0.0,29.33,0.0,0.0012324429117143154,0.2012539803981781,0.17911116778850555,0.6897739768028259,-0.09879948198795319,0.17201316356658936,0.4417668282985687,0.0011118878610432148,0.005560629069805145,0.6400970220565796,64,0.0366,0.167,3,1,4,1,7,0.857,0.0377,0.1967,0.146,1,38,3,0.15435078740119934,0.7867466807365417,1.9941784143447876,0.0174,0.125,0.3333
435,100000,0.0,24,2,0.3333,30.0,0.3333,0.0014234366826713085,0.18029236793518066,0.1773999035358429,0.42847755551338196,-0.09767292439937592,0.05373974144458771,0.4168561100959778,0.001079938723705709,0.0036297705955803394,0.674501895904541,64,0.0338,0.333,2,0,3,1,8,0.875,,,,,,,0.14480748772621155,0.6944549083709717,2.052668809890747,0.0174,,0.3333
436,100000,0.0,24,2,0.25,30.0,0.25,0.0011464121052995324,0.2590894401073456,0.2524086833000183,0.5474224090576172,-0.09791366755962372,0.06731829047203064,0.5084367990493774,0.0008917924715206027,0.004525423049926758,0.592279851436615,64,0.0248,0.25,2,0,6,0,6,0.833,,,,,,,0.16531658172607422,0.7211138606071472,1.9018702507019043,0.01738,,0.3333
437,100000,0.0,24,2,0.0,30.0,0.0,0.002862039254978299,0.23623715341091156,0.23196113109588623,0.6322847604751587,-0.09438244998455048,0.038928039371967316,0.646259069442749,0.0014127935282886028,0.005104073788970709,0.8731918334960938,64,0.0354,0.0,3,0,5,0,8,0.875,,,,,,,0.10808901488780975,0.6808067560195923,2.050118923187256,0.01738,,0.3333
438,100000,0.0,24,2,0.1667,30.0,0.1667,0.0017933403141796589,0.2775159478187561,0.2678176164627075,0.33467939496040344,-0.08911634236574173,0.04733166843652725,0.3256323039531708,0.0011731114936992526,0.007000188808888197,1.2551409006118774,64,0.0228,0.167,2,0,4,1,8,0.5,,,,,,,0.0710010677576065,0.6868056058883667,2.1523451805114746,0.01736,,0.3333
439,100000,0.0,24,2,0.125,30.0,0.125,0.0031918995082378387,0.19410333037376404,0.19428807497024536,0.33706405758857727,-0.09137199819087982,0.0504557341337204,0.3252519965171814,0.0011261914623901248,0.004545179195702076,0.9759103655815125,64,0.0328,0.125,1,0,7,0,7,1.0,,,,,,,0.0936274528503418,0.618590235710144,2.174023151397705,0.01736,,0.3333
440,100000,0.0,24,2,0.0,30.0,0.0,0.0016590876039117575,0.194939523935318,0.2096366137266159,0.45234963297843933,-0.08742108941078186,0.06030524894595146,0.4171430468559265,0.0008769867126829922,0.0040343403816223145,0.7097658514976501,64,0.0174,0.0,4,0,8,0,4,0.75,,,,,,,0.12316891551017761,0.8395414352416992,2.0521082878112793,0.01732,,0.3333
441,100000,0.0,24,2,0.125,30.0,0.125,0.0021792284678667784,0.20045149326324463,0.19039711356163025,0.599743664264679,-0.09014278650283813,0.18119055032730103,0.3255161643028259,0.001143674016930163,0.003978411201387644,0.9574007987976074,64,0.0234,0.125,1,0,6,1,7,1.0,0.0515,0.2015,0.042,1,44,2,0.09415365755558014,0.7743805646896362,2.1887009143829346,0.01735,0.0208,0.3333
442,100000,0.0,24,2,0.0,30.0,0.0,0.0012601064518094063,0.20683403313159943,0.2088548243045807,0.48914286494255066,-0.0873039960861206,0.10096234083175659,0.3716707229614258,0.0010781600140035152,0.0057029337622225285,1.7819026708602905,64,0.0363,0.0,3,0,6,0,7,0.714,,,,,,,0.048994820564985275,0.7728959321975708,2.082972526550293,0.01733,,0.3333
443,100000,0.0,24,2,0.0,30.0,0.0,0.0036115075927227736,0.1986459642648697,0.20330944657325745,0.43257641792297363,-0.09614384174346924,0.054891765117645264,0.41669562458992004,0.0011956630041822791,0.004482183139771223,1.0893754959106445,64,0.03,0.0,3,0,5,1,7,1.0,,,,,,,0.08825592696666718,0.6753602027893066,2.04221773147583,0.01735,,0.3333
444,100000,0.0,24,2,0.0,30.0,0.0,0.00400061858817935,0.24014070630073547,0.23455633223056793,0.46412840485572815,-0.09375704079866409,0.11411504447460175,0.3262757658958435,0.0009564000065438449,0.006759141106158495,1.5356258153915405,64,0.0189,0.0,2,0,7,1,6,1.0,,,,,,,0.061054617166519165,0.8435141444206238,2.1819472312927246,0.01733,,0.3333
445,100000,0.0,24,2,0.0,30.0,0.0,0.0017353869043290615,0.22708271443843842,0.22700706124305725,0.3676799535751343,-0.09587365388870239,0.0680835098028183,0.3256358206272125,0.0009096665307879448,0.0035015419125556946,1.8031132221221924,64,0.0304,0.0,3,0,7,0,6,1.0,,,,,,,0.053171172738075256,0.6527808904647827,2.2082276344299316,0.01732,,0.3333
446,100000,0.0,24,2,0.0,30.0,0.0,0.002532126847654581,0.17968830466270447,0.18022732436656952,0.40629661083221436,-0.09295278042554855,0.06260683387517929,0.37107473611831665,0.001389755867421627,0.005921939853578806,0.7717747092247009,64,0.0309,0.0,3,0,5,0,8,0.875,,,,,,,0.12044030427932739,0.6782567501068115,2.1190786361694336,0.01733,,0.3333
447,100000,0.0,24,2,0.1429,29.57,0.1429,0.002103717066347599,0.22437535226345062,0.21885010600090027,0.46164992451667786,-0.09869161993265152,0.04779117926955223,0.4626888930797577,0.0010511685395613313,0.004140548408031464,0.8802191019058228,64,0.0416,0.143,1,0,4,2,8,0.75,,,,,,,0.11212165653705597,0.732008695602417,1.9720284938812256,0.0173,,0.3333
448,100000,0.0,24,2,0.125,30.0,0.125,0.0014949764590710402,0.1890244334936142,0.18459340929985046,0.35350289940834045,-0.09144069254398346,0.035498760640621185,0.3712403178215027,0.0008821124210953712,0.005411489401012659,1.2768272161483765,64,0.0264,0.125,3,0,7,0,5,1.0,0.0404,0.2126,0.042,1,45,1,0.0716155543923378,0.6794025301933289,2.1270201206207275,0.01728,0.0208,0.3333
449,100000,0.0,24,2,0.1667,30.0,0.1667,0.001412704004906118,0.21345341205596924,0.22159822285175323,0.4509185552597046,-0.09181956946849823,0.05587403103709221,0.42849674820899963,0.0008056882652454078,0.004986634943634272,0.9358846545219421,64,0.0252,0.167,2,0,5,0,8,0.75,,,,,,,0.09810991585254669,0.7202224135398865,2.052314281463623,0.01729,,0.3333
450,100000,0.0,24,2,0.3333,29.78,0.3333,0.0024631682317703962,0.24552437663078308,0.24766325950622559,0.4929278492927551,-0.09574814140796661,0.04985005781054497,0.4856933057308197,0.0011858229991048574,0.006565139628946781,1.0041793584823608,64,0.0194,0.333,1,0,5,1,6,0.833,,,,,,,0.09534963965415955,0.6477646827697754,2.1190555095672607,0.0173,,0.3333
451,100000,0.0,24,2,0.0,30.0,0.0,0.0025807623751461506,0.16364367306232452,0.16038770973682404,0.44484078884124756,-0.09507109969854355,0.06022685393691063,0.4168628454208374,0.0010871690465137362,0.005190678872168064,0.7515193819999695,64,0.0217,0.0,3,0,6,0,7,1.0,,,,,,,0.12650518119335175,0.7178587913513184,2.041377067565918,0.01733,,0.3333
452,100000,0.0,24,2,0.0,29.8,0.0,0.0021354337222874165,0.20654191076755524,0.20081521570682526,0.43214431405067444,-0.09471575915813446,0.06821097433567047,0.38805723190307617,0.001203209743835032,0.004761765245348215,0.8590831756591797,64,0.0248,0.0,2,0,4,1,9,0.778,,,,,,,0.11025214195251465,0.7415396571159363,2.110602378845215,0.01732,,0.3333
453,100000,0.0,24,2,0.0,28.62,0.0,0.001952816965058446,0.2357371747493744,0.24496261775493622,0.3353978097438812,-0.09382516145706177,0.05024883151054382,0.3252880275249481,0.001485773827880621,0.006874535698443651,1.2117630243301392,64,0.0236,0.0,0,0,6,2,8,0.75,,,,,,,0.07742863893508911,0.67889404296875,2.2023332118988037,0.01732,,0.3333
454,100000,0.0,24,2,0.1111,29.78,0.1111,0.0012756604701280594,0.2268153429031372,0.22242845594882965,0.3917320668697357,-0.09660883247852325,0.05609884113073349,0.37166881561279297,0.00132782943546772,0.008948784321546555,1.2822843790054321,64,0.021,0.111,3,0,5,3,4,0.75,,,,,,,0.07534118741750717,0.7554929256439209,2.147503137588501,0.0173,,0.3333
455,100000,0.0,24,2,0.125,30.0,0.125,0.0017969119362533092,0.19274862110614777,0.19669267535209656,0.3252285420894623,-0.08986207842826843,0.04290425777435303,0.3262637257575989,0.0014431462623178959,0.006036774255335331,1.377276062965393,64,0.0246,0.125,3,0,7,0,5,1.0,0.0405,0.2318,0.104,0,41,2,0.06524623930454254,0.6780123114585876,2.180121421813965,0.01731,0.1042,0.3333
456,100000,0.0,24,2,0.25,30.0,0.25,0.002188608981668949,0.21366144716739655,0.19867345690727234,0.43294480443000793,-0.09464515745639801,0.03148932009935379,0.4624871611595154,0.0008831177256070077,0.004248310346156359,1.189168930053711,64,0.0168,0.25,3,0,3,0,9,1.0,,,,,,,0.07958933711051941,0.628275990486145,2.0119423866271973,0.01732,,0.3333
457,100000,0.0,24,2,0.3333,29.83,0.3333,0.0016822577454149723,0.21119043231010437,0.20781466364860535,0.35822612047195435,-0.09814409166574478,0.06426039338111877,0.3253050446510315,0.0011064073769375682,0.00508876983076334,0.9670247435569763,64,0.0264,0.333,1,0,3,1,9,0.889,,,,,,,0.10149078071117401,0.7999435663223267,2.2017641067504883,0.01736,,0.3333
458,100000,0.0,24,2,0.0,30.0,0.0,0.002703305333852768,0.26132699847221375,0.2682572901248932,0.5331248641014099,-0.09885972738265991,0.1290713995695114,0.3710635006427765,0.0010047422256320715,0.005556608084589243,0.9217214584350586,64,0.0281,0.0,1,0,9,0,6,0.667,,,,,,,0.10725554078817368,0.8152092695236206,2.135563373565674,0.0173,,0.3333
459,100000,0.0,24,2,0.1429,29.86,0.1429,0.0011213889811187983,0.28202810883522034,0.283136785030365,0.3735775947570801,-0.09913823753595352,0.026923244819045067,0.4166431427001953,0.0007675296510569751,0.0044524092227220535,0.6677443385124207,64,0.0325,0.143,2,0,5,1,7,1.0,,,,,,,0.14846736192703247,0.7122820615768433,2.0882415771484375,0.01732,,0.3333
460,100000,0.0,24,2,0.1667,30.0,0.1667,0.0020025274716317654,0.229836106300354,0.22393348813056946,0.5105794072151184,-0.09751911461353302,0.07166776806116104,0.4625128507614136,0.0009007108164951205,0.004500225186347961,0.9726778864860535,64,0.0415,0.167,3,0,5,0,7,0.571,,,,,,,0.10025838017463684,0.8070216178894043,1.9829847812652588,0.01732,,0.3333
461,100000,0.0,24,2,0.3333,30.0,0.3333,0.003560548648238182,0.22262786328792572,0.22762221097946167,0.5463177561759949,-0.09916558116674423,0.10557800531387329,0.4318457841873169,0.0017301986226812005,0.004963031504303217,1.0224385261535645,64,0.0306,0.333,4,0,2,0,9,0.889,,,,,,,0.09698928892612457,0.9043078422546387,2.1506128311157227,0.01736,,0.3333
462,100000,0.0,24,2,0.125,30.0,0.125,0.0014448482543230057,0.17589600384235382,0.18041381239891052,0.5390172600746155,-0.09206569939851761,0.10540004819631577,0.4177132248878479,0.0009991899132728577,0.005139256361871958,0.8835603594779968,64,0.0158,0.125,3,0,7,0,5,1.0,0.0412,0.2416,0.062,0,45,0,0.10419853776693344,0.7596410512924194,2.0145528316497803,0.01736,0.0625,0.3333
463,100000,0.0,24,2,0.1667,29.0,0.1667,0.0030509326606988907,0.21476703882217407,0.21466375887393951,0.565707802772522,-0.09362006187438965,0.03423963487148285,0.5886443853378296,0.0011341188801452518,0.004408376291394234,0.8748850226402283,64,0.0692,0.167,2,0,3,2,8,0.625,,,,,,,0.10700841248035431,0.7355761528015137,1.9565107822418213,0.01733,,0.3333
464,100000,0.0,24,2,0.1429,30.0,0.1429,0.0019497510511428118,0.19095149636268616,0.18725766241550446,0.4380415380001068,-0.09729170799255371,0.040522731840610504,0.4520898163318634,0.0009504214976914227,0.004395884927362204,0.8848344683647156,64,0.0179,0.143,1,0,6,0,8,0.75,,,,,,,0.10995469987392426,0.6809961199760437,2.060060977935791,0.01732,,0.3333
465,100000,0.0,24,2,0.75,30.0,0.75,0.0047483984380960464,0.22606587409973145,0.23238331079483032,0.47061073780059814,-0.09486663341522217,0.07271488010883331,0.4176282286643982,0.001730740419588983,0.004838785622268915,0.8107838034629822,64,0.0287,0.75,4,0,1,0,8,0.875,,,,,,,0.1170060783624649,0.758362889289856,2.037001371383667,0.01735,,0.3333
466,100000,0.0,24,2,0.0,30.0,0.0,0.0024431028869003057,0.185893714427948,0.18199917674064636,0.3299001455307007,-0.0949358344078064,0.03625332564115524,0.35016945004463196,0.001253754016943276,0.004319759085774422,0.8894344568252563,64,0.0187,0.0,4,0,3,0,9,1.0,,,,,,,0.10673730075359344,0.6305999159812927,2.125988721847534,0.01735,,0.3333
467,100000,0.0,24,2,0.125,30.0,0.125,0.0024034534581005573,0.2109805941581726,0.21693313121795654,0.37952229380607605,-0.09604667127132416,0.028133831918239594,0.416764497756958,0.0009554009884595871,0.005073631182312965,0.9176902174949646,64,0.0276,0.125,1,0,7,0,7,1.0,,,,,,,0.10466131567955017,0.7268854975700378,2.0430307388305664,0.01734,,0.3333
468,100000,0.0,24,2,0.1667,30.0,0.1667,0.0014428802533075213,0.252199649810791,0.26456522941589355,0.36387258768081665,-0.08760266751050949,0.03924528881907463,0.3710382282733917,0.0007888510008342564,0.0038928985595703125,0.9909470677375793,64,0.0274,0.167,0,0,5,0,10,0.8,,,,,,,0.08840297162532806,0.7677351832389832,2.137655735015869,0.01737,,0.3333
469,100000,0.0,24,2,0.125,30.0,0.125,0.0013107266277074814,0.17967884242534637,0.17941220104694366,0.4036698043346405,-0.09262682497501373,0.083626888692379,0.3264356851577759,0.0013693569926545024,0.005214353557676077,1.2275006771087646,64,0.0352,0.125,3,0,6,1,5,0.8,0.038,0.1984,0.083,1,42,2,0.07545969635248184,0.7397880554199219,2.1814839839935303,0.01736,0.0625,0.3333
470,100000,0.0,24,2,0.0,29.12,0.0,0.004992559086531401,0.26014748215675354,0.2689611315727234,0.4270724952220917,-0.09624278545379639,0.07460550218820572,0.3709564208984375,0.0006762223783880472,0.0062957461923360825,1.0829598903656006,64,0.0309,0.0,3,0,7,1,5,0.8,,,,,,,0.08887013792991638,0.8212816119194031,2.123948335647583,0.01732,,0.3333
471,100000,0.0,24,2,0.1111,29.33,0.1111,0.0029736249707639217,0.22488269209861755,0.21369069814682007,0.4607212543487549,-0.09599676728248596,0.06855981051921844,0.41732367873191833,0.0014101437991485,0.0045494502410292625,0.8043195605278015,64,0.0439,0.111,1,0,6,2,6,0.833,,,,,,,0.11935153603553772,0.7181059122085571,2.039663314819336,0.01733,,0.3333
472,100000,0.0,24,2,0.125,29.88,0.125,0.0012408682378008962,0.19341148436069489,0.19369983673095703,0.47753727436065674,-0.09383641183376312,0.07567878067493439,0.41745254397392273,0.0011072739725932479,0.005127189680933952,1.0086876153945923,64,0.0362,0.125,1,0,6,1,7,1.0,,,,,,,0.09302821755409241,0.6544238328933716,2.0448031425476074,0.01733,,0.3333
473,100000,0.0,24,2,0.0,30.0,0.0,0.002408578060567379,0.21425355970859528,0.21565385162830353,0.4674987196922302,-0.09067939221858978,0.09060482680797577,0.3734683394432068,0.0010312044760212302,0.007000204641371965,0.9253670573234558,64,0.0267,0.0,6,0,5,0,5,0.8,,,,,,,0.09799288958311081,0.7384204864501953,2.1219966411590576,0.0173,,0.3333
474,100000,0.0,24,2,0.0,30.0,0.0,0.002287968061864376,0.19581058621406555,0.18532441556453705,0.404093474149704,-0.09715166687965393,0.06376586109399796,0.37100908160209656,0.0016000656178221107,0.005408697761595249,0.8923912048339844,64,0.0264,0.0,2,0,8,0,6,0.833,,,,,,,0.10886668413877487,0.8073382377624512,2.1519534587860107,0.01729,,0.3333
475,100000,0.0,24,2,0.0,29.67,0.0,0.001854641828685999,0.1954273283481598,0.1984172910451889,0.46520352363586426,-0.09776311367750168,0.09426810592412949,0.3714885711669922,0.001269519911147654,0.005883722100406885,1.1415990591049194,64,0.0343,0.0,1,0,8,1,6,1.0,,,,,,,0.08563699573278427,0.7714502215385437,2.107523202896118,0.01725,,0.3333
476,100000,0.0,24,2,0.0,30.0,0.0,0.0011075984220951796,0.26423048973083496,0.2562699317932129,0.4383997917175293,-0.09295840561389923,0.10156603902578354,0.3251970708370209,0.0006384189473465085,0.006058091763406992,1.2941001653671265,64,0.028,0.0,3,0,7,0,6,1.0,0.045,0.2607,0.104,2,37,6,0.07183247059583664,0.6602336168289185,2.1845831871032715,0.01723,0.0625,0.3333
477,100000,0.0,24,2,0.0,30.0,0.0,0.0024172398261725903,0.2472294121980667,0.2505052089691162,0.3582491874694824,-0.09523490816354752,0.038139499723911285,0.37487927079200745,0.0006693978211842477,0.00465168384835124,0.9079254269599915,64,0.0288,0.0,2,0,7,0,7,1.0,,,,,,,0.10489287972450256,0.6325898170471191,2.083120346069336,0.0172,,0.3333
478,100000,0.0,24,2,0.0,30.0,0.0,0.0016658385284245014,0.23549795150756836,0.23461511731147766,0.6318849921226501,-0.0927068293094635,0.07453958690166473,0.5720494985580444,0.0010588060831651092,0.0069262743927538395,0.8025464415550232,64,0.0312,0.0,0,0,8,0,8,0.75,,,,,,,0.11551585793495178,0.8478506803512573,1.9481604099273682,0.01714,,0.3333
479,100000,0.0,24,2,0.1,29.9,0.1,0.0012800080003216863,0.22941628098487854,0.22988007962703705,0.31613078713417053,-0.09437745809555054,0.041177358478307724,0.32519015669822693,0.0006777017842978239,0.005926753394305706,1.2559936046600342,64,0.0403,0.1,2,0,8,1,4,1.0,,,,,,,0.07514166831970215,0.6068745851516724,2.217414379119873,0.01713,,0.3333
480,100000,0.0,24,2,0.2,30.0,0.2,0.0022954056039452553,0.24105265736579895,0.23868972063064575,0.45695921778678894,-0.08398863673210144,0.08322879672050476,0.3714181184768677,0.0010878108441829681,0.006144272163510323,1.526438593864441,64,0.0286,0.2,4,0,4,0,7,0.857,,,,,,,0.05502261221408844,0.6918574571609497,2.117879629135132,0.01717,,0.3333
481,100000,0.0,24,2,0.0,30.0,0.0,0.001741916872560978,0.1900901198387146,0.1829344928264618,0.36218318343162537,-0.08719681203365326,0.06087741255760193,0.3252297639846802,0.0009197125909850001,0.004790822044014931,2.0544986724853516,64,0.0283,0.0,3,0,6,0,7,0.857,,,,,,,0.04244189336895943,0.7448759078979492,2.1730830669403076,0.01715,,0.3333
482,100000,0.0,24,2,0.5,29.5,0.5,0.0018390760524198413,0.24990811944007874,0.24877746403217316,0.5101569294929504,-0.09778313338756561,0.07120300829410553,0.46278899908065796,0.0008447606232948601,0.00549011817201972,0.6714739203453064,64,0.0315,0.5,1,0,2,0,11,1.0,,,,,,,0.14562462270259857,0.6708396673202515,1.9673805236816406,0.01719,,0.3333
483,100000,0.0,24,2,0.2222,30.0,0.2222,0.0013855589786544442,0.17364338040351868,0.16936150193214417,0.5186835527420044,-0.09780621528625488,0.1323763132095337,0.34976300597190857,0.0011288980022072792,0.0039482698775827885,0.9688337445259094,64,0.0185,0.222,1,0,7,0,6,0.833,0.0468,0.3082,0.208,2,33,5,0.10095252096652985,0.6485438346862793,2.091346263885498,0.01718,0.1667,0.3333
484,100000,0.0,24,2,0.4,30.0,0.4,0.0024841970298439264,0.23477062582969666,0.23155346512794495,0.3992759585380554,-0.08767834305763245,0.0788402333855629,0.3261752128601074,0.0011899599339812994,0.006197189912199974,1.2702258825302124,64,0.0176,0.4,6,0,3,0,5,0.4,,,,,,,0.06902578473091125,0.7755750417709351,2.1708297729492188,0.01715,,0.3333
485,100000,0.0,24,2,0.125,29.88,0.125,0.0019173526670783758,0.18895083665847778,0.18162810802459717,0.48121342062950134,-0.09653102606534958,0.12266644090414047,0.32951873540878296,0.0008656409336254001,0.005785659421235323,1.2040942907333374,64,0.0187,0.125,1,0,6,1,7,1.0,,,,,,,0.08016899228096008,0.7709592580795288,2.143507957458496,0.01714,,0.3333
486,100000,0.0,24,2,0.0,29.14,0.0,0.0017767716199159622,0.1823858916759491,0.18236088752746582,0.4155651926994324,-0.09573028981685638,0.06892985850572586,0.3710072636604309,0.0014036005595698953,0.004857017192989588,1.1444376707077026,64,0.0385,0.0,3,0,6,1,6,0.833,,,,,,,0.08364832401275635,0.7157966494560242,2.154176950454712,0.01713,,0.3333
487,100000,0.0,24,2,0.0,30.0,0.0,0.001537553034722805,0.21511323750019073,0.21112972497940063,0.40517380833625793,-0.09781445562839508,0.0645325556397438,0.3716401159763336,0.0010603422997519374,0.004566076677292585,1.0817791223526,64,0.0289,0.0,1,0,9,0,6,1.0,,,,,,,0.09041997790336609,0.9466680884361267,2.1077828407287598,0.01708,,0.3333
488,100000,0.0,24,2,0.0,29.0,0.0,0.001991228898987174,0.18263784050941467,0.18981397151947021,0.733500599861145,-0.09592249989509583,0.13511162996292114,0.5569640398025513,0.001216254779137671,0.004471596330404282,0.7656869292259216,64,0.037,0.0,1,0,5,2,8,0.875,,,,,,,0.12527640163898468,0.6857768893241882,1.8554917573928833,0.01706,,0.3333
489,100000,0.0,24,2,0.1667,30.0,0.1667,0.0025490536354482174,0.2629022002220154,0.26129278540611267,0.3472578525543213,-0.09422886371612549,0.03352045267820358,0.37214988470077515,0.0013600478414446115,0.004591813776642084,1.0618627071380615,64,0.0286,0.167,4,0,5,0,6,1.0,,,,,,,0.08873920887708664,0.7990007400512695,2.1107521057128906,0.01703,,0.3333
490,100000,0.0,24,2,0.2,29.8,0.2,0.001925091608427465,0.25455471873283386,0.24561932682991028,0.4126015305519104,-0.09444835782051086,0.0657317116856575,0.3720581531524658,0.001244816230610013,0.007056594826281071,1.3715070486068726,64,0.0314,0.2,2,0,2,2,9,1.0,0.0443,0.1976,0.042,1,44,2,0.06886465847492218,0.7394158244132996,2.1340086460113525,0.01708,0.0208,0.3333
491,100000,0.0,24,2,0.0,30.0,0.0,0.0018028048798441887,0.22889116406440735,0.23088982701301575,0.5056841969490051,-0.08763039857149124,0.0638907253742218,0.46276599168777466,0.0010491810971871018,0.005534275900572538,0.9591031074523926,64,0.0238,0.0,4,0,5,0,7,0.857,,,,,,,0.09136702865362167,0.776546835899353,1.9853591918945312,0.01708,,0.3333
492,100000,0.0,24,2,0.0,30.0,0.0,0.003715238068252802,0.25801438093185425,0.2571668326854706,0.4425874352455139,-0.09249524772167206,0.0810810998082161,0.3712776303291321,0.0009111836552619934,0.0032856904435902834,1.005606770515442,64,0.0182,0.0,1,0,5,0,10,1.0,,,,,,,0.09197954088449478,0.7474346160888672,2.0899453163146973,0.01705,,0.3333
493,100000,0.0,24,2,0.0,30.0,0.0,0.004111876245588064,0.16134008765220642,0.1387403905391693,0.46588847041130066,-0.0872357189655304,0.08893004059791565,0.37186184525489807,0.0009644055389799178,0.006804547272622585,1.670410394668579,64,0.0364,0.0,4,0,6,0,6,0.833,,,,,,,0.05222412198781967,0.6969865560531616,2.1400580406188965,0.01703,,0.3333
494,100000,0.0,24,2,0.0,30.0,0.0,0.0034852419048547745,0.19090598821640015,0.18019914627075195,0.3816124200820923,-0.09153997898101807,0.049876563251018524,0.37148499488830566,0.0011861713137477636,0.0038285176269710064,0.8813875317573547,64,0.0182,0.0,3,0,6,1,6,1.0,,,,,,,0.10385894775390625,0.8030997514724731,2.137458324432373,0.01706,,0.3333
495,100000,0.0,24,2,0.0,30.0,0.0,0.002388342982158065,0.1824207454919815,0.17359769344329834,0.43498122692108154,-0.09797665476799011,0.05680065602064133,0.41694068908691406,0.001295162015594542,0.004831794183701277,0.9960116744041443,64,0.0342,0.0,2,0,5,0,9,0.778,,,,,,,0.09836898744106293,0.6980252265930176,2.0448005199432373,0.01703,,0.3333
496,100000,0.0,24,2,0.0,30.0,0.0,0.0030212264973670244,0.1915370672941208,0.18430286645889282,0.6469579935073853,-0.09604761004447937,0.13883574306964874,0.46292346715927124,0.0007878306205384433,0.004821302834898233,1.023513674736023,64,0.0146,0.0,4,0,4,0,8,0.875,,,,,,,0.0938410609960556,0.7924489974975586,1.9790418148040771,0.01702,,0.3333
497,100000,0.0,24,2,0.0,29.57,0.0,0.0028524829540401697,0.17619864642620087,0.17877346277236938,0.40876105427742004,-0.0905722826719284,0.08509311079978943,0.32605987787246704,0.000886201043613255,0.006174531299620867,1.3210370540618896,64,0.0311,0.0,2,0,6,1,7,0.857,0.0399,0.1724,0.083,1,41,3,0.06856150180101395,0.7998123168945312,2.182354211807251,0.01701,0.0625,0.3333
498,100000,0.0,24,2,0.0,29.89,0.0,0.0031196605414152145,0.23789872229099274,0.24915257096290588,0.334031343460083,-0.0943736732006073,0.05048351734876633,0.32521066069602966,0.0012304543051868677,0.004454619716852903,1.1702741384506226,64,0.0307,0.0,2,0,8,1,5,1.0,,,,,,,0.08064235746860504,0.7195267677307129,2.2089171409606934,0.01698,,0.3333
499,100000,0.0,24,2,0.0,30.0,0.0,0.0014140841085463762,0.21662765741348267,0.21394199132919312,0.3173302114009857,-0.09592598676681519,0.019638430327177048,0.3708937466144562,0.0007104541873559356,0.006171146873384714,1.3043016195297241,64,0.0266,0.0,2,0,5,0,9,0.667,,,,,,,0.07354586571455002,0.6311489939689636,2.143683433532715,0.01693,,0.3333
