iter,buffer,beta,ei_hi,ei_lo,roll_succ,roll_len,roll_ret,critic_loss,q_mean,target_mean,actor_loss,pg_loss,bc_loss,grip_loss,aux_c,aux_a,lam,n_expert,roll_min_pos,roll_close,roll_skip,roll_miss,roll_timeout,roll_fail,exp_kept,exp_succ,eval_min_pos,eval_min_rot,eval_close,eval_miss,eval_timeout,eval_fail,q_pi,a_absmean,grip_logit,buf_pos,eval_succ,best_succ
0,29,0.5,24,22,1.0,29.0,1.0,0.005892239511013031,0.41676628589630127,0.40804052352905273,0.33976417779922485,-0.10000000149011612,0.050798919051885605,0.331968754529953,0.007993457838892937,0.012395160272717476,0.20821312069892883,64,0.0279,1.0,2,0,0,0,0,0.0,,,,,,,0.4802771508693695,0.5333762168884277,2.159412384033203,0.03448,,-1.0
1,121,0.4985,24,22,0.0,30.0,0.0,0.010941652581095695,0.32960045337677,0.321463406085968,0.35236412286758423,-0.10000000894069672,0.031304486095905304,0.38096410036087036,0.013880525715649128,0.01758214831352234,0.293343186378479,64,0.0125,0.0,0,0,0,1,2,0.5,,,,,,,0.34089764952659607,0.6356648802757263,1.9202824831008911,0.01653,,-1.0
2,212,0.497,24,22,0.0,30.0,0.0,0.009046346880495548,0.34817326068878174,0.35422956943511963,0.374317467212677,-0.09999999403953552,0.04485168308019638,0.3747728168964386,0.01164744421839714,0.01968253031373024,0.3293952941894531,64,0.0048,0.0,0,0,2,0,1,1.0,,,,,,,0.30358660221099854,0.7388399839401245,2.127856731414795,0.01415,,-1.0
3,303,0.4955,24,22,0.0,30.0,0.0,0.008191240951418877,0.3161362409591675,0.322490930557251,0.41276413202285767,-0.10000000894069672,0.033874668180942535,0.4345448315143585,0.006053783930838108,0.020939946174621582,0.3431726396083832,64,0.0122,0.0,0,0,2,0,1,1.0,,,,,,,0.2913985252380371,0.6967333555221558,2.148376941680908,0.0132,,-1.0
4,303,0.494,24,22,0.0,0.0,0.0,0.0061964779160916805,0.33723530173301697,0.33737242221832275,0.3691600263118744,-0.09991586208343506,0.03410636633634567,0.3890448808670044,0.008719148114323616,0.023636529222130775,0.33481141924858093,64,,0.0,3,0,0,0,0,0.0,,,,,,,0.29842430353164673,0.6117757558822632,2.0399560928344727,0.0132,,-1.0
5,364,0.4926,24,22,0.0,30.0,0.0,0.006873326376080513,0.3252318501472473,0.34192919731140137,0.35301917791366577,-0.10000000894069672,0.03411725163459778,0.37369775772094727,0.009028903208673,0.022173859179019928,0.3726927936077118,64,0.0055,0.0,1,0,1,0,1,0.0,,,,,,,0.2683175206184387,0.6223158836364746,2.05888032913208,0.01099,,-1.0
6,394,0.4911,24,22,0.0,30.0,0.0,0.006609109230339527,0.26555657386779785,0.29242897033691406,0.3080664873123169,-0.09991905093193054,0.024535730481147766,0.35222217440605164,0.007325897458940744,0.013383816927671432,0.37762296199798584,64,0.0046,0.0,2,0,1,0,0,0.0,,,,,,,0.2646000385284424,0.6077886819839478,2.2326903343200684,0.01015,,-1.0
7,456,0.4896,24,22,0.0,0.0,0.0,0.006426659412682056,0.3982057571411133,0.41155123710632324,0.3774517774581909,-0.09914472699165344,0.03487050533294678,0.3975549042224884,0.006829018238931894,0.0186011902987957,0.3534788489341736,64,,0.0,1,0,0,0,2,1.0,,,,,,,0.28048276901245117,0.7383213043212891,2.0011792182922363,0.01316,,-1.0
8,549,0.4881,24,22,0.0,0.0,0.0,0.006905445363372564,0.3470141887664795,0.3588320314884186,0.36801671981811523,-0.0988476425409317,0.018022816628217697,0.424721896648407,0.007645606994628906,0.012193669565021992,0.3446669578552246,64,,0.0,0,0,0,0,3,1.0,,,,,,,0.28679177165031433,0.7149659991264343,2.0470616817474365,0.01639,,-1.0
9,641,0.4866,24,22,0.0,30.0,0.0,0.005018741823732853,0.3450913429260254,0.3393952250480652,0.35478734970092773,-0.09999999403953552,0.03685393184423447,0.37509211897850037,0.00692979758605361,0.011974677443504333,0.3060356378555298,64,0.0383,0.0,0,0,1,0,2,1.0,,,,,,,0.32675933837890625,0.655885636806488,2.0862021446228027,0.01716,,-1.0
10,727,0.4851,24,22,0.0,0.0,0.0,0.004633826203644276,0.3420073986053467,0.3477960526943207,0.45435115694999695,-0.09995634853839874,0.06389918923377991,0.41914165019989014,0.005328063387423754,0.014734950847923756,0.35043075680732727,64,,0.0,0,0,0,0,3,0.667,,,,,,,0.28523850440979004,0.7273253202438354,2.1150131225585938,0.01788,,-1.0
11,819,0.4836,24,22,0.0,30.0,0.0,0.008075173944234848,0.2925013303756714,0.31563887000083923,0.45709484815597534,-0.0997886136174202,0.05769340693950653,0.43165603280067444,0.009590480476617813,0.019681185483932495,0.33286961913108826,64,0.0072,0.0,0,0,1,0,2,1.0,,,,,,,0.2997829020023346,0.6693115234375,2.025290012359619,0.01832,,-1.0
12,911,0.4821,24,22,0.0,30.0,0.0,0.008247632533311844,0.32553380727767944,0.3510415852069855,0.34345754981040955,-0.09999053180217743,0.0399654321372509,0.3549811840057373,0.004412472248077393,0.017072072252631187,0.3085961639881134,64,0.0053,0.0,0,0,1,0,2,1.0,,,,,,,0.3240174353122711,0.728334903717041,2.157305955886841,0.01866,,-1.0
13,972,0.4807,24,22,0.0,30.0,0.0,0.011461775749921799,0.32599014043807983,0.3182060718536377,0.41594818234443665,-0.09968827664852142,0.0641917884349823,0.373832643032074,0.010560033842921257,0.026840489357709885,0.33211538195610046,64,0.007,0.0,1,0,1,0,1,1.0,,,,,,,0.30016160011291504,0.728984534740448,2.0583460330963135,0.01852,,-1.0
14,1003,0.4792,24,22,0.0,0.0,0.0,0.006164117716252804,0.36722394824028015,0.37144550681114197,0.43812283873558044,-0.09854942560195923,0.041416119784116745,0.44451650977134705,0.008212541230022907,0.018647005781531334,0.322122722864151,64,,0.0,2,0,0,0,1,1.0,,,,,,,0.3059375286102295,0.7342106699943542,2.005413293838501,0.01894,,-1.0
15,1063,0.4777,24,22,0.0,29.0,0.0,0.006520555354654789,0.35252052545547485,0.348746120929718,0.3637065887451172,-0.09999999403953552,0.03942088037729263,0.3751162886619568,0.008297481574118137,0.01949704997241497,0.32205355167388916,64,0.0286,0.0,1,0,0,1,1,1.0,,,,,,,0.3105073571205139,0.7612195014953613,2.1278247833251953,0.01881,,-1.0
16,1153,0.4762,24,22,0.0,30.0,0.0,0.003939990885555744,0.32325923442840576,0.3359670042991638,0.4052375555038452,-0.09896277636289597,0.058430206030607224,0.377069890499115,0.0051986598409712315,0.02054004557430744,0.33302196860313416,64,0.0051,0.0,0,0,3,0,0,0.0,,,,,,,0.2971659004688263,0.6999503970146179,2.0698423385620117,0.01735,,-1.0
17,1244,0.4747,24,22,0.0,30.0,0.0,0.0078145582228899,0.38913092017173767,0.3855533003807068,0.40573397278785706,-0.10000000894069672,0.030511558055877686,0.4331222474575043,0.009464669972658157,0.02317720092833042,0.3219260275363922,64,0.0054,0.0,0,0,2,0,1,1.0,,,,,,,0.3106303811073303,0.6888141632080078,2.035943031311035,0.01688,,-1.0
18,1336,0.4732,24,22,0.0,30.0,0.0,0.013072753325104713,0.3810320198535919,0.3707641363143921,0.37925904989242554,-0.09846533834934235,0.03738168627023697,0.3968477249145508,0.011031337082386017,0.01222656387835741,0.3449568450450897,64,0.0046,0.0,0,0,1,0,2,1.0,,,,,,,0.2854424715042114,0.656601071357727,1.9753100872039795,0.01722,,-1.0
19,1429,0.4717,24,22,0.0,0.0,0.0,0.004660245031118393,0.3337708115577698,0.3351840376853943,0.8344418406486511,-0.09792137145996094,0.039354756474494934,0.8467226624488831,0.005867129657417536,0.013861961662769318,0.3718998432159424,64,,0.0,0,0,0,0,3,0.667,,,,,,,0.26330041885375977,0.6052119731903076,2.1116604804992676,0.01749,,-1.0
20,1491,0.4702,24,22,0.0,0.0,0.0,0.006382323801517487,0.30163347721099854,0.30398327112197876,0.3360537588596344,-0.09807151556015015,0.04163774847984314,0.34226417541503906,0.008314546197652817,0.0171712227165699,0.41319510340690613,64,,0.0,1,0,0,0,2,1.0,,,,,,,0.23734916746616364,0.6549159288406372,2.0433127880096436,0.01811,,-1.0
21,1583,0.4688,24,21,0.0,30.0,0.0,0.01304552797228098,0.32616516947746277,0.30981776118278503,0.4911597967147827,-0.09913904219865799,0.0494672916829586,0.4845523536205292,0.006640512961894274,0.013623842038214207,0.3432300388813019,64,0.0082,0.0,0,0,1,0,2,1.0,,,,,,,0.2888413667678833,0.7396776080131531,1.9576297998428345,0.01832,,-1.0
22,1643,0.4673,24,21,0.5,30.0,0.5,0.00508539006114006,0.3413885831832886,0.3388972282409668,0.3532765507698059,-0.09771335870027542,0.03438004478812218,0.3717603087425232,0.006341669708490372,0.020938972011208534,0.40594521164894104,64,0.0172,0.5,1,0,1,0,0,0.0,,,,,,,0.24070575833320618,0.7640606760978699,2.1470766067504883,0.01826,,-1.0
23,1733,0.4658,24,21,0.0,30.0,0.0,0.005161622539162636,0.407886803150177,0.41062843799591064,0.32812774181365967,-0.09942514449357986,0.025993820279836655,0.36563265323638916,0.005542304366827011,0.019865164533257484,0.34893932938575745,64,0.0104,0.0,0,0,3,0,0,0.0,,,,,,,0.2849352955818176,0.658377468585968,1.9973742961883545,0.01731,,-1.0
24,1824,0.4643,24,21,0.0,30.0,0.0,0.0032436964102089405,0.28955715894699097,0.29130440950393677,1.2306407690048218,-0.09898858517408371,0.0592833086848259,1.2053947448730469,0.003336112480610609,0.011336196213960648,0.3577909469604492,64,0.012,0.0,0,0,2,0,1,1.0,,,,,,,0.27666598558425903,0.6385201215744019,2.054645538330078,0.017,,-1.0
25,1885,0.4628,24,21,0.0,30.0,0.0,0.01111513189971447,0.34088003635406494,0.3338099718093872,0.3532789349555969,-0.09924916923046112,0.024611975997686386,0.3974524736404419,0.006059255450963974,0.01170337200164795,0.3236786723136902,64,0.006,0.0,1,0,1,0,1,1.0,,,,,,,0.30662864446640015,0.5967622995376587,1.9614111185073853,0.01698,,-1.0
26,1976,0.4613,24,21,0.0,30.0,0.0,0.008859965018928051,0.32292571663856506,0.32159072160720825,0.42870059609413147,-0.0994463860988617,0.021278588101267815,0.48049646615982056,0.006532132159918547,0.010186666622757912,0.37423956394195557,64,0.0192,0.0,0,0,2,0,1,1.0,,,,,,,0.2657291889190674,0.6260515451431274,1.9704762697219849,0.0167,,-1.0
27,2066,0.4598,24,21,0.0,30.0,0.0,0.006425095722079277,0.29755789041519165,0.2780892848968506,0.4177273213863373,-0.09799671918153763,0.03771401196718216,0.43082666397094727,0.005457947496324778,0.018938744440674782,0.3610166609287262,64,0.0053,0.0,0,0,3,0,0,0.0,,,,,,,0.2714465260505676,0.6443271040916443,2.0104174613952637,0.01597,,-1.0
28,2128,0.4583,24,21,0.0,0.0,0.0,0.0059905387461185455,0.34231144189834595,0.35365355014801025,0.395440936088562,-0.09957990050315857,0.04329676181077957,0.4011302590370178,0.0054870187304914,0.0145940613001585,0.3314894139766693,64,,0.0,1,0,0,0,2,0.5,,,,,,,0.3004014492034912,0.6820289492607117,2.0334160327911377,0.01598,,-1.0
29,2217,0.4568,24,21,0.0,27.0,0.0,0.004448906518518925,0.2879962921142578,0.28809654712677,0.5206636190414429,-0.097145676612854,0.048610441386699677,0.5132327675819397,0.006138964556157589,0.014711207710206509,0.40967756509780884,64,0.061,0.0,0,0,0,1,2,1.0,,,,,,,0.2371271848678589,0.6508927941322327,2.059542179107666,0.01624,,-1.0
30,2278,0.4554,24,21,0.0,30.0,0.0,0.007661246694624424,0.30613771080970764,0.29760730266571045,0.34283286333084106,-0.09999999403953552,0.022151818498969078,0.39112338423728943,0.005130835343152285,0.014811694622039795,0.3707222640514374,64,0.0052,0.0,1,0,1,0,1,1.0,,,,,,,0.2697437107563019,0.6325305104255676,2.0128517150878906,0.01624,,-1.0
31,2369,0.4539,24,21,0.0,30.0,0.0,0.005677542649209499,0.28967800736427307,0.29627275466918945,0.3480118215084076,-0.09890976548194885,0.0410713255405426,0.3561042249202728,0.006848827935755253,0.017349423840641975,0.4407297670841217,64,0.0112,0.0,0,0,2,0,1,1.0,,,,,,,0.22442270815372467,0.729470431804657,2.0834715366363525,0.01604,,-1.0
32,2461,0.4524,24,21,0.0,30.0,0.0,0.0061955759301781654,0.32190126180648804,0.3253463804721832,0.3107749819755554,-0.09839747846126556,0.02619430050253868,0.3462797999382019,0.006658653263002634,0.021008163690567017,0.48044857382774353,64,0.006,0.0,0,0,1,0,2,1.0,,,,,,,0.20480334758758545,0.6810948252677917,2.1526548862457275,0.01625,,-1.0
33,2553,0.4509,24,21,0.0,30.0,0.0,0.002071271650493145,0.32668203115463257,0.33195269107818604,0.35790061950683594,-0.09908590465784073,0.037404946982860565,0.3742328882217407,0.0024986122734844685,0.015887489542365074,0.42565032839775085,64,0.0076,0.0,0,0,1,0,2,1.0,,,,,,,0.2327870875597,0.6394490003585815,2.106426239013672,0.01645,,-1.0
34,2614,0.4494,24,21,0.0,30.0,0.0,0.008896606042981148,0.26799851655960083,0.269058495759964,0.392976850271225,-0.09877905994653702,0.0618545264005661,0.36057478189468384,0.006097541190683842,0.014944136142730713,0.44321179389953613,64,0.0048,0.0,1,0,1,0,1,1.0,,,,,,,0.22287102043628693,0.611380398273468,2.082820177078247,0.01645,,-1.0
35,2693,0.4479,24,21,0.0,30.0,0.0,0.0053578149527311325,0.27532583475112915,0.2802024185657501,0.4044412076473236,-0.09753341227769852,0.05518624186515808,0.38316792249679565,0.00773394200950861,0.016868386417627335,0.44280099868774414,64,0.0249,0.0,0,0,2,0,1,0.0,,,,,,,0.22026467323303223,0.7325364947319031,2.1434803009033203,0.01597,,-1.0
36,2784,0.4464,24,21,0.0,30.0,0.0,0.00817137397825718,0.2587621510028839,0.26924318075180054,0.3916744887828827,-0.09888581931591034,0.028123987838625908,0.42513957619667053,0.00458099041134119,0.018345551565289497,0.44841381907463074,64,0.0087,0.0,0,0,2,0,1,1.0,,,,,,,0.22052356600761414,0.6512773633003235,1.9631950855255127,0.0158,,-1.0
37,2877,0.4449,24,21,0.0,0.0,0.0,0.004224385134875774,0.31696975231170654,0.30670928955078125,0.4094502329826355,-0.09946533292531967,0.034803420305252075,0.43294307589530945,0.004721284843981266,0.012731310911476612,0.36079174280166626,64,,0.0,0,0,0,0,3,1.0,0.1552,0.8703,0.0,0,47,1,0.27568626403808594,0.6338719725608826,1.858846664428711,0.01634,0.0,0.0
38,2970,0.4435,24,21,0.0,0.0,0.0,0.0038039020728319883,0.28948479890823364,0.27449357509613037,0.344086229801178,-0.09898152947425842,0.027466531842947006,0.3804120719432831,0.004686661530286074,0.015445251949131489,0.4733853340148926,64,,0.0,0,0,0,0,3,0.667,,,,,,,0.209092915058136,0.6911156177520752,1.9085474014282227,0.0165,,0.0
39,3062,0.442,24,21,0.0,30.0,0.0,0.003938587382435799,0.37568461894989014,0.37595683336257935,0.44985342025756836,-0.09855273365974426,0.059588026255369186,0.41918766498565674,0.00545590789988637,0.020084848627448082,0.4619603753089905,64,0.016,0.0,0,0,1,0,2,0.5,,,,,,,0.21333590149879456,0.5827807188034058,2.008741855621338,0.01633,,0.0
40,3123,0.4405,24,21,0.0,30.0,0.0,0.0046745832078158855,0.25861144065856934,0.24581873416900635,0.3953215479850769,-0.0993264764547348,0.03802289068698883,0.41151440143585205,0.006345266941934824,0.014175666496157646,0.4447573721408844,64,0.0186,0.0,1,0,1,0,1,1.0,,,,,,,0.22332732379436493,0.7001659274101257,1.8937053680419922,0.01633,,0.0
41,3215,0.439,24,21,0.0,30.0,0.0,0.003913182765245438,0.2875683307647705,0.29064586758613586,0.5946911573410034,-0.09688764065504074,0.053506892174482346,0.5767938494682312,0.003921243827790022,0.01554225105792284,0.5152978301048279,64,0.0282,0.0,0,0,1,0,2,1.0,,,,,,,0.18802261352539062,0.6436771154403687,2.0868866443634033,0.01649,,0.0
42,3299,0.4375,24,21,0.0,0.0,0.0,0.003713600104674697,0.29803723096847534,0.306221067905426,0.4013001620769501,-0.09745834022760391,0.06057274341583252,0.37065058946609497,0.004668818786740303,0.013924838975071907,0.48630291223526,64,,0.0,0,0,0,0,3,0.667,,,,,,,0.20040667057037354,0.6700944900512695,1.9919636249542236,0.01667,,0.0
43,3389,0.436,24,21,0.0,30.0,0.0,0.004803878255188465,0.23367127776145935,0.23005004227161407,0.37731093168258667,-0.0988743007183075,0.04160558059811592,0.3835747241973877,0.0065172091126441956,0.01879872940480709,0.49062758684158325,64,0.0094,0.0,0,0,2,0,1,0.0,,,,,,,0.20152617990970612,0.6892915964126587,2.0631096363067627,0.01623,,0.0
44,3481,0.4345,24,21,1.0,30.0,1.0,0.007005361840128899,0.3434911072254181,0.3658142685890198,0.5805938243865967,-0.097673699259758,0.03220238909125328,0.6085882186889648,0.004911692347377539,0.010549110360443592,0.4326232075691223,64,0.0128,1.0,0,0,0,0,2,1.0,,,,,,,0.22577084600925446,0.6373957991600037,1.947092056274414,0.01666,,0.0
45,3573,0.433,24,21,0.0,30.0,0.0,0.0063174148090183735,0.32899826765060425,0.33623751997947693,0.5070975422859192,-0.09665874391794205,0.02720661088824272,0.5408229827880859,0.003746279515326023,0.017040088772773743,0.4396107792854309,64,0.0051,0.0,0,0,1,0,2,1.0,,,,,,,0.21987345814704895,0.6360779404640198,1.9122744798660278,0.01679,,0.0
46,3633,0.4315,24,21,0.0,30.0,0.0,0.003829036373645067,0.3360674977302551,0.3359062969684601,0.3416367769241333,-0.09944009780883789,0.038541123270988464,0.355808287858963,0.004101405385881662,0.016372689977288246,0.4030897319316864,64,0.0098,0.0,1,0,2,0,0,0.0,,,,,,,0.2466946840286255,0.7081794738769531,2.0210351943969727,0.01652,,0.0
47,3715,0.4301,24,21,0.0,27.0,0.0,0.003337674308568239,0.3185920715332031,0.3129245936870575,0.6462351679801941,-0.09868910908699036,0.03588954359292984,0.6642645001411438,0.004828991834074259,0.01776130311191082,0.4291093349456787,64,0.006,0.0,0,0,1,1,1,0.0,,,,,,,0.22998593747615814,0.6829103231430054,1.8753278255462646,0.01615,,0.0
48,3805,0.4286,24,21,0.3333,30.0,0.3333,0.007387526333332062,0.3085804879665375,0.3019184470176697,0.3474268615245819,-0.09920872747898102,0.03090379759669304,0.3789312243461609,0.007449629250913858,0.011793580837547779,0.43120527267456055,64,0.0121,0.667,0,1,1,0,0,0.0,,,,,,,0.23007309436798096,0.6096920371055603,2.1143603324890137,0.01603,,0.0
49,3865,0.4271,24,21,0.0,30.0,0.0,0.005236001685261726,0.2738800644874573,0.2851550579071045,0.36063921451568604,-0.09653489291667938,0.026272565126419067,0.39331239461898804,0.004693365655839443,0.022633187472820282,0.49726325273513794,64,0.0046,0.0,1,0,1,0,1,0.0,,,,,,,0.19413235783576965,0.6943429708480835,2.1164517402648926,0.01578,,0.0
50,3955,0.4256,24,21,0.0,30.0,0.0,0.006028970703482628,0.28656506538391113,0.3089657127857208,1.0062065124511719,-0.09874476492404938,0.053755998611450195,0.9893835783004761,0.004875155631452799,0.0161113478243351,0.44309672713279724,64,0.0063,0.0,0,0,3,0,0,0.0,,,,,,,0.2228514850139618,0.6635030508041382,2.0775673389434814,0.01542,,0.0
51,4046,0.4241,24,21,0.0,30.0,0.0,0.004775067791342735,0.29154253005981445,0.3041561245918274,0.31043845415115356,-0.09476315230131149,0.026760350912809372,0.3449227511882782,0.003865142585709691,0.013516322709619999,0.6168164610862732,64,0.0183,0.0,0,0,2,0,1,1.0,,,,,,,0.15363267064094543,0.6766289472579956,2.05228590965271,0.01532,,0.0
52,4137,0.4226,24,21,0.0,30.0,0.0,0.004978802055120468,0.2632601261138916,0.26659566164016724,0.3633279502391815,-0.09880110621452332,0.04767768830060959,0.36067357659339905,0.004830006510019302,0.012200181372463703,0.5538815855979919,64,0.006,0.0,0,0,2,0,1,1.0,,,,,,,0.17837947607040405,0.6899794936180115,1.9611096382141113,0.01523,,0.0
53,4228,0.4211,24,21,0.0,0.0,0.0,0.006353490054607391,0.24527408182621002,0.2512739300727844,0.3792293965816498,-0.09852251410484314,0.024087373167276382,0.4201919436454773,0.00536589277908206,0.018770480528473854,0.47592970728874207,64,,0.0,0,0,0,0,3,0.333,,,,,,,0.2070106416940689,0.7496983408927917,2.084859609603882,0.01514,,0.0
54,4320,0.4196,24,21,0.0,30.0,0.0,0.003430031705647707,0.2627337574958801,0.27291616797447205,0.37599658966064453,-0.09964894503355026,0.04596734046936035,0.3782692551612854,0.003908520098775625,0.010883217677474022,0.5054543018341064,64,0.0067,0.0,0,0,1,0,2,1.0,,,,,,,0.19714727997779846,0.5952688455581665,2.095707416534424,0.01528,,0.0
55,4410,0.4182,24,21,0.0,30.0,0.0,0.004104673862457275,0.29986345767974854,0.3035964369773865,0.34697526693344116,-0.09931745380163193,0.03210486099123955,0.3723381459712982,0.004241349641233683,0.019489705562591553,0.514558732509613,64,0.0166,0.0,0,0,3,0,0,0.0,,,,,,,0.19301480054855347,0.6145471334457397,2.1075124740600586,0.01497,,0.0
56,4472,0.4167,24,21,0.0,0.0,0.0,0.007223175372928381,0.3076649606227875,0.31059709191322327,0.32283174991607666,-0.09871722012758255,0.033302318304777145,0.34823206067085266,0.003606559010222554,0.013424517586827278,0.5983425378799438,64,,0.0,1,0,0,0,2,1.0,,,,,,,0.16498443484306335,0.6579095721244812,2.0893735885620117,0.01521,,0.0
57,4563,0.4152,24,21,0.0,30.0,0.0,0.005155477207154036,0.24821153283119202,0.23011718690395355,0.6875635981559753,-0.09923677146434784,0.03844555839896202,0.7027291059494019,0.004951261915266514,0.014360297471284866,0.4688434600830078,64,0.0091,0.0,0,0,2,0,1,1.0,,,,,,,0.2116629183292389,0.6367651224136353,2.0862276554107666,0.01512,,0.0
58,4654,0.4137,24,21,0.0,30.0,0.0,0.00315265404060483,0.2623995542526245,0.2581251561641693,0.5776049494743347,-0.09781109541654587,0.036930106580257416,0.594423770904541,0.002658466575667262,0.014264050871133804,0.4949159622192383,64,0.0103,0.0,0,0,2,0,1,1.0,,,,,,,0.19763171672821045,0.6351463794708252,2.0309715270996094,0.01504,,0.0
59,4714,0.4122,24,21,0.0,30.0,0.0,0.0047500282526016235,0.23914985358715057,0.2432149350643158,0.4565044939517975,-0.09886649250984192,0.04590081423521042,0.4574006199836731,0.0029486934654414654,0.012337486259639263,0.46005550026893616,64,0.0079,0.0,1,0,2,0,0,0.0,,,,,,,0.21490123867988586,0.6097025871276855,2.042755126953125,0.01485,,0.0
60,4744,0.4107,24,20,0.0,30.0,0.0,0.004391901660710573,0.26207321882247925,0.24154484272003174,0.3455545902252197,-0.09903620183467865,0.0430915467441082,0.3503713607788086,0.003441469045355916,0.01607268489897251,0.5402922034263611,64,0.0104,0.0,2,0,1,0,0,0.0,,,,,,,0.1833011955022812,0.6378042101860046,2.1474106311798096,0.01476,,0.0
61,4803,0.4092,24,20,0.0,0.0,0.0,0.003570946864783764,0.24643853306770325,0.24224849045276642,0.5557472109794617,-0.09887465089559555,0.026881670579314232,0.5931357145309448,0.0027922263834625483,0.01544557698071003,0.5372363328933716,64,,0.0,1,0,0,0,2,0.5,,,,,,,0.18404310941696167,0.651047945022583,1.9901738166809082,0.01478,,0.0
62,4863,0.4077,24,20,0.0,30.0,0.0,0.004710191860795021,0.2371879518032074,0.2311352640390396,0.47084173560142517,-0.09931119531393051,0.030217554420232773,0.5023355484008789,0.004430679138749838,0.014764553867280483,0.5379411578178406,64,0.0161,0.0,1,0,2,0,0,0.0,,,,,,,0.18461349606513977,0.6498192548751831,1.985053539276123,0.0146,,0.0
63,4924,0.4062,24,20,0.0,30.0,0.0,0.006911218632012606,0.2477230280637741,0.2360888570547104,0.35502320528030396,-0.09974485635757446,0.03810042142868042,0.3720049560070038,0.0038258929271250963,0.013124510645866394,0.45490700006484985,64,0.0053,0.0,1,0,1,0,1,1.0,,,,,,,0.21926428377628326,0.6537688374519348,2.1471126079559326,0.01462,,0.0
64,5015,0.4048,24,20,0.0,30.0,0.0,0.00838315486907959,0.2533195912837982,0.27923905849456787,0.35041549801826477,-0.09734734147787094,0.030361484736204147,0.3757142424583435,0.003201305866241455,0.022651229053735733,0.5414296984672546,64,0.0122,0.0,0,0,2,0,1,1.0,,,,,,,0.17979682981967926,0.5859451293945312,2.0914969444274902,0.01456,,0.0
65,5046,0.4033,24,20,0.0,0.0,0.0,0.0032048500142991543,0.25541889667510986,0.2521294057369232,0.4446284770965576,-0.09881591796875,0.04185694456100464,0.4532841444015503,0.003911840263754129,0.01289274636656046,0.5490491986274719,64,,0.0,2,0,0,0,1,1.0,,,,,,,0.1799764335155487,0.6942189931869507,2.024327516555786,0.01467,,0.0
66,5138,0.4018,24,20,0.0,30.0,0.0,0.0034618887584656477,0.2619549632072449,0.26730644702911377,0.4053725600242615,-0.09782712161540985,0.03523405268788338,0.42473429441452026,0.0032596178352832794,0.015994522720575333,0.5414054989814758,64,0.005,0.0,0,0,1,0,2,0.5,,,,,,,0.18069103360176086,0.686508297920227,2.055095672607422,0.0146,,0.0
67,5198,0.4003,24,20,0.0,30.0,0.0,0.00871910247951746,0.2687409222126007,0.25897085666656494,0.3889709711074829,-0.0980280339717865,0.02622978389263153,0.4265340566635132,0.0023726855870336294,0.016010768711566925,0.6425210237503052,64,0.0133,0.0,1,0,2,0,0,0.0,,,,,,,0.1525678187608719,0.6835512518882751,2.0985193252563477,0.01443,,0.0
68,5229,0.3988,24,20,0.0,0.0,0.0,0.0037088487297296524,0.2600609064102173,0.24477607011795044,0.5490115880966187,-0.09714242070913315,0.03134463354945183,0.5778520107269287,0.0035984772257506847,0.01122549083083868,0.5574245452880859,64,,0.0,2,0,0,0,1,1.0,,,,,,,0.17427009344100952,0.6495113372802734,1.9379920959472656,0.01453,,0.0
69,5321,0.3973,24,20,0.0,0.0,0.0,0.0043092225678265095,0.28555893898010254,0.28642910718917847,0.36249345541000366,-0.09746454656124115,0.026017388328909874,0.4016742706298828,0.0027011733036488295,0.012497876770794392,0.6851043701171875,64,,0.0,0,0,0,0,3,0.667,,,,,,,0.1422623246908188,0.6304916143417358,1.981391191482544,0.01466,,0.0
70,5411,0.3958,24,20,0.0,30.0,0.0,0.004684268031269312,0.21180695295333862,0.2185765504837036,0.4388529062271118,-0.09695205092430115,0.02661040984094143,0.4756675362586975,0.0033121861051768064,0.013833209872245789,0.5851302146911621,64,0.0146,0.0,0,0,3,0,0,0.0,,,,,,,0.16569311916828156,0.6235897541046143,1.9806644916534424,0.01442,,0.0
71,5472,0.3943,24,20,0.0,30.0,0.0,0.00688115693628788,0.21306554973125458,0.19777601957321167,0.2920530438423157,-0.0974755585193634,0.026254616677761078,0.3307395577430725,0.004217648878693581,0.0125596784055233,0.5855786800384521,64,0.0183,0.0,1,0,1,0,1,1.0,,,,,,,0.16646021604537964,0.7657944560050964,2.2387218475341797,0.01444,,0.0
72,5502,0.3929,24,20,0.0,30.0,0.0,0.0033733337186276913,0.23830977082252502,0.2360749989748001,0.35645315051078796,-0.09746120870113373,0.02670913003385067,0.3937709927558899,0.0021562448237091303,0.013450202532112598,0.5628709197044373,64,0.0048,0.0,2,0,1,0,0,0.0,,,,,,,0.1731501817703247,0.6850544214248657,1.9879683256149292,0.01436,,0.0
73,5563,0.3914,24,20,0.0,30.0,0.0,0.003193991258740425,0.2940201163291931,0.29465439915657043,0.4164620637893677,-0.09736669063568115,0.0370643213391304,0.43366920948028564,0.00215748674236238,0.012061831541359425,0.5769039392471313,64,0.0251,0.0,1,0,1,0,1,1.0,,,,,,,0.1687745302915573,0.6852290034294128,2.1237916946411133,0.01438,,0.0
74,5623,0.3899,24,20,0.0,30.0,0.0,0.0051728831604123116,0.23168259859085083,0.224456325173378,0.38447028398513794,-0.09646573662757874,0.04960571974515915,0.37210068106651306,0.0025223195552825928,0.019247757270932198,0.6765376329421997,64,0.0096,0.0,1,0,2,0,0,0.0,0.1779,0.7749,0.0,0,48,0,0.14258739352226257,0.6115638017654419,2.057237148284912,0.01423,0.0,0.0
75,5684,0.3884,24,20,0.0,30.0,0.0,0.004648998379707336,0.2564472556114197,0.25559335947036743,0.33203673362731934,-0.09707733243703842,0.019187873229384422,0.3835355043411255,0.0036825910210609436,0.014405586756765842,0.6222392916679382,64,0.0151,0.0,1,0,1,0,1,1.0,,,,,,,0.1560128629207611,0.5750438570976257,2.028512954711914,0.01425,,0.0
76,5745,0.3869,24,20,1.0,30.0,1.0,0.005508746951818466,0.2648184597492218,0.2712433636188507,0.4298170506954193,-0.0945543646812439,0.03561663255095482,0.4466744065284729,0.004108216613531113,0.012927467003464699,0.5827226042747498,64,0.0082,1.0,1,0,0,0,1,1.0,,,,,,,0.16226309537887573,0.6781019568443298,2.0509560108184814,0.01445,,0.0
77,5836,0.3854,24,20,0.0,30.0,0.0,0.004313081502914429,0.21262672543525696,0.2157978117465973,0.36047449707984924,-0.09730214625597,0.023932527750730515,0.40051594376564026,0.0034517268650233746,0.01879124902188778,0.7529491186141968,64,0.0304,0.0,0,0,2,0,1,1.0,,,,,,,0.12922805547714233,0.7658478617668152,1.923302173614502,0.01439,,0.0
78,5928,0.3839,24,20,0.0,30.0,0.0,0.004574265331029892,0.25527194142341614,0.26974594593048096,0.3567247688770294,-0.09536989033222198,0.03559204190969467,0.3720133602619171,0.003676916239783168,0.01779443770647049,0.6774542927742004,64,0.0283,0.0,0,0,1,0,2,0.5,,,,,,,0.1407768726348877,0.6108188629150391,2.0727014541625977,0.01434,,0.0
79,6020,0.3824,24,20,0.0,30.0,0.0,0.003291076049208641,0.24362421035766602,0.24564813077449799,0.3349340260028839,-0.0951499342918396,0.026676826179027557,0.3729032278060913,0.0027892887592315674,0.007654127199202776,0.6377155184745789,64,0.0623,0.0,0,0,1,0,2,0.5,,,,,,,0.1492043435573578,0.6678258180618286,2.1117923259735107,0.01429,,0.0
80,6082,0.381,24,20,0.0,0.0,0.0,0.0041086189448833466,0.21397072076797485,0.21051475405693054,0.34891319274902344,-0.09734353423118591,0.02211996726691723,0.39456504583358765,0.003442169865593314,0.014903457835316658,0.6317570209503174,64,,0.0,1,0,0,0,2,1.0,,,,,,,0.15408383309841156,0.6666185855865479,2.0964198112487793,0.01447,,0.0
81,6173,0.3795,24,20,0.0,30.0,0.0,0.0034419319126755,0.2322937548160553,0.23535311222076416,0.3988634943962097,-0.09870919585227966,0.012459499761462212,0.46784940361976624,0.0035523746628314257,0.009608548134565353,0.6445555686950684,64,0.0344,0.0,0,0,2,0,1,1.0,,,,,,,0.1531430333852768,0.5781756639480591,1.9755959510803223,0.01442,,0.0
82,6226,0.378,24,20,0.0,30.0,0.0,0.0038471706211566925,0.20294463634490967,0.2112622857093811,1.115584373474121,-0.09855657815933228,0.06294506043195724,1.0817054510116577,0.0028673724737018347,0.013090770691633224,0.6682826280593872,64,0.016,0.0,1,0,1,0,1,0.0,,,,,,,0.147477388381958,0.6601175665855408,1.997762680053711,0.01429,,0.0
83,6287,0.3765,24,20,0.0,30.0,0.0,0.004423786886036396,0.2373553365468979,0.247022345662117,0.3548092246055603,-0.09674936532974243,0.04267987608909607,0.3583630621433258,0.004327804781496525,0.015671556815505028,0.6625851988792419,64,0.0059,0.0,1,0,1,0,1,1.0,,,,,,,0.14601799845695496,0.6735284328460693,2.1049447059631348,0.01432,,0.0
84,6348,0.375,24,20,0.0,30.0,0.0,0.004352731630206108,0.2008761465549469,0.19415265321731567,0.34619656205177307,-0.09761165082454681,0.034525152295827866,0.36835888028144836,0.002164998324587941,0.012798089534044266,0.69590824842453,64,0.0096,0.0,1,0,1,0,1,0.0,,,,,,,0.14026512205600739,0.6045398712158203,2.0125584602355957,0.01418,,0.0
85,6440,0.3735,24,20,1.0,30.0,1.0,0.004650548100471497,0.24724091589450836,0.26563096046447754,0.4239993095397949,-0.09534049779176712,0.05787474662065506,0.3944001793861389,0.0029895619954913855,0.018380293622612953,0.7654663920402527,64,0.0104,1.0,0,0,0,0,2,1.0,,,,,,,0.1245521679520607,0.6979135870933533,2.124955415725708,0.01444,,0.0
86,6524,0.372,24,20,0.0,22.0,0.0,0.0045592100359499454,0.27268803119659424,0.2625746726989746,0.4685162901878357,-0.09950172901153564,0.027135362848639488,0.50608229637146,0.0040184566751122475,0.015330003574490547,0.6078773140907288,64,,0.0,0,0,0,1,2,1.0,,,,,,,0.16368718445301056,0.6207172274589539,2.1592321395874023,0.01456,,0.0
87,6555,0.3705,24,20,0.0,0.0,0.0,0.003075262065976858,0.24210606515407562,0.24565337598323822,0.345253586769104,-0.09984132647514343,0.025936797261238098,0.3858870267868042,0.002723815618082881,0.014668558724224567,0.62672358751297,64,,0.0,2,0,0,0,1,1.0,,,,,,,0.15930679440498352,0.7656040191650391,2.085571050643921,0.01465,,0.0
88,6616,0.369,24,20,0.0,30.0,0.0,0.0056679765693843365,0.24053075909614563,0.23765715956687927,0.37173008918762207,-0.09679702669382095,0.026920733973383904,0.40881645679473877,0.0030399884562939405,0.011738358065485954,0.695229709148407,64,0.0054,0.0,1,0,1,0,1,1.0,,,,,,,0.13923028111457825,0.6070022583007812,1.9991216659545898,0.01466,,0.0
89,6677,0.3676,24,20,0.0,30.0,0.0,0.00352448970079422,0.2364504039287567,0.2385164499282837,0.318651407957077,-0.09834054857492447,0.03098004125058651,0.34809911251068115,0.00284987548366189,0.013865543529391289,0.6542832255363464,64,0.0046,0.0,1,0,1,0,1,1.0,,,,,,,0.1503027081489563,0.5794717669487,2.076477527618408,0.01468,,0.0
90,6739,0.3661,24,20,0.0,0.0,0.0,0.004720715805888176,0.22971545159816742,0.23040154576301575,0.33920997381210327,-0.09736394882202148,0.02651926502585411,0.3777600824832916,0.0022747106850147247,0.011550607159733772,0.7332648038864136,64,,0.0,1,0,0,0,2,1.0,,,,,,,0.13278144598007202,0.5870644450187683,2.1528403759002686,0.01484,,0.0
91,6832,0.3646,24,20,0.0,0.0,0.0,0.0028009547386318445,0.2707122266292572,0.276878297328949,0.35166430473327637,-0.09678240120410919,0.02251412533223629,0.3964257836341858,0.0019193283515051007,0.013985365629196167,0.6453313827514648,64,,0.0,0,0,0,0,3,1.0,,,,,,,0.14997316896915436,0.6007733941078186,2.0075764656066895,0.01508,,0.0
92,6893,0.3631,24,20,0.0,30.0,0.0,0.00399094307795167,0.2430378943681717,0.2335963249206543,0.34114325046539307,-0.09595683217048645,0.03419150412082672,0.3628225028514862,0.0029604993760585785,0.011789125390350819,0.7766655683517456,64,0.0046,0.0,1,0,1,0,1,1.0,,,,,,,0.12354975193738937,0.6605226993560791,1.952654242515564,0.01509,,0.0
93,6982,0.3616,24,20,0.0,27.0,0.0,0.005402250215411186,0.2177768349647522,0.19761641323566437,0.5842915177345276,-0.098528191447258,0.05702096223831177,0.5617880821228027,0.0015003669541329145,0.013979476876556873,0.6245731711387634,64,0.0604,0.0,0,0,0,1,2,1.0,,,,,,,0.1577528417110443,0.6131399273872375,2.0719101428985596,0.01518,,0.0
94,7043,0.3601,24,20,0.0,30.0,0.0,0.0045241680927574635,0.22266221046447754,0.21672996878623962,0.351986289024353,-0.09820719063282013,0.03641796484589577,0.3713982105255127,0.0017467370489612222,0.011918666772544384,0.7051536440849304,64,0.0262,0.0,1,0,1,0,1,1.0,,,,,,,0.13927061855793,0.6240216493606567,2.0240674018859863,0.01519,,0.0
95,7134,0.3586,24,20,0.0,30.0,0.0,0.008497972972691059,0.2609032690525055,0.2505476474761963,0.4157896637916565,-0.0933132991194725,0.040797412395477295,0.41905635595321655,0.0020945698488503695,0.016903553158044815,0.7972356677055359,64,0.0084,0.0,0,0,2,0,1,1.0,,,,,,,0.117046058177948,0.6326639652252197,2.050112247467041,0.01514,,0.0
96,7226,0.3571,24,20,0.0,30.0,0.0,0.0034567643888294697,0.27903780341148376,0.28189319372177124,0.36227861046791077,-0.09842851758003235,0.024518415331840515,0.4059048295021057,0.0022598004434257746,0.011530911549925804,0.6013712286949158,64,0.0149,0.0,0,0,1,0,2,1.0,,,,,,,0.16367346048355103,0.612228512763977,2.0098962783813477,0.01522,,0.0
97,7256,0.3557,24,20,0.0,30.0,0.0,0.0044088419526815414,0.20541313290596008,0.19682633876800537,0.38184264302253723,-0.09790365397930145,0.019710460677742958,0.4349507689476013,0.0034902722109109163,0.010749238543212414,0.6828050017356873,64,0.0049,0.0,2,0,1,0,0,0.0,,,,,,,0.14338450133800507,0.6649569272994995,1.9444912672042847,0.01516,,0.0
98,7348,0.3542,24,20,0.0,30.0,0.0,0.004789035301655531,0.28087642788887024,0.26521581411361694,0.3990641236305237,-0.09852069616317749,0.032825954258441925,0.4253908097743988,0.002487811027094722,0.01308418158441782,0.6963804960250854,64,0.0227,0.0,0,0,1,0,2,1.0,,,,,,,0.1414753794670105,0.6191372275352478,2.0138885974884033,0.01524,,0.0
99,7439,0.3527,24,20,0.0,30.0,0.0,0.003488464280962944,0.18826264142990112,0.1939360350370407,0.43197739124298096,-0.09459342062473297,0.022368736565113068,0.47359499335289,0.0019975670147687197,0.016476700082421303,0.7582768797874451,64,0.0104,0.0,0,0,2,0,1,1.0,,,,,,,0.1247478723526001,0.6561075448989868,2.0751454830169678,0.01519,,0.0
100,7524,0.3512,24,20,0.0,30.0,0.0,0.004131628200411797,0.21995624899864197,0.20811638236045837,0.35784730315208435,-0.09786981344223022,0.034535400569438934,0.38054606318473816,0.0028893130365759134,0.01220055390149355,0.7452653646469116,64,0.0318,1.0,0,1,0,0,2,0.5,,,,,,,0.13132210075855255,0.5842798948287964,2.0749130249023438,0.01515,,0.0
101,7615,0.3497,24,19,0.0,30.0,0.0,0.003599583636969328,0.2291582077741623,0.23416434228420258,0.37855714559555054,-0.09717250615358353,0.023727765306830406,0.4203040897846222,0.0023932703770697117,0.015940051525831223,0.7255658507347107,64,0.008,0.0,0,0,2,0,1,1.0,,,,,,,0.13392651081085205,0.5855351686477661,2.0532784461975098,0.0151,,0.0
102,7708,0.3482,24,19,0.0,0.0,0.0,0.0036860103718936443,0.2684394121170044,0.2669571042060852,0.38352417945861816,-0.09931826591491699,0.0264130886644125,0.4251450300216675,0.0032825928647071123,0.00974250864237547,0.4987938404083252,64,,0.0,0,0,0,0,3,1.0,,,,,,,0.19911685585975647,0.588326096534729,2.03054141998291,0.01531,,0.0
103,7792,0.3467,24,19,0.0,28.0,0.0,0.003052567597478628,0.22998598217964172,0.23180343210697174,0.3732472062110901,-0.09683820605278015,0.029317885637283325,0.4039370119571686,0.0023959921672940254,0.015025238506495953,0.7482272386550903,64,0.0243,0.0,0,0,2,1,0,0.0,,,,,,,0.12942351400852203,0.6161730885505676,1.9922525882720947,0.01514,,0.0
104,7852,0.3452,24,19,0.0,30.0,0.0,0.005218909587711096,0.20954343676567078,0.19344431161880493,0.3340126872062683,-0.09515319764614105,0.028270035982131958,0.3661257028579712,0.0029658495914191008,0.01300025638192892,0.6391799449920654,64,0.0077,0.0,1,0,2,0,0,0.0,,,,,,,0.1488676369190216,0.6376792192459106,2.0897085666656494,0.01503,,0.0
105,7944,0.3438,24,19,1.0,30.0,1.0,0.004214444663375616,0.22560137510299683,0.22790098190307617,0.2760638892650604,-0.09791195392608643,0.016033537685871124,0.33827829360961914,0.001630050945095718,0.007260993123054504,0.6984491348266602,64,0.0125,1.0,0,0,0,0,2,1.0,,,,,,,0.14018481969833374,0.5865570902824402,2.0620548725128174,0.01523,,0.0
106,8005,0.3423,24,19,0.0,30.0,0.0,0.0027900757268071175,0.229542076587677,0.22255317866802216,0.35656261444091797,-0.09910208731889725,0.016310442239046097,0.4182090759277344,0.0024254077579826117,0.009669467806816101,0.6151618957519531,64,0.0546,0.0,1,0,1,0,1,1.0,,,,,,,0.16109921038150787,0.6913840770721436,2.038942813873291,0.01524,,0.0
107,8095,0.3408,24,19,0.0,30.0,0.0,0.003272257512435317,0.24110522866249084,0.2364661991596222,0.3292258679866791,-0.09467644989490509,0.01958375982940197,0.37792885303497314,0.002443939447402954,0.01361189503222704,0.8070186972618103,64,0.0204,0.0,0,0,3,0,0,0.0,,,,,,,0.11731630563735962,0.6400320529937744,2.0831408500671387,0.01507,,0.0
108,8187,0.3393,24,19,0.0,30.0,0.0,0.0038550635799765587,0.23931089043617249,0.23904868960380554,0.36219683289527893,-0.09978364408016205,0.012236101552844048,0.4308306574821472,0.0019830099772661924,0.013355222530663013,0.6023919582366943,64,0.0075,0.0,0,0,1,0,2,1.0,,,,,,,0.16564571857452393,0.600233256816864,1.9955391883850098,0.01515,,0.0
109,8278,0.3378,24,19,0.0,30.0,0.0,0.005100584588944912,0.22108153998851776,0.2146129012107849,0.35531747341156006,-0.09828139841556549,0.03841347619891167,0.3681994676589966,0.00274214637465775,0.01714489795267582,0.6562513709068298,64,0.014,0.0,0,0,2,0,1,1.0,,,,,,,0.14976182579994202,0.645217776298523,2.076315402984619,0.0151,,0.0
110,8369,0.3363,24,19,0.0,30.0,0.0,0.004308940842747688,0.24671566486358643,0.2522076666355133,0.32885420322418213,-0.09861838072538376,0.024538323283195496,0.372396856546402,0.002026580972597003,0.011998195201158524,0.6623098254203796,64,0.0059,0.0,0,0,1,0,2,0.5,,,,,,,0.14890065789222717,0.591158390045166,2.005876064300537,0.01506,,0.0
111,8460,0.3348,24,19,0.0,30.0,0.0,0.0037821889854967594,0.25781959295272827,0.24703222513198853,0.320823073387146,-0.09775112569332123,0.030070757493376732,0.35167616605758667,0.0019638880621641874,0.013513000681996346,0.7254577875137329,64,0.0253,0.0,0,0,2,0,1,1.0,0.1158,0.7188,0.042,1,44,2,0.1347440779209137,0.640639066696167,2.1273298263549805,0.01501,0.0208,0.0208
112,8551,0.3333,24,19,0.5,30.0,0.5,0.0038451170548796654,0.21356672048568726,0.20308256149291992,0.3982108235359192,-0.0994252860546112,0.036174651235342026,0.4198680818080902,0.0021386444568634033,0.010837447829544544,0.6129017472267151,64,0.0047,0.5,0,0,1,0,1,1.0,,,,,,,0.16222061216831207,0.6870846152305603,2.031338930130005,0.01509,,0.0208
113,8613,0.3318,24,19,0.0,0.0,0.0,0.00424712710082531,0.21361784636974335,0.20686562359333038,0.31062379479408264,-0.09837649017572403,0.023594260215759277,0.3552210032939911,0.0019499515183269978,0.013181529939174652,0.7262125611305237,64,,0.0,1,0,0,0,2,1.0,,,,,,,0.13546514511108398,0.639289915561676,2.082151174545288,0.01521,,0.0208
114,8705,0.3304,24,19,0.0,30.0,0.0,0.005581036675721407,0.1952756941318512,0.1798735111951828,0.3543092608451843,-0.099508136510849,0.03676743805408478,0.3725058436393738,0.002363522769883275,0.015553344041109085,0.7193103432655334,64,0.0086,0.0,0,0,1,0,2,1.0,,,,,,,0.13833825290203094,0.6317762136459351,2.1089322566986084,0.01528,,0.0208
115,8766,0.3289,24,19,0.0,0.0,0.0,0.0032587682362645864,0.19488465785980225,0.18853910267353058,0.3430125117301941,-0.09939521551132202,0.019786324352025986,0.3953503966331482,0.0017949595348909497,0.014969359152019024,0.6816865801811218,64,,0.0,1,0,0,0,2,0.5,,,,,,,0.14580780267715454,0.6172805428504944,2.1063072681427,0.01529,,0.0208
116,8857,0.3274,24,19,0.0,30.0,0.0,0.004863856825977564,0.24547621607780457,0.2568305432796478,0.5289298892021179,-0.09341074526309967,0.024433650076389313,0.5684295296669006,0.002987111220136285,0.010087563656270504,0.7924405932426453,64,0.0142,0.0,0,0,2,0,1,1.0,,,,,,,0.1178772896528244,0.6828617453575134,1.9673285484313965,0.01524,,0.0208
117,8888,0.3259,24,19,0.0,0.0,0.0,0.0038311458192765713,0.20355342328548431,0.1989687979221344,0.3700679838657379,-0.0978308767080307,0.031566303223371506,0.40082231163978577,0.0028996963519603014,0.007887872867286205,0.78644198179245,64,,0.0,2,0,0,0,1,1.0,,,,,,,0.12439681589603424,0.6710772514343262,2.0064902305603027,0.0153,,0.0208
118,8981,0.3244,24,19,0.0,0.0,0.0,0.0027678473852574825,0.2579975724220276,0.25523996353149414,0.29699042439460754,-0.09793023765087128,0.029113449156284332,0.33159947395324707,0.0016461284831166267,0.010188606567680836,0.7219371199607849,64,,0.0,0,0,0,0,3,0.667,,,,,,,0.13564926385879517,0.6180917620658875,2.1074533462524414,0.01537,,0.0208
119,9071,0.3229,24,19,0.0,30.0,0.0,0.003050721250474453,0.22682948410511017,0.23888197541236877,0.6099036931991577,-0.09814958274364471,0.02295263670384884,0.6573806405067444,0.002148212632164359,0.009534756653010845,0.7220351696014404,64,0.0207,0.0,0,0,3,0,0,0.0,,,,,,,0.13593462109565735,0.7210434675216675,1.9727191925048828,0.01521,,0.0208
120,9131,0.3214,24,19,0.0,30.0,0.0,0.003241201862692833,0.26454466581344604,0.264856219291687,0.35706016421318054,-0.09795278310775757,0.015444843098521233,0.4181167483329773,0.0021477185655385256,0.012013024650514126,0.7311486601829529,64,0.0151,0.0,1,0,2,0,0,0.0,,,,,,,0.13397110998630524,0.62325119972229,1.9991295337677002,0.01511,,0.0208
121,9217,0.3199,24,19,0.0,27.5,0.0,0.002281405031681061,0.23655173182487488,0.24249649047851562,0.4071674048900604,-0.09338877350091934,0.07459849119186401,0.34337911009788513,0.0018652346916496754,0.015960153192281723,1.029075026512146,64,0.0486,0.0,0,0,1,1,1,1.0,,,,,,,0.09075020998716354,0.56287682056427,2.0949971675872803,0.01508,,0.0208
122,9307,0.3185,24,19,0.0,30.0,0.0,0.005360856652259827,0.1957133710384369,0.19464164972305298,0.47990280389785767,-0.09642491489648819,0.04796797037124634,0.4739740490913391,0.002292004879564047,0.012835423462092876,0.7579171657562256,64,0.0359,0.0,0,0,3,0,0,0.0,,,,,,,0.12722355127334595,0.6389614343643188,1.914078950881958,0.01493,,0.0208
123,9399,0.317,24,19,0.0,30.0,0.0,0.002605288289487362,0.25374945998191833,0.253756582736969,0.44392019510269165,-0.09421415627002716,0.05234132334589958,0.4276700019836426,0.0017861096421256661,0.011563447304069996,0.7203674912452698,64,0.0046,0.0,0,0,1,0,2,0.5,,,,,,,0.1307862401008606,0.5994834899902344,2.0239903926849365,0.0149,,0.0208
124,9491,0.3155,24,19,0.0,30.0,0.0,0.003737736027687788,0.21111524105072021,0.2014882117509842,0.33710405230522156,-0.09591677784919739,0.01962827704846859,0.3871971666812897,0.003382316790521145,0.013134214095771313,0.7858747839927673,64,0.0082,0.0,0,0,1,0,2,1.0,,,,,,,0.12205097079277039,0.6572595834732056,2.087852954864502,0.01496,,0.0208
125,9551,0.314,24,19,0.0,30.0,0.0,0.004073672462254763,0.21566477417945862,0.2170524299144745,1.1956359148025513,-0.09126707166433334,0.04350394755601883,1.1941475868225098,0.0020375868771225214,0.011495223268866539,0.7524653673171997,64,0.0318,0.0,1,0,2,0,0,0.0,,,,,,,0.12129072844982147,0.60907381772995,2.0152981281280518,0.01487,,0.0208
126,9582,0.3125,24,19,0.0,0.0,0.0,0.003976448904722929,0.2329796403646469,0.24903251230716705,0.5409815907478333,-0.09236932545900345,0.0311835166066885,0.5641541481018066,0.0020452882163226604,0.013659532181918621,1.0788369178771973,64,,0.0,2,0,0,0,1,1.0,,,,,,,0.08561936020851135,0.6800419688224792,2.121382236480713,0.01492,,0.0208
127,9673,0.311,24,19,0.0,30.0,0.0,0.0060141985304653645,0.22380003333091736,0.22855335474014282,0.3595198094844818,-0.09617657959461212,0.03685803711414337,0.3769374489784241,0.0030568756628781557,0.010085786692798138,0.8665151000022888,64,0.0153,0.0,0,0,2,0,1,1.0,,,,,,,0.11099238693714142,0.6604341864585876,2.004647731781006,0.01489,,0.0208
128,9734,0.3095,24,19,1.0,30.0,1.0,0.004268467891961336,0.2791093587875366,0.2627006471157074,0.3277204930782318,-0.09837537258863449,0.03005603514611721,0.358712762594223,0.0018455295357853174,0.014542046934366226,0.7727829813957214,64,0.0155,1.0,1,0,0,0,1,1.0,,,,,,,0.12730012834072113,0.6559154987335205,2.014277696609497,0.015,,0.0208
129,9795,0.308,24,19,0.0,30.0,0.0,0.00421177688986063,0.20975187420845032,0.19905944168567657,0.3907302916049957,-0.09930810332298279,0.021264884620904922,0.44274353981018066,0.002637730911374092,0.009530182927846909,0.6384343504905701,64,0.0107,0.0,1,0,1,0,1,1.0,,,,,,,0.15554943680763245,0.6236193180084229,1.9488792419433594,0.01501,,0.0208
130,9887,0.3065,24,19,0.0,30.0,0.0,0.00496837729588151,0.19006693363189697,0.19752535223960876,0.39200958609580994,-0.09747311472892761,0.021252918988466263,0.4424732029438019,0.0020374609157443047,0.009007332846522331,0.8157901763916016,64,0.007,0.0,0,0,1,0,2,1.0,,,,,,,0.11948307603597641,0.6568907499313354,2.003472089767456,0.01507,,0.0208
131,9948,0.3051,24,19,0.0,30.0,0.0,0.004746902734041214,0.2056731879711151,0.21560989320278168,0.2893100678920746,-0.0972747802734375,0.024824615567922592,0.3305203318595886,0.0017813784070312977,0.012830552645027637,0.944128155708313,64,0.009,0.0,1,0,1,0,1,0.0,,,,,,,0.10303133726119995,0.6422439813613892,2.175849437713623,0.01498,,0.0208
132,10040,0.3036,24,19,0.0,30.0,0.0,0.004468277562409639,0.229486346244812,0.2367759793996811,0.31918567419052124,-0.0969715267419815,0.025940045714378357,0.35674047470092773,0.0019802602473646402,0.015073269605636597,0.7929143905639648,64,0.0119,0.0,0,0,1,0,2,1.0,,,,,,,0.12229759991168976,0.6205291152000427,2.1394176483154297,0.01504,,0.0208
133,10132,0.3021,24,19,0.0,30.0,0.0,0.0035642513539642096,0.22810012102127075,0.23543377220630646,0.38375797867774963,-0.09919889271259308,0.01948494464159012,0.43765556812286377,0.0021046274341642857,0.012662820518016815,0.6929092407226562,64,0.0125,0.0,0,0,1,0,2,1.0,,,,,,,0.14316290616989136,0.5835614204406738,2.051919937133789,0.0151,,0.0208
134,10224,0.3006,24,19,0.0,0.0,0.0,0.0031250049360096455,0.22643336653709412,0.21791967749595642,0.36488857865333557,-0.09349559247493744,0.03359943628311157,0.3824145197868347,0.0026293450500816107,0.017541581764817238,0.7788406610488892,64,,0.0,0,0,0,0,3,0.667,,,,,,,0.12004457414150238,0.6983102560043335,2.104678153991699,0.01516,,0.0208
135,10317,0.2991,24,19,0.0,0.0,0.0,0.0022866183426231146,0.19477081298828125,0.19878411293029785,0.47923848032951355,-0.09939293563365936,0.027322828769683838,0.5189279317855835,0.0018488388741388917,0.010115659795701504,0.7472273707389832,64,,0.0,0,0,0,0,3,1.0,,,,,,,0.13301564753055573,0.6084775924682617,2.1203994750976562,0.01531,,0.0208
136,10408,0.2976,24,19,0.0,30.0,0.0,0.003675110638141632,0.19997182488441467,0.20228791236877441,0.4448517858982086,-0.09647174179553986,0.027133475989103317,0.4805690050125122,0.0017834550235420465,0.012975147925317287,0.7341961860656738,64,0.0187,0.0,0,0,2,0,1,1.0,,,,,,,0.1313977688550949,0.6461035013198853,2.1514670848846436,0.01528,,0.0208
137,10438,0.2961,24,19,0.0,30.0,0.0,0.0061021908186376095,0.2559085488319397,0.25735586881637573,0.4331199824810028,-0.09641040861606598,0.046306487172842026,0.429241806268692,0.001971173333004117,0.01535123586654663,0.8197355270385742,64,0.0212,0.0,2,0,1,0,0,0.0,,,,,,,0.1176116019487381,0.5786109566688538,2.068023204803467,0.01523,,0.0208
138,10529,0.2946,24,19,0.0,30.0,0.0,0.004012687131762505,0.2343854457139969,0.23704135417938232,0.3461517095565796,-0.0923362597823143,0.028107132762670517,0.37648147344589233,0.001858109375461936,0.011584488674998283,0.7288544178009033,64,0.0178,0.0,0,0,2,0,1,0.0,,,,,,,0.12668682634830475,0.6833008527755737,2.0862603187561035,0.0151,,0.0208
139,10620,0.2932,24,19,0.0,30.0,0.0,0.0042523229494690895,0.231572687625885,0.22028900682926178,0.6131150722503662,-0.09772644937038422,0.03132285922765732,0.6440436840057373,0.0028591197915375233,0.008304295130074024,0.6883566379547119,64,0.0193,0.0,0,0,2,0,1,1.0,,,,,,,0.1419706493616104,0.6483591794967651,1.9991846084594727,0.01507,,0.0208
140,10680,0.2917,24,18,0.0,30.0,0.0,0.004431527107954025,0.2732717990875244,0.2556934952735901,0.47863492369651794,-0.09633396565914154,0.03766081482172012,0.49483346939086914,0.002204899676144123,0.009627606719732285,0.7511402368545532,64,0.0233,0.0,1,0,1,0,1,0.0,,,,,,,0.12825030088424683,0.7141273021697998,2.0150365829467773,0.01498,,0.0208
141,10770,0.2902,24,18,0.0,30.0,0.0,0.0059616537764668465,0.22976750135421753,0.22697721421718597,0.33158302307128906,-0.09880007803440094,0.024961819872260094,0.3757783770561218,0.0023131039924919605,0.00936215277761221,0.7288457751274109,64,0.0129,0.0,0,0,3,0,0,0.0,,,,,,,0.1355569064617157,0.6690909266471863,1.9811413288116455,0.01486,,0.0208
142,10862,0.2887,24,18,0.0,30.0,0.0,0.004866051021963358,0.19854450225830078,0.18586847186088562,0.35433635115623474,-0.09777293354272842,0.02637302875518799,0.39561963081359863,0.0021410721819847822,0.007487206719815731,0.6854965090751648,64,0.0103,0.0,0,0,1,0,2,1.0,,,,,,,0.14263083040714264,0.6110615134239197,2.048736333847046,0.01491,,0.0208
143,10923,0.2872,24,18,0.0,30.0,0.0,0.007794246543198824,0.28140512108802795,0.27766573429107666,0.38571619987487793,-0.09910750389099121,0.024821123108267784,0.4293486475944519,0.0027592170517891645,0.01166562270373106,0.7231577634811401,64,0.0193,0.0,1,0,1,0,1,1.0,,,,,,,0.13704824447631836,0.5720541477203369,2.0617458820343018,0.01492,,0.0208
144,11015,0.2857,24,18,0.0,30.0,0.0,0.003680806141346693,0.22103285789489746,0.2217165231704712,0.34558331966400146,-0.09624028950929642,0.038929533213377,0.3567864000797272,0.0023162129800766706,0.014356282539665699,0.8041298985481262,64,0.0124,0.0,0,0,1,0,2,1.0,,,,,,,0.11968251317739487,0.5726656317710876,2.038541316986084,0.01498,,0.0208
145,11108,0.2842,24,18,0.0,0.0,0.0,0.002732938854023814,0.21805712580680847,0.21884745359420776,0.33870363235473633,-0.0976991355419159,0.018851516768336296,0.39488685131073,0.0015541698085144162,0.007625778671354055,0.7191494107246399,64,,0.0,0,0,0,0,3,0.667,,,,,,,0.13585373759269714,0.6897314786911011,2.034881830215454,0.01503,,0.0208
146,11198,0.2827,24,18,0.0,30.0,0.0,0.004118015058338642,0.2328532338142395,0.23143267631530762,0.330933541059494,-0.09860023111104965,0.025172045454382896,0.3737868666648865,0.0015125763602554798,0.010805608704686165,0.8407961130142212,64,0.0071,0.0,0,0,3,0,0,0.0,,,,,,,0.1172700747847557,0.6656253933906555,2.145258665084839,0.01491,,0.0208
147,11259,0.2812,24,18,0.0,30.0,0.0,0.0028362872544676065,0.21473011374473572,0.21622788906097412,0.7397032380104065,-0.09687765687704086,0.05372580885887146,0.7234996557235718,0.0018089624354615808,0.011259251274168491,1.0573135614395142,64,0.0102,0.0,1,0,1,0,1,1.0,,,,,,,0.09162623435258865,0.5868128538131714,2.1222667694091797,0.01492,,0.0208
148,11350,0.2798,24,18,0.0,30.0,0.0,0.004034250974655151,0.20665910840034485,0.22562706470489502,0.34821817278862,-0.09545105695724487,0.03165192902088165,0.3726358413696289,0.003022826509550214,0.01545904390513897,0.8454435467720032,64,0.0279,0.0,0,0,2,0,1,1.0,0.128,0.6593,0.062,2,45,0,0.11290057003498077,0.7041908502578735,2.106182098388672,0.01489,0.0208,0.0208
149,11441,0.2783,24,18,1.0,30.0,1.0,0.0033253917936235666,0.2410813868045807,0.23285067081451416,0.3212531507015228,-0.0961567610502243,0.018450194969773293,0.37435382604599,0.0018052920931950212,0.01231138315051794,0.8162373900413513,64,0.0193,1.0,0,0,0,0,1,1.0,,,,,,,0.11780489981174469,0.6179122924804688,2.1647849082946777,0.01503,,0.0208
150,11534,0.2768,24,18,0.0,0.0,0.0,0.005596313159912825,0.2214777171611786,0.2252790927886963,0.3096340596675873,-0.09743760526180267,0.016834639012813568,0.3672711253166199,0.0013054015580564737,0.012262512929737568,0.7566766142845154,64,,0.0,0,0,0,0,3,1.0,,,,,,,0.12877047061920166,0.5802789926528931,2.1159448623657227,0.01517,,0.0208
151,11594,0.2753,24,18,0.0,30.0,0.0,0.002877108519896865,0.29010117053985596,0.2845025360584259,0.3260345458984375,-0.09911079704761505,0.021576179191470146,0.3778116703033447,0.0018911829683929682,0.008362669497728348,0.7571507096290588,64,0.015,0.0,1,0,2,0,0,0.0,,,,,,,0.13089969754219055,0.6210167407989502,2.155604362487793,0.01509,,0.0208
152,11686,0.2738,24,18,0.0,30.0,0.0,0.003114408114925027,0.24992027878761292,0.2602916955947876,0.3957362771034241,-0.09204130619764328,0.02510078251361847,0.4307645857334137,0.0016239300603047013,0.013622892089188099,0.8370877504348755,64,0.0088,0.0,0,0,1,0,2,1.0,,,,,,,0.10995419323444366,0.6588279008865356,2.054048776626587,0.01515,,0.0208
153,11778,0.2723,24,18,0.0,30.0,0.0,0.00449577858671546,0.2575584352016449,0.2377375066280365,0.3316640853881836,-0.09920194745063782,0.022094881162047386,0.38050127029418945,0.0016290994826704264,0.012350042350590229,0.8295480012893677,64,0.0675,0.0,0,0,1,0,2,1.0,,,,,,,0.1195855438709259,0.6375951766967773,2.067595958709717,0.0152,,0.0208
154,11840,0.2708,24,18,0.0,0.0,0.0,0.002184119075536728,0.21387794613838196,0.21203196048736572,0.3787505328655243,-0.0935359001159668,0.047673486173152924,0.37252020835876465,0.002346935449168086,0.008838474750518799,0.9274095892906189,64,,0.0,1,0,0,0,2,1.0,,,,,,,0.10085716843605042,0.6671183109283447,2.018866539001465,0.01529,,0.0208
155,11932,0.2693,24,18,1.0,30.0,1.0,0.0031757683027535677,0.23433184623718262,0.22218824923038483,0.30780982971191406,-0.09638932347297668,0.02012857049703598,0.3592813313007355,0.001263767364434898,0.00932135246694088,0.8163381814956665,64,0.0132,1.0,0,0,0,0,2,1.0,,,,,,,0.11807523667812347,0.5904919505119324,1.9916329383850098,0.01542,,0.0208
156,11992,0.2679,24,18,0.0,30.0,0.0,0.0038246666081249714,0.2466522753238678,0.23580138385295868,0.5575731992721558,-0.097581647336483,0.02035626210272312,0.6076972484588623,0.0021464871242642403,0.013490219600498676,0.8712537884712219,64,0.0083,0.0,1,0,2,0,0,0.0,,,,,,,0.11200141161680222,0.6285781860351562,2.0358216762542725,0.01534,,0.0208
157,12023,0.2664,24,18,0.0,0.0,0.0,0.004463268909603357,0.17739754915237427,0.16292238235473633,0.43622761964797974,-0.09540216624736786,0.0765528678894043,0.3742668032646179,0.0022662917617708445,0.008514498360455036,0.7189372181892395,64,,0.0,2,0,0,0,1,1.0,,,,,,,0.1326988786458969,0.616101861000061,2.0818536281585693,0.01539,,0.0208
158,12113,0.2649,24,18,0.0,30.0,0.0,0.004420578945428133,0.24515420198440552,0.24686938524246216,0.4953537583351135,-0.09395158290863037,0.02957240864634514,0.5248318314552307,0.0015901259612292051,0.010657341219484806,1.1848605871200562,64,0.0115,0.0,0,0,3,0,0,0.0,,,,,,,0.07929337024688721,0.647128164768219,2.0486698150634766,0.01527,,0.0208
159,12174,0.2634,24,18,0.0,30.0,0.0,0.002657234435901046,0.2990573048591614,0.2883707880973816,0.3597242832183838,-0.09721282124519348,0.027782103046774864,0.39533108472824097,0.0012359019601717591,0.01208364125341177,0.7813283205032349,64,0.0069,0.0,1,0,1,0,1,1.0,,,,,,,0.1244199275970459,0.619829535484314,2.0228657722473145,0.01528,,0.0208
160,12265,0.2619,24,18,0.0,30.0,0.0,0.0035216864198446274,0.26614823937416077,0.254179447889328,0.3433521091938019,-0.09570498764514923,0.018538083881139755,0.3970016837120056,0.0016132902819663286,0.009958520531654358,0.8318362236022949,64,0.0142,0.0,0,0,2,0,1,1.0,,,,,,,0.11505267769098282,0.7161113023757935,2.1354732513427734,0.01525,,0.0208
161,12326,0.2604,24,18,0.0,30.0,0.0,0.002657754812389612,0.2106851041316986,0.22012802958488464,0.3891081213951111,-0.08611339330673218,0.03014705330133438,0.40995603799819946,0.001264638383872807,0.009942789562046528,1.138911485671997,64,0.0046,0.0,1,0,1,0,1,1.0,,,,,,,0.07561025768518448,0.6519466638565063,2.052382707595825,0.01525,,0.0208
162,12388,0.2589,24,18,0.0,0.0,0.0,0.0047852592542767525,0.24184712767601013,0.2497786581516266,0.7730687260627747,-0.09689998626708984,0.027470674365758896,0.8103340864181519,0.0018727736314758658,0.009386551566421986,0.6728349328041077,64,,0.0,1,0,0,0,2,1.0,,,,,,,0.14401747286319733,0.5886662006378174,1.9768450260162354,0.01534,,0.0208
163,12481,0.2574,24,18,0.0,0.0,0.0,0.005010457709431648,0.19266051054000854,0.1979202926158905,0.2820437550544739,-0.09665554761886597,0.021111689507961273,0.3294096887111664,0.002071299823001027,0.014132529497146606,0.9011898040771484,64,,0.0,0,0,0,0,3,1.0,,,,,,,0.10725326091051102,0.6623592376708984,2.175283432006836,0.01546,,0.0208
164,12571,0.256,24,18,0.0,30.0,0.0,0.004666754975914955,0.2527071535587311,0.2428898960351944,0.332844614982605,-0.09825344383716583,0.025863898918032646,0.3734462261199951,0.0017593358643352985,0.011848109774291515,0.7972972989082336,64,0.0094,0.0,0,0,2,1,0,0.0,,,,,,,0.1232331395149231,0.5851016044616699,2.1384572982788086,0.01535,,0.0208
165,12662,0.2545,24,18,0.0,30.0,0.0,0.0030548162758350372,0.2662205100059509,0.2710779905319214,0.34851521253585815,-0.0952480137348175,0.02792586386203766,0.38222822546958923,0.0013558593345806003,0.011366535909473896,0.8974117636680603,64,0.0193,0.0,0,0,2,0,1,1.0,,,,,,,0.10613635927438736,0.6314253807067871,2.0574562549591064,0.01532,,0.0208
166,12692,0.253,24,18,0.0,30.0,0.0,0.0018242885125800967,0.22552037239074707,0.2325136661529541,0.38167864084243774,-0.09749683737754822,0.027894631028175354,0.41762763261795044,0.0017118442337960005,0.011517170816659927,0.783479630947113,64,0.0576,0.0,2,0,1,0,0,0.0,,,,,,,0.12444081902503967,0.6158780455589294,2.0276830196380615,0.01529,,0.0208
167,12753,0.2515,24,18,0.0,30.0,0.0,0.0027900133281946182,0.20165026187896729,0.21251919865608215,0.38836199045181274,-0.09725968539714813,0.021530624479055405,0.4386521875858307,0.0015956350835040212,0.007816481404006481,0.8903471231460571,64,0.0543,0.0,1,0,1,0,1,1.0,,,,,,,0.10923794656991959,0.6261264085769653,2.0853514671325684,0.01529,,0.0208
168,12844,0.25,24,18,0.0,30.0,0.0,0.003995812498033047,0.2555914521217346,0.24777987599372864,0.3758314847946167,-0.09678766131401062,0.023628249764442444,0.41868364810943604,0.001620711525902152,0.013357994146645069,0.7285906672477722,64,0.0234,0.0,0,0,2,0,1,1.0,,,,,,,0.1328423023223877,0.6367295384407043,2.058445930480957,0.01526,,0.0208
169,12935,0.2485,24,18,0.0,0.0,0.0,0.0043050688691437244,0.22005127370357513,0.22967100143432617,0.429643839597702,-0.09731221944093704,0.019283760339021683,0.4840227961540222,0.0023030105512589216,0.008731476031243801,0.7623586654663086,64,,0.0,0,0,0,0,3,0.667,,,,,,,0.12764625251293182,0.5669734477996826,1.9245891571044922,0.01531,,0.0208
170,13028,0.247,24,18,0.0,0.0,0.0,0.002797394059598446,0.23782750964164734,0.23513245582580566,0.39012548327445984,-0.0937860906124115,0.07402847707271576,0.32899031043052673,0.001859779004007578,0.013728615827858448,1.1241798400878906,64,,0.0,0,0,0,0,3,1.0,,,,,,,0.08342623710632324,0.625755250453949,2.15960955619812,0.01543,,0.0208
171,13120,0.2455,24,18,0.0,30.0,0.0,0.0025161253288388252,0.20263564586639404,0.19905203580856323,0.45615440607070923,-0.09299729019403458,0.02357088401913643,0.4984765946865082,0.002377248601987958,0.007066648919135332,0.9935355186462402,64,0.0278,0.0,0,0,1,0,2,0.5,,,,,,,0.09360237419605255,0.6566325426101685,2.0526702404022217,0.0154,,0.0208
172,13212,0.244,24,18,0.0,30.0,0.0,0.0028962520882487297,0.21772077679634094,0.207928866147995,0.3273279070854187,-0.09847857058048248,0.03480830043554306,0.3472632169723511,0.0015040894504636526,0.017853328958153725,0.9045819640159607,64,0.0307,0.0,0,0,1,0,2,1.0,,,,,,,0.108866386115551,0.6023743152618408,2.108710765838623,0.01544,,0.0208
173,13303,0.2426,24,18,0.0,30.0,0.0,0.0054205371998250484,0.220228910446167,0.23026132583618164,0.3819494843482971,-0.09577294439077377,0.04555344581604004,0.38213399052619934,0.001736716483719647,0.008963118307292461,0.7360787987709045,64,0.0109,0.0,0,0,2,0,1,1.0,,,,,,,0.13011234998703003,0.6408573985099792,2.0060901641845703,0.01541,,0.0208
174,13396,0.2411,24,18,0.0,0.0,0.0,0.002915440360084176,0.2518807649612427,0.24511489272117615,0.3844025135040283,-0.09972505271434784,0.022557202726602554,0.434536337852478,0.0014921982074156404,0.0089536402374506,0.8195875287055969,64,,0.0,0,0,0,0,3,0.667,,,,,,,0.12167712301015854,0.5915203094482422,1.966052770614624,0.01545,,0.0208
175,13487,0.2396,24,18,0.5,30.0,0.5,0.0034610796719789505,0.25858765840530396,0.24467569589614868,0.4494567811489105,-0.09869281202554703,0.02436312660574913,0.49012520909309387,0.0027013381477445364,0.01859625242650509,0.8178336024284363,64,0.0168,0.5,0,0,1,0,1,1.0,,,,,,,0.12067590653896332,0.6393840312957764,2.1310601234436035,0.0155,,0.0208
176,13575,0.2381,24,18,0.0,29.33,0.0,0.004138867370784283,0.2111966609954834,0.21929042041301727,0.34000808000564575,-0.08993490040302277,0.048620954155921936,0.32720062136650085,0.0014193379320204258,0.01100084651261568,0.9596139192581177,64,0.0273,0.0,0,0,2,1,0,0.0,,,,,,,0.09371987730264664,0.6937406063079834,2.1707396507263184,0.0154,,0.0208
177,13666,0.2366,24,18,0.0,30.0,0.0,0.0021113292314112186,0.17555135488510132,0.1718999147415161,0.3757133185863495,-0.09800465404987335,0.024882450699806213,0.4190288186073303,0.002041490050032735,0.009848524816334248,0.6708981394767761,64,0.0161,0.0,0,0,2,0,1,1.0,,,,,,,0.14607977867126465,0.7313628196716309,2.007068634033203,0.01537,,0.0208
178,13757,0.2351,24,18,0.5,30.0,0.5,0.0026784194633364677,0.22696638107299805,0.21893176436424255,0.36648914217948914,-0.09684241563081741,0.01945013925433159,0.41825366020202637,0.0015420375857502222,0.012355287559330463,0.7444771528244019,64,0.062,0.5,0,0,1,0,1,1.0,,,,,,,0.13008111715316772,0.6940454840660095,2.1357483863830566,0.01541,,0.0208
179,13818,0.2336,24,18,0.0,30.0,0.0,0.004835906904190779,0.2474800944328308,0.25084662437438965,0.30125927925109863,-0.09668523073196411,0.010620380751788616,0.37153109908103943,0.0017643246101215482,0.010345309972763062,0.878206729888916,64,0.0506,0.0,1,0,1,0,1,0.0,,,,,,,0.11009393632411957,0.668586254119873,2.1365742683410645,0.01534,,0.0208
180,13878,0.2321,24,18,0.0,30.0,0.0,0.004836453590542078,0.21865873038768768,0.18791192770004272,0.3235475718975067,-0.09776092320680618,0.04488929361104965,0.32784152030944824,0.002598115475848317,0.007376788649708033,0.7872034907341003,64,0.0298,0.0,1,0,2,0,0,0.0,,,,,,,0.12418761849403381,0.7480584979057312,2.1711831092834473,0.01528,,0.0208
181,13971,0.2307,24,17,0.0,0.0,0.0,0.003377097425982356,0.2400679886341095,0.24273908138275146,0.4278987646102905,-0.09768141806125641,0.025528687983751297,0.4668176770210266,0.0023198993876576424,0.015410264022648335,0.7474777102470398,64,,0.0,0,0,0,0,3,1.0,,,,,,,0.13068139553070068,0.7199083566665649,1.919337272644043,0.01539,,0.0208
182,14063,0.2292,24,17,0.0,30.0,0.0,0.003546177176758647,0.22445961833000183,0.22596701979637146,0.5276491641998291,-0.09604638814926147,0.024466093629598618,0.5698502063751221,0.001902276067994535,0.009826336055994034,0.7166459560394287,64,0.01,0.0,0,0,1,0,2,1.0,,,,,,,0.1340220868587494,0.6588612794876099,1.8796601295471191,0.01543,,0.0208
183,14123,0.2277,24,17,0.0,30.0,0.0,0.004539033398032188,0.22736631333827972,0.2139621376991272,0.4252409338951111,-0.09648199379444122,0.0491020493209362,0.4192221462726593,0.0021524589974433184,0.008593400940299034,0.7817609906196594,64,0.034,0.0,1,0,2,0,0,0.0,,,,,,,0.1234162300825119,0.6583594083786011,2.0718014240264893,0.01537,,0.0208
184,14215,0.2262,24,17,0.0,30.0,0.0,0.0037022859323769808,0.21453844010829926,0.22832955420017242,0.34160637855529785,-0.0970623791217804,0.01888391748070717,0.3955727815628052,0.001720947795547545,0.010656303726136684,0.7508981823921204,64,0.0197,0.0,0,0,1,0,2,1.0,,,,,,,0.12926170229911804,0.6593760848045349,2.023611068725586,0.01541,,0.0208
185,14306,0.2247,24,17,0.0,30.0,0.0,0.004080803599208593,0.24493052065372467,0.23600438237190247,0.3735407888889313,-0.09264138340950012,0.020647389814257622,0.422303706407547,0.002660253318026662,0.005167371593415737,0.9475822448730469,64,0.0163,0.0,0,0,2,0,1,1.0,0.0806,0.5716,0.062,0,43,2,0.09776605665683746,0.6292401552200317,2.1004722118377686,0.01538,0.0625,0.0625
186,14366,0.2232,24,17,0.5,30.0,0.5,0.00230273324996233,0.20169979333877563,0.20710110664367676,0.3625320792198181,-0.09554717689752579,0.017686543986201286,0.4187530279159546,0.0012596655869856477,0.007906249724328518,0.9183838963508606,64,0.0146,0.5,1,0,1,0,0,0.0,,,,,,,0.10403838753700256,0.7023196220397949,2.0275826454162598,0.01538,,0.0625
187,14458,0.2217,24,17,0.0,30.0,0.0,0.00513251218944788,0.2142423689365387,0.20745648443698883,0.6191940903663635,-0.08518259972333908,0.07486146688461304,0.5514051914215088,0.0027047598268836737,0.006497120950371027,1.0670286417007446,64,0.0085,0.0,0,0,1,0,2,0.5,,,,,,,0.07983160018920898,0.6745750308036804,2.058626890182495,0.01535,,0.0625
188,14549,0.2202,24,17,0.0,30.0,0.0,0.005203986540436745,0.22775158286094666,0.23401765525341034,0.3266947567462921,-0.09050875902175903,0.028248589485883713,0.3546725809574127,0.0021724356338381767,0.012067488394677639,0.8208749890327454,64,0.0189,0.0,0,0,1,1,1,1.0,,,,,,,0.11025887727737427,0.6962238550186157,2.1023550033569336,0.01533,,0.0625
189,14580,0.2188,24,17,0.0,0.0,0.0,0.003187909722328186,0.18525609374046326,0.18428164720535278,0.3972378969192505,-0.0956256091594696,0.021262822672724724,0.44385504722595215,0.0016608757432550192,0.012965637259185314,0.7305538058280945,64,,0.0,2,0,0,0,1,1.0,,,,,,,0.13089467585086823,0.6535731554031372,1.899215579032898,0.01536,,0.0625
190,14673,0.2173,24,17,0.0,0.0,0.0,0.003048292128369212,0.2797654867172241,0.27469128370285034,0.515346109867096,-0.09785877168178558,0.01897820644080639,0.5706127882003784,0.002374194096773863,0.00927135068923235,0.8201805353164673,64,,0.0,0,0,0,0,3,1.0,,,,,,,0.11931370198726654,0.5538467168807983,2.1229476928710938,0.01547,,0.0625
191,14764,0.2158,24,17,0.0,30.0,0.0,0.006013317033648491,0.22427606582641602,0.222879558801651,0.7833795547485352,-0.09826695919036865,0.03753616660833359,0.8014506101608276,0.0015216093743219972,0.010247094556689262,0.6187774538993835,64,0.0428,0.0,0,0,2,0,1,1.0,,,,,,,0.15880823135375977,0.6325756907463074,2.056633949279785,0.01544,,0.0625
192,14855,0.2143,24,17,0.0,30.0,0.0,0.00404117489233613,0.20964089035987854,0.21191252768039703,0.3218289613723755,-0.09320174157619476,0.01841617561876774,0.3720247745513916,0.0017099531833082438,0.012347173877060413,0.9527527689933777,64,0.0059,0.0,0,0,2,0,1,1.0,,,,,,,0.09782363474369049,0.6006631851196289,2.1136069297790527,0.01542,,0.0625
193,14945,0.2128,24,17,0.0,30.0,0.0,0.0038897038903087378,0.19709578156471252,0.19019556045532227,0.3740343749523163,-0.09233144670724869,0.02209000289440155,0.4175538718700409,0.002656439319252968,0.009263883344829082,0.9054968953132629,64,0.0222,0.0,0,0,2,0,1,0.0,,,,,,,0.1019677147269249,0.5940617918968201,2.0445404052734375,0.01532,,0.0625
194,15007,0.2113,24,17,0.0,0.0,0.0,0.004031242802739143,0.18612034618854523,0.1949014812707901,0.3417384922504425,-0.095802441239357,0.023694604635238647,0.386106938123703,0.002936167176812887,0.008089606650173664,0.9068423509597778,64,,0.0,1,0,0,0,2,1.0,,,,,,,0.10564400255680084,0.6348857879638672,2.032191276550293,0.01539,,0.0625
195,15100,0.2098,24,17,0.0,0.0,0.0,0.004107360728085041,0.21770651638507843,0.22483305633068085,0.3509313762187958,-0.09468700736761093,0.05802870914340019,0.3253416121006012,0.0011464367853477597,0.00843872968107462,1.1717019081115723,64,,0.0,0,0,0,0,3,1.0,,,,,,,0.0808115154504776,0.7167870402336121,2.1685245037078857,0.0155,,0.0625
196,15192,0.2083,24,17,0.0,30.0,0.0,0.0026046698912978172,0.21558713912963867,0.21397510170936584,0.5805274248123169,-0.09692295640707016,0.022243265062570572,0.6281536221504211,0.0020488218870013952,0.009620406664907932,0.8502528071403503,64,0.0331,0.0,0,0,1,0,2,1.0,,,,,,,0.1139930933713913,0.5793215036392212,2.0852394104003906,0.01553,,0.0625
197,15283,0.2068,24,17,0.0,30.0,0.0,0.0024013114161789417,0.2039054036140442,0.20897282660007477,0.5515031814575195,-0.09352239966392517,0.03939005360007286,0.5624154210090637,0.001531559624709189,0.007660106755793095,1.0476415157318115,64,0.0376,0.0,0,0,2,0,1,0.0,,,,,,,0.08926946669816971,0.7525100708007812,2.1150851249694824,0.01544,,0.0625
198,15374,0.2054,24,17,0.0,30.0,0.0,0.004838661756366491,0.18066459894180298,0.15986143052577972,0.32737770676612854,-0.08905225992202759,0.041496604681015015,0.32791340351104736,0.002618375001475215,0.011046715080738068,1.0556278228759766,64,0.0091,0.0,0,0,2,0,1,1.0,,,,,,,0.08435951918363571,0.6255972981452942,2.1740903854370117,0.01542,,0.0625
199,15434,0.2039,24,17,0.0,30.0,0.0,0.003451291471719742,0.26187756657600403,0.27095696330070496,0.3721499443054199,-0.09755051136016846,0.02186865359544754,0.421688973903656,0.0019382246537134051,0.008548404090106487,0.7484609484672546,64,0.0414,0.0,1,0,1,0,1,0.0,,,,,,,0.13033480942249298,0.5827525854110718,2.0020742416381836,0.01536,,0.0625
200,15525,0.2024,24,17,0.0,30.0,0.0,0.007204333785921335,0.20823170244693756,0.20808053016662598,0.51995450258255,-0.09791091084480286,0.024829884991049767,0.5641285181045532,0.0012903286842629313,0.008154262788593769,1.1120432615280151,64,0.009,0.0,0,0,2,0,1,1.0,,,,,,,0.08804594725370407,0.632712721824646,2.00919246673584,0.01533,,0.0625
201,15616,0.2009,24,17,0.0,30.0,0.0,0.0033276951871812344,0.2258490025997162,0.22040873765945435,0.7719897031784058,-0.09950684010982513,0.023866822943091393,0.8182501792907715,0.0014623517636209726,0.011025392450392246,0.5822464227676392,64,0.036,0.0,0,0,2,0,1,1.0,,,,,,,0.1709015667438507,0.6816093325614929,1.9147651195526123,0.0153,,0.0625
202,15707,0.1994,24,17,0.0,30.0,0.0,0.004348871763795614,0.19864767789840698,0.1964385062456131,0.3072957992553711,-0.09171354025602341,0.032403364777565,0.32786428928375244,0.0014457394136115909,0.012676633894443512,1.2992160320281982,64,0.0094,0.0,0,0,2,0,1,1.0,,,,,,,0.07059144973754883,0.6779112815856934,2.1099119186401367,0.01528,,0.0625
203,15791,0.1979,24,17,0.0,30.0,0.0,0.0017879512161016464,0.20364543795585632,0.2075498104095459,0.3531022071838379,-0.09898938983678818,0.03360683470964432,0.3800332546234131,0.0014453314943239093,0.009689349681138992,0.8704037666320801,64,0.0157,0.5,0,1,1,0,1,0.0,,,,,,,0.1137281283736229,0.5657010078430176,2.122729778289795,0.0152,,0.0625
204,15884,0.1964,24,17,0.0,0.0,0.0,0.0036020507104694843,0.24873578548431396,0.26266583800315857,0.32757851481437683,-0.08788305521011353,0.023904893547296524,0.36371541023254395,0.0025700724218040705,0.007872781716287136,0.8516488075256348,64,,0.0,0,0,0,0,3,0.667,,,,,,,0.10319165885448456,0.6203160285949707,2.0081801414489746,0.01524,,0.0625
205,15974,0.1949,24,17,0.0,30.0,0.0,0.002317402744665742,0.16170117259025574,0.14967629313468933,0.41679030656814575,-0.09909479320049286,0.046786051243543625,0.41839420795440674,0.0021175392903387547,0.007837608456611633,0.730421245098114,64,0.013,0.0,0,0,3,0,0,0.0,,,,,,,0.13566799461841583,0.6750709414482117,2.0367631912231445,0.01515,,0.0625
206,16000,0.1935,24,17,0.0,26.0,0.0,0.0036830001045018435,0.22522307932376862,0.22699202597141266,0.3763847351074219,-0.09763646870851517,0.02567485347390175,0.41715165972709656,0.001584789832122624,0.011039692908525467,0.719397246837616,64,0.0629,0.0,2,0,0,1,0,0.0,,,,,,,0.13571983575820923,0.6182723045349121,2.00770902633667,0.01512,,0.0625
207,16093,0.192,24,17,0.0,0.0,0.0,0.004062609281390905,0.24849721789360046,0.25674134492874146,0.4345536231994629,-0.09878270328044891,0.054429829120635986,0.41956326365470886,0.001833842834457755,0.009826754219830036,0.8507580161094666,64,,0.0,0,0,0,0,3,1.0,,,,,,,0.1161113977432251,0.618121862411499,2.1150121688842773,0.01522,,0.0625
208,16184,0.1905,24,17,0.0,30.0,0.0,0.004375737626105547,0.21500363945960999,0.2130279839038849,0.517655611038208,-0.09748585522174835,0.05274353176355362,0.5016010999679565,0.001704381313174963,0.01610664464533329,0.8313270807266235,64,0.0062,0.0,0,0,2,0,1,1.0,,,,,,,0.11726534366607666,0.6590205430984497,2.101606845855713,0.0152,,0.0625
209,16275,0.189,24,17,0.0,30.0,0.0,0.0035629142075777054,0.22814497351646423,0.23412276804447174,0.4691036641597748,-0.09313475340604782,0.03208041936159134,0.4946148991584778,0.002252994803711772,0.0069253393448889256,0.9292618632316589,64,0.0068,0.0,0,0,2,0,1,1.0,,,,,,,0.10022443532943726,0.6014326810836792,2.017122268676758,0.01518,,0.0625
210,16367,0.1875,24,17,0.0,30.0,0.0,0.002789875492453575,0.22212862968444824,0.21528570353984833,0.3305704593658447,-0.09736483544111252,0.035901185125112534,0.35170891880989075,0.0013626981526613235,0.008848008699715137,0.9726630449295044,64,0.0086,0.0,0,0,1,0,2,1.0,,,,,,,0.10010130703449249,0.6295374035835266,2.1023354530334473,0.01521,,0.0625
211,16429,0.186,24,17,0.0,0.0,0.0,0.001954050036147237,0.22386705875396729,0.22578971087932587,0.3192664384841919,-0.0942964106798172,0.01918206736445427,0.37183883786201477,0.0010709409834817052,0.006719766650348902,0.809440553188324,64,,0.0,1,0,0,0,2,1.0,,,,,,,0.1164957731962204,0.6311346888542175,2.143566608428955,0.01528,,0.0625
212,16520,0.1845,24,17,0.0,30.0,0.0,0.0038246717303991318,0.24332675337791443,0.251853883266449,0.9079871773719788,-0.09321996569633484,0.028359416872262955,0.9363487958908081,0.0013374488335102797,0.01627899333834648,0.9956051111221313,64,0.0423,0.0,0,0,2,0,1,1.0,,,,,,,0.09363146126270294,0.5418806076049805,2.0164573192596436,0.01525,,0.0625
213,16550,0.183,24,17,0.0,0.0,0.0,0.002895812503993511,0.19566184282302856,0.2106008529663086,0.33728402853012085,-0.09460291266441345,0.018665172159671783,0.38944122195243835,0.0014524509897455573,0.010230761021375656,0.8799373507499695,64,,0.0,2,0,0,0,1,0.0,,,,,,,0.10751096904277802,0.585172176361084,2.0635921955108643,0.01523,,0.0625
214,16637,0.1815,24,17,0.0,30.0,0.0,0.0044995942153036594,0.21446484327316284,0.21012981235980988,0.3696431517601013,-0.09604305773973465,0.03490107133984566,0.391411155462265,0.0015752246836200356,0.00894580315798521,0.8471008539199829,64,0.0287,0.0,0,0,1,0,2,0.5,,,,,,,0.11337853223085403,0.5467174053192139,2.0071840286254883,0.01521,,0.0625
215,16728,0.1801,24,17,0.0,30.0,0.0,0.0031408865470439196,0.2879940867424011,0.3043997287750244,0.340736448764801,-0.0975065678358078,0.03055572137236595,0.37152910232543945,0.0012985611101612449,0.011204935610294342,0.9517638087272644,64,0.0339,0.0,0,0,2,0,1,1.0,,,,,,,0.10244826972484589,0.6805051565170288,2.167581796646118,0.01518,,0.0625
216,16819,0.1786,24,17,0.0,30.0,0.0,0.003946562297642231,0.19593313336372375,0.19788745045661926,0.32771265506744385,-0.09783720970153809,0.038215287029743195,0.3446342349052429,0.0012148028472438455,0.00897011999040842,0.9867678880691528,64,0.0142,0.0,0,0,2,0,1,1.0,,,,,,,0.09914916008710861,0.6318649649620056,2.0946645736694336,0.01516,,0.0625
217,16910,0.1771,24,17,0.0,30.0,0.0,0.002337982878088951,0.2474573850631714,0.24824941158294678,0.33478429913520813,-0.09136787801980972,0.021478518843650818,0.3755699396133423,0.0009542284533381462,0.01525038480758667,1.0879820585250854,64,0.0235,0.0,0,0,2,0,1,1.0,,,,,,,0.08397921174764633,0.6310701370239258,1.983747959136963,0.01514,,0.0625
218,17001,0.1756,24,17,0.5,30.0,0.5,0.0024698665365576744,0.23417498171329498,0.23281720280647278,0.5240088105201721,-0.09997537732124329,0.035704296082258224,0.5480708479881287,0.0019189357990399003,0.00900945346802473,0.6667070388793945,64,0.035,0.5,0,0,1,0,1,1.0,,,,,,,0.14995399117469788,0.634091854095459,1.978529453277588,0.01518,,0.0625
219,17093,0.1741,24,17,0.0,30.0,0.0,0.003866501385346055,0.23093202710151672,0.22051165997982025,0.3617524802684784,-0.09765345603227615,0.026380758732557297,0.4018419682979584,0.0016578406793996692,0.009604891762137413,1.044371485710144,64,0.046,0.0,0,0,1,0,2,1.0,,,,,,,0.09350452572107315,0.6172668933868408,2.011500358581543,0.01521,,0.0625
220,17185,0.1726,24,16,1.0,30.0,1.0,0.004754281137138605,0.20968931913375854,0.18573418259620667,0.4658457040786743,-0.09754514694213867,0.026069995015859604,0.5078680515289307,0.0015450870851054788,0.006765593308955431,0.7096017003059387,64,0.0162,1.0,0,0,0,0,2,1.0,,,,,,,0.13746464252471924,0.6397107243537903,2.049163341522217,0.0153,,0.0625
221,17246,0.1711,24,16,0.0,30.0,0.0,0.0037240535020828247,0.2501603364944458,0.2560460865497589,0.4344099760055542,-0.09512278437614441,0.027883250266313553,0.4689798653125763,0.0012825613375753164,0.009572774171829224,0.7544093728065491,64,0.0206,0.0,1,0,1,0,1,1.0,,,,,,,0.12608908116817474,0.6432071924209595,2.055391788482666,0.01531,,0.0625
222,17277,0.1696,24,16,0.0,0.0,0.0,0.00500151701271534,0.23881076276302338,0.23085372149944305,0.39336344599723816,-0.08636222779750824,0.024284904822707176,0.4270540773868561,0.001413377234712243,0.008203589357435703,1.0215790271759033,64,,0.0,2,0,0,0,1,1.0,0.1119,0.5743,0.146,3,41,0,0.08453799039125443,0.6397468447685242,1.9293596744537354,0.01534,0.0833,0.0833
223,17338,0.1682,24,16,0.0,30.0,0.0,0.002488364465534687,0.22489231824874878,0.2158273160457611,0.34303969144821167,-0.09666310250759125,0.02926870808005333,0.374362587928772,0.0010051073040813208,0.013605613261461258,0.8698596954345703,64,0.0291,0.0,1,0,0,1,1,1.0,,,,,,,0.1111249253153801,0.6503064632415771,2.129599094390869,0.01534,,0.0833
224,17399,0.1667,24,16,0.0,30.0,0.0,0.002366337925195694,0.21825605630874634,0.2169157862663269,0.3331439197063446,-0.09693340957164764,0.02245556376874447,0.3813503086566925,0.0013747775228694081,0.007631777320057154,0.898571789264679,64,0.0743,0.0,1,0,1,0,1,1.0,,,,,,,0.10787497460842133,0.580788254737854,2.080768585205078,0.01535,,0.0833
225,17490,0.1652,24,16,0.0,30.0,0.0,0.003918440081179142,0.1979072093963623,0.18635226786136627,0.587693452835083,-0.09680270403623581,0.021882575005292892,0.6346385478973389,0.0015796672087162733,0.012184826657176018,0.8195139169692993,64,0.0153,0.0,0,0,2,0,1,1.0,,,,,,,0.11812210083007812,0.6508516073226929,2.1318464279174805,0.01532,,0.0833
226,17580,0.1637,24,16,0.0,30.0,0.0,0.002117839874699712,0.2398904412984848,0.24718107283115387,0.3206205368041992,-0.09392090141773224,0.030749455094337463,0.3475843071937561,0.0011336758034303784,0.01091649942100048,1.2247576713562012,64,0.0432,0.0,0,0,3,0,0,0.0,,,,,,,0.07668528705835342,0.6053147315979004,2.0692639350891113,0.01524,,0.0833
227,17641,0.1622,24,16,0.0,30.0,0.0,0.002702614525333047,0.19486106932163239,0.19627173244953156,0.3594437837600708,-0.09740690886974335,0.01723039522767067,0.41792842745780945,0.0014259378658607602,0.008922936394810677,0.9805984497070312,64,0.0587,0.0,1,0,1,0,1,1.0,,,,,,,0.09933415055274963,0.6172531843185425,2.0545542240142822,0.01525,,0.0833
228,17703,0.1607,24,16,0.0,0.0,0.0,0.0020714597776532173,0.21706661581993103,0.2175518274307251,0.37397706508636475,-0.09687815606594086,0.037655770778656006,0.3910515606403351,0.0011581860017031431,0.008984225802123547,0.9836270213127136,64,,0.0,1,0,0,0,2,1.0,,,,,,,0.09849074482917786,0.6998825073242188,2.182864189147949,0.01531,,0.0833
229,17795,0.1592,24,16,0.0,30.0,0.0,0.003227534703910351,0.25799620151519775,0.2683054506778717,0.31731855869293213,-0.09694042801856995,0.014901721850037575,0.380738765001297,0.00147947296500206,0.007433533668518066,0.7755374908447266,64,0.0074,0.0,0,0,1,0,2,1.0,,,,,,,0.12499773502349854,0.6374609470367432,2.1325061321258545,0.01534,,0.0833
230,17886,0.1577,24,16,0.0,30.0,0.0,0.003713531419634819,0.21049579977989197,0.20548690855503082,0.5791069269180298,-0.09492834657430649,0.037167396396398544,0.5936750173568726,0.001345708966255188,0.012050909921526909,0.8351940512657166,64,0.0169,0.0,0,0,2,0,1,1.0,,,,,,,0.11366023123264313,0.5479819774627686,2.0500574111938477,0.01532,,0.0833
231,17917,0.1562,24,16,0.0,0.0,0.0,0.0026790269184857607,0.23102636635303497,0.22235380113124847,0.4836152195930481,-0.09442444890737534,0.032459378242492676,0.5085827112197876,0.001854158123023808,0.00907643511891365,0.8105255961418152,64,,0.0,2,0,0,0,1,1.0,,,,,,,0.11649779975414276,0.6895966529846191,1.939468502998352,0.01535,,0.0833
232,18008,0.1548,24,16,0.0,30.0,0.0,0.002879939740523696,0.20975525677204132,0.2167450189590454,0.44055110216140747,-0.09010997414588928,0.07527060061693192,0.3754677474498749,0.0014079832471907139,0.009304302744567394,0.8263314366340637,64,0.0321,0.0,0,0,2,0,1,1.0,,,,,,,0.10904823243618011,0.7393505573272705,2.105464220046997,0.01533,,0.0833
233,18069,0.1533,24,16,0.0,30.0,0.0,0.00231720763258636,0.23310698568820953,0.23250310122966766,0.48369958996772766,-0.09536394476890564,0.045830994844436646,0.48218482732772827,0.0018410722259432077,0.010433447547256947,0.8705796599388123,64,0.0078,0.0,1,0,1,0,1,1.0,,,,,,,0.10954074561595917,0.638405442237854,1.997536540031433,0.01533,,0.0833
234,18129,0.1518,24,16,0.0,30.0,0.0,0.0027938715647906065,0.23083245754241943,0.23111295700073242,0.4395080506801605,-0.0949772372841835,0.051152195781469345,0.42857059836387634,0.0015049368375912309,0.007220564875751734,0.8810758590698242,64,0.0129,0.0,1,0,2,0,0,0.0,,,,,,,0.10779689252376556,0.6323513984680176,1.993424654006958,0.01528,,0.0833
235,18219,0.1503,24,16,0.0,30.0,0.0,0.0026155682280659676,0.21103540062904358,0.20789381861686707,0.34423086047172546,-0.0983828529715538,0.0318717285990715,0.3756936490535736,0.0016547275008633733,0.006353212054818869,0.9759340286254883,64,0.0121,0.0,0,0,3,0,0,0.0,,,,,,,0.10080891847610474,0.6313313841819763,2.086540699005127,0.0152,,0.0833
236,18310,0.1488,24,16,0.0,30.0,0.0,0.004504036623984575,0.24957023561000824,0.24319490790367126,0.36947691440582275,-0.09501200914382935,0.02160712704062462,0.4171113967895508,0.0014358892804011703,0.008326544426381588,0.9966768622398376,64,0.0212,0.0,0,0,2,0,1,1.0,,,,,,,0.09532879292964935,0.584179699420929,2.0511975288391113,0.01518,,0.0833
237,18400,0.1473,24,16,0.0,30.0,0.0,0.0026529193855822086,0.20623564720153809,0.2036353200674057,0.3959781229496002,-0.09588520228862762,0.03901329264044762,0.4088245928287506,0.001024389173835516,0.010024292394518852,1.19800865650177,64,0.0318,0.333,0,1,2,0,0,0.0,,,,,,,0.08003714680671692,0.7167271375656128,2.136934995651245,0.01511,,0.0833
238,18430,0.1458,24,16,0.0,30.0,0.0,0.003365183249115944,0.210490420460701,0.21926382184028625,0.3526911437511444,-0.09574462473392487,0.034957405179739,0.37374526262283325,0.0012466599000617862,0.009551378898322582,0.855430543422699,64,0.0788,0.0,2,0,1,0,0,0.0,,,,,,,0.11192566156387329,0.5846924781799316,2.1335692405700684,0.01508,,0.0833
239,18521,0.1443,24,16,0.0,30.0,0.0,0.0016569311264902353,0.18502573668956757,0.18883556127548218,0.38091129064559937,-0.09999999403953552,0.024153873324394226,0.42674052715301514,0.0013489946722984314,0.011726031079888344,0.77371746301651,64,0.0174,0.0,0,0,2,0,1,1.0,,,,,,,0.12924614548683167,0.5836600661277771,2.108961820602417,0.01506,,0.0833
240,18612,0.1429,24,16,0.0,30.0,0.0,0.0034095149021595716,0.20727795362472534,0.20901422202587128,0.35414496064186096,-0.09384560585021973,0.035459004342556,0.3735514283180237,0.0018782351398840547,0.007042217534035444,0.9880960583686829,64,0.0271,0.0,0,0,2,0,1,1.0,,,,,,,0.09497620165348053,0.5976323485374451,2.1643850803375244,0.01504,,0.0833
241,18704,0.1414,24,16,0.0,30.0,0.0,0.0024665475357323885,0.3057035505771637,0.31929031014442444,0.731102466583252,-0.09455948323011398,0.07847557961940765,0.6625401973724365,0.001715465565212071,0.012341094203293324,0.9645991325378418,64,0.0318,0.0,0,0,1,0,2,1.0,,,,,,,0.09802982211112976,0.5628125667572021,2.1192901134490967,0.01508,,0.0833
242,18796,0.1399,24,16,0.0,30.0,0.0,0.0026569324545562267,0.19477364420890808,0.20151075720787048,0.36762580275535583,-0.0876048356294632,0.038623347878456116,0.37334150075912476,0.001772926072590053,0.009284937754273415,0.962464451789856,64,0.0105,0.0,0,0,1,0,2,0.5,,,,,,,0.09102137386798859,0.6451046466827393,2.140029191970825,0.01506,,0.0833
243,18887,0.1384,24,16,0.0,30.0,0.0,0.0025060614570975304,0.21530278027057648,0.21570217609405518,0.44927316904067993,-0.09626153856515884,0.057592712342739105,0.42599552869796753,0.001565480837598443,0.008707535453140736,0.9015092253684998,64,0.0445,0.0,0,0,2,0,1,1.0,,,,,,,0.10677820444107056,0.6799259185791016,1.963235855102539,0.01504,,0.0833
244,18979,0.1369,24,16,0.0,30.0,0.0,0.0030260917264968157,0.23675000667572021,0.23565582931041718,0.3679960072040558,-0.09674844145774841,0.031228940933942795,0.3981058895587921,0.0013148300349712372,0.008361333049833775,0.7518417239189148,64,0.0116,0.0,0,0,1,0,2,1.0,,,,,,,0.12868192791938782,0.6951584815979004,2.096059799194336,0.01507,,0.0833
245,19070,0.1354,24,16,0.0,30.0,0.0,0.003632067469879985,0.17992913722991943,0.1831444501876831,0.6970753073692322,-0.09556795656681061,0.05242987722158432,0.6840158104896545,0.001111637451685965,0.007535297889262438,0.6998214721679688,64,0.0167,0.0,0,0,2,0,1,1.0,,,,,,,0.13656048476696014,0.7286016941070557,1.9214365482330322,0.01505,,0.0833
246,19160,0.1339,24,16,0.0,30.0,0.0,0.003150448901578784,0.21289506554603577,0.20746497809886932,0.33566731214523315,-0.08493281900882721,0.04317961633205414,0.328884094953537,0.000999926938675344,0.010713549330830574,1.0434577465057373,64,0.0314,0.0,0,0,3,0,0,0.0,,,,,,,0.08139555156230927,0.7203328013420105,2.1134791374206543,0.01498,,0.0833
247,19251,0.1324,24,16,0.0,30.0,0.0,0.004253721795976162,0.2037493735551834,0.2078259140253067,0.5101446509361267,-0.09532678127288818,0.016209909692406654,0.568178653717041,0.0016154319746419787,0.009745968505740166,0.6524083614349365,64,0.0141,0.0,0,0,1,1,1,1.0,,,,,,,0.14611521363258362,0.648674726486206,1.827558159828186,0.01496,,0.0833
248,19339,0.131,24,16,0.0,29.33,0.0,0.00421195337548852,0.2469438761472702,0.23746177554130554,0.347168892621994,-0.09916266053915024,0.045819833874702454,0.35104700922966003,0.002789453836157918,0.007289777044206858,0.8224099278450012,64,0.0509,0.0,0,0,2,1,0,0.0,,,,,,,0.12057571113109589,0.6684409379959106,2.0744616985321045,0.01489,,0.0833
249,19430,0.1295,24,16,0.5,30.0,0.5,0.0015261289663612843,0.21626292169094086,0.2120387852191925,0.37465035915374756,-0.09681771695613861,0.024256601929664612,0.4176173806190491,0.0010351439705118537,0.010674945078790188,0.7301449179649353,64,0.0072,0.5,0,0,1,0,1,1.0,,,,,,,0.13260067999362946,0.6418205499649048,2.061209201812744,0.01493,,0.0833
250,19491,0.128,24,16,0.0,30.0,0.0,0.003479359671473503,0.17699100077152252,0.18065401911735535,0.34772008657455444,-0.09039843082427979,0.04785623401403427,0.33723264932632446,0.0013011728879064322,0.010346799157559872,1.0854142904281616,64,0.0259,0.0,1,0,1,0,1,1.0,,,,,,,0.08328472077846527,0.5720518827438354,2.1279919147491455,0.01493,,0.0833
251,19552,0.1265,24,16,0.0,30.0,0.0,0.0023034708574414253,0.21431204676628113,0.22380319237709045,0.35136961936950684,-0.09562994539737701,0.05249224230647087,0.33707892894744873,0.0015173625433817506,0.009872288443148136,1.1424826383590698,64,0.0121,0.0,1,0,1,0,1,1.0,,,,,,,0.08370363712310791,0.6231181025505066,2.0906877517700195,0.01493,,0.0833
252,19643,0.125,24,16,0.0,30.0,0.0,0.0035064127296209335,0.175700381398201,0.17692899703979492,0.5185801982879639,-0.09874800592660904,0.0793951004743576,0.4548979699611664,0.0013128230348229408,0.007280076388269663,1.059572458267212,64,0.0772,0.0,0,0,2,0,1,1.0,,,,,,,0.0931960865855217,0.6783461570739746,2.092332363128662,0.01492,,0.0833
253,19734,0.1235,24,16,0.0,30.0,0.0,0.0029088580049574375,0.23213760554790497,0.23697462677955627,0.4468158483505249,-0.09479042887687683,0.08736887574195862,0.36195921897888184,0.0015504352049902081,0.009818632155656815,0.9114530682563782,64,0.0097,0.0,0,0,2,0,1,1.0,,,,,,,0.10399924218654633,0.6624067425727844,2.1402437686920166,0.0149,,0.0833
254,19826,0.122,24,16,0.0,30.0,0.0,0.0031980734784156084,0.1756037175655365,0.17627473175525665,0.3771645426750183,-0.09688802063465118,0.03744763135910034,0.3939307630062103,0.0014171389630064368,0.010453126393258572,1.0599137544631958,64,0.0182,0.0,0,0,1,0,2,1.0,,,,,,,0.09141123294830322,0.6018152236938477,1.9923853874206543,0.01493,,0.0833
255,19916,0.1205,24,16,0.0,30.0,0.0,0.001486930763348937,0.1915607452392578,0.1923631727695465,0.35918065905570984,-0.09344139695167542,0.027033796533942223,0.3936357796192169,0.0012883591698482633,0.009837362915277481,1.0138275623321533,64,0.0328,0.0,0,0,3,0,0,0.0,,,,,,,0.0921669602394104,0.6206270456314087,2.17116117477417,0.01486,,0.0833
256,20000,0.119,24,16,0.0,30.0,0.0,0.002468152903020382,0.2658548057079315,0.2677578628063202,0.40502259135246277,-0.0927237868309021,0.08003650605678558,0.33175912499427795,0.001606993144378066,0.01182850357145071,1.2276527881622314,64,0.0166,0.0,0,0,2,0,1,0.0,,,,,,,0.0755293220281601,0.649016261100769,2.2039589881896973,0.0148,,0.0833
257,20000,0.1176,24,16,0.0,0.0,0.0,0.0019573571626096964,0.21291109919548035,0.21466079354286194,0.4141698181629181,-0.0936577320098877,0.0421159565448761,0.4179784655570984,0.0016433974960818887,0.011234319768846035,1.0208792686462402,64,,0.0,0,0,0,0,3,0.667,,,,,,,0.09174223244190216,0.6217703223228455,2.0480194091796875,0.01485,,0.0833
258,20000,0.1161,24,16,0.0,30.0,0.0,0.0021396910306066275,0.1890057921409607,0.19891305267810822,0.6394214034080505,-0.08901074528694153,0.05328589677810669,0.6188471913337708,0.0015883728628978133,0.006026330403983593,1.1766310930252075,64,0.0266,0.0,1,0,1,0,1,1.0,,,,,,,0.07564880698919296,0.6803089380264282,2.035609722137451,0.01485,,0.0833
259,20000,0.1146,24,16,0.0,30.0,0.0,0.003134331200271845,0.19601601362228394,0.1892026662826538,0.49219679832458496,-0.09436561167240143,0.0675915777683258,0.4452207386493683,0.0016225746367126703,0.01231705117970705,0.8889501690864563,64,0.0094,0.0,1,0,2,0,0,0.0,0.0996,0.5197,0.021,0,45,2,0.10615399479866028,0.7198313474655151,1.9216656684875488,0.0148,0.0208,0.0833
260,20000,0.1131,24,16,0.0,0.0,0.0,0.0026046622078865767,0.17653438448905945,0.17053517699241638,0.3837375044822693,-0.09181639552116394,0.03687441721558571,0.39732229709625244,0.001704942318610847,0.008965564891695976,0.888321042060852,64,,0.0,0,0,0,0,3,1.0,,,,,,,0.10335946083068848,0.7273163795471191,2.0572457313537598,0.0149,,0.0833
261,20000,0.1116,24,15,0.0,30.0,0.0,0.004137815907597542,0.23535704612731934,0.23620745539665222,0.3663704991340637,-0.09580571204423904,0.016058843582868576,0.4266016483306885,0.001373563427478075,0.006913768593221903,1.1908175945281982,64,0.0183,0.0,1,0,1,0,1,1.0,,,,,,,0.08045372366905212,0.6232203245162964,2.095824956893921,0.01495,,0.0833
262,20000,0.1101,24,15,0.0,30.0,0.0,0.0033286442048847675,0.18127277493476868,0.16724351048469543,0.36456379294395447,-0.0877431184053421,0.041947778314352036,0.36531955003738403,0.0020562584977597,0.006183621007949114,0.8496518135070801,64,0.0088,0.0,0,0,1,0,2,1.0,,,,,,,0.10326950252056122,0.6784192323684692,1.9620587825775146,0.01495,,0.0833
263,20000,0.1086,24,15,1.0,30.0,1.0,0.0035957293584942818,0.240977481007576,0.2340911477804184,0.3830272853374481,-0.08936572819948196,0.025330713018774986,0.41776981949806213,0.0016681710258126259,0.007923571392893791,0.9590383768081665,64,0.0244,1.0,0,0,0,0,2,1.0,,,,,,,0.09318263828754425,0.6527283787727356,2.0497331619262695,0.01495,,0.0833
264,20000,0.1071,24,15,0.0,30.0,0.0,0.002149024745449424,0.2450414001941681,0.23653355240821838,0.2751820683479309,-0.09879782795906067,0.020471766591072083,0.3295721411705017,0.0013824935304000974,0.006928447168320417,0.7408523559570312,64,0.0132,0.0,1,0,1,0,1,1.0,,,,,,,0.133356973528862,0.6050283312797546,2.13191294670105,0.01495,,0.0833
265,20000,0.1057,24,15,0.0,0.0,0.0,0.003548939246684313,0.23687824606895447,0.23348195850849152,0.3163422644138336,-0.09460120648145676,0.01566382125020027,0.37521684169769287,0.0013065190287306905,0.008797924034297466,1.1035661697387695,64,,0.0,1,0,0,0,2,1.0,,,,,,,0.08572317659854889,0.6319087743759155,2.027700424194336,0.015,,0.0833
266,20000,0.1042,24,15,0.0,30.0,0.0,0.0022369734942913055,0.18815076351165771,0.19569924473762512,0.3730134963989258,-0.09077593684196472,0.03792578727006912,0.37928929924964905,0.0016106439288705587,0.017297130078077316,0.9270338416099548,64,0.0494,0.0,1,0,1,0,1,1.0,,,,,,,0.09792083501815796,0.7135753035545349,2.0599417686462402,0.01495,,0.0833
267,20000,0.1027,24,15,0.0,0.0,0.0,0.0026964196003973484,0.20720024406909943,0.1989106386899948,0.3978009521961212,-0.09572486579418182,0.0355561338365078,0.41778868436813354,0.0014226117637008429,0.00924974586814642,0.640662670135498,64,,0.0,1,0,0,0,2,1.0,,,,,,,0.14941540360450745,0.7360450625419617,2.00030517578125,0.01495,,0.0833
268,20000,0.1012,24,15,0.0,30.0,0.0,0.0021200270857661963,0.1824539750814438,0.16965815424919128,0.3103008568286896,-0.09577431529760361,0.024670328944921494,0.35314488410949707,0.0013317592674866319,0.007179288659244776,1.1273409128189087,64,0.0067,0.0,0,0,1,0,2,1.0,,,,,,,0.08495594561100006,0.5432641506195068,2.079655170440674,0.015,,0.0833
269,20000,0.0997,24,15,0.0,0.0,0.0,0.0022314852103590965,0.21866688132286072,0.21937404572963715,0.3489457070827484,-0.0917576253414154,0.021643828600645065,0.3938699960708618,0.0014059914974495769,0.007091355975717306,0.7292043566703796,64,,0.0,0,0,0,0,3,1.0,,,,,,,0.12583252787590027,0.6318000555038452,2.005471706390381,0.01505,,0.0833
270,20000,0.0982,24,15,0.0,30.0,0.0,0.0022794536780565977,0.20974311232566833,0.20446157455444336,0.4645783007144928,-0.09391367435455322,0.014989360235631466,0.5231099128723145,0.0009362149285152555,0.010806688107550144,0.7938589453697205,64,0.0292,0.0,0,0,1,0,2,0.5,,,,,,,0.11830021440982819,0.5292242765426636,1.968970537185669,0.015,,0.0833
271,20000,0.0967,24,15,0.0,30.0,0.0,0.0026012947782874107,0.22447186708450317,0.2250971496105194,0.3234747350215912,-0.09692704677581787,0.021888509392738342,0.37319183349609375,0.0017823406960815191,0.006865870673209429,0.8934723734855652,64,0.0298,0.0,0,0,2,0,1,1.0,,,,,,,0.10848354548215866,0.6655310392379761,2.06459379196167,0.01505,,0.0833
272,20000,0.0952,24,15,0.0,0.0,0.0,0.002398464363068342,0.21531344950199127,0.22030940651893616,0.32561227679252625,-0.09770794212818146,0.021745756268501282,0.37668535113334656,0.0019793168175965548,0.006286683026701212,1.0853310823440552,64,,0.0,1,0,0,0,2,0.5,,,,,,,0.09002593159675598,0.665011465549469,1.9977076053619385,0.0151,,0.0833
273,20000,0.0938,24,15,0.0,30.0,0.0,0.0035344306379556656,0.2453540563583374,0.25206854939460754,0.41786447167396545,-0.08617503941059113,0.023931603878736496,0.4513142704963684,0.002400027820840478,0.009724067524075508,1.2899279594421387,64,0.0224,0.0,1,0,1,0,1,1.0,,,,,,,0.06680607795715332,0.6575016975402832,2.1170692443847656,0.01505,,0.0833
274,20000,0.0923,24,15,0.0,30.0,0.0,0.00344939180649817,0.18659570813179016,0.19141711294651031,0.5212789177894592,-0.09095975756645203,0.049453526735305786,0.5105957984924316,0.001164178946055472,0.00547154201194644,0.7747817039489746,64,0.0373,0.0,1,0,0,1,1,1.0,,,,,,,0.11740050464868546,0.569439172744751,1.9570213556289673,0.01505,,0.0833
275,20000,0.0908,24,15,0.0,30.0,0.0,0.0023473212495446205,0.21988388895988464,0.21586483716964722,0.30924609303474426,-0.09555777907371521,0.013929301872849464,0.37245064973831177,0.0018008247716352344,0.008989287540316582,1.226145625114441,64,0.0237,0.0,0,0,1,0,2,0.5,,,,,,,0.07793347537517548,0.5958504676818848,2.111286163330078,0.015,,0.0833
276,20000,0.0893,24,15,0.0,30.0,0.0,0.005596676375716925,0.21645167469978333,0.22985652089118958,0.32195019721984863,-0.09401248395442963,0.028312180191278458,0.3508646488189697,0.0018127214862033725,0.01694735884666443,0.9740621447563171,64,0.0439,0.0,1,0,1,0,1,1.0,,,,,,,0.09651589393615723,0.6422977447509766,2.105545997619629,0.01495,,0.0833
277,20000,0.0878,24,15,0.0,30.0,0.0,0.002538790227845311,0.2228109985589981,0.22690367698669434,0.41193923354148865,-0.08889803290367126,0.0839679092168808,0.32845544815063477,0.001732674310915172,0.008891995996236801,1.1702344417572021,64,0.0473,0.0,0,0,1,0,2,0.5,,,,,,,0.0759660080075264,0.6312641501426697,2.1503121852874756,0.01495,,0.0833
278,20000,0.0863,24,15,0.0,0.0,0.0,0.0037127863615751266,0.17023198306560516,0.17412984371185303,0.47791093587875366,-0.09477407485246658,0.06364582479000092,0.44026419520378113,0.0019144413527101278,0.010258294641971588,0.9063007235527039,64,,0.0,0,0,0,0,3,0.667,,,,,,,0.10457243025302887,0.7398478984832764,1.9668747186660767,0.01495,,0.0833
279,20000,0.0848,24,15,0.0,30.0,0.0,0.0036215190775692463,0.21948477625846863,0.22192035615444183,0.37294867634773254,-0.09032478928565979,0.02776212804019451,0.4038422107696533,0.0013088115956634283,0.007813976146280766,0.8628122210502625,64,0.0162,0.0,0,0,2,0,1,1.0,,,,,,,0.10468649864196777,0.6107467412948608,2.0209531784057617,0.015,,0.0833
280,20000,0.0833,24,15,0.0,30.0,0.0,0.0022538574412465096,0.19048526883125305,0.18894490599632263,0.4040836989879608,-0.09263186156749725,0.036750294268131256,0.419167160987854,0.0010811536340042949,0.00809559691697359,0.8293984532356262,64,0.0506,0.0,1,0,1,0,1,1.0,,,,,,,0.11168558895587921,0.5831607580184937,1.973921298980713,0.015,,0.0833
281,20000,0.0818,24,15,1.0,30.0,1.0,0.003185469890013337,0.22525103390216827,0.2334328293800354,0.3938673436641693,-0.09468448907136917,0.0321233794093132,0.4201425015926361,0.0014364930102601647,0.008325162343680859,0.9861697554588318,64,0.0196,1.0,0,0,0,0,1,1.0,,,,,,,0.09601236879825592,0.6383559107780457,2.023697853088379,0.0151,,0.0833
282,20000,0.0804,24,15,0.0,28.0,0.0,0.002767492551356554,0.20767684280872345,0.21823200583457947,0.527825653553009,-0.09583795070648193,0.09669727087020874,0.42442095279693604,0.002058751182630658,0.011696227826178074,0.745384156703949,64,0.0502,0.0,0,0,2,1,0,0.0,,,,,,,0.12857523560523987,0.6226094961166382,2.013878107070923,0.01505,,0.0833
283,20000,0.0789,24,15,0.0,30.0,0.0,0.0033291573636233807,0.22985786199569702,0.23836350440979004,0.390901654958725,-0.0945669487118721,0.0283940639346838,0.42483842372894287,0.0010547097772359848,0.007684136275202036,1.022885799407959,64,0.0711,0.0,1,0,1,0,1,1.0,,,,,,,0.09245112538337708,0.603380560874939,2.0501606464385986,0.0151,,0.0833
284,20000,0.0774,24,15,0.0,30.0,0.0,0.002467646962031722,0.22967426478862762,0.2240821272134781,0.33871400356292725,-0.09679564088582993,0.02990621328353882,0.37183475494384766,0.0014348545810207725,0.007724917493760586,0.8684406280517578,64,0.0281,0.0,0,0,2,0,1,1.0,,,,,,,0.11145912855863571,0.6594609618186951,2.1283371448516846,0.0151,,0.0833
285,20000,0.0759,24,15,0.0,30.0,0.0,0.0036972982343286276,0.22945427894592285,0.23617254197597504,0.5050606727600098,-0.09671936929225922,0.02747250162065029,0.5428352952003479,0.0012804189464077353,0.007999506779015064,0.9799765944480896,64,0.0207,0.0,0,0,3,0,0,0.0,,,,,,,0.09869559109210968,0.5714336633682251,1.987466812133789,0.015,,0.0833
286,20000,0.0744,24,15,0.0,28.0,0.0,0.004453933797776699,0.23479802906513214,0.22306928038597107,0.31960663199424744,-0.09613173454999924,0.04076582193374634,0.33032822608947754,0.0017453868640586734,0.007756995502859354,0.9578661918640137,64,0.0612,0.0,0,0,1,1,1,1.0,,,,,,,0.10036028921604156,0.6509705185890198,2.1768105030059814,0.01495,,0.0833
287,20000,0.0729,24,15,0.0,30.0,0.0,0.0026433533057570457,0.19949357211589813,0.18844382464885712,0.47683483362197876,-0.09751395136117935,0.027586568146944046,0.5139075517654419,0.0014350725105032325,0.010536185465753078,0.7395083904266357,64,0.0097,0.0,0,0,1,0,2,1.0,,,,,,,0.13186322152614594,0.6262192726135254,2.0149588584899902,0.015,,0.0833
288,20000,0.0714,24,15,0.0,30.0,0.0,0.002274859696626663,0.2220972180366516,0.22345662117004395,0.5209917426109314,-0.09725748002529144,0.07941783964633942,0.455085813999176,0.0014455110067501664,0.008655480109155178,0.9181413650512695,64,0.0214,0.0,0,0,1,0,2,0.5,,,,,,,0.10592865198850632,0.7559794783592224,2.0833539962768555,0.01495,,0.0833
289,20000,0.0699,24,15,0.0,30.0,0.0,0.0020106774754822254,0.2474297732114792,0.25533851981163025,0.3601684868335724,-0.09028216451406479,0.03455724939703941,0.3769187331199646,0.0012264547403901815,0.008834822103381157,0.9813985824584961,64,0.0417,0.0,0,0,2,0,1,1.0,,,,,,,0.09199337661266327,0.5779147148132324,2.0615272521972656,0.0149,,0.0833
290,20000,0.0685,24,15,0.0,30.0,0.0,0.005720790009945631,0.21429646015167236,0.21230705082416534,0.6736600995063782,-0.08717228472232819,0.037816938012838364,0.6804957389831543,0.001253516529686749,0.009405461139976978,1.0176633596420288,64,0.0412,0.0,1,0,1,0,1,1.0,,,,,,,0.08565925061702728,0.6477775573730469,2.106503486633301,0.01495,,0.0833
291,20000,0.067,24,15,0.0,30.0,0.0,0.0024994034320116043,0.1982283890247345,0.20627085864543915,0.4831686317920685,-0.09650050103664398,0.05549076944589615,0.4643612504005432,0.0013016387820243835,0.008652684278786182,0.9034218192100525,64,0.0431,0.0,1,0,1,0,1,1.0,,,,,,,0.10681665688753128,0.617095410823822,2.025190591812134,0.015,,0.0833
292,20000,0.0655,24,15,0.0,30.0,0.0,0.003170698881149292,0.21283894777297974,0.20468705892562866,0.3474954068660736,-0.08862929046154022,0.05347614735364914,0.3264272212982178,0.001079357578419149,0.005490365903824568,1.108185887336731,64,0.0133,0.0,0,0,2,0,1,1.0,,,,,,,0.07997691631317139,0.6927250623703003,2.2084240913391113,0.01495,,0.0833
293,20000,0.064,24,15,0.0,30.0,0.0,0.0019138733623549342,0.19150543212890625,0.19674521684646606,0.5929861068725586,-0.08258341997861862,0.060690738260746,0.5489989519119263,0.001534715760499239,0.010378279723227024,1.3375523090362549,64,0.0137,0.0,0,0,1,0,2,0.5,,,,,,,0.06174220144748688,0.7173656225204468,2.0476150512695312,0.01485,,0.0833
294,20000,0.0625,24,15,0.0,30.0,0.0,0.001290186308324337,0.2004520297050476,0.2005157172679901,0.35775378346443176,-0.08453911542892456,0.03592013567686081,0.3658556044101715,0.001161488238722086,0.009194065816700459,1.1858428716659546,64,0.0365,0.0,0,0,1,0,2,1.0,,,,,,,0.07129031419754028,0.6539044380187988,2.1156563758850098,0.0149,,0.0833
295,20000,0.061,24,15,0.0,30.0,0.0,0.002158214570954442,0.2114391177892685,0.20757237076759338,0.29107531905174255,-0.08981554210186005,0.019477959722280502,0.33725935220718384,0.0015371935442090034,0.00935117807239294,1.079110026359558,64,0.1225,0.0,2,0,1,0,0,0.0,,,,,,,0.083231121301651,0.755241870880127,2.1305429935455322,0.0149,,0.0833
296,20000,0.0595,24,15,0.0,30.0,0.0,0.002346907276660204,0.2167823314666748,0.2249106913805008,0.4087311923503876,-0.09247051179409027,0.052388764917850494,0.39257869124412537,0.0009392439969815314,0.0076909917406737804,1.2865303754806519,64,0.0068,0.0,1,0,1,0,1,1.0,0.12,0.5814,0.0,0,44,4,0.07187588512897491,0.6526627540588379,2.0785298347473145,0.0149,0.0,0.0833
297,20000,0.058,24,15,0.0,30.0,0.0,0.002016826532781124,0.16785773634910583,0.16366882622241974,0.49410581588745117,-0.09040364623069763,0.05813639611005783,0.46379372477531433,0.0014095420483499765,0.008885861374437809,0.8270020484924316,64,0.0349,0.0,2,0,1,0,0,0.0,,,,,,,0.10931489616632462,0.6512523889541626,2.0078885555267334,0.0149,,0.0833
298,20000,0.0565,24,15,0.0,0.0,0.0,0.0037661856040358543,0.23239730298519135,0.22589415311813354,0.4765477776527405,-0.09794194251298904,0.05124334618449211,0.4681803584098816,0.002413147361949086,0.007645367179065943,0.8757176399230957,64,,0.0,2,0,0,0,1,1.0,,,,,,,0.11184191703796387,0.6420634984970093,1.9201560020446777,0.0149,,0.0833
299,20000,0.0551,24,15,0.0,30.0,0.0,0.002452568616718054,0.23210427165031433,0.22562697529792786,0.3899562656879425,-0.09250893443822861,0.07320480048656464,0.33288276195526123,0.001074027270078659,0.006345664616674185,1.0685200691223145,64,0.0355,0.0,1,0,1,0,1,1.0,,,,,,,0.08657670021057129,0.6715928912162781,2.09704852104187,0.01485,,0.0833
300,20000,0.0536,24,14,0.0,30.0,0.0,0.003914908971637487,0.19136613607406616,0.187144935131073,0.3807736337184906,-0.09636351466178894,0.03915269300341606,0.3951435387134552,0.0013040297199040651,0.007376422639936209,1.2358826398849487,64,0.029,0.0,0,0,1,0,2,1.0,,,,,,,0.07797141373157501,0.6266061067581177,2.1412081718444824,0.01485,,0.0833
301,20000,0.0521,24,14,0.0,30.0,0.0,0.002964306389912963,0.2184876799583435,0.20975038409233093,0.4231380522251129,-0.09762367606163025,0.085183285176754,0.34705594182014465,0.0012926100753247738,0.006678412668406963,0.9337900280952454,64,0.0383,0.0,0,0,3,0,0,0.0,,,,,,,0.10454563796520233,0.6728755235671997,2.163412570953369,0.01485,,0.0833
302,20000,0.0506,24,14,0.0,30.0,0.0,0.0032913335599005222,0.2121213972568512,0.21841563284397125,0.5368243455886841,-0.08600109815597534,0.05177570506930351,0.5160105228424072,0.001394240534864366,0.006527008954435587,1.061472773551941,64,0.0234,0.0,1,0,1,0,1,1.0,,,,,,,0.0810205414891243,0.5782985687255859,1.9029929637908936,0.0148,,0.0833
303,20000,0.0491,24,14,0.0,30.0,0.0,0.002430547494441271,0.18519985675811768,0.18387243151664734,0.37482357025146484,-0.08922329545021057,0.03390481323003769,0.3930949866771698,0.0013033001450821757,0.0062844776548445225,1.3267639875411987,64,0.0211,0.0,0,0,1,0,2,1.0,,,,,,,0.06724880635738373,0.6110439300537109,2.027714252471924,0.0148,,0.0833
304,20000,0.0476,24,14,0.0,30.0,0.0,0.006862691603600979,0.22540053725242615,0.22790899872779846,0.39665547013282776,-0.0977168083190918,0.02293393388390541,0.4436221718788147,0.002438627416267991,0.009764512069523335,0.8735641837120056,64,0.0338,0.0,1,0,1,1,0,0.0,,,,,,,0.11185990273952484,0.6288363933563232,2.0119223594665527,0.01475,,0.0833
305,20000,0.0461,24,14,1.0,30.0,1.0,0.002620861865580082,0.22456997632980347,0.22722993791103363,0.33642813563346863,-0.09170105308294296,0.025864377617836,0.3719978332519531,0.0019749992061406374,0.008805187419056892,0.8653587698936462,64,0.0138,1.0,1,0,0,0,1,1.0,,,,,,,0.10596883296966553,0.6094067096710205,2.0910325050354004,0.01485,,0.0833
306,20000,0.0446,24,14,0.0,30.0,0.0,0.0016533434391021729,0.2027742862701416,0.20157015323638916,0.32767027616500854,-0.09467464685440063,0.04327965900301933,0.3260280191898346,0.001245819847099483,0.0195151474326849,0.9140436053276062,64,0.0119,0.0,2,0,1,0,0,0.0,,,,,,,0.10357782989740372,0.6682268381118774,2.2127439975738525,0.01485,,0.0833
307,20000,0.0432,24,14,0.0,30.0,0.0,0.003208486596122384,0.23032675683498383,0.24142219126224518,0.34379440546035767,-0.09691445529460907,0.031862132251262665,0.3720000982284546,0.0011544633889570832,0.009969010949134827,0.9662944078445435,64,0.0296,1.0,0,1,0,0,2,1.0,,,,,,,0.10029496252536774,0.7042460441589355,2.144951820373535,0.01495,,0.0833
308,20000,0.0417,24,14,0.0,30.0,0.0,0.00404922803863883,0.17925022542476654,0.17371103167533875,0.37239009141921997,-0.09200392663478851,0.03302709758281708,0.39539676904678345,0.0011974687222391367,0.005886052269488573,0.8872968554496765,64,0.0471,0.0,0,0,1,0,2,1.0,,,,,,,0.10369013249874115,0.6385625600814819,2.089181900024414,0.015,,0.0833
309,20000,0.0402,24,14,0.0,0.0,0.0,0.003483951324597001,0.21642394363880157,0.23053422570228577,0.3079216480255127,-0.09400995820760727,0.03258975222706795,0.3306913673877716,0.001384431030601263,0.012121430598199368,1.207342267036438,64,,0.0,1,0,0,0,2,1.0,,,,,,,0.07786521315574646,0.6337190866470337,2.1318862438201904,0.0151,,0.0833
310,20000,0.0387,24,14,0.0,30.0,0.0,0.002454572357237339,0.21838541328907013,0.21585234999656677,0.38044050335884094,-0.09697553515434265,0.021466802805662155,0.43147045373916626,0.0014814645983278751,0.0060239569284021854,0.8012185096740723,64,0.0158,0.0,0,0,2,0,1,1.0,,,,,,,0.12103506177663803,0.6338673830032349,2.056149959564209,0.01515,,0.0833
311,20000,0.0372,24,14,0.0,0.0,0.0,0.004197719506919384,0.2537418007850647,0.2614949941635132,0.40801194310188293,-0.09864527732133865,0.03684036061167717,0.4301499128341675,0.0028598790522664785,0.005653211381286383,0.9096958041191101,64,,0.0,0,0,0,0,3,0.667,,,,,,,0.10843764990568161,0.6158972978591919,2.0586063861846924,0.01515,,0.0833
312,20000,0.0357,24,14,1.0,30.0,1.0,0.0018699122592806816,0.1920912265777588,0.19549460709095,0.3954505920410156,-0.09426422417163849,0.046105336397886276,0.3947855532169342,0.0013774994295090437,0.005437186453491449,1.5342459678649902,64,0.021,1.0,0,0,0,0,1,1.0,,,,,,,0.06144009903073311,0.6357393860816956,2.055485725402832,0.0153,,0.0833
313,20000,0.0342,24,14,0.0,30.0,0.0,0.003417838364839554,0.20949500799179077,0.18494395911693573,0.2702575922012329,-0.09736670553684235,0.014083534479141235,0.3364138603210449,0.0012779440730810165,0.006086705252528191,1.0054032802581787,64,0.0645,0.0,0,0,2,0,1,1.0,,,,,,,0.0968434289097786,0.688696563243866,2.1200335025787354,0.0152,,0.0833
314,20000,0.0327,24,14,0.0,30.0,0.0,0.003764338791370392,0.21521414816379547,0.22407075762748718,0.8437627553939819,-0.09481694549322128,0.03011377714574337,0.8753336668014526,0.0015874336240813136,0.006036942359060049,0.7573108077049255,64,0.0803,0.0,0,0,1,0,2,1.0,,,,,,,0.12520214915275574,0.6163935661315918,1.9741108417510986,0.0153,,0.0833
315,20000,0.0312,24,14,0.0,0.0,0.0,0.003458203747868538,0.21124160289764404,0.20734736323356628,0.5366712212562561,-0.09588725119829178,0.059648558497428894,0.5094653964042664,0.0020064141135662794,0.007591940462589264,0.6838765740394592,64,,0.0,2,0,0,0,1,1.0,,,,,,,0.1402113437652588,0.6956472396850586,1.9295413494110107,0.01535,,0.0833
316,20000,0.0298,24,14,0.0,29.0,0.0,0.003063448704779148,0.17781640589237213,0.17278572916984558,0.3380114436149597,-0.09660224616527557,0.028718795627355576,0.3731810450553894,0.0012871490325778723,0.007990105077624321,1.1646358966827393,64,0.0776,0.0,0,0,2,1,0,0.0,,,,,,,0.0829463005065918,0.6857187151908875,2.0931501388549805,0.01525,,0.0833
317,20000,0.0283,24,14,0.0,27.0,0.0,0.0019947621040046215,0.2197052538394928,0.21265152096748352,0.3496483266353607,-0.09246332943439484,0.032489269971847534,0.37308621406555176,0.0012439951533451676,0.008093778043985367,0.9500341415405273,64,0.0711,0.0,0,0,2,1,0,0.0,,,,,,,0.09732632339000702,0.6067288517951965,2.1439452171325684,0.0152,,0.0833
318,20000,0.0268,24,14,0.0,30.0,0.0,0.0024379112292081118,0.18400989472866058,0.19179202616214752,0.4502487778663635,-0.09212525188922882,0.09545563906431198,0.3468371033668518,0.0012114141136407852,0.009251278825104237,1.2146438360214233,64,0.0287,0.0,0,0,3,0,0,0.0,,,,,,,0.07584548741579056,0.6589391231536865,2.128714084625244,0.01515,,0.0833
319,20000,0.0253,24,14,0.0,30.0,0.0,0.002315129153430462,0.19712576270103455,0.20119594037532806,0.5061953663825989,-0.09096480906009674,0.0848766565322876,0.42321252822875977,0.0013536394108086824,0.00838865153491497,1.1214457750320435,64,0.0448,0.0,0,0,2,0,1,1.0,,,,,,,0.08111387491226196,0.596621036529541,2.001585006713867,0.0152,,0.0833
320,20000,0.0238,24,14,0.0,30.0,0.0,0.005090824794024229,0.20560115575790405,0.20229396224021912,0.4515874981880188,-0.0999537855386734,0.02406325750052929,0.5002776384353638,0.001048333360813558,0.006274290848523378,0.8690042495727539,64,0.0234,0.0,0,0,2,0,1,1.0,,,,,,,0.11502104997634888,0.6666590571403503,2.0124359130859375,0.0152,,0.0833
321,20000,0.0223,24,14,0.0,30.0,0.0,0.004085979890078306,0.23358985781669617,0.23980769515037537,0.3492622375488281,-0.09875288605690002,0.03546808660030365,0.37264323234558105,0.0016265149461105466,0.00887143611907959,1.3758876323699951,64,0.0678,0.0,0,0,1,0,2,1.0,,,,,,,0.0717739462852478,0.7371443510055542,2.1327614784240723,0.0152,,0.0833
322,20000,0.0208,24,14,0.0,0.0,0.0,0.0018557957373559475,0.18549706041812897,0.1873343288898468,0.6440228819847107,-0.09340395033359528,0.05468934401869774,0.6243732571601868,0.001198563608340919,0.007349719759076834,0.8212701678276062,64,,0.0,2,0,0,0,1,1.0,,,,,,,0.11373109370470047,0.6308525800704956,1.9620404243469238,0.01525,,0.0833
323,20000,0.0193,24,14,0.5,30.0,0.5,0.004397003911435604,0.19126766920089722,0.1923263669013977,0.3877987861633301,-0.09572805464267731,0.03012782149016857,0.41890355944633484,0.001405867631547153,0.00873527117073536,1.2726826667785645,64,0.0337,0.5,0,0,0,1,1,1.0,,,,,,,0.07521753013134003,0.6155998110771179,1.9815678596496582,0.0153,,0.0833
324,20000,0.0179,24,14,0.0,0.0,0.0,0.0026367949321866035,0.24203646183013916,0.24212965369224548,0.44977742433547974,-0.09335661679506302,0.06800569593906403,0.40221065282821655,0.0015149755636230111,0.009824005886912346,0.9318939447402954,64,,0.0,0,0,0,0,3,1.0,,,,,,,0.10017944127321243,0.6421607732772827,2.04361629486084,0.0154,,0.0833
325,20000,0.0164,24,14,0.0,30.0,0.0,0.0018342665862292051,0.20601786673069,0.2073645293712616,0.36581259965896606,-0.09494505822658539,0.03075452707707882,0.3954872190952301,0.0011376900365576148,0.00752275949344039,0.9125060439109802,64,0.0633,0.0,0,0,1,0,2,1.0,,,,,,,0.1040486991405487,0.6679527759552002,2.076648473739624,0.01545,,0.0833
326,20000,0.0149,24,14,1.0,30.0,1.0,0.0027888850308954716,0.17418630421161652,0.17214971780776978,0.6176344752311707,-0.09655217826366425,0.05860781669616699,0.5910807251930237,0.0016545961843803525,0.01178065501153469,1.0836094617843628,64,0.0206,1.0,1,0,0,0,1,1.0,,,,,,,0.0891023725271225,0.6326948404312134,2.0519633293151855,0.01545,,0.0833
327,20000,0.0134,24,14,0.0,30.0,0.0,0.0032739443704485893,0.18727269768714905,0.1832093596458435,0.4060831665992737,-0.09495259821414948,0.047574251890182495,0.40168851613998413,0.0014052590122446418,0.008397472091019154,1.1485035419464111,64,0.0271,0.0,0,0,1,0,2,1.0,,,,,,,0.08267506957054138,0.6843659281730652,1.9981685876846313,0.01555,,0.0833
328,20000,0.0119,24,14,0.0,30.0,0.0,0.002114654053002596,0.20422951877117157,0.2080758959054947,0.3186289668083191,-0.0953935831785202,0.02929311990737915,0.3509659767150879,0.0013028908288106322,0.008940696716308594,0.9713274240493774,64,0.0474,0.0,1,0,1,0,1,1.0,,,,,,,0.09820950031280518,0.6383602619171143,2.089076042175293,0.01555,,0.0833
329,20000,0.0104,24,14,0.0,0.0,0.0,0.0026018302887678146,0.223795086145401,0.230135977268219,0.6549992561340332,-0.09357412159442902,0.10785207152366638,0.5300986170768738,0.0014783644583076239,0.005541258491575718,0.9309868812561035,64,,0.0,2,0,0,0,1,0.0,,,,,,,0.10051067173480988,0.6518053412437439,2.0740394592285156,0.01555,,0.0833
330,20000,0.0089,24,14,0.0,28.5,0.0,0.002397152129560709,0.20079927146434784,0.20035739243030548,0.3419961631298065,-0.09529855847358704,0.05040295049548149,0.3314521312713623,0.001670606667175889,0.010073338635265827,1.2637561559677124,64,0.019,0.0,0,0,0,2,1,1.0,,,,,,,0.07540898025035858,0.6309922933578491,2.1211190223693848,0.01555,,0.0833
331,20000,0.0074,24,14,0.5,30.0,0.5,0.0020407899282872677,0.20137937366962433,0.2002604901790619,0.4530090391635895,-0.09355178475379944,0.07157056778669357,0.3994032144546509,0.0011791185243055224,0.008032971061766148,1.2026305198669434,64,0.0299,0.5,1,0,1,0,0,0.0,,,,,,,0.0777892991900444,0.6749242544174194,2.1412906646728516,0.01555,,0.0833
332,20000,0.006,24,14,0.0,30.0,0.0,0.0022950677666813135,0.24583867192268372,0.24811908602714539,0.36295264959335327,-0.09487549215555191,0.01728684827685356,0.41740113496780396,0.0014792975271120667,0.011706562712788582,0.8868216872215271,64,0.0771,0.0,0,0,1,0,2,1.0,,,,,,,0.1069837361574173,0.7461320757865906,2.053938388824463,0.01555,,0.0833
333,20000,0.0045,24,14,0.0,30.0,0.0,0.0020296876318752766,0.1742561161518097,0.17938359081745148,0.4400177299976349,-0.09464699774980545,0.06770224869251251,0.395565927028656,0.0017812661826610565,0.007388615049421787,1.068193793296814,64,0.075,0.0,0,0,2,0,1,1.0,0.1182,0.5167,0.083,0,43,1,0.08860470354557037,0.7039291858673096,2.041985034942627,0.01555,0.0833,0.0833
334,20000,0.003,24,14,0.0,30.0,0.0,0.002739025978371501,0.2012653350830078,0.21283310651779175,0.3300231397151947,-0.09656623005867004,0.025418579578399658,0.37189993262290955,0.001374460174702108,0.0077045634388923645,1.0306026935577393,64,0.0383,0.0,0,0,2,0,1,1.0,,,,,,,0.09369879215955734,0.6499987840652466,2.119507312774658,0.01555,,0.0833
335,20000,0.0015,24,14,0.0,28.0,0.0,0.0023347658570855856,0.2124861180782318,0.20964398980140686,0.5598269104957581,-0.09912856668233871,0.06694334745407104,0.5214813947677612,0.0011611325899139047,0.007174736820161343,0.6654085516929626,64,0.0496,0.0,0,0,0,1,2,1.0,,,,,,,0.1489740014076233,0.7401442527770996,1.9203338623046875,0.0156,,0.0833
336,20000,0.0,24,14,0.0,30.0,0.0,0.001468817819841206,0.20276619493961334,0.2115694284439087,0.39169833064079285,-0.09027348458766937,0.05123357102274895,0.3750569224357605,0.0013521179789677262,0.00889553315937519,1.032058596611023,64,0.0745,0.0,1,0,1,0,1,1.0,,,,,,,0.08746933937072754,0.6474446058273315,2.111025333404541,0.01555,,0.0833
337,20000,0.0,24,14,0.0,30.0,0.0,0.002608408685773611,0.17920204997062683,0.18099750578403473,0.3734845817089081,-0.09498965740203857,0.04496028274297714,0.3746590316295624,0.0016599767841398716,0.0077893384732306,1.046772837638855,64,0.0984,0.0,0,0,1,0,2,1.0,,,,,,,0.09074524790048599,0.6351534724235535,2.08365535736084,0.0156,,0.0833
338,20000,0.0,24,14,0.0,30.0,0.0,0.0031199986115098,0.23626922070980072,0.23490861058235168,0.4826776683330536,-0.09447843581438065,0.1002032607793808,0.37284979224205017,0.0012045020703226328,0.007799583021551371,1.3975043296813965,64,0.0277,0.0,0,0,3,0,0,0.0,,,,,,,0.06760510802268982,0.6942984461784363,2.1589229106903076,0.0156,,0.0833
339,20000,0.0,24,14,0.0,30.0,0.0,0.0037735309451818466,0.20608511567115784,0.20358902215957642,0.4897345006465912,-0.09530693292617798,0.08005692809820175,0.41766294836997986,0.0016630023019388318,0.014529268257319927,1.1512525081634521,64,0.0329,0.0,0,0,1,0,2,1.0,,,,,,,0.08278542757034302,0.7895921468734741,2.1786553859710693,0.01565,,0.0833
340,20000,0.0,24,14,0.0,0.0,0.0,0.001852412591688335,0.1797299087047577,0.1818564236164093,0.33870917558670044,-0.09133273363113403,0.02651144377887249,0.37351176142692566,0.001968204276636243,0.007014497183263302,1.191757082939148,64,,0.0,1,0,0,0,2,1.0,,,,,,,0.07663703709840775,0.6797296404838562,2.1131396293640137,0.01565,,0.0833
341,20000,0.0,24,13,0.0,30.0,0.0,0.004099217709153891,0.22688595950603485,0.23680466413497925,0.40790802240371704,-0.09378370642662048,0.07266232371330261,0.35153645277023315,0.0011822062078863382,0.009661240503191948,1.0412123203277588,64,0.037,0.0,0,0,2,0,1,1.0,,,,,,,0.0900716483592987,0.6179418563842773,2.1108527183532715,0.0156,,0.0833
342,20000,0.0,24,13,0.0,30.0,0.0,0.0012300651287660003,0.22671113908290863,0.23225408792495728,0.3801634907722473,-0.09218259155750275,0.06763913482427597,0.3331095576286316,0.0010935453465208411,0.007916480302810669,1.1032794713974,64,0.0468,0.0,1,0,1,0,1,1.0,,,,,,,0.0835532546043396,0.6441868543624878,2.0990428924560547,0.01555,,0.0833
343,20000,0.0,24,13,0.0,30.0,0.0,0.0032482778187841177,0.19445137679576874,0.19437851011753082,0.4651292562484741,-0.09434822201728821,0.06871259212493896,0.41774821281433105,0.0013641632394865155,0.008608151227235794,0.7990744709968567,64,0.0259,0.0,1,0,1,0,1,1.0,,,,,,,0.11807188391685486,0.7966833114624023,2.04292368888855,0.01555,,0.0833
344,20000,0.0,24,13,0.0,30.0,0.0,0.0018119782907888293,0.1876768171787262,0.18786412477493286,0.4233279526233673,-0.09443309903144836,0.04506741091609001,0.4232023060321808,0.0014255603309720755,0.008847841061651707,1.0406922101974487,64,0.0159,0.0,0,0,2,0,1,1.0,,,,,,,0.09074066579341888,0.7471196055412292,1.9955317974090576,0.0155,,0.0833
345,20000,0.0,24,13,0.0,30.0,0.0,0.002586319576948881,0.21002115309238434,0.2052316516637802,0.4034351706504822,-0.09248638153076172,0.04524718225002289,0.4021286368370056,0.002503658877685666,0.0065970830619335175,0.91944819688797,64,0.0449,0.0,0,0,1,0,2,1.0,,,,,,,0.10058902204036713,0.7379192113876343,2.066732406616211,0.01545,,0.0833
346,20000,0.0,24,13,0.0,30.0,0.0,0.001758323167450726,0.2288845181465149,0.22312061488628387,0.4098033905029297,-0.09315600991249084,0.06406931579113007,0.37197697162628174,0.001458283280953765,0.0056875646114349365,1.2234195470809937,64,0.0355,0.0,0,0,1,0,2,1.0,,,,,,,0.07614396512508392,0.6183080077171326,2.1332015991210938,0.01545,,0.0833
347,20000,0.0,24,13,0.0,30.0,0.0,0.001859166193753481,0.14951588213443756,0.14909571409225464,0.39492693543434143,-0.0903109461069107,0.041967421770095825,0.39848849177360535,0.0013364643091335893,0.0056290957145392895,0.8865966200828552,64,0.0552,0.0,0,0,3,0,0,0.0,,,,,,,0.10186250507831573,0.6389395594596863,2.021970748901367,0.01535,,0.0833
348,20000,0.0,24,13,0.0,26.0,0.0,0.0014660183805972338,0.2505338490009308,0.24867147207260132,0.40470364689826965,-0.0943864956498146,0.0483444482088089,0.3990021049976349,0.001073362771421671,0.006798269227147102,1.1530653238296509,64,0.1136,1.0,2,1,0,0,0,0.0,,,,,,,0.08185701817274094,0.5792535543441772,2.0252323150634766,0.01535,,0.0833
349,20000,0.0,24,13,1.0,30.0,1.0,0.0019603001419454813,0.20027807354927063,0.20932476222515106,0.346462219953537,-0.09043771028518677,0.029539499431848526,0.37275564670562744,0.0013526001712307334,0.010130594484508038,1.0184422731399536,64,0.0269,1.0,1,0,0,0,1,1.0,,,,,,,0.08880002796649933,0.7954152822494507,2.1521334648132324,0.0154,,0.0833
350,20000,0.0,24,13,0.0,30.0,0.0,0.0023072073236107826,0.22561657428741455,0.22798535227775574,0.34141772985458374,-0.08246161043643951,0.04728681966662407,0.32554692029953003,0.00097933248616755,0.007517561316490173,1.4139487743377686,64,0.0225,0.0,1,0,1,0,1,1.0,,,,,,,0.05832007899880409,0.6349445581436157,2.208493232727051,0.0154,,0.0833
351,20000,0.0,24,13,0.0,30.0,0.0,0.0023915134370326996,0.18494270741939545,0.18134796619415283,0.42856138944625854,-0.09767918288707733,0.020858658477663994,0.4803861379623413,0.0011020839447155595,0.008274244144558907,0.8487294316291809,64,0.0209,0.0,0,0,1,0,2,1.0,,,,,,,0.11508871614933014,0.6744229793548584,2.005497455596924,0.0154,,0.0833
352,20000,0.0,24,13,0.0,30.0,0.0,0.003261936130002141,0.23710310459136963,0.23815464973449707,0.3691433370113373,-0.08382558822631836,0.034260839223861694,0.3805500864982605,0.0011710029793903232,0.0077943033538758755,1.4967626333236694,64,0.073,0.0,0,0,2,0,1,1.0,,,,,,,0.056004598736763,0.6462809443473816,2.1549582481384277,0.0154,,0.0833
353,20000,0.0,24,13,0.0,30.0,0.0,0.0038931178860366344,0.20715196430683136,0.20857971906661987,0.36211442947387695,-0.09450694918632507,0.03468196839094162,0.3845469355583191,0.0011818117927759886,0.005421043839305639,1.3129453659057617,64,0.0467,0.0,0,0,1,0,2,1.0,,,,,,,0.07198087126016617,0.6996123790740967,1.9998421669006348,0.0154,,0.0833
354,20000,0.0,24,13,0.0,29.0,0.0,0.0035351794213056564,0.1969803422689438,0.19058573246002197,0.3552185595035553,-0.09873595088720322,0.03790353983640671,0.3752572536468506,0.0011606578482314944,0.005780346225947142,0.9363101124763489,64,0.0744,0.0,0,0,2,1,0,0.0,,,,,,,0.10545219480991364,0.6895586848258972,2.0715548992156982,0.01535,,0.0833
355,20000,0.0,24,13,0.0,30.0,0.0,0.0017670675879344344,0.2078177034854889,0.20900695025920868,0.3768550455570221,-0.09580620378255844,0.06928983330726624,0.32813993096351624,0.001250613946467638,0.011883330531418324,1.106549620628357,64,0.07,0.0,1,0,1,0,1,1.0,,,,,,,0.0865810364484787,0.591086208820343,2.16548490524292,0.0154,,0.0833
356,20000,0.0,24,13,0.0,30.0,0.0,0.0014869114384055138,0.21863092482089996,0.21246008574962616,0.49840113520622253,-0.09308689832687378,0.061843764036893845,0.4630822539329529,0.0014096411177888513,0.009436480700969696,0.9113292694091797,64,0.0133,0.0,0,0,2,0,1,1.0,,,,,,,0.10214408487081528,0.6848710775375366,2.0013744831085205,0.01535,,0.0833
357,20000,0.0,24,13,0.0,30.0,0.0,0.0015533962287008762,0.19308681786060333,0.19309557974338531,0.33258870244026184,-0.0936751514673233,0.039172738790512085,0.3434302806854248,0.0014204451581463218,0.00897615123540163,0.9506193995475769,64,0.0299,0.0,0,0,1,0,2,1.0,,,,,,,0.09854117035865784,0.691569983959198,2.080193042755127,0.01535,,0.0833
358,20000,0.0,24,13,0.0,30.0,0.0,0.0031479436438530684,0.2021886110305786,0.21594370901584625,0.37914204597473145,-0.08483719825744629,0.06307672709226608,0.33430367708206177,0.001274927519261837,0.00704421428963542,1.7027416229248047,64,0.06,0.0,0,0,1,0,2,1.0,,,,,,,0.049823880195617676,0.7212292551994324,2.1375203132629395,0.01545,,0.0833
359,20000,0.0,24,13,0.0,29.0,0.0,0.0013536466285586357,0.21062031388282776,0.20970898866653442,0.45361995697021484,-0.09404285252094269,0.05725356191396713,0.4291061460971832,0.001228958135470748,0.008099088445305824,1.0873417854309082,64,0.0242,0.0,1,0,0,1,1,1.0,,,,,,,0.0864887684583664,0.656884491443634,2.0957984924316406,0.01545,,0.0833
360,20000,0.0,24,13,0.0,30.0,0.0,0.0022987404372543097,0.16515111923217773,0.1841120719909668,0.69496750831604,-0.08645647764205933,0.08046340197324753,0.616753339767456,0.0019200738752260804,0.007487681228667498,1.1106568574905396,64,0.0393,0.0,0,0,1,0,2,1.0,,,,,,,0.07784265279769897,0.6878412961959839,2.0592050552368164,0.01545,,0.0833
361,20000,0.0,24,13,1.0,30.0,1.0,0.001548325875774026,0.20222361385822296,0.1985955685377121,0.5559394359588623,-0.09558194875717163,0.02940727397799492,0.5887462496757507,0.0010010401019826531,0.007921199314296246,0.9905639886856079,64,0.0424,1.0,0,0,0,0,2,1.0,,,,,,,0.0964924618601799,0.6686376333236694,2.066956043243408,0.01555,,0.0833
362,20000,0.0,24,13,0.0,30.0,0.0,0.0024930075742304325,0.18894046545028687,0.18860161304473877,0.396097332239151,-0.09348705410957336,0.06993936747312546,0.3454950451850891,0.0012093205004930496,0.00842126552015543,1.1566847562789917,64,0.0393,0.0,0,0,2,0,1,1.0,,,,,,,0.08082327246665955,0.634010910987854,2.129491090774536,0.01555,,0.0833
363,20000,0.0,24,13,0.0,30.0,0.0,0.0025202359538525343,0.22372861206531525,0.2297811061143875,0.6068923473358154,-0.09841421246528625,0.14075081050395966,0.41896283626556396,0.0013411423424258828,0.009684211574494839,0.859271228313446,64,0.0595,0.0,0,0,1,0,2,1.0,,,,,,,0.11453218758106232,0.6670557260513306,2.045003890991211,0.01555,,0.0833
364,20000,0.0,24,13,0.0,30.0,0.0,0.0025747378822416067,0.13898617029190063,0.1367461383342743,0.3880458176136017,-0.0973154753446579,0.06622683256864548,0.3481132388114929,0.0017462415853515267,0.009588782675564289,1.1866953372955322,64,0.0571,0.0,0,0,1,0,2,1.0,,,,,,,0.08200544863939285,0.6692046523094177,2.1435062885284424,0.0156,,0.0833
365,20000,0.0,24,13,0.0,30.0,0.0,0.0018957351567223668,0.2157568633556366,0.21891677379608154,0.37854766845703125,-0.09493683278560638,0.048434577882289886,0.3723922371864319,0.001220939913764596,0.008446218445897102,1.0155998468399048,64,0.0237,0.0,0,0,2,0,1,1.0,,,,,,,0.09347859025001526,0.6291559934616089,2.108238458633423,0.0156,,0.0833
366,20000,0.0,24,13,1.0,30.0,1.0,0.0024477639235556126,0.1733609437942505,0.17970268428325653,0.4110489785671234,-0.0901111513376236,0.04815325886011124,0.40179502964019775,0.0016738426638767123,0.006117148790508509,1.1659334897994995,64,0.0131,1.0,1,0,0,0,1,1.0,,,,,,,0.07728669047355652,0.6660751104354858,2.035856008529663,0.01565,,0.0833
367,20000,0.0,24,13,0.0,30.0,0.0,0.0015559983439743519,0.24490569531917572,0.2404492050409317,0.4815782606601715,-0.09294967353343964,0.09098874032497406,0.38941526412963867,0.0011338857002556324,0.006270346697419882,1.062427282333374,64,0.0465,0.0,0,0,2,0,1,1.0,,,,,,,0.08748804032802582,0.6587067246437073,1.9320765733718872,0.01555,,0.0833
368,20000,0.0,24,13,0.5,29.5,0.5,0.00236934470012784,0.22687220573425293,0.2343941628932953,0.4069610834121704,-0.09201830625534058,0.0744418054819107,0.34511783719062805,0.0012986552901566029,0.00995586533099413,0.9803082346916199,64,0.0714,0.5,0,0,1,0,1,1.0,,,,,,,0.09386670589447021,0.7391554713249207,2.108551263809204,0.0156,,0.0833
369,20000,0.0,24,13,0.0,30.0,0.0,0.0019819869194179773,0.16586251556873322,0.17211686074733734,0.5455841422080994,-0.0967225581407547,0.08450659364461899,0.4691883623600006,0.0012300839880481362,0.008210324682295322,0.8733499646186829,64,0.0893,0.0,0,0,1,0,2,1.0,,,,,,,0.11074891686439514,0.677476167678833,2.0435891151428223,0.0156,,0.0833
370,20000,0.0,24,13,0.0,30.0,0.0,0.0015140704344958067,0.23482510447502136,0.2330579161643982,0.3699042499065399,-0.09873411059379578,0.05651691555976868,0.3494686782360077,0.0008599967113696039,0.012271717190742493,1.0684254169464111,64,0.0118,0.0,0,0,1,0,2,1.0,0.1133,0.5269,0.0,0,47,1,0.0924108624458313,0.6524342894554138,2.0982422828674316,0.01565,0.0,0.0833
371,20000,0.0,24,13,0.0,30.0,0.0,0.0023696934804320335,0.23744097352027893,0.23719650506973267,0.4846748411655426,-0.08912667632102966,0.07114624232053757,0.4272898733615875,0.002378497738391161,0.00843828171491623,1.0224416255950928,64,0.0443,0.0,0,0,1,0,2,1.0,,,,,,,0.08717042952775955,0.7554489374160767,1.9859615564346313,0.0156,,0.0833
372,20000,0.0,24,13,1.0,30.0,1.0,0.0022293871734291315,0.1808421015739441,0.1824100911617279,0.5068425536155701,-0.0888792872428894,0.07670983672142029,0.4380812346935272,0.0012671869480982423,0.008441805839538574,1.0974148511886597,64,0.018,1.0,1,0,0,0,1,0.0,,,,,,,0.08098968863487244,0.6724557280540466,2.038719892501831,0.01565,,0.0833
373,20000,0.0,24,13,0.0,30.0,0.0,0.0014457585057243705,0.24309560656547546,0.25016167759895325,0.355790913105011,-0.08600286394357681,0.0558946430683136,0.3259488046169281,0.0008585986797697842,0.008111340925097466,1.492308497428894,64,0.0387,0.0,0,0,0,1,2,1.0,,,,,,,0.0576307512819767,0.6440297365188599,2.1363887786865234,0.01575,,0.0833
374,20000,0.0,24,13,0.5,29.5,0.5,0.003259428311139345,0.20574834942817688,0.19546017050743103,0.5535988211631775,-0.07680803537368774,0.08889320492744446,0.4445079565048218,0.001509563415311277,0.016224978491663933,0.9152695536613464,64,0.0352,0.5,0,0,1,0,1,1.0,,,,,,,0.083918496966362,0.7473132014274597,2.1507387161254883,0.0158,,0.0833
375,20000,0.0,24,13,0.0,30.0,0.0,0.0024869893677532673,0.22670480608940125,0.2215149849653244,0.8094422817230225,-0.09608533978462219,0.0806567519903183,0.7401982545852661,0.0011428226716816425,0.00803166814148426,0.8637883067131042,64,0.0546,0.0,0,0,1,0,2,0.5,,,,,,,0.11123713850975037,0.7012939453125,1.9586055278778076,0.01585,,0.0833
376,20000,0.0,24,13,0.0,30.0,0.0,0.0012202021898701787,0.18908274173736572,0.2032700479030609,0.3492516279220581,-0.08624162524938583,0.029601644724607468,0.3720434904098511,0.0008484743884764612,0.008492916822433472,1.021243929862976,64,0.0224,0.0,0,0,1,0,2,1.0,,,,,,,0.08444762229919434,0.680777907371521,2.1458427906036377,0.01595,,0.0833
377,20000,0.0,24,13,0.0,28.5,0.0,0.0033939569257199764,0.2213943898677826,0.22057510912418365,0.7637316584587097,-0.0958833321928978,0.051782310009002686,0.7493619322776794,0.0012130680261179805,0.013376784510910511,1.0176129341125488,64,0.0952,0.0,0,0,1,1,1,0.0,,,,,,,0.09422377496957779,0.6593235731124878,2.0862975120544434,0.01585,,0.0833
378,20000,0.0,24,13,0.0,0.0,0.0,0.002285097260028124,0.22393898665905,0.22794383764266968,0.33572152256965637,-0.09062433987855911,0.03371468186378479,0.3538527488708496,0.001152731361798942,0.010127502493560314,1.2777597904205322,64,,0.0,0,0,0,0,3,0.667,,,,,,,0.07092440128326416,0.6580041646957397,2.074232816696167,0.0159,,0.0833
379,20000,0.0,24,13,0.0,0.0,0.0,0.0027117507997900248,0.19277232885360718,0.19383645057678223,0.3298553228378296,-0.09088432788848877,0.021532675251364708,0.3729715347290039,0.0014332967111840844,0.009405538439750671,1.0448479652404785,64,,0.0,0,0,0,0,3,1.0,,,,,,,0.08698330074548721,0.5632302165031433,2.0404415130615234,0.01595,,0.0833
380,20000,0.0,24,12,0.0,29.5,0.0,0.0021960141602903605,0.23520265519618988,0.2347869575023651,0.4071793258190155,-0.08522035926580429,0.04727979004383087,0.3913768529891968,0.0012851754436269403,0.012926519848406315,1.2402675151824951,64,0.0733,0.0,0,0,1,1,1,1.0,,,,,,,0.06871127337217331,0.6767362952232361,2.1298437118530273,0.0159,,0.0833
381,20000,0.0,24,12,0.0,0.0,0.0,0.001967197749763727,0.19725832343101501,0.1956217736005783,0.5882766246795654,-0.08828429132699966,0.030696768313646317,0.6115545034408569,0.0016308847116306424,0.00722581148147583,1.508597731590271,64,,0.0,0,0,0,0,3,1.0,,,,,,,0.058520760387182236,0.7008131742477417,2.067795753479004,0.016,,0.0833
382,20000,0.0,24,12,0.0,30.0,0.0,0.002296144375577569,0.21622051298618317,0.21652042865753174,0.46778473258018494,-0.09402475506067276,0.061725880950689316,0.4343978464603424,0.0011038328520953655,0.007919753901660442,0.9622246026992798,64,0.0582,0.0,0,0,2,0,1,1.0,,,,,,,0.09771601110696793,0.6289520263671875,1.9718897342681885,0.01595,,0.0833
383,20000,0.0,24,12,0.0,30.0,0.0,0.004192320629954338,0.2504347264766693,0.2557721734046936,0.3553624451160431,-0.08575046062469482,0.04949536174535751,0.3384629786014557,0.0009767371229827404,0.007318427320569754,1.3798086643218994,64,0.0179,0.0,0,0,1,0,2,1.0,,,,,,,0.0621466338634491,0.7184919118881226,2.1381125450134277,0.016,,0.0833
384,20000,0.0,24,12,0.0,28.0,0.0,0.0047501465305686,0.18907751142978668,0.20576336979866028,0.5688347220420837,-0.09647295624017715,0.07564923912286758,0.510073184967041,0.0016422830522060394,0.00787199754267931,0.773672342300415,64,0.1175,0.0,1,0,1,1,0,0.0,,,,,,,0.12469485402107239,0.7275862693786621,1.9128869771957397,0.01595,,0.0833
385,20000,0.0,24,12,0.0,30.0,0.0,0.0021922150626778603,0.22635574638843536,0.23030275106430054,0.588540256023407,-0.09536182880401611,0.07881756126880646,0.5212720632553101,0.0014661618042737246,0.009989846497774124,0.8373774886131287,64,0.0451,0.0,0,0,2,0,1,1.0,,,,,,,0.11388152092695236,0.7434952259063721,1.9150235652923584,0.01585,,0.0833
386,20000,0.0,24,12,0.0,30.0,0.0,0.0028522354550659657,0.2157740592956543,0.23360280692577362,0.3769569993019104,-0.09449408948421478,0.024896778166294098,0.4176187217235565,0.001248428481630981,0.008077629841864109,0.9275930523872375,64,0.0126,0.0,1,0,1,0,1,1.0,,,,,,,0.10187020152807236,0.6629633903503418,2.084266424179077,0.01585,,0.0833
387,20000,0.0,24,12,0.0,30.0,0.0,0.00294188829138875,0.19448965787887573,0.1928352564573288,0.41201382875442505,-0.09386473894119263,0.06299224495887756,0.3738389015197754,0.001054794411174953,0.012110372073948383,1.1007243394851685,64,0.0638,0.0,0,0,1,0,2,1.0,,,,,,,0.08527542650699615,0.7175506949424744,2.040165901184082,0.0158,,0.0833
388,20000,0.0,24,12,0.0,0.0,0.0,0.0019747172482311726,0.22628086805343628,0.22711187601089478,0.4750649333000183,-0.09287557750940323,0.09693591296672821,0.37158310413360596,0.0010555328335613012,0.00497113261371851,1.1720373630523682,64,,0.0,0,0,0,0,3,1.0,,,,,,,0.07924284785985947,0.7175864577293396,2.142176389694214,0.0159,,0.0833
389,20000,0.0,24,12,0.0,30.0,0.0,0.002496223896741867,0.28668004274368286,0.28779587149620056,0.3558405339717865,-0.08770091086626053,0.05622353404760361,0.32720449566841125,0.0008411434246227145,0.007779757957905531,1.4069404602050781,64,0.0417,0.0,0,0,2,0,1,1.0,,,,,,,0.06233448535203934,0.7935500144958496,2.124946117401123,0.01595,,0.0833
390,20000,0.0,24,12,0.0,30.0,0.0,0.0019239967223256826,0.22769010066986084,0.21964752674102783,0.2929159104824066,-0.09225067496299744,0.02745962142944336,0.3259155750274658,0.0011751750716939569,0.008663556538522243,1.1075541973114014,64,0.0216,0.0,1,0,1,0,1,1.0,,,,,,,0.08329224586486816,0.5905408263206482,2.1819093227386475,0.016,,0.0833
391,20000,0.0,24,12,0.0,30.0,0.0,0.001772646326571703,0.2050519585609436,0.2090359330177307,0.4075106680393219,-0.09170734882354736,0.0726805254817009,0.35064101219177246,0.0008915503276512027,0.006431879010051489,1.0228171348571777,64,0.0748,0.0,1,0,1,0,1,1.0,,,,,,,0.08966153860092163,0.7287025451660156,2.155132293701172,0.016,,0.0833
392,20000,0.0,24,12,1.0,30.0,1.0,0.002102825790643692,0.24151037633419037,0.23877021670341492,0.40407657623291016,-0.09645335376262665,0.0613093338906765,0.37442976236343384,0.0010805130004882812,0.006962986662983894,1.1128647327423096,64,0.0029,1.0,0,0,0,0,2,1.0,,,,,,,0.08667123317718506,0.6470630168914795,2.179212808609009,0.01615,,0.0833
393,20000,0.0,24,12,0.0,30.0,0.0,0.002319914288818836,0.22615307569503784,0.23474691808223724,0.44043001532554626,-0.09335949271917343,0.04560638591647148,0.4382758140563965,0.0010941775981336832,0.008601863868534565,0.9386537671089172,64,0.0431,0.0,0,0,2,0,1,1.0,,,,,,,0.09946105629205704,0.7181028723716736,1.978276014328003,0.0162,,0.0833
394,20000,0.0,24,12,0.0,30.0,0.0,0.001683966489508748,0.20944397151470184,0.2047911286354065,0.37962302565574646,-0.09529393911361694,0.050090014934539795,0.3712705373764038,0.0007904069498181343,0.0069327750243246555,1.0064274072647095,64,0.0241,0.0,0,0,1,0,2,1.0,,,,,,,0.09468536078929901,0.6671303510665894,2.154855251312256,0.01615,,0.0833
395,20000,0.0,24,12,0.0,0.0,0.0,0.0014617047272622585,0.2460276186466217,0.24898181855678558,0.33476972579956055,-0.08871477842330933,0.022328635677695274,0.3717203140258789,0.0009310994646511972,0.014213836751878262,1.3819211721420288,64,,0.0,0,0,0,0,3,1.0,,,,,,,0.06419669836759567,0.6519452929496765,2.102036952972412,0.01625,,0.0833
396,20000,0.0,24,12,0.0,30.0,0.0,0.001594741246663034,0.17401263117790222,0.17805002629756927,0.3373457193374634,-0.09335927665233612,0.04963596165180206,0.32617348432540894,0.0014542096760123968,0.010519150644540787,1.2268019914627075,64,0.1539,0.0,0,0,2,0,1,1.0,,,,,,,0.0760997086763382,0.8379166126251221,2.151456832885742,0.0162,,0.0833
397,20000,0.0,24,12,0.0,30.0,0.0,0.002321212086826563,0.20215223729610443,0.20173197984695435,0.4182078242301941,-0.08690723776817322,0.040346045047044754,0.421034574508667,0.0011489202734082937,0.006776818074285984,1.1181625127792358,64,0.031,0.0,1,0,1,0,1,0.0,,,,,,,0.07772327214479446,0.7221710085868835,2.0686521530151367,0.01615,,0.0833
398,20000,0.0,24,12,0.0,30.0,0.0,0.002183412667363882,0.2699725329875946,0.2609289884567261,0.4166511297225952,-0.09588094800710678,0.044889576733112335,0.41888129711151123,0.0010928742121905088,0.007743252906948328,1.1049667596817017,64,0.0622,0.0,0,0,3,0,0,0.0,,,,,,,0.08677269518375397,0.6604592800140381,2.0858631134033203,0.01615,,0.0833
399,20000,0.0,24,12,0.0,30.0,0.0,0.0019594086334109306,0.1975099742412567,0.19467785954475403,0.5613993406295776,-0.09763564169406891,0.0390494279563427,0.5776403546333313,0.0011072270572185516,0.006591519806534052,0.68168044090271,64,0.0659,0.0,0,0,2,0,1,1.0,,,,,,,0.14322787523269653,0.6446995735168457,1.8247168064117432,0.0161,,0.0833
400,20000,0.0,24,12,0.0,30.0,0.0,0.0022916863672435284,0.20322561264038086,0.19692957401275635,0.47991523146629333,-0.09701168537139893,0.06450147926807404,0.44418764114379883,0.001304527511820197,0.007472657598555088,0.9832915663719177,64,0.0509,0.0,0,0,1,0,2,1.0,,,,,,,0.09866014122962952,0.8379210233688354,2.0049335956573486,0.0161,,0.0833
401,20000,0.0,24,12,0.0,30.0,0.0,0.002510004211217165,0.23680603504180908,0.23287878930568695,0.4877803921699524,-0.08699679374694824,0.07887066900730133,0.41249072551727295,0.0012162808561697602,0.009090234525501728,0.9744753837585449,64,0.0234,0.0,0,0,1,1,1,1.0,,,,,,,0.08927550911903381,0.6783671379089355,1.992824673652649,0.016,,0.0833
402,20000,0.0,24,12,0.3333,30.0,0.3333,0.0012275141198188066,0.23694252967834473,0.23782339692115784,0.43354812264442444,-0.09845848381519318,0.03177165240049362,0.46452510356903076,0.0011582119623199105,0.007876415736973286,0.7451900839805603,64,0.0755,0.333,0,0,2,0,0,0.0,,,,,,,0.13212531805038452,0.5919365286827087,1.9794936180114746,0.016,,0.0833
403,20000,0.0,24,12,0.0,30.0,0.0,0.0017777255270630121,0.18052351474761963,0.17513932287693024,0.4825845956802368,-0.09557904303073883,0.08494983613491058,0.4033769965171814,0.001384846167638898,0.00977394636720419,1.0225058794021606,64,0.0142,0.0,0,0,1,0,2,1.0,,,,,,,0.09347530454397202,0.6269705891609192,2.036571502685547,0.016,,0.0833
404,20000,0.0,24,12,0.3333,30.0,0.3333,0.0023555306252092123,0.19413000345230103,0.19668903946876526,0.5155381560325623,-0.09695188701152802,0.09514473378658295,0.4193069338798523,0.0016117902705445886,0.005787302274256945,1.150871753692627,64,0.0543,0.333,0,0,2,0,0,0.0,,,,,,,0.08424213528633118,0.7433323860168457,2.0752720832824707,0.01595,,0.0833
405,20000,0.0,24,12,0.0,30.0,0.0,0.002047659596428275,0.2559466063976288,0.25752586126327515,0.2877138555049896,-0.09262359142303467,0.021857909858226776,0.33310526609420776,0.0012921247398480773,0.007032687310129404,1.1298993825912476,64,0.0311,0.0,0,0,3,0,0,0.0,,,,,,,0.0819750726222992,0.6673802137374878,2.108733654022217,0.0158,,0.0833
406,20000,0.0,24,12,0.0,30.0,0.0,0.001964341849088669,0.17570176720619202,0.17498190701007843,0.3281764090061188,-0.08740799129009247,0.041071053594350815,0.32952749729156494,0.0012826004531234503,0.007829583249986172,1.6678167581558228,64,0.0462,0.5,0,1,1,0,1,0.0,,,,,,,0.05240862816572189,0.6304830312728882,2.1612467765808105,0.0157,,0.0833
407,20000,0.0,24,12,0.0,0.0,0.0,0.0011103558354079723,0.20862418413162231,0.21204598248004913,0.3030511140823364,-0.09229941666126251,0.03153374418616295,0.32713669538497925,0.0010897115571424365,0.01029272098094225,1.164544939994812,64,,0.0,0,0,0,0,3,1.0,0.087,0.4405,0.083,0,42,2,0.07925793528556824,0.6927907466888428,2.1575820446014404,0.0158,0.0833,0.0833
408,20000,0.0,24,12,0.0,0.0,0.0,0.002588502364233136,0.2175656110048294,0.2202739417552948,0.3555689752101898,-0.0905442088842392,0.04384743794798851,0.3540650010108948,0.001322289346717298,0.00870660413056612,1.6056846380233765,64,,0.0,0,0,0,0,3,0.667,,,,,,,0.05638978257775307,0.6333372592926025,2.047917366027832,0.01585,,0.0833
409,20000,0.0,24,12,0.0,30.0,0.0,0.003995875827968121,0.20718543231487274,0.20068126916885376,0.5542728900909424,-0.09866812825202942,0.03160872310400009,0.5850626230239868,0.0010112370364367962,0.00932194385677576,1.0911478996276855,64,0.0243,0.0,0,0,2,0,1,1.0,,,,,,,0.0904259905219078,0.6790121793746948,2.0811147689819336,0.0159,,0.0833
410,20000,0.0,24,12,0.0,30.0,0.0,0.002008770126849413,0.1935054063796997,0.18700669705867767,0.35732993483543396,-0.09564737975597382,0.039743565022945404,0.37131065130233765,0.0012373276986181736,0.004359093494713306,1.347898244857788,64,0.0788,0.0,1,0,2,0,0,0.0,,,,,,,0.0709603875875473,0.7597522139549255,2.123476505279541,0.01585,,0.0833
411,20000,0.0,24,12,0.5,29.5,0.5,0.0020398369524627924,0.19053545594215393,0.1924222707748413,0.37122294306755066,-0.09568794071674347,0.05231301113963127,0.3593279719352722,0.0015632688300684094,0.005913767032325268,1.2076623439788818,64,0.0188,0.5,1,0,1,0,0,0.0,,,,,,,0.07923401892185211,0.7057735323905945,2.0428717136383057,0.0158,,0.0833
412,20000,0.0,24,12,0.0,30.0,0.0,0.0016190273454412818,0.2058890163898468,0.20229476690292358,0.34191879630088806,-0.09134570509195328,0.045824822038412094,0.3367404639720917,0.0009401364368386567,0.009748771786689758,1.2898755073547363,64,0.0431,0.0,1,0,1,0,1,1.0,,,,,,,0.07081745564937592,0.7034534811973572,2.088050365447998,0.01575,,0.0833
413,20000,0.0,24,12,0.0,30.0,0.0,0.0031920201145112514,0.22472387552261353,0.22120705246925354,0.5059898495674133,-0.09540001302957535,0.05771571025252342,0.4827492833137512,0.0011680283350870013,0.006418386474251747,1.066994309425354,64,0.056,0.0,1,0,1,0,1,0.0,,,,,,,0.08941004425287247,0.7379795908927917,2.0215911865234375,0.01565,,0.0833
414,20000,0.0,24,12,0.0,30.0,0.0,0.002726990729570389,0.20293815433979034,0.21311035752296448,0.42472994327545166,-0.09475439041852951,0.048997968435287476,0.4186071753501892,0.0013779255095869303,0.005762475077062845,1.2457071542739868,64,0.0559,0.0,0,0,2,0,1,1.0,,,,,,,0.07606474310159683,0.7035472393035889,2.0150551795959473,0.0157,,0.0833
415,20000,0.0,24,12,0.0,30.0,0.0,0.0012945840135216713,0.23708344995975494,0.23531471192836761,0.4341728687286377,-0.09789584577083588,0.031555578112602234,0.4657958745956421,0.0009275857009924948,0.0063233524560928345,0.8883985877037048,64,0.0865,0.0,1,0,1,0,1,1.0,,,,,,,0.11019360274076462,0.6208646297454834,2.039799213409424,0.01575,,0.0833
416,20000,0.0,24,12,0.0,0.0,0.0,0.0020399114582687616,0.21151161193847656,0.21747444570064545,0.3903456926345825,-0.09922997653484344,0.033893875777721405,0.4185740351676941,0.0012599518522620201,0.006427794694900513,0.8895737528800964,64,,0.0,0,0,0,0,3,1.0,,,,,,,0.11154778301715851,0.6081295013427734,2.0404834747314453,0.01585,,0.0833
417,20000,0.0,24,12,0.0,30.0,0.0,0.002682632766664028,0.19848152995109558,0.20210419595241547,0.5016467571258545,-0.09564840793609619,0.13331280648708344,0.3261432647705078,0.0013048340333625674,0.009052615612745285,1.496598243713379,64,0.0514,0.0,0,0,2,0,1,1.0,,,,,,,0.06391053646802902,0.7463895082473755,2.141709327697754,0.01585,,0.0833
418,20000,0.0,24,12,0.0,30.0,0.0,0.0018608379177749157,0.23407897353172302,0.23119205236434937,0.3728577494621277,-0.10000000149011612,0.04891149699687958,0.3713644742965698,0.0013887687819078565,0.007340578828006983,1.279985785484314,64,0.0495,0.0,1,0,2,0,0,0.0,,,,,,,0.07812586426734924,0.7120074033737183,2.155179500579834,0.01575,,0.0833
419,20000,0.0,24,12,0.0,0.0,0.0,0.0021707764826714993,0.2213851511478424,0.22646141052246094,0.49938711524009705,-0.09686057269573212,0.08811342716217041,0.41710180044174194,0.00103517877869308,0.005838112439960241,0.8251244425773621,64,,0.0,0,0,0,0,3,1.0,,,,,,,0.11738905310630798,0.6450158357620239,2.056232452392578,0.0158,,0.0833
420,20000,0.0,24,12,0.0,27.0,0.0,0.00837272871285677,0.2727038860321045,0.27459099888801575,0.7134383916854858,-0.09087105095386505,0.07639338821172714,0.6466172337532043,0.0015062025049701333,0.00981095153838396,1.0960233211517334,64,0.1001,0.0,0,0,0,1,2,1.0,,,,,,,0.08290977776050568,0.7279859781265259,2.0689384937286377,0.0158,,0.0833
421,20000,0.0,24,11,0.0,0.0,0.0,0.001678360509686172,0.25832515954971313,0.26470136642456055,0.43669962882995605,-0.09555068612098694,0.04577305167913437,0.4369305968284607,0.0010340821463614702,0.007547284010797739,1.023469090461731,64,,0.0,1,0,0,0,2,1.0,,,,,,,0.09335961937904358,0.7054108381271362,1.9634371995925903,0.01585,,0.0833
422,20000,0.0,24,11,0.0,25.0,0.0,0.002327759750187397,0.1913360059261322,0.2011691927909851,0.4207586348056793,-0.09858860075473785,0.026123186573386192,0.4635157883167267,0.0020743277855217457,0.007170144002884626,0.8128651976585388,64,0.0834,0.0,0,0,1,1,1,1.0,,,,,,,0.12128530442714691,0.6702593564987183,2.0020370483398438,0.0158,,0.0833
423,20000,0.0,24,11,0.0,0.0,0.0,0.002185273449867964,0.15389059484004974,0.15502090752124786,0.5354685187339783,-0.09821481257677078,0.05425914376974106,0.5220743417739868,0.0015973711851984262,0.006181366741657257,0.807961106300354,64,,0.0,2,0,0,0,1,1.0,,,,,,,0.12155883014202118,0.5581101179122925,1.96500825881958,0.0158,,0.0833
424,20000,0.0,24,11,0.0,30.0,0.0,0.00420818105340004,0.21132934093475342,0.19577305018901825,0.38253363966941833,-0.0941605195403099,0.027449434623122215,0.41783976554870605,0.002288720104843378,0.007911027409136295,0.9001532793045044,64,0.076,0.0,0,0,2,0,1,1.0,,,,,,,0.10460498929023743,0.6901206374168396,2.0709712505340576,0.0158,,0.0833
425,20000,0.0,24,11,0.0,0.0,0.0,0.0016590396407991648,0.20637217164039612,0.2095106691122055,0.42342910170555115,-0.08369840681552887,0.08780031651258469,0.32633888721466064,0.0010488639818504453,0.010375967249274254,1.0760196447372437,64,,0.0,1,0,0,0,2,0.5,,,,,,,0.0777852013707161,0.7743849754333496,2.2159557342529297,0.0158,,0.0833
426,20000,0.0,24,11,0.0,0.0,0.0,0.001801412319764495,0.18374775350093842,0.1885620653629303,0.3092859983444214,-0.09618692100048065,0.037092175334692,0.3276836574077606,0.0010366548085585237,0.007209825795143843,1.1494637727737427,64,,0.0,0,0,0,0,3,0.667,,,,,,,0.08367981016635895,0.6949421167373657,2.1903090476989746,0.01585,,0.0833
427,20000,0.0,24,11,0.0,30.0,0.0,0.0025186750572174788,0.18755419552326202,0.17672088742256165,0.433244526386261,-0.09004231542348862,0.073343425989151,0.37230384349823,0.001607041689567268,0.00859229825437069,1.7799056768417358,64,0.0487,0.0,1,0,2,0,0,0.0,,,,,,,0.050588250160217285,0.6673483848571777,2.122269630432129,0.0158,,0.0833
428,20000,0.0,24,11,0.0,30.0,0.0,0.0017266778741031885,0.17526695132255554,0.1792062222957611,0.3900989890098572,-0.0895063579082489,0.05071534961462021,0.3744022846221924,0.0017960990080609918,0.007544742897152901,1.4077807664871216,64,0.0313,0.0,0,0,1,0,2,0.5,,,,,,,0.06357976049184799,0.6990866661071777,2.123598098754883,0.01585,,0.0833
429,20000,0.0,24,11,0.0,30.0,0.0,0.0014475350035354495,0.2130720168352127,0.21866437792778015,0.48936983942985535,-0.08863194286823273,0.07812488079071045,0.41817542910575867,0.0011167355114594102,0.007153233978897333,1.3428140878677368,64,0.021,0.0,0,0,1,0,2,1.0,,,,,,,0.06600463390350342,0.6693240404129028,2.0614991188049316,0.0159,,0.0833
430,20000,0.0,24,11,0.0,30.0,0.0,0.001625262899324298,0.21104460954666138,0.21850214898586273,0.5142438411712646,-0.09778131544589996,0.03863311558961868,0.5308455228805542,0.0008440192905254662,0.007826847955584526,0.9291231036186218,64,0.0236,0.0,0,0,2,0,1,1.0,,,,,,,0.10524042695760727,0.6667837500572205,1.922111988067627,0.01585,,0.0833
431,20000,0.0,24,11,0.0,30.0,0.0,0.0017943668644875288,0.19784030318260193,0.20268553495407104,0.3832128047943115,-0.08926865458488464,0.07098963111639023,0.3258899450302124,0.0010696452809497714,0.009224506095051765,1.3482427597045898,64,0.0893,0.0,0,0,2,0,1,1.0,,,,,,,0.06621111929416656,0.7611449956893921,2.1963624954223633,0.0159,,0.0833
432,20000,0.0,24,11,0.0,30.0,0.0,0.001793634844943881,0.17170295119285583,0.1724870800971985,0.37613311409950256,-0.09117656946182251,0.06778497993946075,0.3269822299480438,0.0012812555069103837,0.009514992125332355,1.4883219003677368,64,0.0353,0.0,0,0,1,0,2,1.0,,,,,,,0.06126132607460022,0.6743109226226807,2.177136182785034,0.01585,,0.0833
433,20000,0.0,24,11,0.0,30.0,0.0,0.0022068582475185394,0.20631982386112213,0.2013915777206421,0.36705514788627625,-0.09204506874084473,0.041825227439403534,0.3713373839855194,0.0013812766410410404,0.008224803023040295,1.162117600440979,64,0.0981,0.0,1,0,2,0,0,0.0,,,,,,,0.07920461148023605,0.7830080986022949,2.126491069793701,0.01575,,0.0833
434,20000,0.0,24,11,0.0,30.0,0.0,0.0018061366863548756,0.19734041392803192,0.20185911655426025,0.41205695271492004,-0.09296237677335739,0.06087672337889671,0.3802724778652191,0.001092469785362482,0.0059867980889976025,1.4649142026901245,64,0.0132,0.0,0,0,2,0,1,1.0,,,,,,,0.06345926225185394,0.6473084688186646,1.99308180809021,0.0158,,0.0833
435,20000,0.0,24,11,0.0,0.0,0.0,0.002060661790892482,0.1857420802116394,0.18918445706367493,0.40752217173576355,-0.09334646165370941,0.06343409419059753,0.3715873658657074,0.0009733691113069654,0.0048261540941894054,1.3992317914962769,64,,0.0,0,0,0,0,3,1.0,,,,,,,0.0667126476764679,0.6867804527282715,2.1027963161468506,0.01585,,0.0833
436,20000,0.0,24,11,0.5,30.0,0.5,0.002078998601064086,0.14905555546283722,0.1453859508037567,0.3706541657447815,-0.09124036878347397,0.042618997395038605,0.3723125159740448,0.0010480122873559594,0.008688022382557392,1.3107686042785645,64,0.0561,0.5,1,0,1,0,0,0.0,,,,,,,0.06960830092430115,0.7299656867980957,2.12475323677063,0.0159,,0.0833
437,20000,0.0,24,11,0.0,30.0,0.0,0.0034706436563283205,0.22971317172050476,0.24375200271606445,0.3679633140563965,-0.0847858190536499,0.061243873089551926,0.32581090927124023,0.0007924572564661503,0.008900917135179043,1.8309687376022339,64,0.0458,0.0,1,0,2,0,0,0.0,,,,,,,0.046306535601615906,0.7339159846305847,2.1849489212036133,0.01585,,0.0833
438,20000,0.0,24,11,0.0,28.0,0.0,0.0016499967314302921,0.17383608222007751,0.170989528298378,0.5525464415550232,-0.09100604057312012,0.1153218001127243,0.4084857106208801,0.001293156878091395,0.008846409618854523,0.8533222079277039,64,0.0393,0.0,0,0,1,1,1,1.0,,,,,,,0.10664909332990646,0.7517606019973755,1.9539494514465332,0.01585,,0.0833
439,20000,0.0,24,11,0.0,0.0,0.0,0.00168402842245996,0.17139987647533417,0.16451552510261536,0.3648804724216461,-0.0982552021741867,0.06187811121344566,0.33640187978744507,0.001438579405657947,0.0059551456943154335,1.2530955076217651,64,,0.0,0,0,0,0,3,0.667,,,,,,,0.07840998470783234,0.6479594707489014,2.185731887817383,0.01585,,0.0833
440,20000,0.0,24,11,0.3333,29.67,0.3333,0.0026552185881882906,0.2442501187324524,0.24236589670181274,0.6383045315742493,-0.09559041261672974,0.11638963222503662,0.4979538917541504,0.0009759633685462177,0.0063236006535589695,0.7164608836174011,64,0.0383,0.333,0,0,1,1,0,0.0,,,,,,,0.13342027366161346,0.7899456024169922,2.0021209716796875,0.0158,,0.0833
441,20000,0.0,24,11,0.0,30.0,0.0,0.002107925247400999,0.17459642887115479,0.17042407393455505,0.35800254344940186,-0.09706443548202515,0.03787768632173538,0.3751857876777649,0.0008098194957710803,0.008251664228737354,1.015910267829895,64,0.0444,0.0,0,0,2,0,1,1.0,,,,,,,0.09554430842399597,0.6111482381820679,2.125673532485962,0.0157,,0.0833
442,20000,0.0,24,11,0.5,29.5,0.5,0.004232696257531643,0.16955268383026123,0.17512622475624084,0.4491870105266571,-0.09141619503498077,0.05923275277018547,0.4192664623260498,0.0011046587023884058,0.0057424805127084255,1.0723053216934204,64,0.0557,0.5,0,0,1,0,1,1.0,,,,,,,0.08525201678276062,0.7070105075836182,2.0701169967651367,0.0158,,0.0833
443,20000,0.0,24,11,0.6667,29.67,0.6667,0.0017854039324447513,0.19407078623771667,0.18842309713363647,0.416300892829895,-0.09691911190748215,0.06835269927978516,0.37134480476379395,0.0007873706636019051,0.010339595377445221,0.8822770118713379,64,0.0432,0.667,0,0,1,0,0,0.0,,,,,,,0.10985110700130463,0.76744145154953,2.121868133544922,0.01585,,0.0833
444,20000,0.0,24,11,0.0,0.0,0.0,0.001786376815289259,0.18298624455928802,0.1716308891773224,0.4174591302871704,-0.09612900018692017,0.09191443771123886,0.3260086178779602,0.001131726079620421,0.00750124454498291,1.4339795112609863,64,,0.0,1,0,0,0,2,1.0,0.0706,0.4358,0.083,0,42,2,0.06703652441501617,0.7193717956542969,2.1840672492980957,0.01595,0.0833,0.0833
445,20000,0.0,24,11,0.0,28.0,0.0,0.0009858584962785244,0.2351337969303131,0.2352924942970276,0.5082467198371887,-0.09830209612846375,0.04607886075973511,0.5110657215118408,0.0008996541146188974,0.006650755647569895,0.6630415916442871,64,0.0363,0.0,0,0,1,1,1,1.0,,,,,,,0.14825932681560516,0.7117069959640503,1.9224166870117188,0.01585,,0.0833
446,20000,0.0,24,11,0.0,30.0,0.0,0.00343302171677351,0.21530477702617645,0.20201849937438965,0.3842352032661438,-0.09378427267074585,0.07233821600675583,0.327552855014801,0.0011092954082414508,0.011580321937799454,1.1101007461547852,64,0.0289,0.0,1,0,2,0,0,0.0,,,,,,,0.08448266983032227,0.8035839796066284,2.1829166412353516,0.01575,,0.0833
447,20000,0.0,24,11,0.0,30.0,0.0,0.0019939704798161983,0.18285250663757324,0.18601803481578827,0.4529740810394287,-0.09462523460388184,0.08609416335821152,0.37233319878578186,0.0011741566704586148,0.006155593786388636,0.9392746090888977,64,0.0483,0.0,0,0,2,0,1,1.0,,,,,,,0.1007428765296936,0.7349280118942261,2.117009401321411,0.0157,,0.0833
448,20000,0.0,24,11,0.0,29.5,0.0,0.0019799494184553623,0.17532959580421448,0.17188408970832825,0.3250468969345093,-0.09751944243907928,0.045024316757917404,0.32764357328414917,0.0011085589649155736,0.009748275391757488,1.3319687843322754,64,0.058,0.0,0,0,1,1,1,1.0,,,,,,,0.07321450114250183,0.6265969276428223,2.2001829147338867,0.01575,,0.0833
449,20000,0.0,24,11,0.0,30.0,0.0,0.002185734221711755,0.21665754914283752,0.21389228105545044,0.5030104517936707,-0.09491944313049316,0.06546036899089813,0.46328437328338623,0.0018901795847341418,0.007449588272720575,0.7424744963645935,64,0.0363,0.0,0,0,2,0,1,0.0,,,,,,,0.1278420090675354,0.8710871934890747,1.9606261253356934,0.0157,,0.0833
450,20000,0.0,24,11,0.0,30.0,0.0,0.00158235605340451,0.2331153154373169,0.2309945523738861,0.6824778318405151,-0.09660573303699493,0.052640706300735474,0.6697944402694702,0.0010353957768529654,0.008015417493879795,1.1181946992874146,64,0.0644,0.0,0,0,2,0,1,1.0,,,,,,,0.08639436960220337,0.7043272256851196,2.0846571922302246,0.01575,,0.0833
451,20000,0.0,24,11,0.0,30.0,0.0,0.0014914488419890404,0.2193477302789688,0.21286560595035553,0.391116201877594,-0.09446494281291962,0.05327799916267395,0.37491273880004883,0.0012342046247795224,0.008224845863878727,0.9610866904258728,64,0.0427,0.0,0,0,1,0,2,1.0,,,,,,,0.09828971326351166,0.6512965559959412,2.0460758209228516,0.0158,,0.0833
452,20000,0.0,24,11,0.0,0.0,0.0,0.003227917943149805,0.22704118490219116,0.24225972592830658,0.40217679738998413,-0.09700554609298706,0.08390679210424423,0.3280690908432007,0.0011956720845773816,0.006599315442144871,0.9698653221130371,64,,0.0,1,0,0,0,2,1.0,,,,,,,0.10001961141824722,0.69318026304245,2.116870403289795,0.01585,,0.0833
453,20000,0.0,24,11,0.3333,30.0,0.3333,0.004305656999349594,0.21452319622039795,0.2144937664270401,0.4977116882801056,-0.09330762922763824,0.0844014510512352,0.41707685589790344,0.0009874934330582619,0.010279092006385326,0.8676819801330566,64,0.0469,0.333,0,0,2,0,0,0.0,,,,,,,0.1075366735458374,0.8390700817108154,2.077733039855957,0.01585,,0.0833
454,20000,0.0,24,11,0.0,30.0,0.0,0.002173603279516101,0.16540609300136566,0.15490791201591492,0.3996933698654175,-0.09642169624567032,0.03712267428636551,0.4176718294620514,0.001637086272239685,0.008395783603191376,0.9790006875991821,64,0.0372,0.0,0,0,2,0,1,1.0,,,,,,,0.0984899178147316,0.6789549589157104,2.029911994934082,0.0159,,0.0833
455,20000,0.0,24,11,0.5,30.0,0.5,0.0017456100322306156,0.18917804956436157,0.18477018177509308,0.3734833598136902,-0.09109886735677719,0.06704878807067871,0.32607418298721313,0.0011100864503532648,0.008820964023470879,1.3763750791549683,64,0.0128,0.5,0,0,1,0,1,1.0,,,,,,,0.0661875307559967,0.7250272631645203,2.1590819358825684,0.0159,,0.0833
456,20000,0.0,24,11,0.0,30.0,0.0,0.0018069754587486386,0.22643300890922546,0.23364587128162384,0.3152472674846649,-0.09085802733898163,0.03845228999853134,0.32574912905693054,0.0012635623570531607,0.00690316641703248,1.0942821502685547,64,0.0459,0.0,0,0,1,0,2,0.5,,,,,,,0.08302980661392212,0.6409389972686768,2.201582908630371,0.01595,,0.0833
457,20000,0.0,24,11,0.0,30.0,0.0,0.0011702727060765028,0.20894762873649597,0.2129741907119751,0.5386106371879578,-0.09690441191196442,0.08070222288370132,0.4688431918621063,0.0010180097306147218,0.010534854605793953,0.8809712529182434,64,0.0705,0.0,0,0,2,0,1,1.0,,,,,,,0.10999725013971329,0.6655649542808533,1.9678192138671875,0.0159,,0.0833
458,20000,0.0,24,11,0.0,30.0,0.0,0.002356496173888445,0.19692270457744598,0.20874878764152527,0.4801650643348694,-0.09690117835998535,0.0672585666179657,0.4379316568374634,0.0012263312237337232,0.009234875440597534,0.8062871098518372,64,0.0481,0.0,0,0,1,0,2,1.0,,,,,,,0.12018196284770966,0.7962826490402222,2.017408847808838,0.0159,,0.0833
459,20000,0.0,24,11,0.0,30.0,0.0,0.001609903760254383,0.21013261377811432,0.206274151802063,0.5402360558509827,-0.09912354499101639,0.06167986989021301,0.5131258964538574,0.0010781284654513001,0.005747918039560318,0.729637086391449,64,0.1042,0.0,0,0,2,0,1,1.0,,,,,,,0.13585321605205536,0.7948896288871765,2.0011672973632812,0.01595,,0.0833
460,20000,0.0,24,10,0.0,0.0,0.0,0.0021885987371206284,0.23125961422920227,0.2238648384809494,0.4681633710861206,-0.09704248607158661,0.04915081709623337,0.4629433751106262,0.0015243329107761383,0.007921682670712471,0.851864755153656,64,,0.0,0,0,0,0,3,0.667,,,,,,,0.11391770839691162,0.6804057955741882,1.9525593519210815,0.01595,,0.0833
461,20000,0.0,24,10,0.0,30.0,0.0,0.0021116500720381737,0.23287615180015564,0.22618046402931213,0.6345469355583191,-0.09669053554534912,0.0744362324476242,0.5792856812477112,0.0017499058740213513,0.006158686708658934,0.8312026858329773,64,0.0165,0.0,0,0,3,0,0,0.0,,,,,,,0.11632606387138367,0.8140103220939636,2.031076431274414,0.0158,,0.0833
462,20000,0.0,24,10,0.0,0.0,0.0,0.002850680146366358,0.20629248023033142,0.19393819570541382,0.3723161220550537,-0.09519584476947784,0.04605443403124809,0.37126439809799194,0.0010985068511217833,0.008277441374957561,1.2125468254089355,64,,0.0,0,0,0,0,3,1.0,,,,,,,0.07850900292396545,0.5904382467269897,2.1547274589538574,0.0159,,0.0833
463,20000,0.0,24,10,0.0,30.0,0.0,0.001887081889435649,0.18799668550491333,0.19051921367645264,0.3986843526363373,-0.09879612922668457,0.04978904873132706,0.39481258392333984,0.0014558410039171576,0.006179603282362223,0.9247180223464966,64,0.0325,0.0,1,0,1,0,1,1.0,,,,,,,0.10683918744325638,0.6890120506286621,2.039760112762451,0.01595,,0.0833
464,20000,0.0,24,10,0.0,30.0,0.0,0.0017953012138605118,0.1855255663394928,0.19292029738426208,0.5397190451622009,-0.09132948517799377,0.13754938542842865,0.3514862656593323,0.0010666161542758346,0.008926942013204098,1.1314605474472046,64,0.1844,0.0,0,0,1,0,2,1.0,,,,,,,0.08071821928024292,0.7576324343681335,2.0761916637420654,0.01595,,0.0833
465,20000,0.0,24,10,0.0,0.0,0.0,0.0016509380657225847,0.23888829350471497,0.24036526679992676,0.4459843337535858,-0.09251587092876434,0.05679851397871971,0.42117929458618164,0.000737462192773819,0.00744776614010334,1.1659318208694458,64,,0.0,1,0,0,0,2,1.0,,,,,,,0.07934929430484772,0.7053425312042236,2.046959400177002,0.01605,,0.0833
466,20000,0.0,24,10,0.0,30.0,0.0,0.0018476417753845453,0.23902207612991333,0.22142358124256134,0.37837645411491394,-0.09439593553543091,0.04841573163866997,0.3724651336669922,0.0010391337564215064,0.006951541639864445,1.0401793718338013,64,0.0206,0.0,0,0,1,0,2,1.0,,,,,,,0.09074966609477997,0.6504372358322144,2.055903434753418,0.0161,,0.0833
467,20000,0.0,24,10,0.0,30.0,0.0,0.001518103526905179,0.20909389853477478,0.2028619945049286,0.7458096146583557,-0.09507271647453308,0.10787729918956757,0.6215462684631348,0.0011055305367335677,0.007162882946431637,0.988519012928009,64,0.0311,0.0,0,0,2,0,1,1.0,,,,,,,0.09617692232131958,0.6915296912193298,2.1330740451812744,0.0161,,0.0833
468,20000,0.0,24,10,0.0,30.0,0.0,0.0019499220652505755,0.21633875370025635,0.20908331871032715,0.5088615417480469,-0.097028449177742,0.1373254358768463,0.3266480267047882,0.0013527579139918089,0.009182184934616089,1.164904236793518,64,0.0499,0.0,0,0,1,0,2,1.0,,,,,,,0.08329306542873383,0.6627364754676819,2.2087759971618652,0.0161,,0.0833
469,20000,0.0,24,10,0.0,30.0,0.0,0.0015327743021771312,0.2207353115081787,0.21896310150623322,0.4555477499961853,-0.09085322916507721,0.06717025488615036,0.40712860226631165,0.0010120016522705555,0.009863755665719509,0.9623813033103943,64,0.0341,0.0,0,0,1,0,2,1.0,,,,,,,0.09440460056066513,0.6622013449668884,1.9585260152816772,0.0161,,0.0833
470,20000,0.0,24,10,0.0,30.0,0.0,0.0017524780705571175,0.16925010085105896,0.17635421454906464,0.43258991837501526,-0.0960233062505722,0.04527188464999199,0.43380817770957947,0.0010742259910330176,0.008522571064531803,0.8918725252151489,64,0.0419,0.0,0,0,2,0,1,1.0,,,,,,,0.10766483098268509,0.7496793270111084,2.046680450439453,0.016,,0.0833
471,20000,0.0,24,10,0.0,0.0,0.0,0.0013180013047531247,0.23140397667884827,0.23984873294830322,0.47641047835350037,-0.0968828946352005,0.05059747025370598,0.4678649604320526,0.0011742573697119951,0.008466954343020916,0.9545618891716003,64,,0.0,1,0,0,0,2,1.0,,,,,,,0.10149461776018143,0.627892255783081,1.9702965021133423,0.01605,,0.0833
472,20000,0.0,24,10,0.0,30.0,0.0,0.0023965686559677124,0.21972927451133728,0.2219173163175583,0.6898818016052246,-0.0921139270067215,0.0820976048707962,0.6136302947998047,0.0010357160354033113,0.008340505883097649,0.9824233055114746,64,0.0498,0.0,1,0,2,0,0,0.0,,,,,,,0.09376195073127747,0.8626335859298706,2.1110591888427734,0.01595,,0.0833
473,20000,0.0,24,10,0.0,30.0,0.0,0.001138007384724915,0.2104342132806778,0.21253858506679535,0.30564063787460327,-0.09553822129964828,0.035626377910375595,0.3267584443092346,0.000799097353592515,0.006335296202450991,1.4402002096176147,64,0.1249,0.0,0,0,1,0,2,1.0,,,,,,,0.06633675843477249,0.6434202194213867,2.1596670150756836,0.016,,0.0833
474,20000,0.0,24,10,0.0,30.0,0.0,0.0017471094615757465,0.20446905493736267,0.19656796753406525,0.5429692268371582,-0.09889538586139679,0.13227006793022156,0.3721962571144104,0.0014318579342216253,0.01025642640888691,0.7403965592384338,64,0.0679,0.0,1,0,2,0,0,0.0,,,,,,,0.1335708498954773,0.7965309023857117,2.1391615867614746,0.016,,0.0833
475,20000,0.0,24,10,0.0,30.0,0.0,0.0014547286555171013,0.20416513085365295,0.20740222930908203,0.6677854061126709,-0.09385634958744049,0.1686125248670578,0.41911599040031433,0.0010535905603319407,0.010601394809782505,0.9727903604507446,64,0.046,0.0,0,0,3,0,0,0.0,,,,,,,0.0964815765619278,0.7794283628463745,2.094055652618408,0.01595,,0.0833
476,20000,0.0,24,10,0.0,30.0,0.0,0.0011745213996618986,0.20366036891937256,0.20174603164196014,0.5224756598472595,-0.09641921520233154,0.07480808347463608,0.4657328724861145,0.0010633167112246156,0.0070916288532316685,0.9234450459480286,64,0.1034,0.0,1,0,1,0,1,1.0,,,,,,,0.1044124960899353,0.709073007106781,2.0079431533813477,0.016,,0.0833
477,20000,0.0,24,10,0.5,30.0,0.5,0.0015880378196015954,0.2237115055322647,0.22106297314167023,0.31054189801216125,-0.09523770213127136,0.02272997610270977,0.3577858805656433,0.001033930340781808,0.0050675407983362675,1.882083535194397,64,0.0247,0.5,0,0,1,0,1,1.0,,,,,,,0.0506022684276104,0.6979817152023315,2.070462942123413,0.01595,,0.0833
478,20000,0.0,24,10,0.0,30.0,0.0,0.001724517671391368,0.20396915078163147,0.21856582164764404,0.39980411529541016,-0.09930753707885742,0.06045633554458618,0.371982216835022,0.0007922420045360923,0.01243350375443697,0.9547269940376282,64,0.0844,0.0,0,0,2,0,1,1.0,,,,,,,0.10401668399572372,0.7271808385848999,2.1064088344573975,0.0159,,0.0833
479,20000,0.0,24,10,0.0,30.0,0.0,0.002101861871778965,0.17051109671592712,0.16643443703651428,0.44315943121910095,-0.09883513301610947,0.08279731869697571,0.37136778235435486,0.0011763094225898385,0.010064302943646908,0.7760273814201355,64,0.0318,0.0,0,0,2,0,1,1.0,,,,,,,0.12736037373542786,0.7733820676803589,2.0949106216430664,0.0159,,0.0833
480,20000,0.0,24,10,0.0,30.0,0.0,0.001652291975915432,0.21932418644428253,0.21944569051265717,0.46028757095336914,-0.09792406111955643,0.09165465086698532,0.3715670704841614,0.001633367850445211,0.006670510862022638,1.0489413738250732,64,0.0428,0.0,1,0,1,0,1,1.0,,,,,,,0.09335513412952423,0.7323756217956543,2.13796329498291,0.0159,,0.0833
481,20000,0.0,24,10,0.0,0.0,0.0,0.0010954078752547503,0.23469753563404083,0.23413187265396118,0.4676072895526886,-0.09885073453187943,0.04059359431266785,0.48251691460609436,0.0011487483279779553,0.005507809109985828,0.9337574243545532,64,,0.0,0,0,0,0,3,1.0,0.1037,0.4322,0.104,0,40,3,0.10586339980363846,0.7301915884017944,2.053539991378784,0.01595,0.1042,0.1042
482,20000,0.0,24,10,0.0,30.0,0.0,0.0019069183617830276,0.19198589026927948,0.19588306546211243,0.3846674859523773,-0.09581498056650162,0.05263776332139969,0.37168121337890625,0.0011867936700582504,0.0070514860562980175,1.1242903470993042,64,0.0543,0.0,0,0,1,0,2,1.0,,,,,,,0.08522263169288635,0.6534057259559631,2.129209518432617,0.01605,,0.1042
483,20000,0.0,24,10,0.0,0.0,0.0,0.0014405788388103247,0.2268986999988556,0.22588136792182922,0.366895854473114,-0.09522345662117004,0.042597271502017975,0.3716180920600891,0.0011358984047546983,0.010613314807415009,0.9984869956970215,64,,0.0,2,0,0,0,1,1.0,,,,,,,0.09536775201559067,0.7573184967041016,2.127206325531006,0.0161,,0.1042
484,20000,0.0,24,10,0.0,30.0,0.0,0.0023042403627187014,0.18348151445388794,0.1926545798778534,0.3961535394191742,-0.09107102453708649,0.03289451822638512,0.41731780767440796,0.0009994126157835126,0.008235436864197254,1.1299549341201782,64,0.0889,0.0,0,0,1,0,2,1.0,,,,,,,0.08059704303741455,0.670728325843811,2.0876119136810303,0.0162,,0.1042
485,20000,0.0,24,10,0.0,0.0,0.0,0.0024338129442185163,0.18809612095355988,0.17899706959724426,0.6726713180541992,-0.09564417600631714,0.042057156562805176,0.6802895069122314,0.0009778994135558605,0.00782330334186554,0.8538918495178223,64,,0.0,0,0,0,0,3,1.0,,,,,,,0.11200970411300659,0.700072705745697,2.1426029205322266,0.0163,,0.1042
486,20000,0.0,24,10,0.0,30.0,0.0,0.0008788839913904667,0.2320893406867981,0.23172104358673096,0.41919636726379395,-0.09699137508869171,0.02370818518102169,0.46484118700027466,0.0007605779101140797,0.007860367186367512,0.8689285516738892,64,0.0602,0.0,0,0,3,0,0,0.0,,,,,,,0.11162179708480835,0.7522436380386353,2.0699069499969482,0.0163,,0.1042
487,20000,0.0,24,10,0.0,30.0,0.0,0.0013238796964287758,0.17292267084121704,0.16739779710769653,0.51289302110672,-0.09722907841205597,0.09313460439443588,0.4193156957626343,0.0009874895913526416,0.009074373170733452,1.1467609405517578,64,0.0225,0.0,0,0,1,0,2,0.5,,,,,,,0.0847858339548111,0.7888562679290771,2.0399694442749023,0.0163,,0.1042
488,20000,0.0,24,10,0.0,0.0,0.0,0.0011922345729544759,0.1783454865217209,0.1834688037633896,0.5672640800476074,-0.09655998647212982,0.056020479649305344,0.547813892364502,0.001405495684593916,0.007938381284475327,1.2349399328231812,64,,0.0,1,0,0,0,2,1.0,,,,,,,0.07819002866744995,0.7188733816146851,2.080720901489258,0.01635,,0.1042
489,20000,0.0,24,10,0.0,30.0,0.0,0.0017584370216354728,0.21349510550498962,0.2190687656402588,0.36010003089904785,-0.09930422902107239,0.03870435804128647,0.377733051776886,0.0007364549092017114,0.008524994365870953,1.0167338848114014,64,0.0417,0.0,2,0,1,0,0,0.0,,,,,,,0.09766983240842819,0.61086106300354,2.07301926612854,0.01635,,0.1042
490,20000,0.0,24,10,0.0,30.0,0.0,0.0030238647013902664,0.20275242626667023,0.20063871145248413,0.753369152545929,-0.09293755143880844,0.07190515100955963,0.6974657773971558,0.0014547813916578889,0.010061229579150677,0.9758560061454773,64,0.0879,0.0,0,0,1,0,2,1.0,,,,,,,0.09523694962263107,0.6405320167541504,1.9683983325958252,0.01635,,0.1042
491,20000,0.0,24,10,0.0,30.0,0.0,0.001486581633798778,0.17022547125816345,0.17222648859024048,0.32721441984176636,-0.0715990886092186,0.031103119254112244,0.3336162865161896,0.0015291222371160984,0.005982011556625366,2.452333688735962,64,0.0511,0.0,0,0,2,0,1,1.0,,,,,,,0.02919630892574787,0.7530938386917114,2.1074390411376953,0.01635,,0.1042
492,20000,0.0,24,10,0.0,30.0,0.0,0.0021188994869589806,0.20190533995628357,0.20190072059631348,0.3387607932090759,-0.09026569128036499,0.036285124719142914,0.3517398238182068,0.001021372969262302,0.009432789869606495,1.4921655654907227,64,0.0293,0.0,0,0,1,0,2,1.0,,,,,,,0.06049307808279991,0.6654994487762451,2.147432804107666,0.0164,,0.1042
493,20000,0.0,24,10,0.0,30.0,0.0,0.002028911840170622,0.17179739475250244,0.17918261885643005,0.5705012083053589,-0.09433519840240479,0.11734127998352051,0.4251370429992676,0.00115487992297858,0.010033638216555119,1.0998185873031616,64,0.0552,0.0,0,0,2,0,1,1.0,,,,,,,0.08577342331409454,0.719186007976532,2.06826114654541,0.01635,,0.1042
494,20000,0.0,24,10,0.0,29.0,0.0,0.002722314791753888,0.16946950554847717,0.17895427346229553,0.5585534572601318,-0.09451831877231598,0.13484463095664978,0.37997668981552124,0.001340240822173655,0.0068116276524960995,1.2316865921020508,64,0.0463,0.0,0,0,2,1,0,0.0,,,,,,,0.07673894613981247,0.6794368624687195,2.100457191467285,0.0163,,0.1042
495,20000,0.0,24,10,0.0,30.0,0.0,0.0020228622015565634,0.19691279530525208,0.195365771651268,0.4964755177497864,-0.09655332565307617,0.08607959747314453,0.4173291325569153,0.001147755072452128,0.007081060670316219,0.8178848624229431,64,0.022,0.0,0,0,2,0,1,1.0,,,,,,,0.11805247515439987,0.71571946144104,2.0264892578125,0.01635,,0.1042
496,20000,0.0,24,10,0.0,30.0,0.0,0.001607218524441123,0.20474576950073242,0.19649404287338257,0.6177433729171753,-0.09575550258159637,0.1440790295600891,0.4224899113178253,0.001243243576027453,0.005701750982552767,0.956805408000946,64,0.0895,0.0,0,0,2,0,1,1.0,,,,,,,0.10007834434509277,0.8719120025634766,2.075509548187256,0.01635,,0.1042
497,20000,0.0,24,10,0.0,30.0,0.0,0.0021868436597287655,0.22397950291633606,0.2391621321439743,0.45456910133361816,-0.09506793320178986,0.041718509048223495,0.4632558822631836,0.0011244966881349683,0.005888274870812893,0.9882785081863403,64,0.1195,0.0,1,0,1,0,1,1.0,,,,,,,0.09619548916816711,0.7400481700897217,1.9976565837860107,0.0164,,0.1042
498,20000,0.0,24,10,0.0,30.0,0.0,0.001034458284266293,0.18779753148555756,0.19227810204029083,0.33687907457351685,-0.08914534002542496,0.04714693874120712,0.3268176019191742,0.0011009196750819683,0.00982588715851307,1.6082638502120972,64,0.0463,0.0,1,0,1,0,1,1.0,,,,,,,0.055429548025131226,0.8501097559928894,2.1295084953308105,0.0164,,0.1042
499,20000,0.0,24,10,0.0,30.0,0.0,0.0011301066260784864,0.19957728683948517,0.20052294433116913,0.48169365525245667,-0.07489406317472458,0.06576952338218689,0.4214383661746979,0.0011227509239688516,0.007220597937703133,0.7610256671905518,64,0.0193,0.0,1,0,1,0,1,1.0,,,,,,,0.09841201454401016,0.7448413372039795,1.9889733791351318,0.0164,,0.1042
500,20000,0.0,24,10,0.0,30.0,0.0,0.0018641817150637507,0.1999410092830658,0.20357125997543335,0.3859062194824219,-0.09429764747619629,0.07460319250822067,0.3276410698890686,0.0009463034220971167,0.0067128026857972145,1.4354023933410645,64,0.0249,0.0,0,0,2,0,1,1.0,,,,,,,0.06569422781467438,0.7906789183616638,2.156115770339966,0.01635,,0.1042
501,20000,0.0,24,9,0.0,30.0,0.0,0.0013082074001431465,0.18335655331611633,0.1840147078037262,0.5160399675369263,-0.09714731574058533,0.11436840146780014,0.3807811737060547,0.001035992638207972,0.0073386928997933865,0.8623831868171692,64,0.032,0.0,1,0,2,0,0,0.0,,,,,,,0.1126498207449913,0.722426176071167,2.101442337036133,0.01635,,0.1042
502,20000,0.0,24,9,0.0,30.0,0.0,0.003405932104215026,0.19143187999725342,0.1964748203754425,0.3946860432624817,-0.09247323870658875,0.03235504776239395,0.4189644455909729,0.0009629153064452112,0.006969424430280924,0.9812341928482056,64,0.0466,0.0,1,0,2,0,0,0.0,,,,,,,0.09424176812171936,0.648145854473114,2.059236526489258,0.0163,,0.1042
503,20000,0.0,24,9,0.0,30.0,0.0,0.00268406025134027,0.18884944915771484,0.18694789707660675,0.4528842568397522,-0.08364978432655334,0.08001066744327545,0.3716352880001068,0.00171999994199723,0.009754841215908527,1.102113127708435,64,0.0208,0.0,1,0,1,0,1,1.0,,,,,,,0.07589946687221527,0.811963677406311,2.1257424354553223,0.01635,,0.1042
504,20000,0.0,24,9,0.0,30.0,0.0,0.0018827987369149923,0.15151876211166382,0.16330011188983917,0.40068870782852173,-0.09416422247886658,0.08172273635864258,0.3276122808456421,0.0009099626913666725,0.007590368390083313,1.2202398777008057,64,0.031,0.0,1,0,1,0,1,1.0,,,,,,,0.07716861367225647,0.7426413893699646,2.192216634750366,0.0163,,0.1042
505,20000,0.0,24,9,0.0,30.0,0.0,0.002095032250508666,0.19200730323791504,0.18529854714870453,0.3904891908168793,-0.08888813108205795,0.05152558907866478,0.37224137783050537,0.0009779860265552998,0.008169529028236866,1.2063158750534058,64,0.0178,0.0,2,0,1,0,0,0.0,,,,,,,0.07368561625480652,0.663649320602417,2.1260266304016113,0.0163,,0.1042
506,20000,0.0,24,9,0.5,29.5,0.5,0.0008581289439462125,0.19422177970409393,0.1964694708585739,0.45619434118270874,-0.09199507534503937,0.038687221705913544,0.46755412220954895,0.000979119329713285,0.006521686911582947,0.8796515464782715,64,0.028,0.5,0,0,1,0,1,1.0,,,,,,,0.10458126664161682,0.7202364802360535,2.043610095977783,0.01635,,0.1042
507,20000,0.0,24,9,0.0,30.0,0.0,0.0007615543436259031,0.18079617619514465,0.1789322793483734,0.38713350892066956,-0.0912121832370758,0.04698643088340759,0.37895554304122925,0.0009324830025434494,0.010834570042788982,1.3506430387496948,64,0.022,0.0,0,0,1,0,2,1.0,,,,,,,0.06753241270780563,0.730758547782898,2.1013169288635254,0.01645,,0.1042
508,20000,0.0,24,9,0.0,30.0,0.0,0.003232053015381098,0.22621405124664307,0.22193196415901184,0.2938733398914337,-0.088889941573143,0.02437390387058258,0.3307727575302124,0.0007200569380074739,0.006485426798462868,1.1669973134994507,64,0.0218,0.0,1,0,1,0,1,1.0,,,,,,,0.07616978883743286,0.6571313142776489,2.136023998260498,0.0165,,0.1042
509,20000,0.0,24,9,0.0,30.0,0.0,0.0018031386425718665,0.19668948650360107,0.20338192582130432,0.44751301407814026,-0.08588056266307831,0.053742777556180954,0.4200389087200165,0.0008407773566432297,0.011738220229744911,1.1856893301010132,64,0.0843,0.0,0,0,1,0,2,1.0,,,,,,,0.07243091613054276,0.6990007162094116,2.057677745819092,0.0165,,0.1042
510,20000,0.0,24,9,0.5,29.5,0.5,0.0020952513441443443,0.1805882751941681,0.17926205694675446,0.37471768260002136,-0.09109790623188019,0.033093687146902084,0.393324077129364,0.0010573709150776267,0.012608298100531101,1.194642186164856,64,0.0405,0.5,0,0,1,0,1,1.0,,,,,,,0.07625539600849152,0.6592830419540405,2.0249412059783936,0.01655,,0.1042
511,20000,0.0,24,9,0.0,30.0,0.0,0.0015752441249787807,0.25160396099090576,0.25194576382637024,0.40438759326934814,-0.09666267037391663,0.06265472620725632,0.37173888087272644,0.0012306694407016039,0.008003860712051392,1.176294207572937,64,0.0316,0.0,0,0,2,0,1,1.0,,,,,,,0.0821755900979042,0.7172302007675171,2.1084437370300293,0.01645,,0.1042
512,20000,0.0,24,9,0.0,0.0,0.0,0.0008106111781671643,0.2142241895198822,0.21088536083698273,0.47925931215286255,-0.09400968998670578,0.052572526037693024,0.4643101692199707,0.0009524301858618855,0.007627563551068306,0.9376606941223145,64,,0.0,0,0,0,0,3,0.667,,,,,,,0.10025981813669205,0.6779629588127136,1.9984772205352783,0.01645,,0.1042
513,20000,0.0,24,9,0.0,30.0,0.0,0.0029095022473484278,0.19818821549415588,0.19165253639221191,0.4496418237686157,-0.09761065989732742,0.03140987828373909,0.4819702208042145,0.000688884814735502,0.004925010725855827,0.8239485621452332,64,0.0478,0.0,1,0,1,0,1,1.0,,,,,,,0.11846692860126495,0.76457279920578,1.9252053499221802,0.01645,,0.1042
514,20000,0.0,24,9,0.0,0.0,0.0,0.0014074372593313456,0.18987149000167847,0.1884448081254959,0.3419588506221771,-0.0887913629412651,0.050520386546850204,0.3255648612976074,0.001048912643454969,0.008289131335914135,1.9280420541763306,64,,0.0,0,0,0,0,3,1.0,,,,,,,0.046052608639001846,0.7006300687789917,2.1521568298339844,0.01645,,0.1042
515,20000,0.0,24,9,0.0,30.0,0.0,0.0014122864231467247,0.19521526992321014,0.19107510149478912,0.4065249264240265,-0.09348037838935852,0.08394861221313477,0.32748791575431824,0.0011144193122163415,0.009240346029400826,1.096853494644165,64,0.0376,0.0,0,0,2,0,1,1.0,,,,,,,0.08522593975067139,0.7194972038269043,2.1357169151306152,0.0164,,0.1042
516,20000,0.0,24,9,0.0,29.0,0.0,0.002983830636367202,0.23622439801692963,0.24486635625362396,0.39283284544944763,-0.0925191268324852,0.05480189248919487,0.37152689695358276,0.0010110349394381046,0.008442589081823826,1.2073760032653809,64,0.0422,0.0,0,0,2,1,0,0.0,,,,,,,0.07662826776504517,0.6800305247306824,2.0967681407928467,0.0163,,0.1042
517,20000,0.0,24,9,1.0,29.0,1.0,0.0017051774775609374,0.1911146193742752,0.18563836812973022,0.38997936248779297,-0.09124350547790527,0.05083069950342178,0.3758876323699951,0.0010593885090202093,0.007347708102315664,1.3779836893081665,64,0.0218,1.0,0,0,0,0,2,1.0,,,,,,,0.06621523201465607,0.761223316192627,2.1348514556884766,0.0163,,0.1042
518,20000,0.0,24,9,0.0,30.0,0.0,0.0012394023360684514,0.22251032292842865,0.21801739931106567,0.7144319415092468,-0.08972404897212982,0.16770488023757935,0.46492743492126465,0.0011398779461160302,0.007637562695890665,0.9513030052185059,64,0.0718,0.0,0,0,1,0,2,1.0,0.0694,0.4172,0.25,1,33,3,0.0943170040845871,0.669792115688324,1.9844752550125122,0.0163,0.2292,0.2292
519,20000,0.0,24,9,0.0,0.0,0.0,0.0012046986958011985,0.23677203059196472,0.23811587691307068,0.32661503553390503,-0.09288947284221649,0.03299775719642639,0.3476520776748657,0.0011287020752206445,0.011713835410773754,1.2718595266342163,64,,0.0,0,0,0,0,3,0.333,,,,,,,0.0730343759059906,0.6966451406478882,2.136990547180176,0.01625,,0.2292
520,20000,0.0,24,9,0.0,30.0,0.0,0.0008249463280662894,0.17678721249103546,0.17580197751522064,0.36633801460266113,-0.08924497663974762,0.05122650787234306,0.34910839796066284,0.0008626702474430203,0.008043166249990463,1.6897248029708862,64,0.0346,0.0,0,0,2,0,1,0.0,,,,,,,0.05281628295779228,0.701770544052124,2.0905380249023438,0.0162,,0.2292
521,20000,0.0,24,9,0.0,30.0,0.0,0.0014896085485816002,0.2407688945531845,0.23966515064239502,0.7953748106956482,-0.09538783878087997,0.045169588178396225,0.7950649261474609,0.0009142464841715991,0.010717016644775867,0.8869325518608093,64,0.0849,0.0,1,0,1,0,1,1.0,,,,,,,0.10754800587892532,0.7037774324417114,1.891310453414917,0.0162,,0.2292
522,20000,0.0,24,9,0.0,30.0,0.0,0.0007496317266486585,0.21584612131118774,0.2156885266304016,0.6944394707679749,-0.09617321938276291,0.07050097733736038,0.645815372467041,0.0009266631677746773,0.007590776775032282,1.0168707370758057,64,0.0798,0.0,1,0,1,0,1,1.0,,,,,,,0.09457762539386749,0.7556136846542358,2.1033012866973877,0.0162,,0.2292
523,20000,0.0,24,9,0.0,28.5,0.0,0.0027496451511979103,0.22741687297821045,0.2241380214691162,0.3488047122955322,-0.09611127525568008,0.029649272561073303,0.38158276677131653,0.0011341588106006384,0.00806934293359518,1.1320794820785522,64,0.0547,0.0,0,0,1,1,1,1.0,,,,,,,0.08489798754453659,0.7547734975814819,2.0992753505706787,0.0162,,0.2292
524,20000,0.0,24,9,0.0,30.0,0.0,0.002518070861697197,0.2505221962928772,0.2528816759586334,0.42777422070503235,-0.0916285365819931,0.09218396991491318,0.33180928230285645,0.0010469728149473667,0.006451074965298176,1.3009189367294312,64,0.0427,0.0,0,0,1,0,2,1.0,,,,,,,0.07043370604515076,0.6826804876327515,2.1230149269104004,0.01625,,0.2292
525,20000,0.0,24,9,0.0,30.0,0.0,0.001542374724522233,0.2282191812992096,0.2233886420726776,0.4479416310787201,-0.09533043205738068,0.06029675528407097,0.4194730818271637,0.0012897615088149905,0.006410977337509394,1.1731888055801392,64,0.0351,0.0,0,0,2,0,1,1.0,,,,,,,0.08125752955675125,0.8350604772567749,2.0441837310791016,0.0162,,0.2292
526,20000,0.0,24,9,0.0,0.0,0.0,0.0010802370961755514,0.24202603101730347,0.2428196221590042,0.3580039441585541,-0.09606926143169403,0.039377205073833466,0.37208425998687744,0.0007531029405072331,0.0064690494909882545,0.9226052165031433,64,,0.0,2,0,0,0,1,1.0,,,,,,,0.10412824153900146,0.6349322199821472,2.1460413932800293,0.01625,,0.2292
527,20000,0.0,24,9,0.0,0.0,0.0,0.0017996840178966522,0.21771201491355896,0.21975448727607727,0.48320138454437256,-0.0935535877943039,0.07679814100265503,0.41774752736091614,0.0008957660174928606,0.010822315700352192,0.9221072196960449,64,,0.0,0,0,0,0,3,1.0,,,,,,,0.10145630687475204,0.8015396595001221,2.086533784866333,0.01635,,0.2292
528,20000,0.0,24,9,1.0,30.0,1.0,0.0023432609159499407,0.18143948912620544,0.18327400088310242,0.3960500955581665,-0.09625586122274399,0.056721609085798264,0.3751527667045593,0.0015794382197782397,0.00741996057331562,1.0360922813415527,64,0.0413,1.0,1,0,0,0,1,1.0,,,,,,,0.0929027870297432,0.8485321998596191,2.1169559955596924,0.01635,,0.2292
529,20000,0.0,24,9,0.5,30.0,0.5,0.001967094372957945,0.22997461259365082,0.22115829586982727,0.5079257488250732,-0.09951341152191162,0.07035502791404724,0.4628569483757019,0.0012600438203662634,0.00774434395134449,0.7868660688400269,64,0.0332,0.5,1,0,1,0,0,0.0,,,,,,,0.12646803259849548,0.7394435405731201,2.0013129711151123,0.01635,,0.2292
530,20000,0.0,24,9,0.0,30.0,0.0,0.0010710346978157759,0.1736120581626892,0.1721455156803131,0.4687320291996002,-0.09882089495658875,0.09488704055547714,0.37222373485565186,0.0007990410085767508,0.011110244318842888,1.0883139371871948,64,0.0099,0.0,1,0,1,0,1,1.0,,,,,,,0.09080182760953903,0.8091591596603394,2.1329379081726074,0.0164,,0.2292
531,20000,0.0,24,9,0.5,30.0,0.5,0.0012050081277266145,0.20009773969650269,0.2038426697254181,0.584248960018158,-0.09971897304058075,0.0812341719865799,0.5170620679855347,0.0009902322199195623,0.008874974213540554,0.7465095520019531,64,0.0248,0.5,0,0,1,0,1,1.0,,,,,,,0.1335802972316742,0.8290596008300781,1.9793108701705933,0.01635,,0.2292
532,20000,0.0,24,9,0.0,30.0,0.0,0.0016954198945313692,0.18213875591754913,0.1787121295928955,0.4165649116039276,-0.09499485790729523,0.09078799188137054,0.32625681161880493,0.0012133957352489233,0.0074539766646921635,1.612502098083496,64,0.0437,0.0,1,0,1,0,1,1.0,,,,,,,0.05891146510839462,0.653066873550415,2.1898746490478516,0.01635,,0.2292
533,20000,0.0,24,9,0.0,30.0,0.0,0.0011614654213190079,0.19858410954475403,0.1960430145263672,0.4216773808002472,-0.09624256193637848,0.0436476469039917,0.428477942943573,0.0008834738982841372,0.004293379839509726,0.9424420595169067,64,0.0311,0.0,1,0,1,0,1,1.0,,,,,,,0.10212039947509766,0.7236016988754272,1.9901394844055176,0.0164,,0.2292
534,20000,0.0,24,9,0.5,29.0,0.5,0.0017722784541547298,0.19255885481834412,0.19592326879501343,0.40043240785598755,-0.09608982503414154,0.03701266646385193,0.4189702272415161,0.0008029008749872446,0.0070533487014472485,1.0640910863876343,64,0.042,0.5,1,0,1,0,0,0.0,,,,,,,0.0903022438287735,0.6747812032699585,1.993513822555542,0.0164,,0.2292
535,20000,0.0,24,9,0.0,30.0,0.0,0.00117093650624156,0.19124063849449158,0.19107696413993835,0.5654871463775635,-0.09860966354608536,0.0700194388628006,0.520799994468689,0.0010262802243232727,0.006515820510685444,0.8125321269035339,64,0.0291,0.0,1,0,1,0,1,1.0,,,,,,,0.12136094272136688,0.7172018885612488,1.924501657485962,0.0164,,0.2292
536,20000,0.0,24,9,0.0,27.0,0.0,0.00115875038318336,0.19224275648593903,0.18508216738700867,0.4547339677810669,-0.09732217341661453,0.08387705683708191,0.37986692786216736,0.0008805899997241795,0.008870198391377926,0.9873981475830078,64,0.0671,0.0,0,0,1,1,1,1.0,,,,,,,0.0985642671585083,0.6814332008361816,2.07651424407959,0.01645,,0.2292
537,20000,0.0,24,9,0.0,30.0,0.0,0.0015211025020107627,0.20506882667541504,0.21532601118087769,0.3993031084537506,-0.09632588177919388,0.05994799733161926,0.3713989853858948,0.0012514402624219656,0.008668022230267525,1.1147702932357788,64,0.0259,0.0,0,0,1,0,2,0.5,,,,,,,0.08640871942043304,0.8443362712860107,2.1067090034484863,0.0165,,0.2292
538,20000,0.0,24,9,0.0,30.0,0.0,0.0028073531575500965,0.24090486764907837,0.2307586371898651,0.3925822973251343,-0.094319649040699,0.07885606586933136,0.3254939317703247,0.0009011098300106823,0.007391748484224081,1.103012204170227,64,0.0363,0.0,1,0,1,0,1,1.0,,,,,,,0.0855109766125679,0.6891714930534363,2.194190263748169,0.01645,,0.2292
539,20000,0.0,24,9,0.0,27.0,0.0,0.002194433007389307,0.21015505492687225,0.2047334909439087,0.418281227350235,-0.09316150844097137,0.04155130684375763,0.42508792877197266,0.00099041941575706,0.0065043591894209385,1.2540640830993652,64,0.0521,1.0,1,1,0,0,1,1.0,,,,,,,0.07428767532110214,0.6763943433761597,2.1382431983947754,0.01645,,0.2292
540,20000,0.0,24,8,0.0,30.0,0.0,0.002707148902118206,0.19622211158275604,0.20503190159797668,0.3209052085876465,-0.09799972921609879,0.04458843916654587,0.3258184790611267,0.001114066457375884,0.007819185964763165,1.6184734106063843,64,0.0457,0.0,0,0,3,0,0,0.0,,,,,,,0.06055071949958801,0.7473012804985046,2.19558048248291,0.0164,,0.2292
541,20000,0.0,24,8,0.0,30.0,0.0,0.001402117544785142,0.21083857119083405,0.2155296802520752,0.39838725328445435,-0.09275814145803452,0.06537805497646332,0.35365426540374756,0.000676909985486418,0.01347003597766161,1.3565911054611206,64,0.0608,0.0,0,0,2,0,1,1.0,,,,,,,0.06837590783834457,0.7628917098045349,2.1026110649108887,0.0164,,0.2292
542,20000,0.0,24,8,0.0,30.0,0.0,0.0010300184367224574,0.2520097494125366,0.24858205020427704,0.4443052113056183,-0.09836755692958832,0.08349170535802841,0.3715452551841736,0.0009302219841629267,0.008288186974823475,0.9370549321174622,64,0.031,0.0,1,0,2,0,0,0.0,,,,,,,0.10497523844242096,0.6687626838684082,2.1518056392669678,0.01635,,0.2292
543,20000,0.0,24,8,1.0,29.0,1.0,0.001225922955200076,0.20825766026973724,0.21468502283096313,0.379331111907959,-0.09841974079608917,0.047981567680835724,0.37753522396087646,0.0007479519117623568,0.008504977449774742,1.0429368019104004,64,0.0206,1.0,1,0,0,0,1,1.0,,,,,,,0.09436788409948349,0.6550375819206238,2.1005077362060547,0.0164,,0.2292
544,20000,0.0,24,8,0.0,30.0,0.0,0.001880183583125472,0.19460757076740265,0.20727404952049255,0.36300671100616455,-0.0977897047996521,0.05149178206920624,0.35369637608528137,0.000996258924715221,0.008232933469116688,1.2172571420669556,64,0.0694,0.0,0,0,2,0,1,1.0,,,,,,,0.08033610880374908,0.7240311503410339,2.0766851902008057,0.0164,,0.2292
545,20000,0.0,24,8,0.0,30.0,0.0,0.0022531093563884497,0.22682160139083862,0.2297649383544922,0.4497290253639221,-0.09914465248584747,0.04355340823531151,0.4576684832572937,0.0009012696100398898,0.008196783252060413,0.8754546046257019,64,0.0359,0.0,0,0,2,0,1,1.0,,,,,,,0.11324933916330338,0.7582504153251648,2.0313336849212646,0.0164,,0.2292
546,20000,0.0,24,8,0.0,30.0,0.0,0.00224084360525012,0.19547992944717407,0.200030118227005,0.5482584238052368,-0.09689696133136749,0.0505368709564209,0.5415287613868713,0.0009154040017165244,0.0051057771779596806,0.8036446571350098,64,0.0451,0.0,1,0,1,0,1,1.0,,,,,,,0.12057189643383026,0.7134174704551697,1.9437427520751953,0.0164,,0.2292
547,20000,0.0,24,8,0.3333,30.0,0.3333,0.0018104659393429756,0.22401198744773865,0.22503957152366638,0.5116234421730042,-0.09295427799224854,0.11409853398799896,0.3722395598888397,0.0007475212914869189,0.008282141759991646,1.1105226278305054,64,0.0339,0.333,0,0,2,0,0,0.0,,,,,,,0.0837031900882721,0.6536442041397095,2.1463232040405273,0.0164,,0.2292
548,20000,0.0,24,8,1.0,29.0,1.0,0.0015328910667449236,0.1782689094543457,0.18426361680030823,0.3646044135093689,-0.09007368981838226,0.03907282277941704,0.372245192527771,0.0010369856609031558,0.008574528619647026,1.436998724937439,64,0.0132,1.0,0,0,0,0,2,1.0,,,,,,,0.06268181651830673,0.7337016463279724,2.1481919288635254,0.01645,,0.2292
549,20000,0.0,24,8,0.0,30.0,0.0,0.0010659066028892994,0.20818524062633514,0.19958461821079254,0.48354601860046387,-0.09849641472101212,0.10255752503871918,0.3715575337409973,0.0011400930816307664,0.010739658959209919,0.7149259448051453,64,0.0358,0.0,0,0,2,0,1,0.0,,,,,,,0.13777148723602295,0.8144241571426392,2.1264257431030273,0.01635,,0.2292
550,20000,0.0,24,8,0.0,0.0,0.0,0.001929235877469182,0.23359832167625427,0.23573331534862518,0.40337494015693665,-0.09712111949920654,0.03833511471748352,0.41755127906799316,0.0012333722552284598,0.012549120932817459,0.8512710928916931,64,,0.0,0,0,0,0,3,1.0,,,,,,,0.11408951878547668,0.6937962770462036,2.0595309734344482,0.01645,,0.2292
551,20000,0.0,24,8,0.0,30.0,0.0,0.0011910293251276016,0.19778510928153992,0.1960623562335968,0.5771310329437256,-0.09830791503190994,0.10357199609279633,0.4631020724773407,0.0008996002725325525,0.010385793633759022,0.6446302533149719,64,0.0362,0.0,1,0,2,0,0,0.0,,,,,,,0.15250279009342194,0.6966894865036011,2.0221943855285645,0.01645,,0.2292
552,20000,0.0,24,8,0.0,30.0,0.0,0.0017154575325548649,0.19677165150642395,0.20565560460090637,0.3881334662437439,-0.0983576849102974,0.03165445476770401,0.41916120052337646,0.0017138263210654259,0.008042112924158573,0.9553014039993286,64,0.0184,0.0,0,0,0,1,2,1.0,,,,,,,0.10295985639095306,0.6965988874435425,2.1090664863586426,0.0165,,0.2292
553,20000,0.0,24,8,1.0,30.0,1.0,0.0015122347977012396,0.2016097903251648,0.20324775576591492,0.370518296957016,-0.08498727530241013,0.039758048951625824,0.3722749948501587,0.0009639488998800516,0.007428972516208887,1.6232448816299438,64,0.0148,1.0,1,0,0,0,1,1.0,,,,,,,0.05235641449689865,0.8296564817428589,2.1250247955322266,0.0165,,0.2292
554,20000,0.0,24,8,0.0,0.0,0.0,0.0016549963038414717,0.19079822301864624,0.19086399674415588,0.52438884973526,-0.09484075009822845,0.0975988507270813,0.42017215490341187,0.0011320100165903568,0.007719546556472778,0.7507991194725037,64,,0.0,0,0,0,0,3,0.667,,,,,,,0.1263197362422943,0.8539299964904785,2.023136854171753,0.01655,,0.2292
555,20000,0.0,24,8,0.0,29.0,0.0,0.0014878627844154835,0.22641929984092712,0.23265492916107178,0.32232359051704407,-0.09228231757879257,0.04248599708080292,0.3261279761791229,0.001335476292297244,0.007011879701167345,1.6545743942260742,64,0.089,0.0,0,0,0,1,2,1.0,0.0932,0.4556,0.021,0,47,0,0.055774055421352386,0.7066003084182739,2.16400146484375,0.0166,0.0208,0.2292
556,20000,0.0,24,8,0.0,30.0,0.0,0.002226811833679676,0.24919481575489044,0.24698375165462494,0.4274972379207611,-0.0968426913022995,0.08935707062482834,0.34099534153938293,0.0022694424260407686,0.009260909631848335,1.0322389602661133,64,0.0997,0.0,1,0,1,0,1,1.0,,,,,,,0.09381809830665588,0.7062339782714844,2.0631399154663086,0.01655,,0.2292
557,20000,0.0,24,8,0.0,0.0,0.0,0.0017374317394569516,0.2345885932445526,0.23104992508888245,0.4485074579715729,-0.09789074957370758,0.06045294553041458,0.4234555661678314,0.000978559022769332,0.004073529504239559,0.7177285552024841,64,,0.0,1,0,0,0,2,1.0,,,,,,,0.13638965785503387,0.8140743970870972,1.9973375797271729,0.0166,,0.2292
558,20000,0.0,24,8,0.3333,29.33,0.3333,0.0015333476476371288,0.2036120891571045,0.21465136110782623,0.39482733607292175,-0.09544368088245392,0.05439082905650139,0.3775617480278015,0.0014388880226761103,0.007855258882045746,0.9250432252883911,64,0.0448,0.333,0,0,1,1,0,0.0,,,,,,,0.10317753255367279,0.734322726726532,2.0346102714538574,0.0165,,0.2292
559,20000,0.0,24,8,0.0,30.0,0.0,0.001669481280259788,0.228288471698761,0.21369107067584991,0.2755895256996155,-0.09876546263694763,0.022739391773939133,0.32562851905822754,0.0009546246728859842,0.006495335139334202,1.0429576635360718,64,0.0617,0.0,0,0,3,0,0,0.0,,,,,,,0.09469747543334961,0.6963402032852173,2.2179489135742188,0.01645,,0.2292
560,20000,0.0,24,8,0.5,30.0,0.5,0.0013718989212065935,0.20639339089393616,0.20643427968025208,0.43539926409721375,-0.09798477590084076,0.05636502429842949,0.4173206090927124,0.0008053688798099756,0.00666677625849843,1.048914909362793,64,0.0403,0.5,0,0,1,0,1,1.0,,,,,,,0.09341536462306976,0.649023711681366,2.05428409576416,0.01645,,0.2292
561,20000,0.0,24,8,0.0,30.0,0.0,0.0011612887028604746,0.1965475231409073,0.19454750418663025,0.3743659257888794,-0.09741948544979095,0.04952431842684746,0.3688324987888336,0.0009401706629432738,0.007808575872331858,0.7185474038124084,64,0.0223,0.0,1,0,0,1,1,1.0,,,,,,,0.13557836413383484,0.6962935328483582,2.051314353942871,0.0164,,0.2292
562,20000,0.0,24,8,0.0,30.0,0.0,0.002184449229389429,0.21519571542739868,0.22022205591201782,0.4011193513870239,-0.09742233157157898,0.06174704059958458,0.37136489152908325,0.0012927097268402576,0.00736538739874959,0.9321277737617493,64,0.0438,0.0,0,0,1,0,2,0.5,,,,,,,0.10451607406139374,0.7021317481994629,2.146068572998047,0.0164,,0.2292
563,20000,0.0,24,8,0.0,0.0,0.0,0.0017536352388560772,0.21105530858039856,0.21594537794589996,0.4902168810367584,-0.096196249127388,0.03721761330962181,0.5084823369979858,0.0013229631586000323,0.006991142872720957,1.327333927154541,64,,0.0,0,0,0,0,3,0.667,,,,,,,0.07247328758239746,0.7110645174980164,1.9334558248519897,0.0164,,0.2292
564,20000,0.0,24,8,0.0,0.0,0.0,0.001185717061161995,0.18366144597530365,0.19185581803321838,0.45419925451278687,-0.08567911386489868,0.054356347769498825,0.4270080029964447,0.0010225813603028655,0.008315343409776688,0.9766055345535278,64,,0.0,1,0,0,0,2,1.0,,,,,,,0.08773155510425568,0.7934210300445557,2.0233893394470215,0.0164,,0.2292
565,20000,0.0,24,8,0.0,0.0,0.0,0.0017477518413215876,0.20344021916389465,0.20607471466064453,0.3467741012573242,-0.09432666003704071,0.03182689845561981,0.37369221448898315,0.0008929382311180234,0.00750949140638113,1.1811318397521973,64,,0.0,0,0,0,0,3,1.0,,,,,,,0.07986124604940414,0.6597009897232056,2.110400676727295,0.01655,,0.2292
566,20000,0.0,24,8,0.0,30.0,0.0,0.0017534627113491297,0.2816501259803772,0.28886470198631287,0.48790961503982544,-0.09534495323896408,0.07076921314001083,0.4386370778083801,0.0012227861443534493,0.00615808367729187,1.0345393419265747,64,0.0733,0.0,0,0,1,0,2,1.0,,,,,,,0.09216175228357315,0.6810908317565918,1.981323480606079,0.01665,,0.2292
567,20000,0.0,24,8,0.0,30.0,0.0,0.002248099073767662,0.1886240839958191,0.2036871463060379,0.3792210817337036,-0.09204670041799545,0.04816378280520439,0.3711896538734436,0.0015552452532574534,0.0075011164881289005,1.3351339101791382,64,0.056,0.0,1,0,2,0,0,0.0,,,,,,,0.06894192844629288,0.671761691570282,2.1220035552978516,0.01665,,0.2292
568,20000,0.0,24,8,0.0,0.0,0.0,0.001068989047780633,0.22787055373191833,0.22267910838127136,0.497817724943161,-0.09415799379348755,0.08081774413585663,0.4249989986419678,0.0011200241278856993,0.010682486928999424,0.8282716870307922,64,,0.0,0,0,0,0,3,1.0,,,,,,,0.11368007957935333,0.6639469265937805,2.0685338973999023,0.0168,,0.2292
569,20000,0.0,24,8,0.0,30.0,0.0,0.0033133276738226414,0.1747540831565857,0.16661837697029114,0.3774106204509735,-0.09423462301492691,0.04509633034467697,0.3779861330986023,0.001961251487955451,0.006932940799742937,0.8590423464775085,64,0.0494,0.0,0,0,3,0,0,0.0,,,,,,,0.10969729721546173,0.7443404197692871,2.125467538833618,0.0167,,0.2292
570,20000,0.0,24,8,0.0,0.0,0.0,0.0008754566661082208,0.20767062902450562,0.21476680040359497,0.4467027485370636,-0.09690797328948975,0.08314155042171478,0.37237775325775146,0.0007813179399818182,0.009899739176034927,0.8624021410942078,64,,0.0,1,0,0,0,2,1.0,,,,,,,0.1123698279261589,0.8441361784934998,2.142390727996826,0.0168,,0.2292
571,20000,0.0,24,8,0.0,30.0,0.0,0.0013517974875867367,0.24792873859405518,0.2485857605934143,0.30724653601646423,-0.09657204151153564,0.025223834440112114,0.34958088397979736,0.0008874832419678569,0.007580018136650324,0.7706519961357117,64,0.042,0.0,1,0,2,0,0,0.0,,,,,,,0.12531211972236633,0.6795758605003357,2.091646671295166,0.0167,,0.2292
572,20000,0.0,24,8,0.0,30.0,0.0,0.0017014084151014686,0.24261245131492615,0.2324790358543396,0.4781748950481415,-0.09185002744197845,0.11860868334770203,0.3277134895324707,0.000948385160882026,0.010188156738877296,0.971369206905365,64,0.0438,0.0,0,0,2,0,1,0.0,,,,,,,0.0945572704076767,0.7359113693237305,2.174464702606201,0.0166,,0.2292
573,20000,0.0,24,8,0.0,30.0,0.0,0.0012920135632157326,0.19703131914138794,0.19100475311279297,0.4203028082847595,-0.09787167608737946,0.048232048749923706,0.4183131456375122,0.0008861599490046501,0.006794423796236515,0.7955697774887085,64,0.0173,0.0,0,0,1,0,2,1.0,,,,,,,0.12302086502313614,0.7187985777854919,2.015148639678955,0.01655,,0.2292
574,20000,0.0,24,8,0.0,30.0,0.0,0.0017009417060762644,0.21006521582603455,0.20627997815608978,0.5415205955505371,-0.09219177812337875,0.060500480234622955,0.5092141032218933,0.0008819334907457232,0.006994594354182482,0.7316263318061829,64,0.0483,0.0,0,0,1,0,2,0.5,,,,,,,0.12600937485694885,0.7105371952056885,1.9017077684402466,0.0165,,0.2292
575,20000,0.0,24,8,0.0,30.0,0.0,0.0020199588034301996,0.2036888301372528,0.19603948295116425,0.702507495880127,-0.09793425351381302,0.032227128744125366,0.7331451177597046,0.001055886154063046,0.00568477064371109,0.7161813974380493,64,0.0561,0.0,0,0,1,0,2,0.5,,,,,,,0.13674503564834595,0.6259189248085022,1.8900262117385864,0.0164,,0.2292
576,20000,0.0,24,8,0.0,30.0,0.0,0.001454492099583149,0.1727358102798462,0.1728316843509674,0.4773592948913574,-0.09105715155601501,0.07141858339309692,0.4217035174369812,0.0010471162386238575,0.007751530967652798,0.9359145164489746,64,0.0733,0.0,1,0,1,0,1,1.0,,,,,,,0.09729216992855072,0.7589653730392456,2.04905104637146,0.0164,,0.2292
577,20000,0.0,24,8,0.0,30.0,0.0,0.00269311317242682,0.18938308954238892,0.18236538767814636,0.4719112813472748,-0.09032754600048065,0.06833931803703308,0.42151302099227905,0.0009635910391807556,0.008094380609691143,0.9528207778930664,64,0.033,0.0,0,0,2,0,1,1.0,,,,,,,0.09480014443397522,0.7564501762390137,2.040736675262451,0.01635,,0.2292
578,20000,0.0,24,8,1.0,27.0,1.0,0.0013388211373239756,0.23397386074066162,0.2254127860069275,0.44645899534225464,-0.09487061202526093,0.0708484798669815,0.3962286114692688,0.0007987709832377732,0.006808023434132338,0.8375086784362793,64,0.0142,1.0,1,0,0,0,1,1.0,,,,,,,0.11327715218067169,0.7408758401870728,2.0705785751342773,0.01645,,0.2292
579,20000,0.0,24,8,0.0,30.0,0.0,0.0024298718199133873,0.18290790915489197,0.18792960047721863,0.481803297996521,-0.09536547213792801,0.1085159182548523,0.3565570116043091,0.0011234130943194032,0.007159852422773838,1.06400465965271,64,0.0365,0.5,0,1,1,0,1,1.0,,,,,,,0.08962881565093994,0.7542259097099304,2.098984479904175,0.01645,,0.2292
580,20000,0.0,24,8,0.0,0.0,0.0,0.002609739312902093,0.2169029414653778,0.22160610556602478,0.5360302329063416,-0.08711569011211395,0.14635179936885834,0.3261260986328125,0.0011141464347019792,0.008632443845272064,1.3409299850463867,64,,0.0,0,0,0,0,3,1.0,,,,,,,0.06496661901473999,0.7493433356285095,2.172182559967041,0.0165,,0.2292
581,20000,0.0,24,7,0.0,30.0,0.0,0.002699019853025675,0.1774972379207611,0.1823141872882843,0.43208134174346924,-0.09767194092273712,0.07364995777606964,0.37968388199806213,0.0020182705484330654,0.005538959056138992,0.8273167014122009,64,0.0207,0.0,1,0,1,0,1,0.0,,,,,,,0.1180587112903595,0.8084897994995117,2.1095774173736572,0.01645,,0.2292
582,20000,0.0,24,7,0.0,0.0,0.0,0.0011709985556080937,0.23516157269477844,0.23648449778556824,0.44878706336021423,-0.09114385396242142,0.059354446828365326,0.41737085580825806,0.00087254389654845,0.007702364586293697,1.1695390939712524,64,,0.0,1,0,0,0,2,1.0,,,,,,,0.07793143391609192,0.6883725523948669,2.09566330909729,0.0165,,0.2292
583,20000,0.0,24,7,0.0,0.0,0.0,0.0010173096088692546,0.20683172345161438,0.21627604961395264,0.41369619965553284,-0.0970083475112915,0.04431895539164543,0.41794657707214355,0.0007430803379975259,0.008240078575909138,1.2934736013412476,64,,0.0,0,0,0,0,3,1.0,,,,,,,0.07499831914901733,0.7207143306732178,2.0322694778442383,0.0166,,0.2292
584,20000,0.0,24,7,0.0,30.0,0.0,0.002014515455812216,0.1635444462299347,0.17222543060779572,0.5487546920776367,-0.09461352974176407,0.08835160732269287,0.46341267228126526,0.001469861133955419,0.006504700053483248,0.8164815902709961,64,0.0354,0.0,2,0,1,0,0,0.0,,,,,,,0.11587956547737122,0.7008374929428101,1.9635343551635742,0.01655,,0.2292
585,20000,0.0,24,7,0.0,30.0,0.0,0.001056880340911448,0.19454391300678253,0.19210577011108398,0.5155361890792847,-0.09321580827236176,0.048993539065122604,0.5086085796356201,0.0009654663153924048,0.004312684293836355,0.926456093788147,64,0.036,0.0,1,0,2,0,0,0.0,,,,,,,0.10061546415090561,0.6310588121414185,1.9272847175598145,0.0165,,0.2292
586,20000,0.0,24,7,0.0,30.0,0.0,0.0022251589689403772,0.18440434336662292,0.17608091235160828,0.42184996604919434,-0.09755609929561615,0.04740053415298462,0.42176389694213867,0.000957608106546104,0.0056822109036147594,0.920507550239563,64,0.0324,0.0,1,0,2,0,0,0.0,,,,,,,0.1059807687997818,0.7177740335464478,2.017951250076294,0.01645,,0.2292
587,20000,0.0,24,7,0.0,30.0,0.0,0.002114973496645689,0.1827581226825714,0.18634754419326782,0.36386987566947937,-0.08963935822248459,0.03844492882490158,0.3719123601913452,0.0010552315507084131,0.009414042346179485,1.2295790910720825,64,0.0223,0.0,0,0,2,0,1,1.0,,,,,,,0.07290247082710266,0.6673907041549683,2.14387845993042,0.0164,,0.2292
588,20000,0.0,24,7,0.0,0.0,0.0,0.001514939358457923,0.2732808291912079,0.27478212118148804,0.41912782192230225,-0.09734459966421127,0.08633612096309662,0.3399882912635803,0.0010553532047197223,0.007623776793479919,1.1350288391113281,64,,0.0,0,0,0,0,3,1.0,,,,,,,0.08576398342847824,0.8693094253540039,2.1397318840026855,0.0165,,0.2292
589,20000,0.0,24,7,0.0,0.0,0.0,0.0010543554089963436,0.18897831439971924,0.18387126922607422,0.3801419138908386,-0.0958910584449768,0.05123388022184372,0.37130287289619446,0.000952719827182591,0.004524690564721823,0.9142009615898132,64,,0.0,0,0,0,0,3,0.667,,,,,,,0.10489056259393692,0.6738006472587585,2.101336717605591,0.0165,,0.2292
590,20000,0.0,24,7,0.0,30.0,0.0,0.002714677946642041,0.21974048018455505,0.21817201375961304,0.3537462055683136,-0.09447500109672546,0.03549479320645332,0.3735027313232422,0.0009042465244419873,0.00745779275894165,0.959016740322113,64,0.021,0.0,0,0,1,0,2,1.0,,,,,,,0.09851235151290894,0.6607347130775452,2.106956720352173,0.01655,,0.2292
591,20000,0.0,24,7,0.0,30.0,0.0,0.0014146827161312103,0.2292896956205368,0.23533445596694946,0.4117726981639862,-0.09275572001934052,0.041904859244823456,0.4181654453277588,0.0007852783892303705,0.005106502212584019,0.9799911379814148,64,0.0177,0.0,0,0,1,0,2,1.0,,,,,,,0.0946495458483696,0.7573220133781433,2.074207305908203,0.01655,,0.2292
592,20000,0.0,24,7,0.0,30.0,0.0,0.0018560951575636864,0.19581761956214905,0.19422051310539246,0.37130987644195557,-0.09452752023935318,0.06512755900621414,0.33064931631088257,0.0014857068890705705,0.009865921922028065,0.9323695302009583,64,0.0294,0.0,0,0,2,0,1,1.0,0.1213,0.4886,0.062,0,41,4,0.10138417780399323,0.8119608759880066,2.1529998779296875,0.01655,0.0625,0.2292
593,20000,0.0,24,7,0.0,30.0,0.0,0.001737321843393147,0.20270150899887085,0.20007604360580444,0.41541433334350586,-0.0963565856218338,0.04533590003848076,0.4175620675086975,0.0009324055281467736,0.007074147462844849,0.8561025857925415,64,0.0291,0.0,2,0,1,0,0,0.0,,,,,,,0.11255261301994324,0.7649725675582886,1.9990594387054443,0.0165,,0.2292
594,20000,0.0,24,7,0.0,0.0,0.0,0.0012277478817850351,0.19105128943920135,0.18572025001049042,0.36346954107284546,-0.09733541309833527,0.042628705501556396,0.371244877576828,0.0008037869120016694,0.008605333045125008,0.8095817565917969,64,,0.0,1,0,0,0,2,1.0,,,,,,,0.12022925168275833,0.6627862453460693,2.1149983406066895,0.0166,,0.2292
595,20000,0.0,24,7,0.0,0.0,0.0,0.0029142876155674458,0.1927868127822876,0.19276392459869385,0.600059986114502,-0.0935983955860138,0.13592565059661865,0.4180481731891632,0.0013581524835899472,0.0075178444385528564,0.8681492209434509,64,,0.0,1,0,0,0,2,1.0,,,,,,,0.10781371593475342,0.8775701522827148,2.069500207901001,0.0166,,0.2292
596,20000,0.0,24,7,0.0,25.0,0.0,0.0020833134185522795,0.24925872683525085,0.2497810572385788,0.395183801651001,-0.08737118542194366,0.05180860310792923,0.37510204315185547,0.001319334376603365,0.007671485189348459,0.8636536002159119,64,0.1249,0.0,0,0,0,2,1,1.0,,,,,,,0.10116460919380188,0.8278818130493164,2.121262550354004,0.0166,,0.2292
597,20000,0.0,24,7,0.0,30.0,0.0,0.0015084333717823029,0.22972404956817627,0.22994399070739746,0.33668485283851624,-0.0919216200709343,0.027089541777968407,0.37161707878112793,0.0009234269382432103,0.0056206220760941505,1.345291256904602,64,0.0448,0.0,1,0,2,0,0,0.0,,,,,,,0.06832841038703918,0.6325886249542236,2.103895902633667,0.01655,,0.2292
598,20000,0.0,24,7,0.0,0.0,0.0,0.0023517755325883627,0.2141641229391098,0.2204461395740509,0.4795718193054199,-0.09445375204086304,0.09852324426174164,0.3719024658203125,0.0008653311524540186,0.010153238661587238,1.2320178747177124,64,,0.0,0,0,0,0,3,1.0,,,,,,,0.07666589319705963,0.8577572703361511,2.1234660148620605,0.0167,,0.2292
599,20000,0.0,24,7,0.0,30.0,0.0,0.0023572721984237432,0.22884035110473633,0.22183218598365784,0.40399104356765747,-0.09216219186782837,0.06026877090334892,0.37237274646759033,0.001017328235320747,0.00648585706949234,0.9830657243728638,64,0.0547,0.0,1,0,1,0,1,1.0,,,,,,,0.09374977648258209,0.7882413864135742,2.152639865875244,0.01665,,0.2292
600,20000,0.0,24,7,0.0,30.0,0.0,0.0024071685038506985,0.23405036330223083,0.25193506479263306,0.3458629250526428,-0.0948392003774643,0.03299128636717796,0.3714321255683899,0.0009833816438913345,0.006574893835932016,0.9508020281791687,64,0.0256,0.0,0,0,1,0,2,0.5,,,,,,,0.09974653273820877,0.6959190368652344,2.127035140991211,0.01665,,0.2292
601,20000,0.0,24,7,0.0,30.0,0.0,0.0008768046973273158,0.20898139476776123,0.21207976341247559,0.3813919723033905,-0.08919420838356018,0.056216251105070114,0.353512167930603,0.0010139353107661009,0.0092830341309309,1.3051825761795044,64,0.0473,0.0,0,0,3,0,0,0.0,,,,,,,0.06833848357200623,0.6814444065093994,2.1001474857330322,0.01655,,0.2292
602,20000,0.0,24,7,0.0,30.0,0.0,0.0012751459144055843,0.21785536408424377,0.21643929183483124,0.3463297188282013,-0.08789770305156708,0.05286518856883049,0.32553356885910034,0.0009364396682940423,0.005926958750933409,1.7460205554962158,64,0.0634,0.0,1,0,1,0,1,1.0,,,,,,,0.050341736525297165,0.7711307406425476,2.1668949127197266,0.01655,,0.2292
603,20000,0.0,24,7,0.0,0.0,0.0,0.0021328874863684177,0.22809937596321106,0.22870466113090515,0.4626231789588928,-0.09225434809923172,0.06651543080806732,0.4178983271121979,0.0012640503700822592,0.007896640338003635,0.9387708902359009,64,,0.0,1,0,0,0,2,1.0,,,,,,,0.09827141463756561,0.6808441877365112,2.0567150115966797,0.0166,,0.2292
604,20000,0.0,24,7,0.0,30.0,0.0,0.001971959602087736,0.14508508145809174,0.1299038678407669,0.6457814574241638,-0.09517864882946014,0.058264847844839096,0.6215415596961975,0.0009635471506044269,0.005777671001851559,0.7743061184883118,64,0.0413,0.0,0,0,1,0,2,0.5,,,,,,,0.12292122095823288,0.7334030866622925,2.0768165588378906,0.0166,,0.2292
605,20000,0.0,24,7,0.0,0.0,0.0,0.0017180313589051366,0.23673272132873535,0.23061051964759827,0.35092830657958984,-0.0939188003540039,0.05661782622337341,0.3277163505554199,0.0010879647452384233,0.007790226023644209,1.0271064043045044,64,,0.0,1,0,0,0,2,1.0,,,,,,,0.09144018590450287,0.703545093536377,2.152564525604248,0.01665,,0.2292
606,20000,0.0,24,7,0.0,29.67,0.0,0.0012896184343844652,0.24896501004695892,0.24627992510795593,0.47416815161705017,-0.09887905418872833,0.04521286115050316,0.4790177643299103,0.0009025924955494702,0.007207444403320551,0.7680330872535706,64,0.0397,0.0,0,0,2,1,0,0.0,,,,,,,0.12874320149421692,0.6665142774581909,1.874232530593872,0.0166,,0.2292
607,20000,0.0,24,7,0.0,30.0,0.0,0.0023556603118777275,0.24284830689430237,0.24913877248764038,0.40543022751808167,-0.09309917688369751,0.0808723047375679,0.33165082335472107,0.0011312984861433506,0.010267931036651134,1.2359637022018433,64,0.0777,0.0,0,0,2,0,1,1.0,,,,,,,0.07532516866922379,0.7757525444030762,2.1217706203460693,0.01655,,0.2292
608,20000,0.0,24,7,0.0,0.0,0.0,0.0012713794130831957,0.2142448127269745,0.211128830909729,0.5045037269592285,-0.09877079725265503,0.0911257416009903,0.4172744154930115,0.0008209655061364174,0.0074973213486373425,0.6582038998603821,64,,0.0,0,0,0,0,3,0.667,,,,,,,0.15006110072135925,0.8204048871994019,2.0746259689331055,0.01655,,0.2292
609,20000,0.0,24,7,0.0,0.0,0.0,0.002177041256800294,0.2179926484823227,0.2107274979352951,0.3985585570335388,-0.09788042306900024,0.07348980009555817,0.34649336338043213,0.001069498946890235,0.005932015832513571,1.171919822692871,64,,0.0,0,0,0,0,3,1.0,,,,,,,0.08352142572402954,0.6732698678970337,2.1564557552337646,0.01665,,0.2292
610,20000,0.0,24,7,0.0,28.0,0.0,0.0014164505992084742,0.1883525550365448,0.18436765670776367,0.3486007750034332,-0.09766434133052826,0.03482125326991081,0.3743577003479004,0.0007430384284816682,0.004529847297817469,1.675575613975525,64,0.0392,0.0,0,0,0,1,2,1.0,,,,,,,0.058287035673856735,0.7220146059989929,2.1233623027801514,0.0166,,0.2292
611,20000,0.0,24,7,0.0,30.0,0.0,0.0010640070540830493,0.2212977409362793,0.2171478569507599,0.5215423703193665,-0.09638659656047821,0.11225567758083344,0.3863387703895569,0.0009328085579909384,0.014157657511532307,1.0654267072677612,64,0.0133,0.0,0,0,1,0,2,1.0,,,,,,,0.09046759456396103,0.7154496908187866,2.123260498046875,0.0166,,0.2292
612,20000,0.0,24,7,0.3333,29.67,0.3333,0.0014695607824251056,0.20826628804206848,0.21259479224681854,0.4736688733100891,-0.08992999792098999,0.09276469796895981,0.37196236848831177,0.001197692472487688,0.01221418846398592,1.2117253541946411,64,0.0358,0.333,0,0,2,0,0,0.0,,,,,,,0.07421648502349854,0.7121948003768921,2.1547842025756836,0.0166,,0.2292
613,20000,0.0,24,7,0.0,30.0,0.0,0.001634002197533846,0.20478296279907227,0.20404303073883057,0.3951244354248047,-0.09362279623746872,0.05727327615022659,0.37196606397628784,0.0009002809529192746,0.004469192586839199,1.4377048015594482,64,0.1328,0.0,0,0,2,0,1,1.0,,,,,,,0.06511962413787842,0.7001120448112488,2.1310276985168457,0.01655,,0.2292
614,20000,0.0,24,7,0.0,30.0,0.0,0.000972041510976851,0.19317001104354858,0.19274625182151794,0.37524768710136414,-0.09558296203613281,0.06264616549015045,0.3424176275730133,0.0007856872398406267,0.006241386290639639,1.1594966650009155,64,0.0915,0.0,0,0,3,0,0,0.0,,,,,,,0.08243487775325775,0.7908768057823181,2.119860887527466,0.01645,,0.2292
615,20000,0.0,24,7,0.0,30.0,0.0,0.0030578388832509518,0.25090548396110535,0.24760866165161133,0.3920608162879944,-0.0960027351975441,0.027091041207313538,0.42985594272613525,0.001090168603695929,0.00805104710161686,0.9650282263755798,64,0.0633,0.0,0,0,2,0,1,1.0,,,,,,,0.09948179125785828,0.668032169342041,2.032837390899658,0.01645,,0.2292
616,20000,0.0,24,7,0.0,30.0,0.0,0.0014457317302003503,0.16548797488212585,0.1669403314590454,0.4141998887062073,-0.09759849309921265,0.06792619079351425,0.37208831310272217,0.0008562176954001188,0.0077153476886451244,0.9880378842353821,64,0.0922,0.0,0,0,2,0,1,1.0,,,,,,,0.09878011047840118,0.74616539478302,2.121079206466675,0.0164,,0.2292
617,20000,0.0,24,7,0.0,30.0,0.0,0.001664500217884779,0.22073550522327423,0.2188447117805481,0.31010901927948,-0.0973895788192749,0.015899410471320152,0.37167996168136597,0.0012324528070166707,0.008039615117013454,1.4068878889083862,64,0.0473,0.0,0,0,1,0,2,1.0,,,,,,,0.06922341138124466,0.5599364042282104,2.115086078643799,0.01645,,0.2292
618,20000,0.0,24,7,0.0,0.0,0.0,0.0017821986693888903,0.22000858187675476,0.21806061267852783,0.4448201060295105,-0.09464903920888901,0.05721244961023331,0.4217299222946167,0.0009852279908955097,0.006628609262406826,0.9169657826423645,64,,0.0,0,0,0,0,3,0.667,,,,,,,0.10321982204914093,0.8093581199645996,2.0322084426879883,0.01645,,0.2292
619,20000,0.0,24,7,0.0,30.0,0.0,0.002251961035653949,0.22437506914138794,0.22455735504627228,0.38682252168655396,-0.0960247665643692,0.029247362166643143,0.42103517055511475,0.0014061086112633348,0.006634800229221582,0.9236092567443848,64,0.0381,0.0,0,0,1,0,2,1.0,,,,,,,0.10396686941385269,0.7848186492919922,2.0967578887939453,0.01645,,0.2292
620,20000,0.0,24,6,1.0,30.0,1.0,0.001220846432261169,0.2288341224193573,0.2298775613307953,0.4555971324443817,-0.09029815346002579,0.03946679085493088,0.4627397060394287,0.0008144878083840013,0.00844398234039545,0.8517636656761169,64,0.0114,1.0,0,0,0,0,2,0.5,,,,,,,0.10601315647363663,0.7097835540771484,1.9675639867782593,0.01645,,0.2292
621,20000,0.0,24,6,0.0,29.0,0.0,0.001327679492533207,0.20702192187309265,0.2131316363811493,0.40198755264282227,-0.09241592884063721,0.05681517720222473,0.3786165714263916,0.001182648236863315,0.004313088022172451,0.9060750007629395,64,0.0221,0.0,1,0,0,1,1,1.0,,,,,,,0.10199590027332306,0.747595489025116,2.0535504817962646,0.0164,,0.2292
622,20000,0.0,24,6,0.0,0.0,0.0,0.0017882147803902626,0.222004234790802,0.22864699363708496,0.4018039405345917,-0.08003164827823639,0.029823964461684227,0.4181039035320282,0.0010460978373885155,0.008167480118572712,1.0222336053848267,64,,0.0,1,0,0,0,2,1.0,,,,,,,0.07829094678163528,0.7257095575332642,2.0720608234405518,0.01645,,0.2292
623,20000,0.0,24,6,0.0,30.0,0.0,0.0011258069425821304,0.21346724033355713,0.21935394406318665,0.5129401087760925,-0.08997463434934616,0.09189953655004501,0.4167279005050659,0.0009915009140968323,0.004775504115968943,0.9603583216667175,64,0.0359,0.0,0,0,2,0,1,0.0,,,,,,,0.09368860721588135,0.6742426753044128,1.9359413385391235,0.01635,,0.2292
624,20000,0.0,24,6,0.6667,28.67,0.6667,0.001062545576132834,0.20193186402320862,0.21011202037334442,0.4806514382362366,-0.09890298545360565,0.0562908910214901,0.46316173672676086,0.0008790339925326407,0.007621816359460354,0.9046782851219177,64,0.0337,0.667,0,0,1,0,0,0.0,,,,,,,0.10932393372058868,0.8439297080039978,1.9846543073654175,0.01635,,0.2292
625,20000,0.0,24,6,0.0,30.0,0.0,0.0020932035986334085,0.2229146510362625,0.21839448809623718,0.4181200861930847,-0.09573480486869812,0.08141404390335083,0.3474140763282776,0.0008000192465260625,0.007225463632494211,0.9304919242858887,64,0.1044,0.0,0,0,1,0,2,1.0,,,,,,,0.10288622975349426,0.8006114959716797,2.1062159538269043,0.01635,,0.2292
626,20000,0.0,24,6,0.0,30.0,0.0,0.003717629238963127,0.22314897179603577,0.21796725690364838,0.6537628173828125,-0.09767062962055206,0.1518416553735733,0.4440535306930542,0.0008350633434019983,0.0073932260274887085,0.7236468195915222,64,0.0451,0.0,0,0,1,0,2,0.5,,,,,,,0.134970024228096,0.9130258560180664,1.9809887409210205,0.01635,,0.2292
627,20000,0.0,24,6,0.0,0.0,0.0,0.0013109385035932064,0.1524944305419922,0.14356666803359985,0.6255511045455933,-0.09261257946491241,0.15617115795612335,0.40171903371810913,0.0011080942349508405,0.008204747922718525,0.8720841407775879,64,,0.0,0,0,0,0,3,0.667,,,,,,,0.10619683563709259,0.7442776560783386,2.0558037757873535,0.01645,,0.2292
628,20000,0.0,24,6,0.0,30.0,0.0,0.004178727511316538,0.16702048480510712,0.1768290400505066,0.3829391896724701,-0.09496532380580902,0.05066671222448349,0.37129098176956177,0.0010052354773506522,0.010560239665210247,1.185644507408142,64,0.0451,0.0,0,0,1,0,2,1.0,,,,,,,0.08009594678878784,0.7710102796554565,2.1619205474853516,0.01645,,0.2292
629,20000,0.0,24,6,0.0,29.0,0.0,0.001212565926834941,0.1822778880596161,0.18570645153522491,0.38019731640815735,-0.09916364401578903,0.029997756704688072,0.41713106632232666,0.0009938579751178622,0.004468728322535753,0.7555732727050781,64,0.0395,0.0,0,0,1,1,1,1.0,0.0864,0.3702,0.125,1,40,2,0.13124291598796844,0.6935102343559265,2.0324766635894775,0.01635,0.1042,0.2292
630,20000,0.0,24,6,0.0,30.0,0.0,0.001418570289388299,0.1506907343864441,0.15509411692619324,0.4693067669868469,-0.09890837967395782,0.049075137823820114,0.46534815430641174,0.001535420073196292,0.009433423168957233,0.7959531545639038,64,0.0422,0.0,0,0,2,0,1,1.0,,,,,,,0.12426407635211945,0.7449767589569092,1.9668817520141602,0.01635,,0.2292
631,20000,0.0,24,6,0.0,30.0,0.0,0.001275660702958703,0.22974777221679688,0.2271999716758728,0.4844266176223755,-0.09101249277591705,0.075996533036232,0.4202578663825989,0.0009021423757076263,0.0063763950020074844,1.3251971006393433,64,0.0659,0.0,0,0,1,0,2,1.0,,,,,,,0.06867845356464386,0.7881145477294922,2.052741527557373,0.0163,,0.2292
632,20000,0.0,24,6,0.0,25.0,0.0,0.0018469966016709805,0.22274905443191528,0.2267175316810608,0.4177147150039673,-0.09380380809307098,0.04540228098630905,0.41702693700790405,0.001190007315017283,0.007374053355306387,0.9812145233154297,64,0.0884,0.0,0,0,0,1,2,1.0,,,,,,,0.0955996885895729,0.6979659795761108,2.0374643802642822,0.01635,,0.2292
633,20000,0.0,24,6,0.0,26.0,0.0,0.001599573064595461,0.21356044709682465,0.20655953884124756,0.346702516078949,-0.08557941764593124,0.04697289690375328,0.33461612462997437,0.0010166257852688432,0.007440050598233938,1.5478836297988892,64,0.0615,1.0,1,1,0,0,1,1.0,,,,,,,0.05528801679611206,0.7952234148979187,2.104722261428833,0.01635,,0.2292
634,20000,0.0,24,6,0.0,30.0,0.0,0.0016202128026634455,0.2165881246328354,0.215230792760849,0.4074823558330536,-0.09709891676902771,0.04207729920744896,0.4175017774105072,0.0009700239752419293,0.005849780980497599,0.8477532267570496,64,0.0616,0.0,1,0,2,0,0,0.0,,,,,,,0.11453677713871002,0.7109009027481079,2.033078193664551,0.0163,,0.2292
635,20000,0.0,24,6,0.0,0.0,0.0,0.0014239518204703927,0.1823101043701172,0.18872255086898804,0.46919772028923035,-0.09156481921672821,0.11483220756053925,0.32754120230674744,0.0012406694004312158,0.007113850675523281,0.817629337310791,64,,0.0,0,0,0,0,3,0.667,,,,,,,0.11198817193508148,0.7686117887496948,2.1248717308044434,0.01635,,0.2292
636,20000,0.0,24,6,0.0,30.0,0.0,0.0014773025177419186,0.17059820890426636,0.17372936010360718,0.36235320568084717,-0.09478805959224701,0.05180758237838745,0.34958094358444214,0.0007723195594735444,0.007890347391366959,0.996503472328186,64,0.0277,0.0,1,0,1,0,1,1.0,,,,,,,0.09512065351009369,0.6399641633033752,2.1134467124938965,0.0164,,0.2292
637,20000,0.0,24,6,0.0,30.0,0.0,0.006891458295285702,0.22375577688217163,0.22493824362754822,0.3832273483276367,-0.09118734300136566,0.04958614706993103,0.3726133108139038,0.0010661935666576028,0.005258200224488974,0.7989301681518555,64,0.039,0.0,0,0,2,0,1,1.0,,,,,,,0.11413681507110596,0.742487370967865,2.106876850128174,0.01635,,0.2292
638,20000,0.0,24,6,0.0,30.0,0.0,0.00226464937441051,0.19931183755397797,0.20169587433338165,0.6340330839157104,-0.08951075375080109,0.05522546172142029,0.6086243987083435,0.001131444121710956,0.008936968632042408,1.3365706205368042,64,0.0276,0.0,0,0,1,0,2,1.0,,,,,,,0.06697046756744385,0.6784343123435974,2.1136040687561035,0.0163,,0.2292
639,20000,0.0,24,6,0.3333,30.0,0.3333,0.001723332330584526,0.18225747346878052,0.19639140367507935,0.4980580806732178,-0.0948919951915741,0.05107793211936951,0.4881064295768738,0.0014125955058261752,0.005375543609261513,0.7608827948570251,64,0.0561,0.333,0,0,2,0,0,0.0,,,,,,,0.12471301853656769,0.7737175226211548,1.9172489643096924,0.0163,,0.2292
640,20000,0.0,24,6,0.0,30.0,0.0,0.0011313165305182338,0.2001742124557495,0.19924122095108032,0.3500356674194336,-0.09867368638515472,0.0343448743224144,0.3771283030509949,0.0009003453305922449,0.005782574415206909,0.8654580116271973,64,0.0507,0.0,0,0,1,0,2,1.0,,,,,,,0.11401325464248657,0.7415494918823242,2.086193561553955,0.0163,,0.2292
641,20000,0.0,24,6,0.0,30.0,0.0,0.0018718549981713295,0.19826355576515198,0.1976197361946106,0.34969717264175415,-0.08915390074253082,0.0324908047914505,0.3714229464530945,0.0011788047850131989,0.004893060773611069,0.9347195029258728,64,0.0496,0.0,0,0,2,0,1,1.0,,,,,,,0.09538038074970245,0.7056810259819031,2.153695583343506,0.01625,,0.2292
642,20000,0.0,24,6,1.0,29.0,1.0,0.0013047223910689354,0.19398410618305206,0.19424746930599213,0.8010820746421814,-0.09389905631542206,0.19235585629940033,0.5057395696640015,0.0007128843571990728,0.009059706702828407,0.9082431793212891,64,0.0255,1.0,0,0,0,0,2,0.5,,,,,,,0.10338537395000458,0.6550685167312622,1.9697670936584473,0.0162,,0.2292
643,20000,0.0,24,6,0.5,29.5,0.5,0.001227636239491403,0.1907006800174713,0.18398024141788483,0.35350582003593445,-0.09616652131080627,0.0377047024667263,0.3714023232460022,0.0013838749146088958,0.005721228662878275,1.278699278831482,64,0.0337,0.5,0,0,1,0,1,1.0,,,,,,,0.07520651817321777,0.6814095377922058,2.104802131652832,0.01625,,0.2292
644,20000,0.0,24,6,0.3333,29.67,0.3333,0.001613930449821055,0.1318625807762146,0.129400834441185,0.5130186676979065,-0.09686164557933807,0.04698885977268219,0.5118118524551392,0.0010888020042330027,0.008181490004062653,0.8268546462059021,64,0.0356,0.333,0,0,2,0,0,0.0,,,,,,,0.11714470386505127,0.791336715221405,1.9433308839797974,0.0162,,0.2292
645,20000,0.0,24,6,0.0,0.0,0.0,0.0014783289516344666,0.21883389353752136,0.21946382522583008,0.46986469626426697,-0.09779375791549683,0.09569238126277924,0.3724629580974579,0.0007568748551420867,0.007621456403285265,0.9176800847053528,64,,0.0,0,0,0,0,3,0.667,,,,,,,0.10656629502773285,0.8288955092430115,2.168283462524414,0.01615,,0.2292
646,20000,0.0,24,6,0.5,27.0,0.5,0.001315742963925004,0.19727307558059692,0.1924320012331009,0.4185056984424591,-0.09116007387638092,0.024909276515245438,0.4562215805053711,0.001391744241118431,0.007251244504004717,1.7020982503890991,64,0.0375,0.5,0,0,0,1,1,1.0,,,,,,,0.05355747044086456,0.7510677576065063,2.1154139041900635,0.01625,,0.2292
647,20000,0.0,24,6,0.0,30.0,0.0,0.0014163630548864603,0.19415943324565887,0.1897362768650055,0.4752424955368042,-0.09172418713569641,0.07264906167984009,0.41833484172821045,0.0007944841054268181,0.006667454726994038,1.053046703338623,64,0.068,0.0,0,0,2,0,1,1.0,,,,,,,0.08710363507270813,0.8364667892456055,2.0692718029022217,0.0163,,0.2292
648,20000,0.0,24,6,0.0,30.0,0.0,0.0009249353897757828,0.2162688970565796,0.2126099169254303,0.4497254490852356,-0.09453126788139343,0.0756693184375763,0.39045196771621704,0.0010765152983367443,0.004932240583002567,0.9867493510246277,64,0.0435,0.0,0,0,1,0,2,1.0,,,,,,,0.09580069035291672,0.8280458450317383,2.1008248329162598,0.01635,,0.2292
649,20000,0.0,24,6,0.0,30.0,0.0,0.0008941659471020103,0.1942463368177414,0.19828015565872192,0.37119168043136597,-0.09637263417243958,0.04677734524011612,0.37184011936187744,0.0009479328291490674,0.004338950850069523,1.1435813903808594,64,0.0558,0.0,1,0,2,0,0,0.0,,,,,,,0.08427264541387558,0.6691049337387085,2.128464460372925,0.01635,,0.2292
650,20000,0.0,24,6,0.0,30.0,0.0,0.0023907467257231474,0.18666672706604004,0.19909429550170898,0.3577991724014282,-0.08319961279630661,0.0437529981136322,0.350072979927063,0.0007795798010192811,0.006839661858975887,1.7344255447387695,64,0.0539,0.0,0,0,2,0,1,1.0,,,,,,,0.047969549894332886,0.6566106677055359,2.1368589401245117,0.0163,,0.2292
651,20000,0.0,24,6,0.5,29.0,0.5,0.0016481508500874043,0.1912657916545868,0.20016731321811676,0.34787964820861816,-0.0906679704785347,0.04114723205566406,0.35125765204429626,0.0011656733695417643,0.009991009719669819,1.0204483270645142,64,0.0177,0.5,1,0,1,0,0,0.0,,,,,,,0.08885111659765244,0.7825171947479248,2.161097288131714,0.0163,,0.2292
652,20000,0.0,24,6,0.0,30.0,0.0,0.0016677856910973787,0.18517424166202545,0.17849817872047424,0.4306260347366333,-0.09256257116794586,0.07219140976667404,0.37370264530181885,0.0007956556510180235,0.010206270031630993,1.0238560438156128,64,0.027,0.0,0,0,2,0,1,1.0,,,,,,,0.09040583670139313,0.7592172622680664,2.0387613773345947,0.0163,,0.2292
653,20000,0.0,24,6,0.3333,29.67,0.3333,0.0014840757939964533,0.19091084599494934,0.19810041785240173,0.39438435435295105,-0.09022399038076401,0.03191640228033066,0.4173271059989929,0.0011064274003729224,0.006896858103573322,1.363817572593689,64,0.0499,0.333,0,0,2,0,0,0.0,,,,,,,0.06615546345710754,0.7206354141235352,2.0617403984069824,0.0163,,0.2292
654,20000,0.0,24,6,0.0,0.0,0.0,0.0013679303228855133,0.1787640005350113,0.18593066930770874,0.3030639588832855,-0.09485518932342529,0.03063296340405941,0.33338820934295654,0.0008812049054540694,0.0065300301648676395,1.5559816360473633,64,,0.0,0,0,0,0,3,1.0,,,,,,,0.060961633920669556,0.6869056224822998,2.170529842376709,0.0164,,0.2292
655,20000,0.0,24,6,0.0,30.0,0.0,0.0014803775120526552,0.3003002405166626,0.30676528811454773,0.5767690539360046,-0.09409109503030777,0.14759373664855957,0.3718736469745636,0.0012181372148916125,0.007598089519888163,0.962196946144104,64,0.058,0.0,0,0,1,1,1,1.0,,,,,,,0.0977877676486969,0.8904191255569458,2.1539716720581055,0.0164,,0.2292
656,20000,0.0,24,6,0.0,30.0,0.0,0.0031125203240662813,0.18441428244113922,0.18570245802402496,0.32577505707740784,-0.09622272849082947,0.04160010814666748,0.33360975980758667,0.0007897106115706265,0.01037563756108284,1.1222498416900635,64,0.0288,0.0,0,0,2,0,1,0.0,,,,,,,0.08574091643095016,0.7832621335983276,2.166748523712158,0.0164,,0.2292
657,20000,0.0,24,6,0.0,0.0,0.0,0.0009125702199526131,0.17601650953292847,0.18341249227523804,0.35159939527511597,-0.08766882121562958,0.03209046274423599,0.37175026535987854,0.0010170427849516273,0.006674057804048061,1.3907387256622314,64,,0.0,1,0,0,0,2,0.0,,,,,,,0.06303758919239044,0.7965812683105469,2.141784191131592,0.01635,,0.2292
658,20000,0.0,24,6,0.0,30.0,0.0,0.0013131131418049335,0.20950084924697876,0.20833301544189453,0.4728318452835083,-0.08823798596858978,0.09251679480075836,0.37202200293540955,0.0009369173203594983,0.008028482086956501,0.9568479657173157,64,0.0775,0.0,1,0,1,0,1,1.0,,,,,,,0.0922173410654068,0.8418693542480469,2.1203339099884033,0.0163,,0.2292
659,20000,0.0,24,6,0.0,30.0,0.0,0.0022170667070895433,0.2182488888502121,0.2284705489873886,0.33615735173225403,-0.08923820406198502,0.04701059311628342,0.32574722170829773,0.000775097229052335,0.011254310607910156,0.9921544194221497,64,0.0727,0.0,0,0,2,0,1,1.0,,,,,,,0.08994386345148087,0.8245944976806641,2.167880058288574,0.01625,,0.2292
660,20000,0.0,24,6,0.0,30.0,0.0,0.0013293097727000713,0.17426283657550812,0.17701035737991333,0.41437622904777527,-0.09832815080881119,0.0695677399635315,0.37142571806907654,0.0009470987715758383,0.004286324139684439,1.2970906496047974,64,0.0697,0.0,0,0,1,0,2,1.0,,,,,,,0.07580669224262238,0.6534850597381592,2.078583240509033,0.0163,,0.2292
661,20000,0.0,24,5,0.0,30.0,0.0,0.002365943044424057,0.23991045355796814,0.24019792675971985,0.4571136236190796,-0.08967000246047974,0.09782230854034424,0.3477739095687866,0.0009286873391829431,0.006730188149958849,1.1767431497573853,64,0.0511,0.0,0,0,1,0,2,1.0,,,,,,,0.07620184868574142,0.6833093166351318,2.0705957412719727,0.0164,,0.2292
662,20000,0.0,24,5,0.0,0.0,0.0,0.002228635363280773,0.1982174515724182,0.19208887219429016,0.2926523983478546,-0.09187600016593933,0.027156822383403778,0.32566937804222107,0.0017028662841767073,0.009090692736208439,1.0605437755584717,64,,0.0,1,0,0,0,2,1.0,,,,,,,0.08663102984428406,0.8128896951675415,2.1910266876220703,0.01645,,0.2292
663,20000,0.0,24,5,0.3333,29.67,0.3333,0.0012636606115847826,0.21530671417713165,0.21771344542503357,0.42159414291381836,-0.09539200365543365,0.04806261509656906,0.4175638258457184,0.0009026258485391736,0.006594168487936258,0.971250057220459,64,0.0202,0.333,0,0,2,0,0,0.0,,,,,,,0.09821569919586182,0.7774901390075684,2.061962842941284,0.01645,,0.2292
664,20000,0.0,24,5,0.0,28.5,0.0,0.0027500498108565807,0.23095878958702087,0.22556905448436737,0.3831917643547058,-0.09391939640045166,0.05024372786283493,0.37362396717071533,0.0009366963058710098,0.005999427288770676,0.8383208513259888,64,0.0306,0.0,0,0,1,1,1,1.0,,,,,,,0.11203275620937347,0.8488354682922363,2.0723607540130615,0.01645,,0.2292
665,20000,0.0,24,5,0.0,30.0,0.0,0.0009665332036092877,0.21834078431129456,0.21267864108085632,0.4158927798271179,-0.09523610025644302,0.04455912113189697,0.4178429841995239,0.0006208443664945662,0.008335310965776443,1.022491693496704,64,0.0508,0.0,0,0,1,0,2,1.0,,,,,,,0.09314120560884476,0.6706271171569824,2.010601758956909,0.01645,,0.2292
666,20000,0.0,24,5,0.0,30.0,0.0,0.0010758694261312485,0.19004347920417786,0.18829895555973053,0.47014400362968445,-0.09293569624423981,0.06943769752979279,0.4205210506916046,0.0014200607547536492,0.007366488222032785,0.8717443346977234,64,0.023,1.0,1,1,0,0,1,1.0,0.0841,0.3956,0.083,0,41,3,0.10660888254642487,0.9064757227897644,2.0217275619506836,0.0164,0.0833,0.2292
667,20000,0.0,24,5,0.0,22.0,0.0,0.0017540936823934317,0.18049252033233643,0.1735236942768097,0.3474845588207245,-0.09622011333703995,0.03420256823301315,0.3718591332435608,0.0012769168242812157,0.006880814675241709,1.141776442527771,64,0.0645,0.0,1,0,0,1,1,1.0,,,,,,,0.08427228778600693,0.7588191032409668,2.1445908546447754,0.01645,,0.2292
668,20000,0.0,24,5,0.0,28.0,0.0,0.003760014660656452,0.19053947925567627,0.18202143907546997,0.45388472080230713,-0.0973137617111206,0.06154809519648552,0.423862487077713,0.001100938650779426,0.008479595184326172,0.8523783683776855,64,0.0634,0.0,0,0,2,1,0,0.0,,,,,,,0.11416734009981155,0.7287943363189697,2.0870792865753174,0.0164,,0.2292
669,20000,0.0,24,5,0.0,30.0,0.0,0.005483325105160475,0.21279773116111755,0.19978278875350952,0.3711228370666504,-0.08671388030052185,0.05936024710536003,0.3360089063644409,0.0007329911459237337,0.006214607506990433,1.822787880897522,64,0.0491,0.0,0,0,3,0,0,0.0,,,,,,,0.04757211357355118,0.703018069267273,2.096869468688965,0.01625,,0.2292
670,20000,0.0,24,5,0.0,0.0,0.0,0.0010679233819246292,0.23789073526859283,0.22846096754074097,0.42014870047569275,-0.09644198417663574,0.04741467162966728,0.41748493909835815,0.0007416937733069062,0.00855280738323927,0.8760542869567871,64,,0.0,0,0,0,0,3,0.667,,,,,,,0.11008676141500473,0.8156983852386475,2.064478635787964,0.01625,,0.2292
671,20000,0.0,24,5,0.0,29.0,0.0,0.0017033473122864962,0.16802465915679932,0.17004996538162231,0.41821375489234924,-0.09550991654396057,0.0693015605211258,0.3714343309402466,0.0015124034835025668,0.007372463587671518,0.8580090403556824,64,0.0294,1.0,1,1,0,0,1,0.0,,,,,,,0.11131574213504791,0.6722959280014038,2.1242523193359375,0.01615,,0.2292
672,20000,0.0,24,5,0.0,30.0,0.0,0.0017669547814875841,0.20788954198360443,0.21048961579799652,0.3974926471710205,-0.0903184711933136,0.04948864504694939,0.3857971429824829,0.0012526694918051362,0.006073332391679287,1.0837855339050293,64,0.0436,0.0,1,0,1,0,1,1.0,,,,,,,0.08333611488342285,0.7186622023582458,2.02640962600708,0.0162,,0.2292
673,20000,0.0,24,5,0.0,30.0,0.0,0.0008610913064330816,0.20979230105876923,0.21322095394134521,0.4063135087490082,-0.08112389594316483,0.05189219117164612,0.37893515825271606,0.0008557678083889186,0.00943572074174881,1.3353004455566406,64,0.0166,0.0,2,0,1,0,0,0.0,,,,,,,0.06075328588485718,0.6847569346427917,2.0460758209228516,0.01615,,0.2292
674,20000,0.0,24,5,0.0,30.0,0.0,0.0013356083072721958,0.16858315467834473,0.1944943368434906,0.36454322934150696,-0.09372486919164658,0.04197066277265549,0.371295690536499,0.0009615056915208697,0.006062137428671122,0.9457562565803528,64,0.0348,0.0,2,0,0,1,0,0.0,,,,,,,0.09910044074058533,0.7700461149215698,2.146711587905884,0.0161,,0.2292
675,20000,0.0,24,5,0.0,30.0,0.0,0.00224648998118937,0.18980112671852112,0.1910591572523117,0.3963940143585205,-0.0912991464138031,0.07636918127536774,0.33148038387298584,0.0009599601035006344,0.006948838476091623,1.1615560054779053,64,0.0322,0.0,1,0,2,0,0,0.0,,,,,,,0.07860072702169418,0.8213555216789246,2.181394338607788,0.0161,,0.2292
676,20000,0.0,24,5,0.0,30.0,0.0,0.0009678274509496987,0.19226232171058655,0.1953980028629303,0.39652273058891296,-0.09343328326940536,0.0643221065402031,0.3579358458518982,0.001086331089027226,0.0067519196309149265,1.4305320978164673,64,0.0174,0.0,1,0,2,0,0,0.0,,,,,,,0.06531365215778351,0.7661620378494263,2.038736343383789,0.01605,,0.2292
677,20000,0.0,24,5,0.0,29.0,0.0,0.0017432667082175612,0.2124834954738617,0.2162114381790161,0.7260811924934387,-0.09375448524951935,0.06308215111494064,0.6891649961471558,0.0007853985880501568,0.009012856520712376,1.2956613302230835,64,0.0612,0.0,1,0,1,1,0,0.0,,,,,,,0.0723603293299675,0.6877274513244629,2.1743922233581543,0.016,,0.2292
678,20000,0.0,24,5,0.0,30.0,0.0,0.0024237846955657005,0.25309571623802185,0.24783001840114594,0.3226325213909149,-0.09324821829795837,0.042420487850904465,0.32766276597976685,0.0008310361881740391,0.006753966212272644,1.8685559034347534,64,0.0257,0.0,0,0,2,0,1,1.0,,,,,,,0.04990389570593834,0.7493001818656921,2.1651077270507812,0.01595,,0.2292
679,20000,0.0,24,5,0.0,30.0,0.0,0.0012728327419608831,0.248793363571167,0.2540702819824219,0.6405813694000244,-0.09575779736042023,0.07937842607498169,0.5724484920501709,0.0010161397513002157,0.010267583653330803,0.864191472530365,64,0.0771,0.0,0,0,2,0,1,1.0,,,,,,,0.11080622673034668,0.8517550230026245,2.1213231086730957,0.016,,0.2292
680,20000,0.0,24,5,0.0,30.0,0.0,0.000981103628873825,0.19957235455513,0.20333804190158844,0.3754690885543823,-0.09358201920986176,0.024046849459409714,0.4184075593948364,0.0007152012549340725,0.005099708214402199,0.9029183387756348,64,0.0308,0.0,0,0,3,0,0,0.0,,,,,,,0.10364394634962082,0.7135270833969116,2.032435417175293,0.0159,,0.2292
681,20000,0.0,24,5,1.0,30.0,1.0,0.0014252385590225458,0.20748674869537354,0.2098570019006729,0.37780648469924927,-0.08716288208961487,0.043918173760175705,0.37434765696525574,0.0008143138256855309,0.005570714827626944,1.2890558242797852,64,0.0385,1.0,1,0,0,0,1,1.0,,,,,,,0.06761761009693146,0.7812668085098267,2.085963249206543,0.01595,,0.2292
682,20000,0.0,24,5,0.0,30.0,0.0,0.002058352343738079,0.1934547871351242,0.1840948760509491,0.43546244502067566,-0.0912928655743599,0.05240518972277641,0.4169612228870392,0.0008385165710933506,0.009967360645532608,1.2522112131118774,64,0.0103,0.0,2,0,1,0,0,0.0,,,,,,,0.07290531694889069,0.6855592727661133,2.0651071071624756,0.01595,,0.2292
683,20000,0.0,24,5,0.0,30.0,0.0,0.0011328113032504916,0.1555231362581253,0.15017464756965637,0.5170278549194336,-0.09606698155403137,0.05063331127166748,0.5090103149414062,0.0008038421510718763,0.005635752342641354,1.010162591934204,64,0.0528,0.0,0,0,1,0,2,1.0,,,,,,,0.0951005220413208,0.6211295127868652,1.9321274757385254,0.016,,0.2292
684,20000,0.0,24,5,0.0,30.0,0.0,0.0012941038003191352,0.22891414165496826,0.22358769178390503,0.6122533679008484,-0.09520477056503296,0.07964920997619629,0.544164776802063,0.0007271295180544257,0.007989834062755108,0.8296993374824524,64,0.0504,0.0,0,0,1,0,2,1.0,,,,,,,0.1147461086511612,0.631456196308136,1.9816501140594482,0.016,,0.2292
685,20000,0.0,24,5,0.0,0.0,0.0,0.0017945267027243972,0.19228091835975647,0.19173146784305573,0.3910857141017914,-0.09676038473844528,0.053103089332580566,0.37729698419570923,0.0008916382794268429,0.00868586078286171,0.9003408551216125,64,,0.0,0,0,0,0,3,1.0,,,,,,,0.10747084021568298,0.7248475551605225,2.0890896320343018,0.0161,,0.2292
686,20000,0.0,24,5,0.0,30.0,0.0,0.0009098476148210466,0.20301470160484314,0.19970567524433136,0.5201030373573303,-0.0890355333685875,0.14002247154712677,0.32591328024864197,0.0007639147806912661,0.0063606202602386475,1.257477045059204,64,0.0606,0.0,1,0,2,0,0,0.0,,,,,,,0.0708048939704895,0.7768445014953613,2.1989779472351074,0.0161,,0.2292
687,20000,0.0,24,5,0.0,30.0,0.0,0.0014475167263299227,0.22883889079093933,0.22179505228996277,0.34682798385620117,-0.09379688650369644,0.031793445348739624,0.37350767850875854,0.0007686179596930742,0.007060589734464884,1.3938350677490234,64,0.0726,0.0,0,0,1,0,2,1.0,,,,,,,0.06729411333799362,0.6932494044303894,2.067667007446289,0.01605,,0.2292
688,20000,0.0,24,5,0.0,0.0,0.0,0.0011273726122453809,0.24293984472751617,0.25568869709968567,0.3767605721950531,-0.0970086008310318,0.05992817133665085,0.34748512506484985,0.0008858360815793276,0.012855388224124908,1.1838456392288208,64,,0.0,0,0,0,0,3,0.667,,,,,,,0.08194361627101898,0.8645712733268738,2.116560220718384,0.01605,,0.2292
689,20000,0.0,24,5,0.5,29.5,0.5,0.0010944739915430546,0.18059605360031128,0.17577722668647766,0.3862260580062866,-0.09784292429685593,0.05089308321475983,0.37800443172454834,0.001137091894634068,0.008556757122278214,0.879128098487854,64,0.0235,0.5,1,0,1,0,0,0.0,,,,,,,0.1112954169511795,0.7754167318344116,2.047304391860962,0.0161,,0.2292
690,20000,0.0,24,5,0.5,30.0,0.5,0.0010890236590057611,0.1820487082004547,0.1784478724002838,0.42629218101501465,-0.09553731977939606,0.07281199842691422,0.3716162145137787,0.001011054147966206,0.00917858351022005,1.373794436454773,64,0.0327,0.5,0,0,1,0,1,1.0,,,,,,,0.06954266130924225,0.7608851194381714,2.132387638092041,0.01615,,0.2292
691,20000,0.0,24,5,0.0,30.0,0.0,0.0014575403183698654,0.1751154065132141,0.1740506887435913,0.4011678397655487,-0.09993389993906021,0.03723786026239395,0.4226756691932678,0.0013408238301053643,0.007900734432041645,0.9241377115249634,64,0.0495,0.0,1,0,1,0,1,1.0,,,,,,,0.10813745856285095,0.6767057776451111,2.004098415374756,0.01615,,0.2292
692,20000,0.0,24,5,0.0,30.0,0.0,0.0034898449666798115,0.19833001494407654,0.19855430722236633,0.40169715881347656,-0.09313593804836273,0.05993308126926422,0.37180569767951965,0.0012965603964403272,0.006322500761598349,1.1572457551956177,64,0.0282,0.0,0,0,1,0,2,0.5,,,,,,,0.08048068732023239,0.7798686027526855,2.088594436645508,0.01615,,0.2292
693,20000,0.0,24,5,0.5,29.5,0.5,0.003371717408299446,0.20362721383571625,0.2180718183517456,0.36407461762428284,-0.09022235870361328,0.03968062996864319,0.37160754203796387,0.0014064968563616276,0.006656366866081953,1.4253429174423218,64,0.025,0.5,0,0,1,0,1,1.0,,,,,,,0.06329870223999023,0.7574636340141296,2.145850658416748,0.01615,,0.2292
694,20000,0.0,24,5,0.0,30.0,0.0,0.0017429874278604984,0.22589287161827087,0.22897279262542725,0.4312712848186493,-0.08960423618555069,0.07215455174446106,0.37352973222732544,0.0012284995755180717,0.006073364056646824,1.101252794265747,64,0.1148,0.0,0,0,1,0,2,1.0,,,,,,,0.08136573433876038,0.6918809413909912,2.087914228439331,0.0162,,0.2292
695,20000,0.0,24,5,0.0,30.0,0.0,0.001014778041280806,0.17743265628814697,0.17506742477416992,0.35123056173324585,-0.09446767717599869,0.052047744393348694,0.3360092043876648,0.000808518030680716,0.011187062598764896,1.1593364477157593,64,0.0415,0.0,1,0,2,0,0,0.0,,,,,,,0.08148425817489624,0.7065081596374512,2.1369361877441406,0.01615,,0.2292
696,20000,0.0,24,5,0.0,29.0,0.0,0.0012289943406358361,0.19852936267852783,0.20670044422149658,0.3358364701271057,-0.08325333893299103,0.0348249115049839,0.34348127245903015,0.0008304468938149512,0.011917402036488056,1.272868037223816,64,0.0618,0.0,1,0,0,1,1,1.0,,,,,,,0.06540609896183014,0.7744256854057312,2.1164157390594482,0.0161,,0.2292
697,20000,0.0,24,5,0.0,29.0,0.0,0.0014146474422886968,0.16382227838039398,0.16843509674072266,0.4132346212863922,-0.09839556366205215,0.051318179816007614,0.40684494376182556,0.0007287790067493916,0.004297776613384485,1.1548105478286743,64,0.0662,0.0,0,0,2,1,0,0.0,,,,,,,0.08520494401454926,0.6259652376174927,2.019968271255493,0.016,,0.2292
698,20000,0.0,24,5,0.5,27.0,0.5,0.001789658796042204,0.23740944266319275,0.23743462562561035,0.5129362344741821,-0.09658783674240112,0.07687194645404816,0.45059433579444885,0.0009201597422361374,0.01037165429443121,1.0049896240234375,64,0.0538,0.5,0,0,0,1,1,1.0,,,,,,,0.09610830247402191,0.6778890490531921,1.9634742736816406,0.01605,,0.2292
699,20000,0.0,24,5,0.0,30.0,0.0,0.0014686647336930037,0.2558775544166565,0.25668275356292725,0.3683265149593353,-0.0883914977312088,0.06296253204345703,0.32633620500564575,0.0009637183393351734,0.008913482539355755,0.9979532361030579,64,0.0189,0.0,2,0,1,0,0,0.0,,,,,,,0.08857278525829315,0.829169750213623,2.1440491676330566,0.01605,,0.2292
700,20000,0.0,24,4,0.0,28.5,0.0,0.001456694444641471,0.17279112339019775,0.18006502091884613,0.5185648202896118,-0.09070282429456711,0.09397202730178833,0.41928327083587646,0.0007442432688549161,0.004080646671354771,0.7327826619148254,64,0.0747,0.0,0,0,1,1,1,1.0,,,,,,,0.12377861142158508,0.875100314617157,2.0314910411834717,0.01605,,0.2292
701,20000,0.0,24,4,0.0,0.0,0.0,0.001134806894697249,0.20242059230804443,0.20501388609409332,0.41847872734069824,-0.09119561314582825,0.06711310148239136,0.3714612126350403,0.000980347627773881,0.00797384511679411,0.9789484143257141,64,,0.0,1,0,0,0,2,1.0,,,,,,,0.09315671026706696,0.8747429251670837,2.124934196472168,0.01615,,0.2292
702,20000,0.0,24,4,0.0,29.5,0.0,0.0015830907505005598,0.2042299509048462,0.20866070687770844,0.5972909927368164,-0.09193461388349533,0.0836738795042038,0.5189090967178345,0.0009701905073598027,0.0059374189004302025,0.8764107823371887,64,0.0627,0.0,0,0,1,1,1,1.0,,,,,,,0.10489898920059204,0.7484015226364136,1.906029462814331,0.01615,,0.2292
703,20000,0.0,24,4,0.0,30.0,0.0,0.0011519177351146936,0.17664006352424622,0.17564797401428223,0.30990344285964966,-0.09106571972370148,0.03507313132286072,0.32680556178092957,0.0008882891852408648,0.008034715428948402,1.362156867980957,64,0.007,1.0,1,1,0,0,1,1.0,0.0858,0.4521,0.083,1,37,7,0.0668540671467781,0.75472092628479,2.1854405403137207,0.0162,0.0625,0.2292
704,20000,0.0,24,4,0.0,0.0,0.0,0.001458466169424355,0.19891849160194397,0.2033151239156723,0.43079906702041626,-0.09564642608165741,0.0517866313457489,0.41806909441947937,0.0008236030116677284,0.009606240317225456,1.020067572593689,64,,0.0,1,0,0,0,2,1.0,,,,,,,0.09376479685306549,0.8844050765037537,2.00357723236084,0.01625,,0.2292
705,20000,0.0,24,4,1.0,29.0,1.0,0.0016389554366469383,0.20913085341453552,0.20896822214126587,0.41927385330200195,-0.09832463413476944,0.06990011036396027,0.37397515773773193,0.0009067588252946734,0.007646206300705671,0.8015009164810181,64,0.02,1.0,0,0,0,0,2,1.0,,,,,,,0.12267563492059708,0.7798550128936768,2.074477195739746,0.0163,,0.2292
706,20000,0.0,24,4,0.0,30.0,0.0,0.001099325600080192,0.1942870169878006,0.19216443598270416,0.43483784794807434,-0.09681662172079086,0.07817751169204712,0.37144041061401367,0.0007448087562806904,0.0077180624939501286,1.2183603048324585,64,0.0244,0.0,0,0,1,0,2,1.0,,,,,,,0.07946468889713287,0.749222457408905,2.172935962677002,0.0163,,0.2292
707,20000,0.0,24,4,0.0,29.0,0.0,0.0012566962977871299,0.23399880528450012,0.23603111505508423,0.42977064847946167,-0.09445066750049591,0.05082585662603378,0.4188426733016968,0.0009385593584738672,0.007453878875821829,1.0228328704833984,64,0.0602,0.0,0,0,1,1,1,1.0,,,,,,,0.09234222769737244,0.7616338133811951,2.0747008323669434,0.0163,,0.2292
708,20000,0.0,24,4,0.0,30.0,0.0,0.0019626528955996037,0.1978299766778946,0.19421906769275665,0.5717321038246155,-0.09523984789848328,0.0697973221540451,0.522263765335083,0.0013248075265437365,0.010227139107882977,0.912811279296875,64,0.094,0.0,0,0,3,0,0,0.0,,,,,,,0.10433684289455414,0.6769006252288818,2.003415584564209,0.01625,,0.2292
709,20000,0.0,24,4,0.0,30.0,0.0,0.001168283517472446,0.18731528520584106,0.17703966796398163,0.4783143103122711,-0.09468983858823776,0.10791786760091782,0.35392701625823975,0.0007446687086485326,0.0064827692694962025,1.4365506172180176,64,0.0788,0.0,0,0,1,0,2,0.5,,,,,,,0.06591472774744034,0.7267760634422302,2.0854787826538086,0.0162,,0.2292
710,20000,0.0,24,4,0.0,27.5,0.0,0.0010342749301344156,0.2208094298839569,0.2201874852180481,0.4544290006160736,-0.08988111466169357,0.06166927143931389,0.4174596965312958,0.0009390899213030934,0.007023780606687069,0.9154384732246399,64,0.0481,0.0,0,0,0,2,1,1.0,,,,,,,0.09818367660045624,0.8466329574584961,2.0585579872131348,0.0162,,0.2292
711,20000,0.0,24,4,0.0,30.0,0.0,0.0011621036101132631,0.16928616166114807,0.16896483302116394,0.40591615438461304,-0.09011074155569077,0.07244238257408142,0.34714311361312866,0.001248271786607802,0.007998049259185791,1.3319393396377563,64,0.0328,0.0,0,0,2,0,1,0.0,,,,,,,0.06765379011631012,0.6645681858062744,2.1263906955718994,0.0161,,0.2292
712,20000,0.0,24,4,0.0,30.0,0.0,0.0020767776295542717,0.2311561405658722,0.2282591462135315,0.44659537076950073,-0.09376417845487595,0.08301613479852676,0.37117016315460205,0.000944670697208494,0.00631420174613595,1.043135643005371,64,0.0405,0.0,1,0,1,0,1,0.0,,,,,,,0.0898868590593338,0.7489982843399048,2.1357436180114746,0.01605,,0.2292
713,20000,0.0,24,4,0.0,30.0,0.0,0.0012761816615238786,0.18386462330818176,0.1782917082309723,0.5760931372642517,-0.09653632342815399,0.0871846005320549,0.494081974029541,0.0012407690519466996,0.008356587961316109,1.0574795007705688,64,0.0265,0.0,0,0,2,0,1,1.0,,,,,,,0.09128907322883606,0.8349363803863525,2.001884937286377,0.01605,,0.2292
714,20000,0.0,24,4,0.0,30.0,0.0,0.0021973573602735996,0.19523277878761292,0.1989317238330841,0.5509180426597595,-0.09404650330543518,0.06008361279964447,0.5209534764289856,0.001020098919980228,0.007687709294259548,0.8676306009292603,64,0.0943,0.0,0,0,1,0,2,0.5,,,,,,,0.10839464515447617,0.8984960317611694,1.9655961990356445,0.016,,0.2292
715,20000,0.0,24,4,0.0,30.0,0.0,0.0028240543324500322,0.24561232328414917,0.2539530396461487,0.48457053303718567,-0.09488589316606522,0.11608978360891342,0.3431933522224426,0.0013996487250551581,0.008167051710188389,1.1185921430587769,64,0.054,0.0,0,0,2,0,1,1.0,,,,,,,0.08482617884874344,0.7099814414978027,2.0760116577148438,0.01605,,0.2292
716,20000,0.0,24,4,0.0,30.0,0.0,0.0019212273182347417,0.23492023348808289,0.23951785266399384,0.3948284387588501,-0.09246926009654999,0.07897970080375671,0.32658857107162476,0.0008384368265978992,0.005499490536749363,1.280455470085144,64,0.0758,0.0,0,0,2,0,1,1.0,,,,,,,0.07221591472625732,0.8897944688796997,2.167613983154297,0.01595,,0.2292
717,20000,0.0,24,4,0.0,30.0,0.0,0.0014674500562250614,0.18254657089710236,0.16364610195159912,0.7281830310821533,-0.09218630194664001,0.1539500504732132,0.5096324682235718,0.0007637811359018087,0.005673503503203392,0.6501411199569702,64,0.0771,0.0,1,0,1,0,1,1.0,,,,,,,0.14179429411888123,0.8994460105895996,1.9489247798919678,0.01595,,0.2292
718,20000,0.0,24,4,0.0,30.0,0.0,0.0015842150896787643,0.19745129346847534,0.19076791405677795,0.5092316269874573,-0.09749478101730347,0.09329768270254135,0.41685721278190613,0.000910267059225589,0.006547698751091957,1.0760520696640015,64,0.0515,0.0,0,0,2,1,0,0.0,,,,,,,0.09060414135456085,0.6900579333305359,2.0652055740356445,0.01585,,0.2292
719,20000,0.0,24,4,0.0,30.0,0.0,0.0016335509717464447,0.2199246883392334,0.21844102442264557,0.34064966440200806,-0.09068523347377777,0.02663254737854004,0.3742864429950714,0.0012991192052140832,0.007566690444946289,1.4697154760360718,64,0.0343,0.0,0,0,1,1,1,1.0,,,,,,,0.061702579259872437,0.711679220199585,2.102356195449829,0.0158,,0.2292
720,20000,0.0,24,4,0.6667,28.67,0.6667,0.0008500466356053948,0.17394235730171204,0.1742345094680786,0.3674815595149994,-0.08872468769550323,0.0632731169462204,0.3255865275859833,0.0008253259584307671,0.008146935142576694,1.4292231798171997,64,0.017,0.667,0,0,1,0,0,0.0,,,,,,,0.06207896023988724,0.7419395446777344,2.192220687866211,0.0158,,0.2292
721,20000,0.0,24,4,0.0,28.0,0.0,0.0011375289177522063,0.23790255188941956,0.23929350078105927,0.44605621695518494,-0.09463757276535034,0.08213874697685242,0.3714296519756317,0.0007157836807891726,0.009973266161978245,1.0691629648208618,64,0.0378,0.0,0,0,0,1,2,0.5,,,,,,,0.08851557224988937,0.7401024103164673,2.1043930053710938,0.01575,,0.2292
722,20000,0.0,24,4,0.0,30.0,0.0,0.0010061031207442284,0.1971328854560852,0.2004825919866562,0.46579548716545105,-0.09488360583782196,0.04615330696105957,0.4635504186153412,0.0009034416871145368,0.009644110687077045,0.8060998320579529,64,0.0752,0.0,0,0,1,1,1,1.0,,,,,,,0.1177070140838623,0.8165541887283325,1.973820686340332,0.01575,,0.2292
723,20000,0.0,24,4,0.0,0.0,0.0,0.002725339727476239,0.19073617458343506,0.18644222617149353,0.4075573980808258,-0.09196130186319351,0.059255167841911316,0.37705859541893005,0.0009064647601917386,0.007899541407823563,0.8027142882347107,64,,0.0,0,0,0,0,3,0.333,,,,,,,0.11456293612718582,0.8201472163200378,2.062697410583496,0.0157,,0.2292
724,20000,0.0,24,4,0.0,30.0,0.0,0.0013034171424806118,0.22086101770401,0.21751242876052856,0.3822465240955353,-0.09399676322937012,0.0726177990436554,0.32700562477111816,0.001186126610264182,0.008004105649888515,1.1724226474761963,64,0.0299,0.0,0,0,2,0,1,0.0,,,,,,,0.08017310500144958,0.8041185736656189,2.1758294105529785,0.0156,,0.2292
725,20000,0.0,24,4,0.5,29.0,0.5,0.0008971230126917362,0.1903132200241089,0.18820688128471375,0.5873329043388367,-0.09367448836565018,0.08302158117294312,0.5118223428726196,0.0009741174872033298,0.006283753085881472,1.1607170104980469,64,0.0177,1.0,1,1,0,0,0,0.0,,,,,,,0.0807039886713028,0.698180079460144,2.0179271697998047,0.0156,,0.2292
726,20000,0.0,24,4,0.0,30.0,0.0,0.0009050751104950905,0.23219215869903564,0.22343026101589203,0.46922537684440613,-0.09376110136508942,0.047405801713466644,0.46539124846458435,0.0009954385459423065,0.005567228887230158,1.0937366485595703,64,0.0547,0.0,0,0,1,0,2,1.0,,,,,,,0.08572548627853394,0.6940664649009705,1.991866111755371,0.0156,,0.2292
727,20000,0.0,24,4,0.0,0.0,0.0,0.001520643476396799,0.1853143870830536,0.19181688129901886,0.43543341755867004,-0.09176062792539597,0.06875623017549515,0.38710129261016846,0.0009100916213355958,0.0051605892367661,1.2112983465194702,64,,0.0,2,0,0,0,1,1.0,,,,,,,0.07575394213199615,0.7167684435844421,2.0908074378967285,0.01565,,0.2292
728,20000,0.0,24,4,0.0,30.0,0.0,0.0007770011434331536,0.19045770168304443,0.18551191687583923,0.46321025490760803,-0.09608186781406403,0.09259158372879028,0.3714768886566162,0.0006236786721274257,0.0052640908397734165,0.9944755434989929,64,0.0851,0.0,0,0,2,0,1,1.0,,,,,,,0.09661562740802765,0.9979991912841797,2.1236958503723145,0.0157,,0.2292
729,20000,0.0,24,4,0.0,30.0,0.0,0.0028012741822749376,0.22173625230789185,0.22542884945869446,0.4959682524204254,-0.09281767904758453,0.08370231837034225,0.41778990626335144,0.0006599580519832671,0.007182801607996225,1.149985432624817,64,0.0238,0.0,0,0,0,1,2,1.0,,,,,,,0.08071205019950867,0.8925948143005371,2.0127322673797607,0.01575,,0.2292
730,20000,0.0,24,4,1.0,30.0,1.0,0.001723394962027669,0.1779012680053711,0.1749892234802246,0.3529048562049866,-0.0980461835861206,0.06059001013636589,0.325866162776947,0.0008767994586378336,0.007809670642018318,0.8418750762939453,64,0.0102,1.0,0,0,0,0,2,1.0,,,,,,,0.11646167188882828,0.734373927116394,2.1784963607788086,0.01585,,0.2292
731,20000,0.0,24,4,1.0,30.0,1.0,0.0017364495433866978,0.21225857734680176,0.21291980147361755,0.6687014698982239,-0.09629333764314651,0.07083925604820251,0.6190927028656006,0.001078090281225741,0.008447174914181232,0.8640614748001099,64,0.0428,1.0,0,0,0,0,2,1.0,,,,,,,0.1114426851272583,0.8982267379760742,2.117654800415039,0.0159,,0.2292
732,20000,0.0,24,4,0.0,30.0,0.0,0.0020688469521701336,0.1974582076072693,0.20057088136672974,0.44265422224998474,-0.09364838898181915,0.10295458137989044,0.32592302560806274,0.0006721372483298182,0.008940867148339748,1.0316051244735718,64,0.0494,0.0,0,0,3,0,0,0.0,,,,,,,0.09077930450439453,0.7862550616264343,2.1910524368286133,0.01585,,0.2292
733,20000,0.0,24,4,0.0,30.0,0.0,0.001312831649556756,0.2724713385105133,0.2742505967617035,0.43993455171585083,-0.09693311154842377,0.05299391597509384,0.42836859822273254,0.0009385740850120783,0.005022491794079542,0.9442275166511536,64,0.0403,0.0,1,0,1,0,1,0.0,,,,,,,0.10265862941741943,0.6680333018302917,2.013357639312744,0.0158,,0.2292
734,20000,0.0,24,4,0.0,30.0,0.0,0.0023193461820483208,0.21087563037872314,0.21858635544776917,0.6878504157066345,-0.09510607272386551,0.04726000875234604,0.685742199420929,0.000924917752854526,0.005388479679822922,1.0993117094039917,64,0.0545,0.0,1,0,2,0,0,0.0,,,,,,,0.08651420474052429,0.808408260345459,2.1083614826202393,0.01575,,0.2292
735,20000,0.0,24,4,0.5,30.0,0.5,0.0014677423750981688,0.2136673480272293,0.20906688272953033,0.38274702429771423,-0.08604278415441513,0.04534025117754936,0.3747844099998474,0.0007153754704631865,0.006649801041930914,1.4625909328460693,64,0.0406,0.5,1,0,1,0,0,0.0,,,,,,,0.058829016983509064,0.6721162796020508,2.1000473499298096,0.0157,,0.2292
736,20000,0.0,24,4,0.0,30.0,0.0,0.001649088691920042,0.22470641136169434,0.23959514498710632,0.3964742422103882,-0.0918179452419281,0.05483037233352661,0.37523433566093445,0.001144148176535964,0.0067942156456410885,1.089980125427246,64,0.0258,0.0,0,0,2,0,1,1.0,,,,,,,0.08423818647861481,0.7295382022857666,2.094104290008545,0.01565,,0.2292
737,20000,0.0,24,4,0.0,30.0,0.0,0.0009984042262658477,0.1636265516281128,0.16066908836364746,0.4653981924057007,-0.09326712787151337,0.04429075866937637,0.4668698310852051,0.0007447207462973893,0.006427938584238291,0.7841911315917969,64,0.0346,0.0,0,0,3,0,0,0.0,,,,,,,0.11893416941165924,0.7323797941207886,1.9710760116577148,0.0155,,0.2292
738,20000,0.0,24,4,0.0,30.0,0.0,0.0016687720781192183,0.23054057359695435,0.23498834669589996,0.36020728945732117,-0.09097296744585037,0.03724601864814758,0.3738381862640381,0.0012632457073777914,0.005700064357370138,0.9133439064025879,64,0.0725,0.0,1,0,1,0,1,1.0,,,,,,,0.0996042862534523,0.6774017214775085,2.0879080295562744,0.0155,,0.2292
739,20000,0.0,24,4,0.0,30.0,0.0,0.0010106473928317428,0.18600229918956757,0.1909240484237671,0.42909640073776245,-0.08388136327266693,0.04604083299636841,0.4176108241081238,0.0009399785194545984,0.006570586934685707,1.055383563041687,64,0.0243,0.0,1,0,1,0,1,1.0,,,,,,,0.07947950065135956,0.6836945414543152,2.034149169921875,0.01545,,0.2292
740,20000,0.0,24,4,0.0,30.0,0.0,0.0012577101588249207,0.19847983121871948,0.19893977046012878,0.37349313497543335,-0.0945243388414383,0.05125167965888977,0.36217835545539856,0.0009108084486797452,0.006671530194580555,0.9486768841743469,64,0.0201,0.0,0,0,2,0,1,0.0,0.075,0.4422,0.229,2,34,3,0.09963807463645935,0.7829126119613647,2.02998423576355,0.01545,0.1875,0.2292
741,20000,0.0,24,3,0.0,30.0,0.0,0.0018368109595030546,0.21027058362960815,0.21391341090202332,0.38383227586746216,-0.09134174883365631,0.05020567774772644,0.37173521518707275,0.0008183064055629075,0.006054908037185669,1.0787791013717651,64,0.0235,0.0,0,0,1,0,2,0.5,,,,,,,0.08467140793800354,0.6423110365867615,2.1024956703186035,0.01545,,0.2292
742,20000,0.0,24,3,0.0,30.0,0.0,0.003867075778543949,0.26464056968688965,0.2577269673347473,0.518812358379364,-0.09681466221809387,0.07397998869419098,0.46330249309539795,0.0012630023993551731,0.00872910674661398,1.0461028814315796,64,0.0517,0.0,0,0,2,0,1,1.0,,,,,,,0.0925479382276535,0.7800561189651489,2.102776050567627,0.0154,,0.2292
743,20000,0.0,24,3,0.5,28.5,0.5,0.0012024606112390757,0.13584263622760773,0.1451341211795807,0.41954827308654785,-0.09616264700889587,0.046517204493284225,0.419528067111969,0.0008423899416811764,0.006296870764344931,0.9180795550346375,64,0.0417,0.5,1,0,1,0,0,0.0,,,,,,,0.10474327206611633,0.732032060623169,2.0198135375976562,0.0154,,0.2292
744,20000,0.0,24,3,0.0,0.0,0.0,0.002659501973539591,0.213904470205307,0.20956388115882874,0.510331392288208,-0.09388211369514465,0.09152813255786896,0.4174334406852722,0.0008651627576909959,0.007447634357959032,1.0931278467178345,64,,0.0,1,0,0,0,2,0.5,,,,,,,0.08588392287492752,0.8382652997970581,2.074674606323242,0.0154,,0.2292
745,20000,0.0,24,3,0.0,30.0,0.0,0.0021171194966882467,0.2218395173549652,0.22090265154838562,0.49876517057418823,-0.09612907469272614,0.06420702487230301,0.46347886323928833,0.0005756733007729053,0.0060026515275239944,0.760779857635498,64,0.0429,0.0,0,0,1,0,2,1.0,,,,,,,0.12635597586631775,0.7974656820297241,2.078542709350586,0.0154,,0.2292
746,20000,0.0,24,3,0.0,30.0,0.0,0.0022314279340207577,0.17545941472053528,0.17284563183784485,0.335323691368103,-0.0904521644115448,0.04813393950462341,0.3259229362010956,0.0010664161527529359,0.007170101162046194,1.1407036781311035,64,0.0324,0.0,0,0,1,0,2,0.5,,,,,,,0.07929506152868271,0.7469953298568726,2.2416555881500244,0.0154,,0.2292
747,20000,0.0,24,3,0.5,29.5,0.5,0.0014590701321139932,0.17508934438228607,0.1715080589056015,0.6626656651496887,-0.0992073267698288,0.08686813712120056,0.5858750939369202,0.0008215394336730242,0.0045233238488435745,0.9000352025032043,64,0.0462,0.5,0,0,1,0,1,1.0,,,,,,,0.11022605001926422,0.751462459564209,1.8609895706176758,0.01545,,0.2292
748,20000,0.0,24,3,0.0,0.0,0.0,0.00197584368288517,0.2160114347934723,0.2206435203552246,0.49162355065345764,-0.09586160629987717,0.0820164605975151,0.4183387756347656,0.0010545642580837011,0.01022691186517477,1.2100576162338257,64,,0.0,1,0,0,0,2,1.0,,,,,,,0.07922069728374481,0.7996923923492432,2.1161906719207764,0.01555,,0.2292
749,20000,0.0,24,3,0.0,0.0,0.0,0.0026899392250925303,0.21308091282844543,0.21035903692245483,0.34596773982048035,-0.0923713967204094,0.05388297140598297,0.32615816593170166,0.0007814191631041467,0.008830053731799126,1.3258230686187744,64,,0.0,0,0,0,0,3,1.0,,,,,,,0.06967098265886307,0.7140253782272339,2.1808347702026367,0.01565,,0.2292
750,20000,0.0,24,3,0.0,30.0,0.0,0.0018185910303145647,0.17620722949504852,0.18530069291591644,0.3002733588218689,-0.08575162291526794,0.022612761706113815,0.33589908480644226,0.001145408139564097,0.009800702333450317,1.0806162357330322,64,0.0452,0.0,0,0,1,0,2,1.0,,,,,,,0.07935437560081482,0.7044355869293213,2.162893772125244,0.0157,,0.2292
751,20000,0.0,24,3,0.5,30.0,0.5,0.0010667176684364676,0.19038422405719757,0.19375194609165192,0.41920363903045654,-0.09679807722568512,0.0694722980260849,0.37390682101249695,0.0008126029861159623,0.006300586741417646,1.2470431327819824,64,0.0153,0.5,0,0,1,0,1,0.0,,,,,,,0.07762207835912704,0.7623636722564697,2.1386847496032715,0.0157,,0.2292
752,20000,0.0,24,3,0.0,30.0,0.0,0.001298133167438209,0.18636488914489746,0.18569596111774445,0.5127635598182678,-0.09616068005561829,0.0939779207110405,0.41726255416870117,0.0006659819628112018,0.007411704398691654,1.1627817153930664,64,0.0615,0.0,0,0,2,0,1,1.0,,,,,,,0.08269882202148438,0.806206464767456,2.0920989513397217,0.01565,,0.2292
753,20000,0.0,24,3,0.0,0.0,0.0,0.0014151528012007475,0.22355616092681885,0.2211168110370636,0.4285524785518646,-0.08885428309440613,0.07102330029010773,0.3712359070777893,0.0007808284135535359,0.008248511701822281,1.2180293798446655,64,,0.0,0,0,0,0,3,1.0,,,,,,,0.07294920831918716,0.7574881315231323,2.1267340183258057,0.01575,,0.2292
754,20000,0.0,24,3,0.0,30.0,0.0,0.0007782848551869392,0.18456655740737915,0.1830103099346161,0.6201328039169312,-0.09540578722953796,0.05939079076051712,0.5934677124023438,0.0007602502009831369,0.006578510161489248,0.711742103099823,64,0.0399,0.0,0,0,2,0,1,1.0,,,,,,,0.13404545187950134,0.8726951479911804,1.7988002300262451,0.0158,,0.2292
755,20000,0.0,24,3,0.0,27.0,0.0,0.0012025400064885616,0.1872653365135193,0.19734278321266174,0.4481549859046936,-0.09389925003051758,0.08194491267204285,0.3755195736885071,0.000977247254922986,0.005289655644446611,1.1411694288253784,64,0.058,0.0,0,0,1,1,1,1.0,,,,,,,0.08228335529565811,0.6976979970932007,2.0781898498535156,0.0158,,0.2292
756,20000,0.0,24,3,0.0,30.0,0.0,0.0007058167248032987,0.2021561861038208,0.19793328642845154,0.33401918411254883,-0.08986331522464752,0.0460500530898571,0.3281744122505188,0.0006498242728412151,0.007215948775410652,1.1693912744522095,64,0.0308,0.0,1,0,1,0,1,1.0,,,,,,,0.07684622704982758,0.7273639440536499,2.178354263305664,0.0158,,0.2292
757,20000,0.0,24,3,0.0,0.0,0.0,0.0014905799180269241,0.13287565112113953,0.1443963646888733,0.31500983238220215,-0.0944012776017189,0.040098488330841064,0.3259446322917938,0.0008439770899713039,0.006539010908454657,1.532786250114441,64,,0.0,1,0,0,0,2,1.0,,,,,,,0.06158802658319473,0.644964873790741,2.1777396202087402,0.01585,,0.2292
758,20000,0.0,24,3,0.0,30.0,0.0,0.0014499594690278172,0.13565848767757416,0.14270806312561035,0.47022750973701477,-0.09242931008338928,0.049545496702194214,0.4593365490436554,0.0008535995148122311,0.008458566851913929,0.967385470867157,64,0.0783,0.0,0,0,1,0,2,0.5,,,,,,,0.09554548561573029,0.8033860921859741,2.2169501781463623,0.01585,,0.2292
759,20000,0.0,24,3,0.0,30.0,0.0,0.0019648834131658077,0.1888287514448166,0.1902235448360443,0.3936028778553009,-0.0971597358584404,0.03272927924990654,0.4213514029979706,0.0009703938267193735,0.007905295118689537,0.8748686909675598,64,0.1063,0.0,0,0,2,0,1,0.0,,,,,,,0.1110563650727272,0.7619357109069824,2.032104730606079,0.01575,,0.2292
760,20000,0.0,24,3,0.0,0.0,0.0,0.0013837708393111825,0.17663255333900452,0.16315127909183502,0.3546455204486847,-0.09816509485244751,0.049377840012311935,0.35145077109336853,0.0007537805940955877,0.005208340939134359,0.9284138083457947,64,,0.0,0,0,0,0,3,1.0,,,,,,,0.1057342067360878,0.7338792085647583,2.098846912384033,0.01585,,0.2292
761,20000,0.0,24,3,0.0,30.0,0.0,0.0013841054169461131,0.19377082586288452,0.1934061050415039,0.37847691774368286,-0.096525177359581,0.0271000973880291,0.4183858036994934,0.0009174268343485892,0.0048322007060050964,0.9078516960144043,64,0.0568,0.0,2,0,1,0,0,0.0,,,,,,,0.10632262378931046,0.6079034209251404,2.0416676998138428,0.0158,,0.2292
762,20000,0.0,24,3,0.5,30.0,0.5,0.001164705608971417,0.23100337386131287,0.23546716570854187,0.3685351312160492,-0.09433332085609436,0.056159406900405884,0.3477303683757782,0.0007096001063473523,0.005638523492962122,1.3222402334213257,64,0.0509,0.5,0,0,1,0,1,1.0,,,,,,,0.0713435634970665,0.8263075351715088,2.091611862182617,0.0158,,0.2292
763,20000,0.0,24,3,0.0,30.0,0.0,0.0011829119175672531,0.21870453655719757,0.21658824384212494,0.4573782682418823,-0.08826843649148941,0.07481662929058075,0.39326053857803345,0.0007903061923570931,0.005505809094756842,1.3909655809402466,64,0.0526,0.0,0,0,2,0,1,1.0,,,,,,,0.0634583830833435,0.730458676815033,1.9953572750091553,0.0158,,0.2292
764,20000,0.0,24,3,0.0,0.0,0.0,0.001506122061982751,0.23608428239822388,0.24109843373298645,0.4735557734966278,-0.09703390300273895,0.05179707333445549,0.4628866910934448,0.001061790157109499,0.00821771938353777,0.8170499801635742,64,,0.0,1,0,0,0,2,1.0,,,,,,,0.11876127868890762,0.8077866435050964,1.999079942703247,0.01585,,0.2292
765,20000,0.0,24,3,0.0,30.0,0.0,0.0016082925722002983,0.23326684534549713,0.24500897526741028,0.4115739166736603,-0.0899074599146843,0.06029455363750458,0.3755375146865845,0.0006604804075323045,0.010709508322179317,1.0029252767562866,64,0.1039,0.0,1,0,1,1,0,0.0,,,,,,,0.08964522182941437,0.8795063495635986,2.070446491241455,0.01575,,0.2292
766,20000,0.0,24,3,0.0,30.0,0.0,0.0012266752310097218,0.18350064754486084,0.17649653553962708,0.3835000991821289,-0.08137717843055725,0.0656387135386467,0.3303607404232025,0.0009122220799326897,0.006478192750364542,1.8516758680343628,64,0.0278,0.0,0,0,2,0,1,1.0,,,,,,,0.04394785314798355,0.7546224594116211,2.1293182373046875,0.0157,,0.2292
767,20000,0.0,24,3,0.0,30.0,0.0,0.0013501514913514256,0.21638984978199005,0.22009924054145813,0.4570791721343994,-0.09428209066390991,0.08146271109580994,0.3855089545249939,0.0007318608113564551,0.0058537800796329975,0.9723191261291504,64,0.049,0.0,0,0,0,1,2,0.5,,,,,,,0.0969662070274353,0.6721498966217041,2.121306896209717,0.0156,,0.2292
768,20000,0.0,24,3,0.0,30.0,0.0,0.0015039328718557954,0.23916737735271454,0.2410326451063156,0.4716130197048187,-0.09515372663736343,0.09618651121854782,0.3713919520378113,0.0009589731344021857,0.006003550253808498,1.045753836631775,64,0.0606,0.0,0,0,2,0,1,1.0,,,,,,,0.0909905731678009,0.8730242252349854,2.1456549167633057,0.01565,,0.2292
769,20000,0.0,24,3,0.0,30.0,0.0,0.001742025138810277,0.21929524838924408,0.22489583492279053,0.4313677251338959,-0.09503476321697235,0.03757872432470322,0.4472743272781372,0.0008933647768571973,0.007941399700939655,0.7755604386329651,64,0.0941,0.0,0,0,1,0,2,1.0,,,,,,,0.12253688275814056,0.7087532877922058,1.935335397720337,0.01565,,0.2292
770,20000,0.0,24,3,0.0,30.0,0.0,0.0011507532326504588,0.1893036812543869,0.18798980116844177,0.42686712741851807,-0.08958932757377625,0.04374276101589203,0.4258258044719696,0.0013730090577155352,0.006290249526500702,1.2073298692703247,64,0.0661,0.0,0,0,1,0,2,1.0,,,,,,,0.07420451194047928,0.772113025188446,2.0550382137298584,0.01565,,0.2292
771,20000,0.0,24,3,0.5,30.0,0.5,0.002253343816846609,0.1414204239845276,0.1450420469045639,0.5346027612686157,-0.09288935363292694,0.10322733968496323,0.417441725730896,0.0011215932900086045,0.007191469427198172,1.0714975595474243,64,0.0532,0.5,1,0,1,0,0,0.0,,,,,,,0.08669114112854004,0.8626441955566406,2.034733295440674,0.01565,,0.2292
772,20000,0.0,24,3,0.0,30.0,0.0,0.0022621562238782644,0.1627151072025299,0.16322848200798035,0.4150563180446625,-0.09174957871437073,0.0886673554778099,0.32607167959213257,0.0012727038701996207,0.006799058057367802,1.9620287418365479,64,0.0718,0.0,0,0,1,0,2,1.0,,,,,,,0.046762604266405106,0.7776747941970825,2.175837278366089,0.0157,,0.2292
773,20000,0.0,24,3,0.0,30.0,0.0,0.001328257261775434,0.20544445514678955,0.20440608263015747,0.5795734524726868,-0.09787316620349884,0.05817737430334091,0.5573183298110962,0.0009353854111395776,0.007547035813331604,0.8283683657646179,64,0.0412,0.0,0,0,1,0,2,0.5,,,,,,,0.11815173923969269,0.7847816348075867,1.9338871240615845,0.01575,,0.2292
774,20000,0.0,24,3,0.5,26.5,0.5,0.0013659759424626827,0.22275899350643158,0.2227596938610077,0.39463573694229126,-0.09780566394329071,0.05880331993103027,0.37183576822280884,0.001062856987118721,0.005998041480779648,0.8028411269187927,64,0.0653,0.5,0,0,1,0,1,0.0,,,,,,,0.12182442843914032,0.8399182558059692,2.0815439224243164,0.0157,,0.2292
775,20000,0.0,24,3,0.0,30.0,0.0,0.001217310200445354,0.2330707460641861,0.23601602017879486,0.3397738039493561,-0.09688116610050201,0.03052811697125435,0.3716083765029907,0.0008877271902747452,0.007980696856975555,0.906225860118866,64,0.0722,0.0,0,0,2,0,1,1.0,,,,,,,0.10690619796514511,0.8315330743789673,2.1297173500061035,0.0157,,0.2292
776,20000,0.0,24,3,0.0,0.0,0.0,0.0014481069520115852,0.23782163858413696,0.24002589285373688,0.36264994740486145,-0.09801546484231949,0.058367908000946045,0.33752700686454773,0.0012183033395558596,0.01280513871461153,0.6970133781433105,64,,0.0,1,0,0,0,2,1.0,,,,,,,0.140622079372406,0.7795040011405945,2.170419216156006,0.01575,,0.2292
777,20000,0.0,24,3,0.0,30.0,0.0,0.0014340830966830254,0.19587966799736023,0.20222580432891846,0.367512047290802,-0.09397801756858826,0.04207664355635643,0.3721280097961426,0.0012060616863891482,0.010417514480650425,1.184033751487732,64,0.0544,0.0,0,0,2,0,1,1.0,0.0772,0.458,0.062,1,44,1,0.07937106490135193,0.7452734708786011,2.187790632247925,0.01575,0.0417,0.2292
778,20000,0.0,24,3,0.0,30.0,0.0,0.0015948154032230377,0.2141779661178589,0.21864181756973267,0.49668243527412415,-0.09356848895549774,0.08036577701568604,0.42626285552978516,0.0009341666591353714,0.006513067055493593,0.93984454870224,64,0.0817,0.0,0,0,2,0,1,1.0,,,,,,,0.09955740720033646,0.7473976016044617,2.0920023918151855,0.01565,,0.2292
779,20000,0.0,24,3,0.0,0.0,0.0,0.0010192602640017867,0.1281965672969818,0.1385648250579834,0.33940204977989197,-0.0915502980351448,0.050289448350667953,0.32649320363998413,0.0008076958474703133,0.007760478649288416,1.4392281770706177,64,,0.0,1,0,0,0,2,1.0,,,,,,,0.06361069530248642,0.6611589193344116,2.132777690887451,0.01565,,0.2292
780,20000,0.0,24,2,0.0,30.0,0.0,0.0011928966268897057,0.17388814687728882,0.18524590134620667,0.4130551517009735,-0.08894486725330353,0.08584745973348618,0.32561051845550537,0.001003256649710238,0.009389159269630909,1.5365225076675415,64,0.2791,0.0,1,0,1,0,1,1.0,,,,,,,0.05788712576031685,0.6960617899894714,2.205273389816284,0.0156,,0.2292
781,20000,0.0,24,2,0.0,30.0,0.0,0.0011433495674282312,0.21614700555801392,0.21623989939689636,0.47955140471458435,-0.0883563905954361,0.1191784143447876,0.3262369930744171,0.0009739513043314219,0.006627980154007673,1.3204411268234253,64,0.0374,0.0,1,0,2,0,0,0.0,,,,,,,0.06691430509090424,0.7955562472343445,2.142843723297119,0.01555,,0.2292
782,20000,0.0,24,2,0.0,30.0,0.0,0.001505164080299437,0.2116985321044922,0.2114531546831131,0.36051836609840393,-0.09690390527248383,0.040866684168577194,0.37247759103775024,0.0011284188367426395,0.006422647275030613,0.8598945736885071,64,0.0494,0.0,0,0,1,0,2,1.0,,,,,,,0.11269278824329376,0.8806509375572205,2.0866827964782715,0.01555,,0.2292
783,20000,0.0,24,2,0.0,30.0,0.0,0.0010400338796898723,0.22133994102478027,0.21986255049705505,0.3423112630844116,-0.09295661747455597,0.028724586591124535,0.3715226650238037,0.0007695984677411616,0.0125920744612813,0.9835637211799622,64,0.0336,0.0,0,0,1,0,2,1.0,,,,,,,0.09451001137495041,0.8044907450675964,2.168369770050049,0.0156,,0.2292
784,20000,0.0,24,2,0.0,30.0,0.0,0.0009906681952998042,0.1869741678237915,0.18021056056022644,0.4845254719257355,-0.09611808508634567,0.06517443805932999,0.44690388441085815,0.001198367914184928,0.006781558971852064,1.0085951089859009,64,0.0891,0.0,1,0,1,0,1,1.0,,,,,,,0.09529897570610046,0.7607698440551758,1.9580621719360352,0.01555,,0.2292
785,20000,0.0,24,2,0.0,30.0,0.0,0.0018616057932376862,0.2076454758644104,0.19694127142429352,0.4018239378929138,-0.096825011074543,0.08505158126354218,0.3256567716598511,0.0008729077526368201,0.005778003018349409,1.2010329961776733,64,0.0449,0.0,0,0,2,0,1,1.0,,,,,,,0.08061810582876205,0.5844604969024658,2.1632299423217773,0.01555,,0.2292
786,20000,0.0,24,2,0.0,30.0,0.0,0.0009475040715187788,0.18286791443824768,0.1834244281053543,0.4473758041858673,-0.09456862509250641,0.031987618654966354,0.4753083884716034,0.0006578170577995479,0.00532163679599762,0.8291515707969666,64,0.0711,0.0,0,0,2,0,1,1.0,,,,,,,0.11405469477176666,0.7322016954421997,2.028857707977295,0.01555,,0.2292
787,20000,0.0,24,2,0.0,30.0,0.0,0.0006315366481430829,0.2227795124053955,0.21767565608024597,0.31886452436447144,-0.0948856994509697,0.042052265256643295,0.32636377215385437,0.0008107241010293365,0.0065638283267617226,1.0151464939117432,64,0.0635,0.0,0,0,2,0,1,1.0,,,,,,,0.09346996247768402,0.7720013856887817,2.1745376586914062,0.01555,,0.2292
788,20000,0.0,24,2,0.0,30.0,0.0,0.0021510447841137648,0.19561991095542908,0.1990603506565094,0.40087196230888367,-0.09713052958250046,0.06087654083967209,0.37371939420700073,0.000738009053748101,0.005059996619820595,1.2387884855270386,64,0.0385,0.0,0,0,2,0,1,1.0,,,,,,,0.07840767502784729,0.6703634262084961,2.083186626434326,0.0155,,0.2292
789,20000,0.0,24,2,0.0,30.0,0.0,0.0014515034854412079,0.18043047189712524,0.1718304455280304,0.34615010023117065,-0.09638276696205139,0.0526280552148819,0.33265337347984314,0.0006882696179673076,0.00924679171293974,0.8420242667198181,64,0.0247,0.0,0,0,1,0,2,1.0,,,,,,,0.11446554213762283,0.8551966547966003,2.146726369857788,0.01555,,0.2292
790,20000,0.0,24,2,0.0,30.0,0.0,0.002307415474206209,0.16779646277427673,0.17524978518486023,0.47126516699790955,-0.08938395977020264,0.06953880190849304,0.41766437888145447,0.0012716599740087986,0.007814276963472366,1.4730271100997925,64,0.0797,0.0,0,0,1,0,2,1.0,,,,,,,0.06068045645952225,0.7235237956047058,2.0398542881011963,0.01565,,0.2292
791,20000,0.0,24,2,0.0,30.0,0.0,0.0010396013967692852,0.19565032422542572,0.2003571093082428,0.39094704389572144,-0.09617447853088379,0.055725909769535065,0.3717714250087738,0.0009902088204398751,0.007796541787683964,0.780859649181366,64,0.0834,0.0,0,0,1,0,2,0.5,,,,,,,0.12316487729549408,0.7875718474388123,2.1649014949798584,0.01565,,0.2292
792,20000,0.0,24,2,1.0,30.0,1.0,0.0014425134286284447,0.1760784387588501,0.17683152854442596,0.40836745500564575,-0.0942402333021164,0.03918645903468132,0.4187413454055786,0.0008326300303451717,0.010986894369125366,1.2199444770812988,64,0.0227,1.0,1,0,0,0,1,0.0,,,,,,,0.07724960893392563,0.7014412879943848,2.0633327960968018,0.0157,,0.2292
793,20000,0.0,24,2,0.0,30.0,0.0,0.0008535482920706272,0.16993708908557892,0.16138112545013428,0.400068998336792,-0.09618567675352097,0.03710056468844414,0.41954129934310913,0.0006456523551605642,0.005024481099098921,1.1220320463180542,64,0.0496,0.0,1,0,1,0,1,1.0,,,,,,,0.08572454005479813,0.691326379776001,2.0299181938171387,0.01565,,0.2292
794,20000,0.0,24,2,0.5,29.0,0.5,0.001408830750733614,0.240827739238739,0.23847165703773499,0.31873536109924316,-0.09681493043899536,0.04359188675880432,0.3258446455001831,0.0012840910349041224,0.005043750163167715,1.4062912464141846,64,0.0285,0.5,1,0,1,0,0,0.0,,,,,,,0.06884415447711945,0.6348351240158081,2.173740863800049,0.01565,,0.2292
795,20000,0.0,24,2,0.0,30.0,0.0,0.0019297071266919374,0.21912990510463715,0.2154097855091095,0.3110484480857849,-0.09684283286333084,0.03987596184015274,0.3258983790874481,0.0010080061620101333,0.004481945652514696,0.8439360857009888,64,0.0667,0.0,0,0,2,0,1,1.0,,,,,,,0.11475138366222382,0.8439916372299194,2.173038959503174,0.0157,,0.2292
796,20000,0.0,24,2,0.5,30.0,0.5,0.001463230000808835,0.2076295018196106,0.20734919607639313,0.3958375155925751,-0.09648358076810837,0.08169620484113693,0.3255537748336792,0.0011154987150803208,0.006749792955815792,0.9332242012023926,64,0.0188,0.5,0,0,1,0,1,1.0,,,,,,,0.10338734835386276,0.9957608580589294,2.17779541015625,0.0157,,0.2292
797,20000,0.0,24,2,0.0,30.0,0.0,0.004573862534016371,0.2510845363140106,0.2705899477005005,0.48633578419685364,-0.08743220567703247,0.09944172948598862,0.3724730610847473,0.0009898146381601691,0.004822934046387672,1.655132532119751,64,0.0299,0.0,0,0,2,0,1,1.0,,,,,,,0.052824899554252625,0.7789332866668701,2.105452060699463,0.0157,,0.2292
798,20000,0.0,24,2,0.0,30.0,0.0,0.000993632827885449,0.20259270071983337,0.19607561826705933,0.6353118419647217,-0.0965934693813324,0.1776903122663498,0.3729192316532135,0.0006636365433223546,0.007210982497781515,0.6992713809013367,64,0.0646,0.0,0,0,1,1,1,1.0,,,,,,,0.1381344497203827,1.0214183330535889,2.058976173400879,0.0156,,0.2292
799,20000,0.0,24,2,0.0,0.0,0.0,0.0010225934674963355,0.2092002034187317,0.2061992883682251,0.4002320170402527,-0.09621011465787888,0.059860557317733765,0.37135112285614014,0.0006803989526815712,0.010739822871983051,0.7181346416473389,64,,0.0,2,0,0,0,1,1.0,,,,,,,0.13397225737571716,0.8114054203033447,2.1235451698303223,0.01565,,0.2292
800,20000,0.0,24,2,0.0,30.0,0.0,0.0016765034524723887,0.17612838745117188,0.1753057837486267,0.5866694450378418,-0.09695173799991608,0.07156962901353836,0.5356109142303467,0.0007929208222776651,0.00974203646183014,0.6506683230400085,64,0.0628,0.0,0,0,0,1,2,1.0,,,,,,,0.1490033119916916,0.7433032989501953,1.9674874544143677,0.0157,,0.2292
801,20000,0.0,24,2,0.0,29.0,0.0,0.0009046703344210982,0.21909400820732117,0.21656110882759094,0.5326400995254517,-0.08049151301383972,0.12020142376422882,0.3700973391532898,0.0007773831603117287,0.005262827035039663,0.9840161204338074,64,0.0898,0.0,1,0,0,1,1,0.0,,,,,,,0.0817989706993103,0.7793423533439636,2.0121874809265137,0.0156,,0.2292
802,20000,0.0,24,2,0.0,30.0,0.0,0.0013364889891818166,0.21179591119289398,0.2125643789768219,0.42334771156311035,-0.0954291969537735,0.048981666564941406,0.41773781180381775,0.0006406079628504813,0.00615158025175333,1.1289455890655518,64,0.023,0.0,0,0,2,0,1,1.0,,,,,,,0.08452948182821274,0.6975884437561035,2.087437152862549,0.01565,,0.2292
803,20000,0.0,24,2,0.0,30.0,0.0,0.0012623956426978111,0.16772273182868958,0.15710346400737762,0.40820184350013733,-0.08805271983146667,0.05839531868696213,0.3749661147594452,0.0009394197259098291,0.00899561494588852,1.068957805633545,64,0.0299,0.0,1,0,1,0,1,1.0,,,,,,,0.08237249404191971,0.8055176138877869,2.1279048919677734,0.0156,,0.2292
804,20000,0.0,24,2,0.0,29.5,0.0,0.0018464187160134315,0.1817733347415924,0.17787373065948486,0.4433841109275818,-0.07913536578416824,0.07155633717775345,0.37621474266052246,0.000678018550388515,0.006384155247360468,1.4703681468963623,64,0.037,0.0,0,0,1,1,1,1.0,,,,,,,0.05382010340690613,0.6752533316612244,2.1246891021728516,0.0155,,0.2292
805,20000,0.0,24,2,0.0,30.0,0.0,0.003224678337574005,0.18894006311893463,0.18385374546051025,0.6897976398468018,-0.09588975459337234,0.07969343662261963,0.6219496726989746,0.0008238278678618371,0.008701681159436703,1.0140061378479004,64,0.062,0.0,1,0,2,0,0,0.0,,,,,,,0.0945652574300766,0.7666258811950684,1.9553754329681396,0.01545,,0.2292
806,20000,0.0,24,2,0.0,30.0,0.0,0.0013573430478572845,0.23773135244846344,0.2360798716545105,0.4168352782726288,-0.09398887306451797,0.02214866876602173,0.46291059255599976,0.0007762078894302249,0.007232411298900843,0.8121427893638611,64,0.0281,0.0,0,0,1,0,2,1.0,,,,,,,0.11572949588298798,0.7485777735710144,2.032951593399048,0.01545,,0.2292
807,20000,0.0,24,2,1.0,30.0,1.0,0.0009239842183887959,0.15327134728431702,0.15482795238494873,0.5302016735076904,-0.09720396995544434,0.05368014797568321,0.5164410471916199,0.0008425292908214033,0.007208595518022776,0.6944078803062439,64,0.0375,1.0,0,0,0,0,2,0.5,,,,,,,0.13998109102249146,0.8703701496124268,1.95284903049469,0.01545,,0.2292
808,20000,0.0,24,2,0.0,30.0,0.0,0.001243947772309184,0.21602453291416168,0.21818265318870544,0.6031784415245056,-0.09340973198413849,0.14728331565856934,0.39927971363067627,0.0005896546063013375,0.005483589135110378,0.9308217167854309,64,0.0121,0.0,0,0,1,0,2,0.0,,,,,,,0.10035190731287003,0.7341359853744507,2.074545383453369,0.0154,,0.2292
809,20000,0.0,24,2,0.0,0.0,0.0,0.0014644950861111283,0.20600749552249908,0.20317193865776062,0.41266998648643494,-0.09681037068367004,0.04374348372220993,0.4170864522457123,0.0016448672395199537,0.009813825599849224,1.2171064615249634,64,,0.0,1,0,0,0,2,1.0,,,,,,,0.07954141497612,0.5696992874145508,2.0744967460632324,0.01545,,0.2292
810,20000,0.0,24,2,0.0,30.0,0.0,0.0012234353926032782,0.247780442237854,0.25281599164009094,0.38935354351997375,-0.09871502220630646,0.05652276799082756,0.3711457848548889,0.0008174159447662532,0.00775452796369791,0.8740555644035339,64,0.0419,0.0,0,0,2,0,1,1.0,,,,,,,0.11293906718492508,0.7107545733451843,2.120729446411133,0.0155,,0.2292
811,20000,0.0,24,2,0.0,30.0,0.0,0.0009301149984821677,0.20360440015792847,0.20091058313846588,0.4150238335132599,-0.09751968085765839,0.04569082707166672,0.41751718521118164,0.001043479423969984,0.007289330940693617,0.9124215245246887,64,0.051,0.0,0,0,2,0,1,1.0,,,,,,,0.1068800762295723,0.7113420963287354,2.036237955093384,0.0154,,0.2292
812,20000,0.0,24,2,1.0,28.0,1.0,0.0009415684035047889,0.22731523215770721,0.22369010746479034,0.48725470900535583,-0.09745138883590698,0.05886118859052658,0.4635395109653473,0.0006190889398567379,0.006888431031256914,0.769214391708374,64,0.0265,1.0,0,0,0,0,2,1.0,,,,,,,0.12668950855731964,0.9148542284965515,2.0236945152282715,0.01555,,0.2292
813,20000,0.0,24,2,0.0,30.0,0.0,0.000871873926371336,0.23135992884635925,0.23111039400100708,0.3672695755958557,-0.09155265986919403,0.04226366803050041,0.3713785409927368,0.0007272620568983257,0.005832710303366184,1.4908941984176636,64,0.0638,0.0,0,0,2,0,1,1.0,,,,,,,0.06140788272023201,0.7662305235862732,2.1245181560516357,0.0155,,0.2292
814,20000,0.0,24,2,0.0,0.0,0.0,0.0007023576181381941,0.2107815444469452,0.20587830245494843,0.463399738073349,-0.09744984656572342,0.11612634360790253,0.3258886933326721,0.000724487064871937,0.005416376981884241,1.5084737539291382,64,,0.0,2,0,0,0,1,1.0,0.0706,0.4125,0.083,0,44,0,0.06460161507129669,0.798198401927948,2.1946163177490234,0.0155,0.0833,0.2292
815,20000,0.0,24,2,0.0,30.0,0.0,0.0020647067576646805,0.22209171950817108,0.22324854135513306,0.32757768034935,-0.09462596476078033,0.045816570520401,0.328134149312973,0.0008437641081400216,0.00487276678904891,1.825696349143982,64,0.0077,0.0,0,0,1,0,2,1.0,,,,,,,0.05183006823062897,0.621250569820404,2.1363918781280518,0.01545,,0.2292
816,20000,0.0,24,2,0.0,30.0,0.0,0.0011105260346084833,0.1808365285396576,0.16985979676246643,0.5417895317077637,-0.09201143682003021,0.10231541097164154,0.42407745122909546,0.0010888050310313702,0.01018532831221819,1.2243551015853882,64,0.063,0.0,0,0,1,0,2,0.5,,,,,,,0.07515095174312592,0.7890522480010986,2.1623220443725586,0.01535,,0.2292
817,20000,0.0,24,2,1.0,30.0,1.0,0.0015065453480929136,0.19521279633045197,0.1977704018354416,0.42199084162712097,-0.089888796210289,0.0687408447265625,0.37122562527656555,0.0008681587059982121,0.006344592664390802,1.2037885189056396,64,0.0279,1.0,0,0,0,0,2,1.0,,,,,,,0.07467158138751984,0.8559926748275757,2.12370228767395,0.01545,,0.2292
818,20000,0.0,24,2,0.0,0.0,0.0,0.0011705628130584955,0.1911892294883728,0.18759781122207642,0.4718480706214905,-0.09667074680328369,0.09579536318778992,0.3726832866668701,0.0009645331301726401,0.008489602245390415,1.2444803714752197,64,,0.0,0,0,0,0,3,1.0,,,,,,,0.0776796042919159,0.8899440169334412,2.109785556793213,0.0155,,0.2292
819,20000,0.0,24,2,0.0,28.5,0.0,0.000908779795281589,0.1779668778181076,0.17832913994789124,0.47862517833709717,-0.09452787041664124,0.11559520661830902,0.33797889947891235,0.0009987743105739355,0.007967498153448105,0.8885862231254578,64,0.0851,0.0,0,0,1,1,1,1.0,,,,,,,0.10638007521629333,0.9753208160400391,2.118741989135742,0.0155,,0.2292
820,20000,0.0,24,2,0.0,30.0,0.0,0.001188843511044979,0.1847197264432907,0.19611182808876038,0.36914288997650146,-0.09234769642353058,0.043594684451818466,0.3716151714324951,0.000821431283839047,0.005372136365622282,0.8918544054031372,64,0.035,0.0,0,0,2,0,1,1.0,,,,,,,0.10354570299386978,0.8283038139343262,2.126600980758667,0.01545,,0.2292
821,20000,0.0,24,2,0.0,0.0,0.0,0.001672025304287672,0.18135181069374084,0.18184581398963928,0.4060037434101105,-0.09597146511077881,0.06232469901442528,0.3746027946472168,0.0007357026915997267,0.00544600049033761,1.0714598894119263,64,,0.0,1,0,0,0,2,0.5,,,,,,,0.08957075327634811,0.8478667736053467,2.117811679840088,0.0155,,0.2292
822,20000,0.0,24,2,0.0,30.0,0.0,0.001137522398494184,0.2000521868467331,0.21570616960525513,0.2756742835044861,-0.09534671902656555,0.020185448229312897,0.32563138008117676,0.0006838127155788243,0.01003741193562746,1.6646950244903564,64,0.0524,0.0,0,0,2,0,1,1.0,,,,,,,0.057275786995887756,0.6645914316177368,2.1775903701782227,0.01555,,0.2292
823,20000,0.0,24,2,0.0,30.0,0.0,0.004315193276852369,0.18084406852722168,0.1955750286579132,0.4074808657169342,-0.08710357546806335,0.08044876158237457,0.33078423142433167,0.0007636095979250968,0.005805360618978739,1.4662976264953613,64,0.0241,0.0,0,0,1,0,2,1.0,,,,,,,0.059403739869594574,0.7757505178451538,2.125664472579956,0.01555,,0.2292
824,20000,0.0,24,2,0.0,30.0,0.0,0.001672643469646573,0.21148942410945892,0.20692743360996246,0.3649502396583557,-0.09667587280273438,0.05783457309007645,0.3412039875984192,0.0015618649777024984,0.009506006725132465,1.6453102827072144,64,0.0424,0.0,0,0,1,0,2,0.5,,,,,,,0.0587584413588047,0.6687520742416382,2.1545767784118652,0.01555,,0.2292
825,20000,0.0,24,2,0.0,30.0,0.0,0.0025808161590248346,0.2066437005996704,0.21088522672653198,0.4520544409751892,-0.09184963256120682,0.08350025117397308,0.37435322999954224,0.0007495955214835703,0.005100667010992765,1.113815188407898,64,0.0636,0.0,0,0,3,0,0,0.0,,,,,,,0.08246397227048874,0.8482102751731873,2.0713515281677246,0.0155,,0.2292
826,20000,0.0,24,2,0.0,26.5,0.0,0.0015557748265564442,0.22029531002044678,0.2190706431865692,0.4147864282131195,-0.09633716195821762,0.06711610406637192,0.37376052141189575,0.0008690450340509415,0.006261705886572599,0.8245859146118164,64,0.0435,0.0,0,0,1,1,1,1.0,,,,,,,0.11683095991611481,0.773292064666748,2.0874531269073486,0.0155,,0.2292
827,20000,0.0,24,2,0.0,0.0,0.0,0.0014219452859833837,0.2328432947397232,0.22507953643798828,0.3978103697299957,-0.09172290563583374,0.0575607530772686,0.37134045362472534,0.0009045414626598358,0.006142625585198402,1.6359423398971558,64,,0.0,0,0,0,0,3,1.0,,,,,,,0.0560673251748085,0.7650547027587891,2.132716417312622,0.01555,,0.2292
828,20000,0.0,24,2,0.0,29.0,0.0,0.001555012189783156,0.21787595748901367,0.22042599320411682,0.314505010843277,-0.09459171444177628,0.03756888210773468,0.33109569549560547,0.0008537664543837309,0.0057265073992311954,1.297349214553833,64,0.03,0.0,0,0,1,1,1,1.0,,,,,,,0.07291153073310852,0.7914023399353027,2.16453218460083,0.01555,,0.2292
829,20000,0.0,24,2,0.0,30.0,0.0,0.0008148787310346961,0.22543327510356903,0.22454914450645447,0.39367541670799255,-0.09341025352478027,0.03389527648687363,0.4174274802207947,0.0007013293798081577,0.003735258476808667,1.114251971244812,64,0.0593,0.0,1,0,1,0,1,1.0,,,,,,,0.08383224904537201,0.7321717739105225,2.0763254165649414,0.0155,,0.2292
830,20000,0.0,24,2,0.5,30.0,0.5,0.0010308127384632826,0.19646772742271423,0.19030514359474182,0.44332966208457947,-0.0947905033826828,0.08141422271728516,0.3716377317905426,0.0010026419768109918,0.007307949010282755,1.165431261062622,64,0.0657,0.5,0,0,1,0,1,1.0,,,,,,,0.08133512735366821,0.7091211080551147,2.1159467697143555,0.0155,,0.2292
831,20000,0.0,24,2,0.0,0.0,0.0,0.0009292119648307562,0.17648878693580627,0.17885953187942505,0.44081079959869385,-0.09799633920192719,0.05920253321528435,0.41796913743019104,0.0009866857435554266,0.004865898285061121,0.8460754752159119,64,,0.0,1,0,0,0,2,1.0,,,,,,,0.11582458019256592,0.6755318641662598,2.062565803527832,0.01555,,0.2292
832,20000,0.0,24,2,0.0,0.0,0.0,0.0007914252346381545,0.18001997470855713,0.18581795692443848,0.35935866832733154,-0.09735974669456482,0.06326857209205627,0.32566148042678833,0.0006503908080048859,0.009039602242410183,1.1889986991882324,64,,0.0,0,0,0,0,3,1.0,,,,,,,0.08188381791114807,0.8259955644607544,2.1838417053222656,0.01555,,0.2292
833,20000,0.0,24,2,0.0,30.0,0.0,0.0013656897936016321,0.1746923178434372,0.16911037266254425,0.465215802192688,-0.0937749594449997,0.06916844844818115,0.4175596237182617,0.0007237358368001878,0.006188490428030491,0.8110934495925903,64,0.0426,0.0,2,0,1,0,0,0.0,,,,,,,0.11561547964811325,0.7002012729644775,2.0569653511047363,0.0155,,0.2292
834,20000,0.0,24,2,0.0,30.0,0.0,0.0008990034693852067,0.18523620069026947,0.1825476586818695,0.5184766054153442,-0.0860048234462738,0.06942348927259445,0.4630071520805359,0.0012381260748952627,0.00525464816018939,1.2818679809570312,64,0.0279,0.0,0,0,2,0,1,1.0,,,,,,,0.06709335744380951,0.7250468730926514,1.9952954053878784,0.01555,,0.2292
835,20000,0.0,24,2,1.0,30.0,1.0,0.0013508775737136602,0.22271806001663208,0.22369566559791565,0.590092122554779,-0.09804073721170425,0.1616765558719635,0.36126992106437683,0.0008485011640004814,0.00701966043561697,0.8654054999351501,64,0.0198,1.0,1,0,0,0,1,1.0,,,,,,,0.11328878998756409,0.9807323217391968,2.04658842086792,0.01565,,0.2292
836,20000,0.0,24,2,0.0,27.0,0.0,0.0010293942177668214,0.19061973690986633,0.18347889184951782,0.5975833535194397,-0.08926542848348618,0.1781015396118164,0.3263885974884033,0.0006434308015741408,0.008514270186424255,1.4004161357879639,64,0.0277,0.0,1,0,0,1,1,1.0,,,,,,,0.06374207139015198,0.8356742858886719,2.144602060317993,0.0157,,0.2292
837,20000,0.0,24,2,0.5,30.0,0.5,0.0012303724652156234,0.23962491750717163,0.23709258437156677,0.3849315047264099,-0.09744835644960403,0.053781889379024506,0.3718401789665222,0.0010809482773765922,0.005951834376901388,1.0603846311569214,64,0.0418,0.5,1,0,1,0,0,0.0,,,,,,,0.09189906716346741,0.8111662864685059,2.132554292678833,0.0157,,0.2292
838,20000,0.0,24,2,0.0,30.0,0.0,0.001050863298587501,0.19270117580890656,0.1851767599582672,0.30303168296813965,-0.09018559008836746,0.03207867592573166,0.32617953419685364,0.0007919846684671938,0.005760807078331709,1.845138430595398,64,0.027,0.0,0,0,2,0,1,0.0,,,,,,,0.04887741059064865,0.701837420463562,2.167806625366211,0.01555,,0.2292
839,20000,0.0,24,2,1.0,29.0,1.0,0.0014341284986585379,0.2261580526828766,0.23614610731601715,0.47933608293533325,-0.09519065916538239,0.054342251271009445,0.46296626329421997,0.0010523174423724413,0.005751954857259989,0.8737090229988098,64,0.0476,1.0,0,0,0,0,2,1.0,,,,,,,0.10895006358623505,0.6405932903289795,2.0066609382629395,0.0156,,0.2292
840,20000,0.0,24,2,0.0,30.0,0.0,0.0008993404917418957,0.2046157419681549,0.20726262032985687,0.3667106628417969,-0.08909448981285095,0.04980814456939697,0.352387934923172,0.0010096715996041894,0.007601886987686157,1.3280497789382935,64,0.0138,0.0,0,0,1,0,2,0.5,,,,,,,0.06708670407533646,0.7737401723861694,2.079430103302002,0.01555,,0.2292
841,20000,0.0,24,2,0.0,30.0,0.0,0.00150598818436265,0.26441100239753723,0.2718173861503601,0.4066725969314575,-0.09914058446884155,0.06488344073295593,0.37153154611587524,0.0007643811404705048,0.009029492735862732,1.1996262073516846,64,0.0299,0.0,0,0,1,0,2,1.0,,,,,,,0.08264289796352386,0.6917979121208191,2.0781264305114746,0.01555,,0.2292
842,20000,0.0,24,2,0.0,30.0,0.0,0.0011462124530225992,0.23044081032276154,0.23998819291591644,0.5352694392204285,-0.09512101113796234,0.049487024545669556,0.5280041098594666,0.000727365433704108,0.006824588868767023,0.6612211465835571,64,0.0507,0.0,0,0,1,0,2,1.0,,,,,,,0.14385658502578735,0.8484413623809814,1.9587403535842896,0.0156,,0.2292
843,20000,0.0,24,2,0.0,30.0,0.0,0.0020740136969834566,0.2562234103679657,0.26857995986938477,0.4729766547679901,-0.09376244246959686,0.07346858084201813,0.4170878529548645,0.0008490278269164264,0.005428116302937269,1.0563796758651733,64,0.0685,0.0,0,0,2,0,1,1.0,,,,,,,0.08875828236341476,0.8334676027297974,2.0341992378234863,0.01555,,0.2292
844,20000,0.0,24,2,0.0,28.5,0.0,0.001293657929636538,0.16247817873954773,0.17106516659259796,0.5732953548431396,-0.0908983051776886,0.05264364182949066,0.5554815530776978,0.0006519817980006337,0.006849601864814758,0.8086844682693481,64,0.0475,0.0,0,0,1,1,1,1.0,,,,,,,0.11240269243717194,0.6990557909011841,2.1096365451812744,0.0155,,0.2292
845,20000,0.0,24,2,0.0,30.0,0.0,0.0014804627280682325,0.1541418880224228,0.15149709582328796,0.3855092227458954,-0.09014026075601578,0.07328706234693527,0.3257647454738617,0.0012210749555379152,0.0066212257370352745,1.1879315376281738,64,0.0472,0.0,0,0,1,0,2,1.0,,,,,,,0.0758800059556961,0.8693196773529053,2.1953344345092773,0.01555,,0.2292
846,20000,0.0,24,2,0.0,30.0,0.0,0.0011774806771427393,0.23079243302345276,0.21924132108688354,0.3748985826969147,-0.09582812339067459,0.04809585213661194,0.3713494539260864,0.0007824604399502277,0.006371098104864359,1.1608797311782837,64,0.0669,0.0,0,0,2,0,1,1.0,,,,,,,0.0825478583574295,0.6707816123962402,2.1398723125457764,0.0155,,0.2292
847,20000,0.0,24,2,0.5,30.0,0.5,0.0008528103935532272,0.16969774663448334,0.16606566309928894,0.5205743908882141,-0.09572712332010269,0.04472171887755394,0.5235011577606201,0.00076835579238832,0.006713866256177425,1.0001522302627563,64,0.0223,0.5,1,0,1,0,0,0.0,,,,,,,0.09571254253387451,0.7990109324455261,2.1005606651306152,0.01545,,0.2292
848,20000,0.0,24,2,0.0,0.0,0.0,0.0014745030784979463,0.17748694121837616,0.17493866384029388,0.4697943925857544,-0.093967005610466,0.07141362130641937,0.4175584316253662,0.0008160814177244902,0.00675143301486969,0.9637767672538757,64,,0.0,1,0,0,0,2,1.0,,,,,,,0.09749872982501984,1.0489428043365479,2.0724263191223145,0.01555,,0.2292
849,20000,0.0,24,2,0.0,25.0,0.0,0.0011743031209334731,0.19535565376281738,0.1986543983221054,0.31964221596717834,-0.09068667143583298,0.035834528505802155,0.33498185873031616,0.000838559411931783,0.007355906069278717,1.5993695259094238,64,0.0308,1.0,0,1,0,0,2,0.5,,,,,,,0.05670151859521866,0.7549602389335632,2.1231913566589355,0.01555,,0.2292
850,20000,0.0,24,2,0.0,0.0,0.0,0.0007223658030852675,0.2297896295785904,0.2322091907262802,0.35887768864631653,-0.08718407154083252,0.03573857992887497,0.3713071644306183,0.0007736681727692485,0.006554928608238697,1.1974849700927734,64,,0.0,0,0,0,0,3,0.667,,,,,,,0.0728059783577919,0.7264387011528015,2.1318352222442627,0.01565,,0.2292
851,20000,0.0,24,2,0.0,0.0,0.0,0.001156854210421443,0.23301419615745544,0.23689621686935425,0.46749404072761536,-0.09236572682857513,0.0460088811814785,0.4654741585254669,0.0007362839533016086,0.004735695198178291,0.7885012030601501,64,,0.0,1,0,0,0,2,1.0,0.0839,0.4098,0.125,1,41,1,0.11714088916778564,0.7126266956329346,1.9623908996582031,0.01565,0.1042,0.2292
852,20000,0.0,24,2,0.0,30.0,0.0,0.0015280283987522125,0.17049852013587952,0.17362864315509796,0.4042821228504181,-0.08099339157342911,0.054573290050029755,0.3732120096683502,0.0010457404423505068,0.005833859089761972,1.381340503692627,64,0.0669,0.0,0,0,2,0,1,1.0,,,,,,,0.05863390862941742,0.8269211649894714,2.134580612182617,0.0156,,0.2292
853,20000,0.0,24,2,0.0,30.0,0.0,0.0008472278714179993,0.2409382462501526,0.24589499831199646,0.38196268677711487,-0.09697774052619934,0.052205294370651245,0.3717356324195862,0.0005709764081984758,0.00558840949088335,0.8915020823478699,64,0.0514,0.0,1,0,1,0,1,1.0,,,,,,,0.10878016799688339,0.7529319524765015,2.1507186889648438,0.0156,,0.2292
854,20000,0.0,24,2,0.0,30.0,0.0,0.0011293761199340224,0.29344892501831055,0.28785067796707153,0.4331439733505249,-0.09865976870059967,0.032046519219875336,0.46303874254226685,0.0007748352363705635,0.009343926794826984,0.8542526364326477,64,0.0636,0.0,1,0,1,0,1,1.0,,,,,,,0.11549249291419983,0.5979523658752441,1.9659548997879028,0.0156,,0.2292
855,20000,0.0,24,2,0.0,0.0,0.0,0.0011658025905489922,0.16000080108642578,0.16291578114032745,0.3276233971118927,-0.09415582567453384,0.04647771641612053,0.3257969617843628,0.0007372136460617185,0.00605364004150033,1.798647165298462,64,,0.0,2,0,0,0,1,1.0,,,,,,,0.05234813690185547,0.6805955767631531,2.1829326152801514,0.01565,,0.2292
856,20000,0.0,24,2,0.0,27.0,0.0,0.000757213740143925,0.2185802459716797,0.2169053554534912,0.4801904261112213,-0.09681402891874313,0.055774010717868805,0.46328896284103394,0.0005215121200308204,0.004334953147917986,0.8832736015319824,64,0.0788,0.0,0,0,0,1,2,1.0,,,,,,,0.10960820317268372,0.7978143095970154,2.025442123413086,0.0157,,0.2292
857,20000,0.0,24,2,0.0,30.0,0.0,0.0009085140191018581,0.15764954686164856,0.1552678644657135,0.498500257730484,-0.09654930979013443,0.11013488471508026,0.371309757232666,0.0007261934806592762,0.006940068677067757,0.8239642381668091,64,0.0415,0.0,0,0,3,0,0,0.0,,,,,,,0.11717657744884491,0.9768127202987671,2.121145486831665,0.01565,,0.2292
858,20000,0.0,24,2,0.0,0.0,0.0,0.0011042949045076966,0.24388419091701508,0.24881872534751892,0.3867455720901489,-0.09733551740646362,0.05486616492271423,0.37128597497940063,0.0009805925656110048,0.0061255572363734245,1.1850590705871582,64,,0.0,0,0,0,0,3,0.667,,,,,,,0.08213558793067932,0.7590919733047485,2.099152088165283,0.0156,,0.2292
859,20000,0.0,24,2,0.0,30.0,0.0,0.0015002221334725618,0.18322089314460754,0.18091106414794922,0.43382784724235535,-0.09470273554325104,0.05096282809972763,0.4236779510974884,0.0007521812221966684,0.005853941198438406,1.0665034055709839,64,0.0296,0.0,0,0,1,0,2,1.0,,,,,,,0.08879740536212921,0.7058576941490173,2.0638985633850098,0.0156,,0.2292
860,20000,0.0,24,2,0.0,30.0,0.0,0.0006931894458830357,0.18487043678760529,0.18865860998630524,0.5756732821464539,-0.08677154034376144,0.12094607204198837,0.41773396730422974,0.0008242769981734455,0.005637362599372864,0.9948506355285645,64,0.0339,0.0,0,0,1,0,2,0.5,,,,,,,0.08722066879272461,0.7932425737380981,2.0272514820098877,0.0155,,0.2292
861,20000,0.0,24,2,0.0,30.0,0.0,0.0009439088171347976,0.15816113352775574,0.15510384738445282,0.518920361995697,-0.09230981767177582,0.0819249078631401,0.4451209604740143,0.0008141761645674706,0.0045188539661467075,1.7076854705810547,64,0.0816,0.0,0,0,3,0,0,0.0,,,,,,,0.05405551567673683,0.7647613286972046,2.1674671173095703,0.01545,,0.2292
862,20000,0.0,24,2,0.0,0.0,0.0,0.0008085363078862429,0.2253313660621643,0.2220725566148758,0.3978291153907776,-0.0965447798371315,0.036382198333740234,0.417463481426239,0.0007646689773537219,0.008292009122669697,0.9480654001235962,64,,0.0,0,0,0,0,3,1.0,,,,,,,0.10183346271514893,0.6860374212265015,2.1083858013153076,0.01555,,0.2292
863,20000,0.0,24,2,0.5,29.0,0.5,0.0018490406218916178,0.17929092049598694,0.17433029413223267,0.4781559109687805,-0.09588678926229477,0.07412329316139221,0.4221718907356262,0.0008125706808641553,0.00724846962839365,0.9385188221931458,64,0.0259,0.5,0,0,0,1,1,1.0,,,,,,,0.10216820985078812,0.8315350413322449,2.0075466632843018,0.01565,,0.2292
864,20000,0.0,24,2,1.0,29.0,1.0,0.0016759959980845451,0.1655721515417099,0.1652103066444397,0.37737640738487244,-0.09187886863946915,0.04773980379104614,0.3710641860961914,0.0011399785289540887,0.005422963295131922,0.9404218792915344,64,0.0178,1.0,0,0,0,0,1,1.0,,,,,,,0.09769962728023529,0.8327805995941162,2.1363468170166016,0.0158,,0.2292
865,20000,0.0,24,2,0.0,30.0,0.0,0.001325777149759233,0.2030622959136963,0.19534525275230408,0.40617749094963074,-0.09738456457853317,0.061801157891750336,0.3756728172302246,0.0010698288679122925,0.008573821745812893,1.048046588897705,64,0.0413,0.0,1,0,2,0,0,0.0,,,,,,,0.09292006492614746,0.7277533411979675,2.1843719482421875,0.01575,,0.2292
866,20000,0.0,24,2,0.0,30.0,0.0,0.0008674099808558822,0.2209012508392334,0.21579980850219727,0.6038205027580261,-0.09634065628051758,0.053045205771923065,0.5914321541786194,0.0004522931412793696,0.005277182441204786,0.7543368935585022,64,0.0281,0.0,0,0,1,0,2,1.0,,,,,,,0.12771567702293396,0.8340997099876404,2.0680947303771973,0.01575,,0.2292
867,20000,0.0,24,2,0.0,0.0,0.0,0.0006594664882868528,0.18353821337223053,0.18152812123298645,0.5609257221221924,-0.09207303822040558,0.11646619439125061,0.4170275926589966,0.0007104614633135498,0.006077568978071213,0.9673711657524109,64,,0.0,0,0,0,0,3,1.0,,,,,,,0.09517860412597656,0.9324275851249695,2.050870656967163,0.01585,,0.2292
868,20000,0.0,24,2,0.5,29.5,0.5,0.002002545166760683,0.1551484316587448,0.14878059923648834,0.40914660692214966,-0.09774596989154816,0.05285509675741196,0.39845994114875793,0.0009368477039970458,0.005444897338747978,0.7694629430770874,64,0.0404,0.5,0,0,1,0,1,1.0,,,,,,,0.12703141570091248,0.7948395013809204,2.0818190574645996,0.01585,,0.2292
869,20000,0.0,24,2,0.0,30.0,0.0,0.0008390812436118722,0.23360122740268707,0.2307637333869934,0.3412418067455292,-0.09569112956523895,0.05374019593000412,0.3256189823150635,0.0008798418566584587,0.007667095400393009,1.1284407377243042,64,0.0438,1.0,1,1,0,0,1,1.0,,,,,,,0.08479942381381989,0.8320589065551758,2.1866936683654785,0.0158,,0.2292
870,20000,0.0,24,2,0.0,30.0,0.0,0.0009598529431968927,0.1978103518486023,0.1941978931427002,0.4209626019001007,-0.09052084386348724,0.04441603273153305,0.4191204905509949,0.0008849180885590613,0.007061798591166735,0.9496423602104187,64,0.057,0.0,0,0,1,0,2,0.5,,,,,,,0.09532098472118378,0.7856491804122925,2.0352818965911865,0.01575,,0.2292
871,20000,0.0,24,2,0.0,30.0,0.0,0.0015616054879501462,0.18392056226730347,0.18295437097549438,0.5050683617591858,-0.09005855023860931,0.10872193425893784,0.3740376830101013,0.0008242400945164263,0.007290750741958618,0.9704524874687195,64,0.0533,0.0,0,0,1,0,2,1.0,,,,,,,0.09280058741569519,0.854216456413269,2.068002939224243,0.01575,,0.2292
872,20000,0.0,24,2,0.0,29.5,0.0,0.0018878550035879016,0.2311469316482544,0.2237498164176941,0.3812544047832489,-0.09742969274520874,0.051690682768821716,0.3721383213996887,0.0008856160566210747,0.006328820716589689,0.81159907579422,64,0.0321,0.5,1,1,1,0,0,0.0,,,,,,,0.12004659324884415,0.8214930891990662,2.146625518798828,0.0157,,0.2292
873,20000,0.0,24,2,0.0,30.0,0.0,0.0011208108626306057,0.23166605830192566,0.22845865786075592,0.5272276401519775,-0.09782329201698303,0.11162646114826202,0.3986228406429291,0.0009704652475193143,0.006350247655063868,0.9753773808479309,64,0.0553,0.0,0,0,2,0,1,1.0,,,,,,,0.10029275715351105,0.7407045364379883,2.1489787101745605,0.0157,,0.2292
874,20000,0.0,24,2,0.0,0.0,0.0,0.0009241030784323812,0.2234800159931183,0.22168272733688354,0.4431181848049164,-0.09712792187929153,0.05982201546430588,0.4178708493709564,0.001000485965050757,0.005462458357214928,0.8149397969245911,64,,0.0,0,0,0,0,3,1.0,,,,,,,0.11918416619300842,0.7696084380149841,2.0333430767059326,0.0158,,0.2292
875,20000,0.0,24,2,0.0,0.0,0.0,0.000941250124014914,0.12902364134788513,0.12478354573249817,0.4880562722682953,-0.09335765242576599,0.08977563679218292,0.3990573585033417,0.0008253324194811285,0.00561059033498168,0.8507454991340637,64,,0.0,1,0,0,0,2,1.0,,,,,,,0.10973628610372543,0.7902325391769409,2.0487961769104004,0.0158,,0.2292
876,20000,0.0,24,2,0.0,30.0,0.0,0.0013363079633563757,0.18827016651630402,0.18700799345970154,0.44160714745521545,-0.09841446578502655,0.036627836525440216,0.4627695381641388,0.000922589679248631,0.007992823608219624,0.7777265906333923,64,0.0465,0.0,0,0,1,0,2,1.0,,,,,,,0.12654121220111847,0.776191234588623,1.9952397346496582,0.01585,,0.2292
877,20000,0.0,24,2,0.0,30.0,0.0,0.0006456077098846436,0.2275141179561615,0.22896984219551086,0.39346981048583984,-0.09274302423000336,0.04643804952502251,0.39021939039230347,0.0006267219432629645,0.006234720349311829,0.9349965453147888,64,0.052,0.0,1,0,1,0,1,1.0,,,,,,,0.09919077157974243,0.7460829615592957,1.9992728233337402,0.0158,,0.2292
878,20000,0.0,24,2,0.0,30.0,0.0,0.0016962348017841578,0.2249627709388733,0.2152964472770691,0.5019420981407166,-0.09563542902469635,0.11129418015480042,0.3716246485710144,0.0009586616652086377,0.006729013752192259,0.9587503671646118,64,0.0911,0.0,1,0,1,0,1,1.0,,,,,,,0.0997500792145729,0.856779932975769,2.125236988067627,0.0158,,0.2292
879,20000,0.0,24,2,0.0,0.0,0.0,0.0009181539062410593,0.17107988893985748,0.1700512021780014,0.5003195405006409,-0.09776752442121506,0.03989841789007187,0.5152099132537842,0.0011782784713432193,0.006160668097436428,0.7854816317558289,64,,0.0,1,0,0,0,2,1.0,,,,,,,0.12446825206279755,0.7428263425827026,1.9036121368408203,0.01585,,0.2292
880,20000,0.0,24,2,0.0,0.0,0.0,0.0023880209773778915,0.17143818736076355,0.16286496818065643,0.32694903016090393,-0.09057042747735977,0.044280797243118286,0.32577893137931824,0.0009385230368934572,0.006357843056321144,1.1185466051101685,64,,0.0,0,0,0,0,3,0.667,,,,,,,0.08097152411937714,0.9848580360412598,2.137552499771118,0.0159,,0.2292
881,20000,0.0,24,2,0.0,30.0,0.0,0.0014052405022084713,0.19155678153038025,0.1991138458251953,0.48468250036239624,-0.08419646322727203,0.07314971089363098,0.41855666041374207,0.0009857179829850793,0.008045815862715244,1.2714269161224365,64,0.0283,0.0,0,0,0,2,1,1.0,,,,,,,0.06622201204299927,0.8265640139579773,2.0672712326049805,0.0159,,0.2292
882,20000,0.0,24,2,0.0,30.0,0.0,0.0013443236239254475,0.25183525681495667,0.2523294985294342,0.4183715581893921,-0.0964910089969635,0.07938380539417267,0.3519425094127655,0.0008438460645265877,0.008304893970489502,1.0540510416030884,64,0.0437,0.0,0,0,2,1,0,0.0,,,,,,,0.09154300391674042,0.7730060815811157,2.1387743949890137,0.0158,,0.2292
883,20000,0.0,24,2,1.0,30.0,1.0,0.0011201610323041677,0.17240957915782928,0.17044797539710999,0.4485466778278351,-0.09543897211551666,0.059932783246040344,0.4212266504764557,0.0011847250862047076,0.005786819849163294,0.9459640383720398,64,0.0206,1.0,1,0,0,0,1,1.0,,,,,,,0.10089069604873657,0.7474164962768555,1.9994686841964722,0.01585,,0.2292
884,20000,0.0,24,2,0.0,30.0,0.0,0.0010522115044295788,0.2358279824256897,0.23812080919742584,0.48064112663269043,-0.09102894365787506,0.051590703427791595,0.46430355310440063,0.0006560588954016566,0.00837020669132471,1.0862654447555542,64,0.0241,0.0,1,0,1,0,1,1.0,,,,,,,0.08379991352558136,0.6904473304748535,2.097928524017334,0.01585,,0.2292
885,20000,0.0,24,2,0.0,30.0,0.0,0.0020077680237591267,0.20601356029510498,0.19182467460632324,0.3777419328689575,-0.09138927608728409,0.06789743155241013,0.3274674117565155,0.0007597735966555774,0.011737864464521408,1.3438743352890015,64,0.0483,0.0,1,0,1,0,1,1.0,,,,,,,0.06800433993339539,0.7054089307785034,2.187952756881714,0.01585,,0.2292
886,20000,0.0,24,2,0.0,0.0,0.0,0.0014617816777899861,0.20001591742038727,0.19710424542427063,0.3442590832710266,-0.09335606545209885,0.05212804675102234,0.32844746112823486,0.0008132460643537343,0.00982319563627243,1.127951979637146,64,,0.0,1,0,0,0,2,1.0,,,,,,,0.08276599645614624,0.9293346405029297,2.135293483734131,0.0159,,0.2292
887,20000,0.0,24,2,0.0,30.0,0.0,0.0015679523348808289,0.21802005171775818,0.21141883730888367,0.5682611465454102,-0.09755007922649384,0.07514698058366776,0.5132110118865967,0.0006774168577976525,0.004612436052411795,0.686335027217865,64,0.0395,0.0,1,0,2,0,0,0.0,,,,,,,0.14213186502456665,0.7938332557678223,1.9472910165786743,0.0158,,0.2292
888,20000,0.0,24,2,0.0,30.0,0.0,0.0013166877906769514,0.21726363897323608,0.2221975028514862,0.392899751663208,-0.09311528503894806,0.05728945881128311,0.3672715723514557,0.0010771187953650951,0.008329097181558609,1.2015353441238403,64,0.0504,0.0,1,0,1,0,1,1.0,0.0856,0.4317,0.167,1,39,1,0.07749691605567932,0.7390824556350708,2.0299558639526367,0.01585,0.1458,0.2292
889,20000,0.0,24,2,0.0,30.0,0.0,0.001083497190847993,0.26765987277030945,0.27191638946533203,0.39683645963668823,-0.09064094722270966,0.0550750195980072,0.3735475242137909,0.001027795602567494,0.007559666875749826,0.9646531343460083,64,0.032,0.0,0,0,1,0,2,1.0,,,,,,,0.09396222233772278,0.8115496039390564,2.0886051654815674,0.0159,,0.2292
890,20000,0.0,24,2,0.0,30.0,0.0,0.0009386446909047663,0.2030157744884491,0.19748085737228394,0.45104536414146423,-0.09444732964038849,0.08534284681081772,0.37131619453430176,0.0009201581124216318,0.006981585640460253,1.0556809902191162,64,0.1213,0.0,1,0,1,0,1,1.0,,,,,,,0.08946578949689865,0.8131241798400879,2.149744987487793,0.01585,,0.2292
891,20000,0.0,24,2,0.0,0.0,0.0,0.0012834572698920965,0.21229346096515656,0.21481862664222717,0.5006556510925293,-0.09402292966842651,0.10938423126935959,0.3721727728843689,0.0007180033717304468,0.007474605459719896,1.149783968925476,64,,0.0,1,0,0,0,2,1.0,,,,,,,0.08177442103624344,0.9533356428146362,2.1442277431488037,0.0159,,0.2292
892,20000,0.0,24,2,1.0,29.0,1.0,0.0013838676968589425,0.1794932633638382,0.18599988520145416,0.4191541373729706,-0.09715737402439117,0.03805997967720032,0.4363032579421997,0.001098896493203938,0.007776551879942417,0.9555263519287109,64,0.017,1.0,1,0,0,0,1,1.0,,,,,,,0.10167942941188812,0.6898220777511597,2.026580810546875,0.016,,0.2292
893,20000,0.0,24,2,0.0,30.0,0.0,0.0012732211034744978,0.18414101004600525,0.18921886384487152,0.538400411605835,-0.09740518033504486,0.04161936789751053,0.5471653938293457,0.0010370725067332387,0.010802929289638996,0.934169590473175,64,0.064,0.0,0,0,1,0,2,0.5,,,,,,,0.10426926612854004,0.9079143404960632,2.1153669357299805,0.01595,,0.2292
894,20000,0.0,24,2,0.0,30.0,0.0,0.0013327468186616898,0.23837709426879883,0.24072033166885376,0.5313195586204529,-0.09433741867542267,0.12399332225322723,0.3743901252746582,0.0006421672878786922,0.006560491863638163,1.1673469543457031,64,0.0509,0.0,0,0,2,0,1,1.0,,,,,,,0.08081351965665817,0.7719855308532715,2.1088380813598633,0.01595,,0.2292
895,20000,0.0,24,2,0.0,30.0,0.0,0.003140436951071024,0.21935619413852692,0.2155558466911316,0.3478434681892395,-0.0964495837688446,0.05729904770851135,0.3260380029678345,0.0007467553368769586,0.007313909009099007,1.4271860122680664,64,0.0238,0.0,0,0,1,0,2,1.0,,,,,,,0.06758025288581848,0.860629677772522,2.140596389770508,0.01595,,0.2292
896,20000,0.0,24,2,1.0,29.0,1.0,0.0009992989944294095,0.22287438809871674,0.21941086649894714,0.41795650124549866,-0.09838759899139404,0.0904177650809288,0.3313819468021393,0.0008353037410415709,0.008253253065049648,1.0335997343063354,64,0.0176,1.0,1,0,0,0,1,1.0,,,,,,,0.09518927335739136,0.748661458492279,2.1688055992126465,0.01595,,0.2292
897,20000,0.0,24,2,0.0,30.0,0.0,0.0011254295241087675,0.19748972356319427,0.19868817925453186,0.47138822078704834,-0.09452348947525024,0.04875805974006653,0.4653506875038147,0.0008443098631687462,0.0060897767543792725,0.906275749206543,64,0.0335,0.0,0,0,2,0,1,1.0,,,,,,,0.10429882258176804,0.7695977687835693,2.036052942276001,0.01595,,0.2292
898,20000,0.0,24,2,0.0,30.0,0.0,0.0031026664655655622,0.14302487671375275,0.1377103626728058,0.4718257188796997,-0.09606718271970749,0.07354035973548889,0.41764628887176514,0.0012909570941701531,0.006331792566925287,1.0021395683288574,64,0.0633,0.0,0,0,2,0,1,1.0,,,,,,,0.09586207568645477,0.7681553363800049,2.0713448524475098,0.0159,,0.2292
899,20000,0.0,24,2,0.0,30.0,0.0,0.0010076388716697693,0.20592069625854492,0.20273317396640778,0.4452379047870636,-0.08883064985275269,0.10248856246471405,0.3254338502883911,0.0007390672690235078,0.007315138354897499,1.3029450178146362,64,0.058,0.0,1,0,1,0,1,1.0,,,,,,,0.06817682087421417,0.8607707023620605,2.216381072998047,0.0159,,0.2292
900,20000,0.0,24,2,0.5,29.5,0.5,0.0013414339628070593,0.21909666061401367,0.21896205842494965,0.40988439321517944,-0.08568041026592255,0.0594710074365139,0.3725336194038391,0.0009211765718646348,0.00817833375185728,1.0510340929031372,64,0.0309,0.5,1,0,0,1,0,0.0,,,,,,,0.08152009546756744,0.9665507078170776,2.1178297996520996,0.01585,,0.2292
901,20000,0.0,24,2,0.0,0.0,0.0,0.001556647359393537,0.23806171119213104,0.23983025550842285,0.47446054220199585,-0.09581480920314789,0.09672389924526215,0.3719104528427124,0.0009494004771113396,0.009834174998104572,0.93040531873703,64,,0.0,2,0,0,0,1,1.0,,,,,,,0.1029818058013916,1.0063815116882324,2.1058566570281982,0.0159,,0.2292
902,20000,0.0,24,2,0.0,30.0,0.0,0.0009893287206068635,0.20545008778572083,0.20725615322589874,0.39340341091156006,-0.08899705111980438,0.05453040823340416,0.371343195438385,0.0006720175151713192,0.003992902114987373,1.1325182914733887,64,0.0398,0.0,1,0,1,0,1,1.0,,,,,,,0.07858331501483917,0.7073785662651062,2.129608631134033,0.0159,,0.2292
903,20000,0.0,24,2,0.0,0.0,0.0,0.0013937230687588453,0.19824062287807465,0.20199817419052124,0.578617513179779,-0.09434190392494202,0.10205744951963425,0.464280366897583,0.0008798344060778618,0.009128308854997158,0.8922571539878845,64,,0.0,1,0,0,0,2,1.0,,,,,,,0.10573398321866989,0.7196120023727417,2.0038862228393555,0.01595,,0.2292
904,20000,0.0,24,2,0.0,30.0,0.0,0.0012430937495082617,0.19657713174819946,0.19579800963401794,0.37286895513534546,-0.0970592275261879,0.024828918278217316,0.4179314374923706,0.0010455116862431169,0.004677826538681984,0.7426458597183228,64,0.0321,0.0,0,0,1,0,2,1.0,,,,,,,0.13069382309913635,0.7122355699539185,2.0706024169921875,0.01605,,0.2292
905,20000,0.0,24,2,0.5,29.5,0.5,0.0010430627735331655,0.23326629400253296,0.2304864525794983,0.36541202664375305,-0.0942918211221695,0.042548343539237976,0.3719834089279175,0.0009163654176518321,0.005247541703283787,1.1241382360458374,64,0.0468,0.5,0,0,1,0,1,1.0,,,,,,,0.08387921005487442,0.8290901184082031,2.1094188690185547,0.0161,,0.2292
906,20000,0.0,24,2,0.5,29.5,0.5,0.001339510316029191,0.16624128818511963,0.1652001440525055,0.4843202829360962,-0.09087224304676056,0.09520024061203003,0.38037312030792236,0.000734920147806406,0.008837834931910038,1.2590266466140747,64,0.0439,0.5,0,0,1,0,1,1.0,,,,,,,0.07217659056186676,0.8132914304733276,2.15474796295166,0.01615,,0.2292
907,20000,0.0,24,2,0.5,28.5,0.5,0.0011446313001215458,0.20782342553138733,0.20953086018562317,0.4857041537761688,-0.09140819311141968,0.0543578565120697,0.4655117690563202,0.0007668560720048845,0.005769749637693167,0.9261422157287598,64,0.0799,0.5,0,0,1,0,1,1.0,,,,,,,0.09869778156280518,0.7268437147140503,1.976430892944336,0.0162,,0.2292
908,20000,0.0,24,2,0.3333,30.0,0.3333,0.0017642343882471323,0.19527654349803925,0.19539256393909454,0.5126557350158691,-0.09616374969482422,0.09378011524677277,0.4181821942329407,0.0011056471848860383,0.0061540622264146805,1.0186395645141602,64,0.0742,0.333,0,0,2,0,0,0.0,,,,,,,0.09440410137176514,0.6828107833862305,2.044701099395752,0.0161,,0.2292
909,20000,0.0,24,2,0.0,30.0,0.0,0.0013532653683796525,0.2085472196340561,0.20495197176933289,0.42890721559524536,-0.09321756660938263,0.0638275146484375,0.39151930809020996,0.0008828441496007144,0.005900852847844362,1.4188259840011597,64,0.0067,0.0,0,0,1,0,2,1.0,,,,,,,0.06570049375295639,0.8138973116874695,2.096367359161377,0.0161,,0.2292
910,20000,0.0,24,2,0.0,30.0,0.0,0.0008485913276672363,0.2031577229499817,0.1991996169090271,0.5287171602249146,-0.09696678817272186,0.07928143441677094,0.4641827344894409,0.0009066096390597522,0.005876707378774881,0.7877875566482544,64,0.0299,0.0,0,0,1,0,2,1.0,,,,,,,0.12308748066425323,0.8430594205856323,1.960587501525879,0.0162,,0.2292
911,20000,0.0,24,2,1.0,30.0,1.0,0.001190582406707108,0.24296922981739044,0.23940546810626984,0.3631388545036316,-0.0875781700015068,0.05746037885546684,0.33306264877319336,0.0006814622902311385,0.005467206705361605,1.2317742109298706,64,0.0171,1.0,0,0,0,0,2,1.0,,,,,,,0.07109920680522919,0.7939157485961914,2.147329330444336,0.01635,,0.2292
912,20000,0.0,24,2,0.0,30.0,0.0,0.0015817664097994566,0.1908426731824875,0.1836770921945572,0.5465770363807678,-0.0974055752158165,0.12660229206085205,0.38687217235565186,0.0008943992434069514,0.007811632473021746,0.7728981971740723,64,0.0507,0.0,0,0,1,0,2,1.0,,,,,,,0.12602639198303223,0.7331948280334473,2.0655412673950195,0.0164,,0.2292
913,20000,0.0,24,2,0.0,30.0,0.0,0.0011676761787384748,0.2805873155593872,0.275587260723114,0.3482813537120819,-0.09580524265766144,0.052678029984235764,0.33524516224861145,0.0007481480715796351,0.00697076553478837,1.3051550388336182,64,0.0433,0.0,1,0,1,0,1,1.0,,,,,,,0.07340525090694427,0.6557320356369019,2.0947623252868652,0.0164,,0.2292
914,20000,0.0,24,2,0.0,30.0,0.0,0.0008121422724798322,0.2097143679857254,0.2105562388896942,0.344357430934906,-0.09504774957895279,0.05152692645788193,0.3328760266304016,0.0009312201291322708,0.006950614508241415,1.2296165227890015,64,0.0881,0.0,1,0,2,0,0,0.0,,,,,,,0.07729868590831757,0.9029721617698669,2.1468253135681152,0.01635,,0.2292
915,20000,0.0,24,2,1.0,29.0,1.0,0.001081486465409398,0.20268023014068604,0.198639377951622,0.5681406259536743,-0.09939273446798325,0.12336137890815735,0.4174003601074219,0.0009066803031601012,0.006820421200245619,0.5973460674285889,64,0.0152,1.0,1,0,0,0,1,1.0,,,,,,,0.1663905382156372,0.750185489654541,2.0765738487243652,0.0164,,0.2292
916,20000,0.0,24,2,0.0,30.0,0.0,0.0024769073352217674,0.19232764840126038,0.19849026203155518,0.3694765567779541,-0.09603439271450043,0.06472855806350708,0.3327716886997223,0.0009608161053620279,0.0065642655827105045,1.0574558973312378,64,0.0661,0.0,0,0,2,0,1,1.0,,,,,,,0.0908164530992508,0.8748027682304382,2.1374528408050537,0.0163,,0.2292
917,20000,0.0,24,2,0.0,30.0,0.0,0.000956085161305964,0.1918952912092209,0.1943332552909851,0.47050848603248596,-0.09067749977111816,0.06977266073226929,0.4191991686820984,0.000704958860296756,0.0048829857259988785,0.8657108545303345,64,0.0298,0.0,0,0,2,0,1,1.0,,,,,,,0.10474339872598648,0.8157078623771667,2.0204365253448486,0.01625,,0.2292
918,20000,0.0,24,2,0.0,30.0,0.0,0.0012837534304708242,0.18018513917922974,0.17609575390815735,0.3537754714488983,-0.0971871018409729,0.03784738481044769,0.37190908193588257,0.0008464478305540979,0.006717426236718893,0.9014335870742798,64,0.0328,0.0,0,0,1,0,2,1.0,,,,,,,0.10781393945217133,0.7450291514396667,2.1490187644958496,0.0163,,0.2292
919,20000,0.0,24,2,0.0,30.0,0.0,0.001090332167223096,0.21300742030143738,0.20580273866653442,0.3753291070461273,-0.0959739163517952,0.0710706114768982,0.32617485523223877,0.0008205599733628333,0.005973869003355503,0.8826495409011841,64,0.0625,0.0,0,0,2,0,1,1.0,,,,,,,0.1087338849902153,0.7710151672363281,2.1764118671417236,0.0163,,0.2292
920,20000,0.0,24,2,0.0,30.0,0.0,0.0011685595382004976,0.1979871392250061,0.19352877140045166,0.4780375063419342,-0.09070555865764618,0.06614390760660172,0.4322294592857361,0.0005618984578177333,0.008451564237475395,1.4700411558151245,64,0.0334,0.0,1,0,2,0,0,0.0,,,,,,,0.06170273572206497,0.8496054410934448,2.097740650177002,0.01625,,0.2292
921,20000,0.0,24,2,0.0,30.0,0.0,0.0014961226843297482,0.20786312222480774,0.19982600212097168,0.5065811276435852,-0.0969204381108284,0.10180046409368515,0.3966684937477112,0.0008025494171306491,0.006464289966970682,0.696397602558136,64,0.0229,0.0,0,0,1,0,2,1.0,,,,,,,0.1391739845275879,0.8922101855278015,2.0471651554107666,0.01625,,0.2292
922,20000,0.0,24,2,0.0,30.0,0.0,0.0023343598004430532,0.21947288513183594,0.2156631052494049,0.4041644334793091,-0.08217503130435944,0.07803254574537277,0.3261692225933075,0.0006499351584352553,0.00821029581129551,1.909584879875183,64,0.0331,0.0,0,0,1,1,1,1.0,,,,,,,0.0430329293012619,0.7609128952026367,2.171431064605713,0.0163,,0.2292
923,20000,0.0,24,2,0.0,30.0,0.0,0.0014864137629047036,0.1966751217842102,0.18416349589824677,0.5313913226127625,-0.08916684985160828,0.07428522408008575,0.46798160672187805,0.0010646556038409472,0.008012180216610432,1.7675336599349976,64,0.042,0.0,1,0,1,0,1,1.0,,,,,,,0.05044703930616379,0.8150867819786072,2.190460681915283,0.01635,,0.2292
924,20000,0.0,24,2,0.0,30.0,0.0,0.0008512662607245147,0.23097391426563263,0.2314091920852661,0.4380134642124176,-0.0905175507068634,0.05386904999613762,0.4173474609851837,0.0008010712335817516,0.0068908920511603355,1.0486339330673218,64,0.0918,0.0,0,0,2,0,1,1.0,,,,,,,0.08631949126720428,0.6941303014755249,2.0414109230041504,0.0163,,0.2292
925,20000,0.0,24,2,0.0,28.0,0.0,0.0025305142626166344,0.19512507319450378,0.19615957140922546,0.5179534554481506,-0.09648867696523666,0.09693901240825653,0.4182126820087433,0.0007283007726073265,0.0047028339467942715,1.0933561325073242,64,0.0658,0.0,1,0,0,1,1,1.0,0.0836,0.4598,0.062,0,43,2,0.08824999630451202,0.72557532787323,2.015982151031494,0.01635,0.0625,0.2292
926,20000,0.0,24,2,0.0,0.0,0.0,0.0008882799884304404,0.19855712354183197,0.199000746011734,0.40313124656677246,-0.09576539695262909,0.06161016225814819,0.37195059657096863,0.0010990678565576673,0.007451443932950497,1.8996477127075195,64,,0.0,2,0,0,0,1,1.0,,,,,,,0.05041218921542168,0.825770378112793,2.13631272315979,0.0164,,0.2292
927,20000,0.0,24,2,0.0,30.0,0.0,0.0010377441067248583,0.23155269026756287,0.22338657081127167,0.4502340257167816,-0.09513543546199799,0.059897251427173615,0.42278480529785156,0.0009727697470225394,0.005580298602581024,0.8392443656921387,64,0.0193,0.0,0,0,2,0,1,1.0,,,,,,,0.11335845291614532,0.8214103579521179,2.0504276752471924,0.0164,,0.2292
928,20000,0.0,24,2,0.0,30.0,0.0,0.0014834771864116192,0.2046024203300476,0.19775985181331635,0.46411067247390747,-0.08798070251941681,0.08794249594211578,0.3723517656326294,0.0013824629131704569,0.007709251716732979,0.9186753630638123,64,0.0433,0.0,0,0,1,0,2,1.0,,,,,,,0.09576909244060516,0.9519881010055542,2.1263139247894287,0.0165,,0.2292
929,20000,0.0,24,2,0.0,27.5,0.0,0.0007768147625029087,0.18386894464492798,0.17957989871501923,0.5016500353813171,-0.09610746800899506,0.10984945297241211,0.374855637550354,0.0007128624711185694,0.006405968684703112,1.02732253074646,64,0.0713,0.0,0,0,1,1,1,1.0,,,,,,,0.093551404774189,0.9377657175064087,2.05766224861145,0.01655,,0.2292
930,20000,0.0,24,2,0.0,0.0,0.0,0.0017370101995766163,0.18999934196472168,0.19548797607421875,0.38498762249946594,-0.08936832845211029,0.07262999564409256,0.3261891007423401,0.00118744233623147,0.005813737865537405,1.6635559797286987,64,,0.0,0,0,0,0,3,1.0,,,,,,,0.05372126027941704,0.8341400027275085,2.206685781478882,0.01665,,0.2292
931,20000,0.0,24,2,0.0,30.0,0.0,0.001067388104274869,0.23928555846214294,0.2434229552745819,0.33673298358917236,-0.09532992541790009,0.02832377701997757,0.37153416872024536,0.0008152675582095981,0.0077623724937438965,0.8790504336357117,64,0.0507,0.0,0,0,3,0,0,0.0,,,,,,,0.10844647884368896,0.7258175611495972,2.10193133354187,0.0166,,0.2292
932,20000,0.0,24,2,0.0,30.0,0.0,0.0015207615215331316,0.193382129073143,0.20063641667366028,0.5397079586982727,-0.09666997194290161,0.037151411175727844,0.5587255954742432,0.0008306665695272386,0.006698953453451395,1.2259618043899536,64,0.0586,0.0,1,0,1,0,1,1.0,,,,,,,0.07885235548019409,0.6784366369247437,2.0688681602478027,0.01665,,0.2292
933,20000,0.0,24,2,0.0,30.0,0.0,0.0010502246441319585,0.17356473207473755,0.167680025100708,0.444023460149765,-0.09740567207336426,0.09472133219242096,0.34873509407043457,0.0009781213011592627,0.006502753589302301,1.1826914548873901,64,0.0478,0.0,1,0,1,0,1,1.0,,,,,,,0.08235932886600494,0.6879796981811523,2.1350314617156982,0.01665,,0.2292
934,20000,0.0,24,2,0.0,30.0,0.0,0.0018169523682445288,0.23045626282691956,0.2279135286808014,0.6285417079925537,-0.09266755729913712,0.08484283089637756,0.5440802574157715,0.0015249272109940648,0.014886753633618355,0.9458763003349304,64,0.0194,0.0,2,0,1,0,0,0.0,,,,,,,0.09797005355358124,0.7728938460350037,1.9766191244125366,0.0166,,0.2292
935,20000,0.0,24,2,0.0,30.0,0.0,0.0011996565153822303,0.2337239384651184,0.22871747612953186,0.4834628999233246,-0.09520139545202255,0.12376926839351654,0.32658714056015015,0.0005933893844485283,0.009077242575585842,0.8633856177330017,64,0.0188,0.0,1,0,1,0,1,1.0,,,,,,,0.11026521027088165,0.9178239703178406,2.135385513305664,0.0166,,0.2292
936,20000,0.0,24,2,0.0,30.0,0.0,0.004435190465301275,0.17448724806308746,0.16336150467395782,0.40770629048347473,-0.09166821092367172,0.06184331700205803,0.3722202777862549,0.0008983126608654857,0.0069352081045508385,1.1587378978729248,64,0.0588,0.0,0,0,2,0,1,1.0,,,,,,,0.07911039888858795,0.7851486206054688,2.1232194900512695,0.0166,,0.2292
937,20000,0.0,24,2,0.0,30.0,0.0,0.0011339806951582432,0.2111262083053589,0.21176010370254517,0.40046775341033936,-0.08703837543725967,0.051557496190071106,0.3817996382713318,0.0008449644083157182,0.005183009896427393,1.2200158834457397,64,0.056,0.0,1,0,1,0,1,1.0,,,,,,,0.07134200632572174,1.0437524318695068,2.083726406097412,0.01655,,0.2292
938,20000,0.0,24,2,0.0,30.0,0.0,0.0011767519172281027,0.14974930882453918,0.15502804517745972,0.42041343450546265,-0.09190824627876282,0.045750971883535385,0.41786327958106995,0.0007966990815475583,0.005912910681217909,1.293654203414917,64,0.0281,0.0,0,0,3,0,0,0.0,,,,,,,0.07104545086622238,0.783272922039032,2.0183310508728027,0.0164,,0.2292
939,20000,0.0,24,2,0.0,27.0,0.0,0.001491704722866416,0.16841432452201843,0.1642160713672638,0.49139493703842163,-0.09293113648891449,0.049390338361263275,0.4811106324195862,0.0007626824080944061,0.008869518525898457,1.3292531967163086,64,0.0879,0.0,1,0,0,1,1,1.0,,,,,,,0.06991228461265564,0.8262877464294434,2.1106503009796143,0.01645,,0.2292
940,20000,0.0,24,2,0.0,30.0,0.0,0.0014731503324583173,0.20557460188865662,0.19351160526275635,0.32481926679611206,-0.09782899171113968,0.04693537950515747,0.3257561922073364,0.0005414035986177623,0.006042590830475092,1.2808245420455933,64,0.0217,0.0,0,0,2,0,1,1.0,,,,,,,0.0763797014951706,0.7778043746948242,2.15484619140625,0.0164,,0.2292
941,20000,0.0,24,2,0.0,0.0,0.0,0.0021465907339006662,0.22491461038589478,0.22008612751960754,0.4128715693950653,-0.09529618173837662,0.06688601523637772,0.3713570833206177,0.000803582661319524,0.006077269092202187,0.9852970242500305,64,,0.0,2,0,0,0,1,1.0,,,,,,,0.09671823680400848,0.9353331327438354,2.129352569580078,0.01645,,0.2292
942,20000,0.0,24,2,0.0,29.0,0.0,0.0005177162820473313,0.19479092955589294,0.1946200579404831,0.49875298142433167,-0.09357215464115143,0.06042356416583061,0.4695778787136078,0.0004889656556770205,0.0038002750370651484,0.8760676383972168,64,0.0113,0.0,0,0,0,1,2,0.5,,,,,,,0.10680928081274033,0.7789413928985596,1.9752634763717651,0.0164,,0.2292
943,20000,0.0,24,2,0.0,30.0,0.0,0.0012898272834718227,0.1742940992116928,0.1749236285686493,0.41042977571487427,-0.09203645586967468,0.06347137689590454,0.37213078141212463,0.000604588829446584,0.006785395089536905,1.014328956604004,64,0.0235,0.0,0,0,1,0,2,1.0,,,,,,,0.09073629975318909,0.7166123390197754,2.150684356689453,0.0164,,0.2292
944,20000,0.0,24,2,0.0,30.0,0.0,0.0010301719885319471,0.2009892761707306,0.19792771339416504,0.6748321056365967,-0.098021000623703,0.1170305460691452,0.5332715511322021,0.000944850267842412,0.01104096882045269,0.7147375345230103,64,0.0634,0.0,0,0,2,0,1,1.0,,,,,,,0.13714264333248138,0.9545960426330566,1.9241178035736084,0.01635,,0.2292
945,20000,0.0,24,2,0.0,30.0,0.0,0.003035228466615081,0.1824953854084015,0.18262003362178802,0.5021404027938843,-0.09679685533046722,0.11234989762306213,0.3712295889854431,0.0006332808407023549,0.0060157678090035915,1.3088231086730957,64,0.0642,0.0,1,0,2,0,0,0.0,,,,,,,0.0739571750164032,0.8993679881095886,2.1401567459106445,0.0163,,0.2292
946,20000,0.0,24,2,0.0,30.0,0.0,0.0009047970524989069,0.22765634953975677,0.22852134704589844,0.6179220080375671,-0.09303629398345947,0.09671055525541306,0.5145534873008728,0.0007108125137165189,0.005967403762042522,0.9696723818778992,64,0.0446,0.0,0,0,2,0,1,1.0,,,,,,,0.09594611078500748,0.996943473815918,2.0751168727874756,0.0163,,0.2292
947,20000,0.0,24,2,0.0,30.0,0.0,0.0009335887152701616,0.15899957716464996,0.15760362148284912,0.42676842212677,-0.0922575518488884,0.09448395669460297,0.32709193229675293,0.000731716223526746,0.0059322789311409,1.2088230848312378,64,0.0542,0.0,0,0,2,0,1,1.0,,,,,,,0.07632014900445938,0.8494669795036316,2.1959786415100098,0.01625,,0.2292
948,20000,0.0,24,2,0.0,30.0,0.0,0.0007897837786003947,0.24141204357147217,0.2441168576478958,0.44786277413368225,-0.09212103486061096,0.05896339938044548,0.4190443456172943,0.0006640861392952502,0.006025330629199743,0.935046374797821,64,0.0273,0.0,0,0,1,0,2,0.5,,,,,,,0.09852027893066406,0.7527472972869873,2.0591330528259277,0.01625,,0.2292
949,20000,0.0,24,2,0.3333,29.67,0.3333,0.0008086183806881309,0.19639742374420166,0.2002052217721939,0.4419531524181366,-0.09063178300857544,0.07848571240901947,0.37137341499328613,0.0007815526914782822,0.008480188436806202,1.3787957429885864,64,0.0343,0.333,0,0,2,0,0,0.0,,,,,,,0.06573256850242615,0.7368201613426208,2.1496825218200684,0.01625,,0.2292
950,20000,0.0,24,2,0.0,30.0,0.0,0.00148949702270329,0.23774713277816772,0.23658373951911926,0.5260229110717773,-0.0967564731836319,0.05348026379942894,0.5122454166412354,0.0010216751834377646,0.007146876771003008,0.9813821911811829,64,0.0261,0.0,2,0,1,0,0,0.0,,,,,,,0.09859204292297363,0.8204187154769897,1.8813297748565674,0.01625,,0.2292
951,20000,0.0,24,2,0.0,29.0,0.0,0.0014049806632101536,0.23840530216693878,0.22468213737010956,0.4622038006782532,-0.0962168276309967,0.06894397735595703,0.4171501696109772,0.0006680790684185922,0.006764999590814114,0.9875664710998535,64,0.0418,0.0,1,0,0,1,1,0.0,,,,,,,0.09742820262908936,0.764734148979187,2.0304174423217773,0.01625,,0.2292
952,20000,0.0,24,2,1.0,27.0,1.0,0.0008279746398329735,0.2009948492050171,0.20612530410289764,0.5209335684776306,-0.09034638851881027,0.1412903070449829,0.3261309266090393,0.0008027389994822443,0.005136856809258461,1.489022970199585,64,0.0392,1.0,0,0,0,0,2,1.0,,,,,,,0.060674943029880524,0.9064328074455261,2.203094720840454,0.0163,,0.2292
953,20000,0.0,24,2,0.0,0.0,0.0,0.0009450309444218874,0.17940181493759155,0.1746930181980133,0.4335668981075287,-0.0966586172580719,0.054584942758083344,0.41779422760009766,0.0008890426252037287,0.00652280542999506,0.8892817497253418,64,,0.0,1,0,0,0,2,1.0,,,,,,,0.10869289934635162,0.9024800658226013,2.0381250381469727,0.0164,,0.2292
954,20000,0.0,24,2,0.0,30.0,0.0,0.0011897690128535032,0.207962304353714,0.216509148478508,0.4672207236289978,-0.09624682366847992,0.048497091978788376,0.46281135082244873,0.0006785214645788074,0.0073240166530013084,0.8334965109825134,64,0.0273,0.0,1,0,1,0,1,1.0,,,,,,,0.11547358334064484,0.7393288612365723,2.001492977142334,0.01635,,0.2292
955,20000,0.0,24,2,0.5,29.5,0.5,0.0009143379284068942,0.16763228178024292,0.16948170959949493,0.5672047734260559,-0.092930369079113,0.033195044845342636,0.5902315974235535,0.0008079925901256502,0.0070269363932311535,1.1507569551467896,64,0.0692,0.5,0,0,1,0,1,0.0,,,,,,,0.08075585961341858,0.87468022108078,1.9864051342010498,0.01635,,0.2292
956,20000,0.0,24,2,0.0,30.0,0.0,0.0007092015584930778,0.18252688646316528,0.17948052287101746,1.0039360523223877,-0.08716029673814774,0.14276795089244843,0.8026437759399414,0.000785779906436801,0.0058333417400717735,1.1566259860992432,64,0.0153,0.0,1,0,1,0,1,1.0,,,,,,,0.07535737007856369,0.9524738788604736,2.0086188316345215,0.01635,,0.2292
957,20000,0.0,24,2,0.3333,30.0,0.3333,0.0008488037274219096,0.2043958306312561,0.19880470633506775,0.4727054238319397,-0.09416074305772781,0.11858947575092316,0.3254338502883911,0.0008923237328417599,0.008506689220666885,1.2363415956497192,64,0.0231,0.333,0,0,2,0,0,0.0,,,,,,,0.07616078108549118,0.7649006843566895,2.153064012527466,0.01625,,0.2292
958,20000,0.0,24,2,0.0,30.0,0.0,0.0011396571062505245,0.1662147045135498,0.16424039006233215,0.5009610652923584,-0.09945081174373627,0.06933781504631042,0.45655760169029236,0.0008287915261462331,0.010357262566685677,0.9185294508934021,64,0.0284,0.0,0,0,2,0,1,1.0,,,,,,,0.1082717776298523,0.7671214938163757,2.136747360229492,0.01615,,0.2292
959,20000,0.0,24,2,0.0,30.0,0.0,0.0012700380757451057,0.18704059720039368,0.18926244974136353,0.4139590263366699,-0.09410420060157776,0.08895839750766754,0.32577675580978394,0.0007651172927580774,0.008739379234611988,1.152580976486206,64,0.0641,0.0,0,0,1,0,2,1.0,,,,,,,0.08164650201797485,0.8662694692611694,2.2074954509735107,0.01615,,0.2292
960,20000,0.0,24,2,0.0,30.0,0.0,0.0012446439359337091,0.23922526836395264,0.23598209023475647,0.5140087604522705,-0.09536637365818024,0.13063392043113708,0.34418949484825134,0.000529841345269233,0.00783558003604412,0.9867219924926758,64,0.0348,0.0,0,0,1,0,2,1.0,,,,,,,0.09664969146251678,0.9774153232574463,2.1474437713623047,0.0162,,0.2292
961,20000,0.0,24,2,1.0,30.0,1.0,0.0010383175686001778,0.20632973313331604,0.2085287868976593,0.44497382640838623,-0.09499672800302505,0.036790020763874054,0.4635491371154785,0.0008069936884567142,0.005682769231498241,0.9994580149650574,64,0.0268,1.0,1,0,0,0,1,1.0,,,,,,,0.09504824876785278,0.7347907423973083,2.0022571086883545,0.0163,,0.2292
962,20000,0.0,24,2,0.0,0.0,0.0,0.0012581568444147706,0.19564995169639587,0.20353680849075317,0.38662171363830566,-0.09236641228199005,0.02849259041249752,0.4194127321243286,0.0010261732386425138,0.0051804110407829285,1.0636953115463257,64,,0.0,1,0,0,0,2,1.0,0.089,0.4533,0.062,0,44,1,0.08683539927005768,0.7612947821617126,2.029533863067627,0.01635,0.0625,0.2292
963,20000,0.0,24,2,0.5,29.5,0.5,0.0010484642116352916,0.20622411370277405,0.19967427849769592,0.5765777230262756,-0.09795254468917847,0.11576022207736969,0.4396040737628937,0.001072608632966876,0.0068114884197711945,1.0721518993377686,64,0.0191,0.5,0,0,1,0,1,1.0,,,,,,,0.09136069566011429,0.7601275444030762,2.179337978363037,0.01645,,0.2292
964,20000,0.0,24,2,0.0,0.0,0.0,0.0012252512387931347,0.14584152400493622,0.14686104655265808,0.4403872489929199,-0.09417332708835602,0.07314161956310272,0.38511013984680176,0.001382804592140019,0.00633445056155324,1.0957789421081543,64,,0.0,1,0,0,0,2,1.0,,,,,,,0.08594190329313278,0.7925223112106323,2.07951021194458,0.0165,,0.2292
965,20000,0.0,24,2,0.0,30.0,0.0,0.004453328438103199,0.21752481162548065,0.208430677652359,0.5026217103004456,-0.09579453617334366,0.06081491708755493,0.47457996010780334,0.0009313658229075372,0.004412897862493992,1.3927735090255737,64,0.0496,0.0,0,0,1,0,2,1.0,,,,,,,0.06877969205379486,0.7272469401359558,2.0875401496887207,0.0166,,0.2292
966,20000,0.0,24,2,1.0,28.0,1.0,0.0010238679824396968,0.18535500764846802,0.18912345170974731,0.5278074741363525,-0.0883636400103569,0.09715782105922699,0.4181599020957947,0.0006932418327778578,0.007391107734292746,1.3061189651489258,64,0.0174,1.0,0,0,0,0,2,1.0,,,,,,,0.067653588950634,0.7787510752677917,2.05849289894104,0.01675,,0.2292
967,20000,0.0,24,2,0.0,30.0,0.0,0.0008403497631661594,0.1771979033946991,0.17434298992156982,0.5083484053611755,-0.09567953646183014,0.11485594511032104,0.371573269367218,0.0007753557292744517,0.005485489498823881,1.0007067918777466,64,0.0716,0.0,0,0,1,0,2,1.0,,,,,,,0.09561195969581604,0.7640237212181091,2.1244661808013916,0.0168,,0.2292
968,20000,0.0,24,2,0.0,30.0,0.0,0.0015655301976948977,0.22016514837741852,0.22121833264827728,0.41880878806114197,-0.09738582372665405,0.02459101378917694,0.4641369879245758,0.0008395158220082521,0.005751168821007013,0.7669966816902161,64,0.0205,0.0,0,0,2,0,1,1.0,,,,,,,0.1269703209400177,0.6793608069419861,1.977185845375061,0.0168,,0.2292
969,20000,0.0,24,2,0.0,0.0,0.0,0.0017851719167083502,0.17332026362419128,0.16220663487911224,0.4107445180416107,-0.09722145646810532,0.061052754521369934,0.3823947012424469,0.0009821309940889478,0.006931517738848925,0.8957083821296692,64,,0.0,0,0,0,0,3,1.0,,,,,,,0.10854141414165497,0.7696230411529541,2.052628755569458,0.0169,,0.2292
970,20000,0.0,24,2,0.0,30.0,0.0,0.0009259121725335717,0.22207075357437134,0.22298797965049744,0.44709667563438416,-0.09780971705913544,0.06132037565112114,0.41905519366264343,0.000503775489050895,0.006420935038477182,0.7494105696678162,64,0.041,0.0,2,0,1,0,0,0.0,,,,,,,0.13051551580429077,0.8709726333618164,2.04399037361145,0.0169,,0.2292
971,20000,0.0,24,2,0.0,30.0,0.0,0.0019520733039826155,0.25839096307754517,0.2543695271015167,0.463591605424881,-0.0992671549320221,0.07016478478908539,0.4186161458492279,0.0006987160304561257,0.007826103828847408,0.8068581819534302,64,0.0366,0.0,1,0,1,0,1,1.0,,,,,,,0.12302924692630768,0.6777434349060059,2.0814404487609863,0.0169,,0.2292
972,20000,0.0,24,2,0.0,0.0,0.0,0.0012989809038117528,0.157621830701828,0.16322320699691772,0.3469805121421814,-0.09186279773712158,0.031833093613386154,0.37125781178474426,0.0007254499359987676,0.007838617078959942,1.1955074071884155,64,,0.0,1,0,0,0,2,1.0,,,,,,,0.07683999836444855,0.7631663680076599,2.1523356437683105,0.01695,,0.2292
973,20000,0.0,24,2,0.0,30.0,0.0,0.0006543135386891663,0.19385598599910736,0.18593916296958923,0.5349241495132446,-0.09682545065879822,0.105715811252594,0.41746625304222107,0.0007987411809153855,0.005703417118638754,0.8808793425559998,64,0.1034,0.0,1,0,1,0,1,1.0,,,,,,,0.10991907864809036,0.9209403991699219,2.0406339168548584,0.017,,0.2292
974,20000,0.0,24,2,0.0,30.0,0.0,0.001007408951409161,0.20975063741207123,0.2016609013080597,0.43613916635513306,-0.09508727490901947,0.10011690109968185,0.3274960517883301,0.0008016244973987341,0.006993200164288282,1.017870306968689,64,0.0321,0.0,0,0,1,0,2,1.0,,,,,,,0.09341786801815033,0.7952373027801514,2.199538230895996,0.01705,,0.2292
975,20000,0.0,24,2,0.0,30.0,0.0,0.0008332134457305074,0.1918308436870575,0.19405344128608704,0.3455105721950531,-0.09864144027233124,0.04445865750312805,0.35111862421035767,0.0007862761267460883,0.008232186548411846,0.9836481213569641,64,0.0336,0.0,0,0,1,0,2,1.0,,,,,,,0.10028122365474701,0.7542545199394226,2.1135168075561523,0.01705,,0.2292
976,20000,0.0,24,2,0.0,29.0,0.0,0.0010486673563718796,0.21403831243515015,0.21503904461860657,0.4532729685306549,-0.09670405834913254,0.06422558426856995,0.41924044489860535,0.0008927043527364731,0.0045708706602454185,0.6245884299278259,64,0.0715,0.0,0,0,1,1,1,1.0,,,,,,,0.15482845902442932,0.8825642466545105,2.069125175476074,0.01705,,0.2292
977,20000,0.0,24,2,0.0,0.0,0.0,0.0020019507501274347,0.2348802536725998,0.2427462935447693,0.3569837212562561,-0.09610103070735931,0.06257778406143188,0.3255962133407593,0.0007409870740957558,0.004665966145694256,0.9599675536155701,64,,0.0,2,0,0,0,1,0.0,,,,,,,0.10010862350463867,0.7882270812988281,2.1824541091918945,0.01705,,0.2292
978,20000,0.0,24,2,0.0,30.0,0.0,0.0017759297043085098,0.22566930949687958,0.22616535425186157,0.33894339203834534,-0.09510889649391174,0.05253646895289421,0.32557767629623413,0.001087885000742972,0.0068033114075660706,1.2154237031936646,64,0.0426,0.0,0,0,3,0,0,0.0,,,,,,,0.07825163006782532,0.816239058971405,2.217644691467285,0.017,,0.2292
979,20000,0.0,24,2,0.0,0.0,0.0,0.0007038037292659283,0.15810340642929077,0.16167858242988586,0.39201605319976807,-0.09130214154720306,0.05374448746442795,0.37216606736183167,0.000770063023082912,0.007326304912567139,1.5188071727752686,64,,0.0,0,0,0,0,3,1.0,,,,,,,0.06011437252163887,0.7619306445121765,2.127074718475342,0.0171,,0.2292
980,20000,0.0,24,2,0.0,29.0,0.0,0.00122035201638937,0.22516681253910065,0.2265273928642273,0.4832344651222229,-0.08617984503507614,0.07299848645925522,0.42049530148506165,0.0007197171216830611,0.0058440533466637135,1.2668884992599487,64,0.0262,0.5,0,1,1,0,1,1.0,,,,,,,0.06802481412887573,0.7678787112236023,2.0722579956054688,0.0171,,0.2292
981,20000,0.0,24,2,0.0,0.0,0.0,0.0010748176136985421,0.1467379927635193,0.13746467232704163,0.5649546980857849,-0.0945051833987236,0.11612360179424286,0.4246814548969269,0.000820018642116338,0.00506246741861105,0.982184886932373,64,,0.0,0,0,0,0,3,0.667,,,,,,,0.09621933847665787,0.8583215475082397,2.102684259414673,0.0171,,0.2292
982,20000,0.0,24,2,0.3333,30.0,0.3333,0.0012217280454933643,0.19327425956726074,0.183950737118721,0.5219441056251526,-0.09523101150989532,0.07545530050992966,0.4633638262748718,0.0009223122615367174,0.00580130098387599,0.7525286674499512,64,0.0313,0.333,0,0,2,0,0,0.0,,,,,,,0.12654800713062286,0.8552999496459961,1.976483702659607,0.0171,,0.2292
983,20000,0.0,24,2,0.0,26.0,0.0,0.0016295796958729625,0.22237341105937958,0.21954354643821716,0.3476375937461853,-0.09645979106426239,0.032777007669210434,0.3758752942085266,0.0007691478822380304,0.005336147267371416,0.8972074389457703,64,0.1559,0.0,1,0,1,1,0,0.0,,,,,,,0.10751113295555115,0.661461591720581,2.086756706237793,0.01705,,0.2292
984,20000,0.0,24,2,0.0,30.0,0.0,0.0013383559416979551,0.16037175059318542,0.16227638721466064,0.4066210985183716,-0.09489040821790695,0.06282421201467514,0.37292271852493286,0.0009277841891162097,0.0058807432651519775,0.9071146845817566,64,0.0225,0.0,0,0,3,0,0,0.0,,,,,,,0.10460684448480606,0.7488977313041687,2.1378390789031982,0.01695,,0.2292
985,20000,0.0,24,2,0.0,30.0,0.0,0.0019509129924699664,0.1922227442264557,0.1909458190202713,0.36883604526519775,-0.09751762449741364,0.04546799510717392,0.3712753653526306,0.0007645730511285365,0.008284606970846653,1.045152187347412,64,0.0506,0.0,1,0,2,0,0,0.0,,,,,,,0.09330472350120544,0.8923486471176147,2.1406679153442383,0.01685,,0.2292
986,20000,0.0,24,2,0.5,30.0,0.5,0.0011759067419916391,0.16421306133270264,0.1693396270275116,0.5189996361732483,-0.09156450629234314,0.09365160763263702,0.41980940103530884,0.0010703259613364935,0.0069030821323394775,0.7309529781341553,64,0.043,0.5,0,0,1,0,1,1.0,,,,,,,0.12526729702949524,0.8250734806060791,2.0715763568878174,0.0168,,0.2292
987,20000,0.0,24,2,0.0,30.0,0.0,0.0018028889317065477,0.2039969116449356,0.20790177583694458,0.4197874963283539,-0.09531156718730927,0.04734761640429497,0.4174670875072479,0.0008557795663364232,0.005873501766473055,0.8791369795799255,64,0.0358,0.0,0,0,3,0,0,0.0,,,,,,,0.10841492563486099,0.648338258266449,2.071591377258301,0.01675,,0.2292
988,20000,0.0,24,2,0.0,30.0,0.0,0.0019946398679167032,0.26525548100471497,0.2582394480705261,0.35141533613204956,-0.0982484370470047,0.03756311908364296,0.3711332082748413,0.0008496482041664422,0.006808627862483263,0.970303475856781,64,0.0167,0.0,1,0,1,0,1,1.0,,,,,,,0.10125535726547241,0.7234635353088379,2.1484460830688477,0.0168,,0.2292
989,20000,0.0,24,2,0.0,0.0,0.0,0.0019098983611911535,0.14887486398220062,0.14437150955200195,0.566918671131134,-0.09230190515518188,0.07142502814531326,0.5131393074989319,0.001326194847933948,0.006462424993515015,1.1442840099334717,64,,0.0,0,0,0,0,3,1.0,,,,,,,0.08066345006227493,1.0352962017059326,1.959289312362671,0.01695,,0.2292
990,20000,0.0,24,2,0.0,30.0,0.0,0.0009879120625555515,0.19223232567310333,0.19477617740631104,0.3213164806365967,-0.09637193381786346,0.041742898523807526,0.33039167523384094,0.0006848089396953583,0.007621861062943935,1.1002073287963867,64,0.1019,0.0,0,0,1,0,2,0.5,,,,,,,0.08759433776140213,0.7667897939682007,2.176791191101074,0.01695,,0.2292
991,20000,0.0,24,2,0.0,0.0,0.0,0.0010623227572068572,0.21012137830257416,0.215682715177536,0.6742038726806641,-0.09131588041782379,0.19511638581752777,0.37139928340911865,0.00085068418411538,0.0077753798104822636,1.1455363035202026,64,,0.0,1,0,0,0,2,0.5,,,,,,,0.07971452176570892,0.8811752796173096,2.115549087524414,0.017,,0.2292
992,20000,0.0,24,2,0.0,30.0,0.0,0.004341892898082733,0.1655787080526352,0.15730294585227966,0.3908790051937103,-0.09027951955795288,0.0757719948887825,0.3260810673236847,0.0009101540199480951,0.007066922262310982,1.6466648578643799,64,0.0485,0.0,0,0,2,0,1,1.0,,,,,,,0.05482567101716995,0.8809587359428406,2.187283515930176,0.017,,0.2292
993,20000,0.0,24,2,0.0,30.0,0.0,0.0012370956828817725,0.18771904706954956,0.18866008520126343,0.6630344986915588,-0.0989273339509964,0.17175772786140442,0.41587674617767334,0.0006400015554390848,0.005139222834259272,0.8880074620246887,64,0.047,0.0,1,0,1,0,1,0.0,,,,,,,0.11140371859073639,0.7147263288497925,2.001040458679199,0.01695,,0.2292
994,20000,0.0,24,2,0.0,30.0,0.0,0.0013720638817176223,0.2192433923482895,0.2212141901254654,0.40959852933883667,-0.09729449450969696,0.06455467641353607,0.3751169443130493,0.0010137701174244285,0.0053333984687924385,0.9267584681510925,64,0.0721,0.0,0,0,1,0,2,1.0,,,,,,,0.10498365759849548,0.7652024030685425,2.033506393432617,0.017,,0.2292
995,20000,0.0,24,2,0.0,0.0,0.0,0.0015384498983621597,0.25728869438171387,0.2439267933368683,0.3691297173500061,-0.09568920731544495,0.04314567148685455,0.3754934072494507,0.0008120524580590427,0.006068378686904907,1.0049326419830322,64,,0.0,0,0,0,0,3,1.0,,,,,,,0.09521952271461487,0.8148564696311951,2.0949783325195312,0.01715,,0.2292
996,20000,0.0,24,2,0.0,30.0,0.0,0.0013754056999459863,0.2209380865097046,0.2125479280948639,0.4014514684677124,-0.09846500307321548,0.040169231593608856,0.41700369119644165,0.0006411073845811188,0.005148673430085182,0.8819722533226013,64,0.0476,0.0,0,0,1,0,2,0.5,,,,,,,0.11164183914661407,0.7483023405075073,2.052809715270996,0.01715,,0.2292
997,20000,0.0,24,2,0.0,30.0,0.0,0.0012607877142727375,0.21304187178611755,0.21795493364334106,0.3837288022041321,-0.09452887624502182,0.05163958668708801,0.3713846206665039,0.000725171878002584,0.007187812123447657,0.8107191920280457,64,0.0409,0.0,0,0,1,0,2,1.0,,,,,,,0.11659877747297287,0.7800218462944031,2.1208813190460205,0.01715,,0.2292
998,20000,0.0,24,2,0.0,30.0,0.0,0.008616466075181961,0.19261783361434937,0.21172060072422028,0.35523131489753723,-0.09689337015151978,0.05625772103667259,0.3375711739063263,0.0008035821956582367,0.004076152108609676,0.8360326886177063,64,0.0255,0.0,0,0,1,0,2,1.0,,,,,,,0.11589661985635757,0.733189582824707,2.139800786972046,0.0172,,0.2292
999,20000,0.0,24,2,0.0,30.0,0.0,0.002198147354647517,0.22395609319210052,0.2186511904001236,0.5481303930282593,-0.0976899042725563,0.03351780027151108,0.5756480097770691,0.0008838079520501196,0.0062733860686421394,0.7871911525726318,64,0.0444,0.0,0,0,1,0,2,1.0,0.0735,0.3525,0.083,1,40,4,0.12409933656454086,0.7562653422355652,2.050631284713745,0.0172,0.0625,0.2292
1000,20000,0.0,24,2,0.0,0.0,0.0,0.0015479999128729105,0.18325528502464294,0.1782967895269394,0.46201595664024353,-0.09841477125883102,0.05642777308821678,0.44478628039360046,0.0014495458453893661,0.005577830132097006,0.7271454334259033,64,,0.0,1,0,0,0,2,1.0,,,,,,,0.1353439837694168,0.7494356632232666,2.038572311401367,0.01725,,0.2292
1001,20000,0.0,24,2,0.0,30.0,0.0,0.00159281468950212,0.22895114123821259,0.23257865011692047,0.716197669506073,-0.09686960279941559,0.19629333913326263,0.41707658767700195,0.0009181940113194287,0.006808090023696423,0.9284106492996216,64,0.0406,0.0,0,0,2,0,1,0.0,,,,,,,0.10433917492628098,0.8175338506698608,2.0877249240875244,0.0172,,0.2292
1002,20000,0.0,24,2,0.0,0.0,0.0,0.0009843037696555257,0.24722059071063995,0.24753902852535248,0.5459028482437134,-0.09490367770195007,0.1307893693447113,0.3766379654407501,0.0006052601966075599,0.005179691128432751,0.87117999792099,64,,0.0,1,0,0,0,2,0.5,,,,,,,0.10893692076206207,0.8483608961105347,2.0590627193450928,0.01715,,0.2292
1003,20000,0.0,24,2,0.0,30.0,0.0,0.0008306311792694032,0.26039648056030273,0.25548791885375977,0.3144491910934448,-0.09546883404254913,0.0407673679292202,0.3254120349884033,0.0006925596389919519,0.005942529067397118,1.3511160612106323,64,0.0456,0.0,2,0,1,0,0,0.0,,,,,,,0.07065923511981964,0.6579760313034058,2.1847290992736816,0.0171,,0.2292
1004,20000,0.0,24,2,0.0,30.0,0.0,0.0006447897758334875,0.19238372147083282,0.1854456663131714,0.47136417031288147,-0.09726503491401672,0.07211491465568542,0.42116180062294006,0.0005882417899556458,0.006475160364061594,1.08368980884552,64,0.0483,0.0,0,0,1,0,2,0.5,,,,,,,0.08975357562303543,0.8050411939620972,2.0802836418151855,0.017,,0.2292
1005,20000,0.0,24,2,0.5,30.0,0.5,0.0009818903636187315,0.24448201060295105,0.23715898394584656,0.4329855442047119,-0.09829281270503998,0.03182768449187279,0.46478670835494995,0.000713951769284904,0.005672577302902937,0.8343834280967712,64,0.0277,0.5,1,0,1,0,0,0.0,,,,,,,0.1178029403090477,0.7636944651603699,2.003264904022217,0.017,,0.2292
1006,20000,0.0,24,2,0.0,30.0,0.0,0.0008023807313293219,0.2348542958498001,0.23818065226078033,0.41121765971183777,-0.09358154237270355,0.04099814221262932,0.4195507764816284,0.0006327586597763002,0.00650427583605051,0.9676993489265442,64,0.0275,0.0,0,0,1,0,2,1.0,,,,,,,0.09670518338680267,0.8290631771087646,2.0291781425476074,0.017,,0.2292
1007,20000,0.0,24,2,0.0,30.0,0.0,0.0010049467673525214,0.16556128859519958,0.16680492460727692,0.38651910424232483,-0.09517836570739746,0.03103666380047798,0.4174867570400238,0.0008117028628475964,0.004274792969226837,0.9466568827629089,64,0.0723,0.0,0,0,2,0,1,1.0,,,,,,,0.10054156929254532,0.668761670589447,2.080794334411621,0.017,,0.2292
1008,20000,0.0,24,2,0.0,28.5,0.0,0.0010280581191182137,0.23756781220436096,0.2205229550600052,0.47827887535095215,-0.09752929210662842,0.10063248872756958,0.3713369369506836,0.0007228321628645062,0.006412521470338106,1.0913125276565552,64,0.0591,0.0,0,0,1,1,1,1.0,,,,,,,0.0893687903881073,0.7401399612426758,2.150364875793457,0.01695,,0.2292
1009,20000,0.0,24,2,0.0,0.0,0.0,0.0019013856071978807,0.17708617448806763,0.17084303498268127,0.4209383726119995,-0.09790116548538208,0.069517120718956,0.376621276140213,0.0009735855855979025,0.006368057802319527,1.0069019794464111,64,,0.0,0,0,0,0,3,0.333,,,,,,,0.09723009169101715,0.775141716003418,2.0606346130371094,0.01695,,0.2292
1010,20000,0.0,24,2,0.0,0.0,0.0,0.0020712465047836304,0.1949472725391388,0.1944497525691986,0.35048791766166687,-0.09881925582885742,0.05100121349096298,0.3451772928237915,0.0015137819573283195,0.0042548999190330505,1.2206225395202637,64,,0.0,1,0,0,0,2,1.0,,,,,,,0.08095808327198029,0.8695406913757324,2.120924711227417,0.017,,0.2292
1011,20000,0.0,24,2,0.0,30.0,0.0,0.0010860420297831297,0.18369127810001373,0.18780693411827087,0.4425542950630188,-0.09588878601789474,0.03282066434621811,0.46898356080055237,0.0007488139090128243,0.007636378053575754,0.7168156504631042,64,0.0891,0.0,1,0,1,0,1,1.0,,,,,,,0.13377049565315247,0.7650001049041748,2.0296249389648438,0.017,,0.2292
1012,20000,0.0,24,2,0.0,0.0,0.0,0.0007538850768469274,0.2086915671825409,0.20485582947731018,0.3187822699546814,-0.09351341426372528,0.041372813284397125,0.325593501329422,0.0007908449042588472,0.007913087494671345,1.7966221570968628,64,,0.0,2,0,0,0,1,1.0,,,,,,,0.05204956606030464,0.8755468130111694,2.1780877113342285,0.01705,,0.2292
1013,20000,0.0,24,2,0.0,30.0,0.0,0.0012016075197607279,0.2699037790298462,0.26763877272605896,0.3446792960166931,-0.09395763278007507,0.054774388670921326,0.325566828250885,0.0009534731507301331,0.0070426748134195805,1.2864384651184082,64,0.0529,0.0,0,0,3,0,0,0.0,,,,,,,0.0730370283126831,0.7907547950744629,2.2123405933380127,0.0169,,0.2292
1014,20000,0.0,24,2,0.0,30.0,0.0,0.0010453029535710812,0.3086029291152954,0.31527143716812134,0.5280107855796814,-0.09324765205383301,0.12330041825771332,0.37130463123321533,0.0006183155928738415,0.006705913692712784,1.189703106880188,64,0.0559,0.0,1,0,2,0,0,0.0,,,,,,,0.07837892323732376,0.6803107261657715,2.1331067085266113,0.01685,,0.2292
1015,20000,0.0,24,2,0.0,30.0,0.0,0.0012360916007310152,0.20150801539421082,0.1958669126033783,0.3982440233230591,-0.09833227097988129,0.03770637512207031,0.41821399331092834,0.0010999231599271297,0.005899056792259216,0.9149419665336609,64,0.0211,0.0,0,0,1,1,1,0.0,,,,,,,0.10747378319501877,0.760025680065155,2.0407702922821045,0.01685,,0.2292
1016,20000,0.0,24,2,0.0,30.0,0.0,0.0017775367014110088,0.15762381255626678,0.15928961336612701,0.35027673840522766,-0.08980756998062134,0.054681554436683655,0.3256341218948364,0.0021213109139353037,0.010174180381000042,1.4288763999938965,64,0.0587,0.0,1,0,2,0,0,0.0,,,,,,,0.06285189092159271,0.6853345632553101,2.1963114738464355,0.0168,,0.2292
1017,20000,0.0,24,2,0.0,0.0,0.0,0.000782814109697938,0.24416163563728333,0.2416393756866455,0.7099093198776245,-0.09809035062789917,0.09843759983778,0.6081658005714417,0.0006543651688843966,0.0059172622859478,1.1474609375,64,,0.0,1,0,0,0,2,1.0,,,,,,,0.08548469841480255,0.8060835599899292,2.0322015285491943,0.0168,,0.2292
1018,20000,0.0,24,2,0.0,30.0,0.0,0.0008649826049804688,0.1763029545545578,0.17489750683307648,0.3472834825515747,-0.09394476562738419,0.05560070276260376,0.32590389251708984,0.0007645008154213428,0.008245880715548992,1.3076467514038086,64,0.021,0.0,1,0,1,0,1,1.0,,,,,,,0.07184261083602905,0.8912658095359802,2.2130165100097656,0.0168,,0.2292
1019,20000,0.0,24,2,0.0,25.5,0.0,0.0018523122416809201,0.23908206820487976,0.23729559779167175,0.3874179422855377,-0.0948876291513443,0.05337737128138542,0.37186768651008606,0.000838371692225337,0.00736631453037262,1.2817662954330444,64,0.1085,0.0,0,0,1,1,1,1.0,,,,,,,0.07402880489826202,0.7941465377807617,2.118096351623535,0.0168,,0.2292
1020,20000,0.0,24,2,0.0,30.0,0.0,0.0007909582345746458,0.216023251414299,0.21249116957187653,0.3152673840522766,-0.09334275871515274,0.03931216895580292,0.32548987865448,0.0005529271438717842,0.008991851471364498,1.8141144514083862,64,0.0603,0.0,1,0,1,0,1,1.0,,,,,,,0.051453620195388794,0.8466991186141968,2.175123929977417,0.0168,,0.2292
1021,20000,0.0,24,2,1.0,29.0,1.0,0.0008680867031216621,0.19901931285858154,0.19885636866092682,0.49147337675094604,-0.09387753903865814,0.07190270721912384,0.4386783540248871,0.0006223293021321297,0.005734348203986883,0.843701183795929,64,0.014,1.0,1,0,0,0,1,1.0,,,,,,,0.11126871407032013,0.9388326406478882,2.02952241897583,0.0168,,0.2292
1022,20000,0.0,24,2,0.0,30.0,0.0,0.001482147490605712,0.19286996126174927,0.19570794701576233,0.3787209987640381,-0.09710409492254257,0.050457634031772614,0.3719223141670227,0.0006903554894961417,0.005975011270493269,1.0282925367355347,64,0.0396,0.0,0,0,3,0,0,0.0,,,,,,,0.09443236142396927,0.6960672736167908,2.1329784393310547,0.0168,,0.2292
1023,20000,0.0,24,2,0.0,30.0,0.0,0.0011539923725649714,0.26491034030914307,0.2652682960033417,0.42718881368637085,-0.08812318742275238,0.07044219970703125,0.37183696031570435,0.0007776113343425095,0.005181311629712582,1.3391129970550537,64,0.0221,0.0,0,0,1,0,2,1.0,,,,,,,0.06580713391304016,0.8937972784042358,2.1304309368133545,0.01685,,0.2292
1024,20000,0.0,24,2,0.0,28.0,0.0,0.002673679729923606,0.2196943163871765,0.21951860189437866,0.3926845192909241,-0.09327737987041473,0.05517839640378952,0.3727390170097351,0.0005736586754210293,0.005732183810323477,0.9376074075698853,64,0.0075,0.0,0,0,0,1,2,1.0,,,,,,,0.09948447346687317,0.8360472917556763,2.1089799404144287,0.0169,,0.2292
1025,20000,0.0,24,2,0.0,30.0,0.0,0.0007092624437063932,0.20981237292289734,0.2099064290523529,0.38048261404037476,-0.09109554439783096,0.047169752418994904,0.3743509352207184,0.0006384801235981286,0.005775454454123974,1.2831677198410034,64,0.0371,0.0,2,0,1,0,0,0.0,,,,,,,0.07099270075559616,0.8917278051376343,2.076730728149414,0.01685,,0.2292
1026,20000,0.0,24,2,0.0,30.0,0.0,0.002793689724057913,0.18880435824394226,0.18165215849876404,0.5125817656517029,-0.09332618117332458,0.11326532065868378,0.375996857881546,0.0008481319528073072,0.006760916206985712,1.267167091369629,64,0.0315,0.0,0,0,2,0,1,1.0,,,,,,,0.07364946603775024,0.7644001245498657,2.0241284370422363,0.01685,,0.2292
1027,20000,0.0,24,2,0.0,29.0,0.0,0.001233414513990283,0.17786091566085815,0.17302662134170532,0.342523455619812,-0.08961834013462067,0.05096479505300522,0.3257773816585541,0.0005519251571968198,0.008869645185768604,1.8790388107299805,64,0.0217,0.0,0,0,0,1,2,0.5,,,,,,,0.04769371449947357,0.7329896688461304,2.15395188331604,0.0168,,0.2292
1028,20000,0.0,24,2,0.0,30.0,0.0,0.0014269337989389896,0.24023377895355225,0.2425001859664917,0.4159912168979645,-0.0960712879896164,0.05621160566806793,0.396910697221756,0.0006275538471527398,0.005457229446619749,0.8654829263687134,64,0.0354,0.0,0,0,3,0,0,0.0,,,,,,,0.1110031008720398,0.7989072203636169,2.0812551975250244,0.0167,,0.2292
1029,20000,0.0,24,2,0.0,30.0,0.0,0.0011145846219733357,0.22430795431137085,0.22927317023277283,0.5348299741744995,-0.09684182703495026,0.06966053694486618,0.4897350072860718,0.0006595084560103714,0.005231439135968685,1.1722007989883423,64,0.0314,0.0,0,0,2,0,1,1.0,,,,,,,0.08261539041996002,0.6702274084091187,2.0216894149780273,0.01665,,0.2292
1030,20000,0.0,24,2,0.0,30.0,0.0,0.001744351931847632,0.17063477635383606,0.16360768675804138,0.3386564552783966,-0.09041977673768997,0.049601830542087555,0.32564836740493774,0.0007165968418121338,0.00844842940568924,1.9214928150177002,64,0.0584,0.0,0,0,1,0,2,0.5,,,,,,,0.04705704748630524,0.7375499606132507,2.203230857849121,0.01665,,0.2292
1031,20000,0.0,24,2,0.0,0.0,0.0,0.0008064727298915386,0.19721277058124542,0.20095863938331604,0.6668701171875,-0.083403080701828,0.06204669922590256,0.622553288936615,0.0005893696215935051,0.00725306011736393,2.8306314945220947,64,,0.0,2,0,0,0,1,1.0,,,,,,,0.02946447767317295,0.843833863735199,2.194837808609009,0.0167,,0.2292
1032,20000,0.0,24,2,1.0,28.0,1.0,0.0013840652536600828,0.162954181432724,0.17164847254753113,0.5488401055335999,-0.09081342816352844,0.06366415321826935,0.509154200553894,0.000608661794103682,0.006342052016407251,0.8842318654060364,64,0.039,1.0,0,0,0,0,2,0.0,,,,,,,0.10270318388938904,0.737257182598114,1.93668532371521,0.0167,,0.2292
1033,20000,0.0,24,2,0.0,30.0,0.0,0.001211412250995636,0.2400422841310501,0.2509411573410034,0.3512158989906311,-0.09598983824253082,0.035771410912275314,0.3714519739151001,0.0006859495188109577,0.008421894162893295,1.3958041667938232,64,0.0637,0.0,0,0,2,0,1,1.0,,,,,,,0.06877027451992035,0.7951563596725464,2.1656408309936523,0.0167,,0.2292
1034,20000,0.0,24,2,0.0,28.0,0.0,0.0013797518331557512,0.20988300442695618,0.21885257959365845,0.4310520589351654,-0.097043976187706,0.05231713503599167,0.41953861713409424,0.0007871396373957396,0.007846270687878132,1.249068021774292,64,0.1022,0.0,1,0,0,1,1,0.0,,,,,,,0.07769311219453812,0.783069372177124,2.0829458236694336,0.0166,,0.2292
1035,20000,0.0,24,2,0.0,27.0,0.0,0.0014375337632372975,0.20805971324443817,0.20154902338981628,0.3680669963359833,-0.08777984976768494,0.04055340215563774,0.3711642622947693,0.0011643740581348538,0.007151555735617876,1.9332869052886963,64,0.0968,0.0,0,0,1,1,1,1.0,,,,,,,0.04540446400642395,0.7013816237449646,2.1486873626708984,0.0166,,0.2292
1036,20000,0.0,24,2,0.0,30.0,0.0,0.0008435569470748305,0.2310991883277893,0.23768682777881622,0.36393728852272034,-0.09818308055400848,0.04384420067071915,0.3717915713787079,0.0008093879441730678,0.0052807689644396305,1.447471022605896,64,0.026,1.0,0,1,0,0,2,1.0,0.0735,0.4102,0.062,0,44,1,0.06783077120780945,0.609973132610321,2.1157455444335938,0.01665,0.0625,0.2292
1037,20000,0.0,24,2,0.0,30.0,0.0,0.0010773485992103815,0.23825059831142426,0.23514196276664734,0.41111284494400024,-0.09452229738235474,0.08606182038784027,0.3301464915275574,0.0007824084023013711,0.006730020511895418,1.8552051782608032,64,0.0232,0.0,0,0,2,0,1,1.0,,,,,,,0.05094978213310242,0.7556619644165039,2.1598501205444336,0.01655,,0.2292
1038,20000,0.0,24,2,1.0,30.0,1.0,0.0005927429301664233,0.21980971097946167,0.2200404852628708,0.475871741771698,-0.0971379280090332,0.11156821250915527,0.3474273979663849,0.0007306555635295808,0.004891672171652317,1.2803455591201782,64,0.0194,1.0,1,0,0,0,1,1.0,,,,,,,0.07586851716041565,0.7415773868560791,2.0663204193115234,0.01665,,0.2292
1039,20000,0.0,24,2,0.0,30.0,0.0,0.0009929286316037178,0.21898812055587769,0.21881692111492157,0.3972403109073639,-0.09268966317176819,0.03365263342857361,0.4199827015399933,0.000846974435262382,0.005284013692289591,1.0990732908248901,64,0.0323,0.0,0,0,2,0,1,0.0,,,,,,,0.0843343734741211,0.7051733732223511,2.0258586406707764,0.0166,,0.2292
1040,20000,0.0,24,2,0.0,0.0,0.0,0.0019199018133804202,0.21592026948928833,0.2094331532716751,0.55937659740448,-0.09532064199447632,0.0700746476650238,0.509456992149353,0.0005948434118181467,0.010181884281337261,0.7065915465354919,64,,0.0,2,0,0,0,1,1.0,,,,,,,0.13490203022956848,0.7714419364929199,1.8896194696426392,0.0166,,0.2292
1041,20000,0.0,24,2,0.0,30.0,0.0,0.0011380218202248216,0.17721456289291382,0.17454208433628082,0.40529322624206543,-0.09580643475055695,0.041036929935216904,0.41713640093803406,0.0009261391242034733,0.00377879966981709,0.8290175795555115,64,0.0137,0.0,0,0,1,0,2,1.0,,,,,,,0.11556622385978699,0.7291477918624878,2.0612568855285645,0.0166,,0.2292
1042,20000,0.0,24,2,0.5,30.0,0.5,0.0009630860295146704,0.159613698720932,0.15604370832443237,0.5145531296730042,-0.09255893528461456,0.03580354526638985,0.5319125652313232,0.0009447096381336451,0.007184884510934353,0.8562228083610535,64,0.0158,0.5,0,0,1,0,1,1.0,,,,,,,0.10810145735740662,0.7045445442199707,2.0529098510742188,0.01665,,0.2292
1043,20000,0.0,24,2,0.0,30.0,0.0,0.0014965004520490766,0.23575372993946075,0.22924569249153137,0.3956577479839325,-0.09852230548858643,0.05789221078157425,0.37331509590148926,0.0009174328297376633,0.010161110199987888,1.1104408502578735,64,0.0795,0.0,0,0,2,0,1,1.0,,,,,,,0.08872359991073608,0.7874483466148376,2.1504006385803223,0.0166,,0.2292
1044,20000,0.0,24,2,0.0,29.0,0.0,0.001204133266583085,0.21465417742729187,0.20673120021820068,0.5483899116516113,-0.09630692005157471,0.13408726453781128,0.3735591471195221,0.000795904838014394,0.005926374811679125,1.0154820680618286,64,0.0787,0.0,0,0,0,2,1,1.0,,,,,,,0.09483861923217773,0.8667699098587036,2.107952356338501,0.01665,,0.2292
1045,20000,0.0,24,2,0.0,30.0,0.0,0.0010063842637464404,0.19664564728736877,0.2017749398946762,0.3703959882259369,-0.08281278610229492,0.03937515243887901,0.3715445399284363,0.0006160743650980294,0.005827873479574919,1.6989282369613647,64,0.0312,0.0,1,0,1,0,1,1.0,,,,,,,0.04874413460493088,0.6734592318534851,2.1216959953308105,0.01665,,0.2292
1046,20000,0.0,24,2,0.5,29.0,0.5,0.0012102690525352955,0.21914954483509064,0.22201275825500488,0.402559757232666,-0.09380282461643219,0.03813641518354416,0.4178105592727661,0.0008633275865577161,0.004558396991342306,1.3330618143081665,64,0.0385,0.5,0,0,1,0,1,1.0,,,,,,,0.07036644220352173,0.7611376643180847,2.0722317695617676,0.0167,,0.2292
1047,20000,0.0,24,2,0.0,0.0,0.0,0.0008191258530132473,0.24081087112426758,0.2418566197156906,0.4186306297779083,-0.09665697813034058,0.07043413817882538,0.37138664722442627,0.0007133157923817635,0.006065388210117817,1.0053133964538574,64,,0.0,2,0,0,0,1,1.0,,,,,,,0.0961461216211319,0.8341559171676636,2.1091132164001465,0.01675,,0.2292
1048,20000,0.0,24,2,0.0,0.0,0.0,0.0010440605692565441,0.20399177074432373,0.2089099884033203,0.4422115981578827,-0.09462948888540268,0.05807824060320854,0.41802966594696045,0.0008955559460446239,0.0053099035285413265,1.121775507926941,64,,0.0,0,0,0,0,3,1.0,,,,,,,0.084356889128685,0.8927955627441406,2.017544984817505,0.01675,,0.2292
1049,20000,0.0,24,2,0.0,30.0,0.0,0.0027494498062878847,0.1977745145559311,0.18676531314849854,0.5207380652427673,-0.09877075254917145,0.05166663974523544,0.513870358467102,0.0005097173852846026,0.004610405303537846,0.7006807923316956,64,0.0255,0.0,2,0,1,0,0,0.0,,,,,,,0.14096397161483765,0.8135471343994141,1.9444952011108398,0.0167,,0.2292
1050,20000,0.0,24,2,0.0,30.0,0.0,0.0015235382597893476,0.174921452999115,0.1835213303565979,0.445576936006546,-0.09015020728111267,0.055296819657087326,0.4204884171485901,0.0006350587354972959,0.009290141984820366,1.4682048559188843,64,0.0558,0.0,0,0,1,0,2,1.0,,,,,,,0.06140165403485298,0.8174246549606323,2.128267526626587,0.0168,,0.2292
1051,20000,0.0,24,2,0.0,0.0,0.0,0.0011640461161732674,0.1791488230228424,0.18873566389083862,0.5664051175117493,-0.09151388704776764,0.09584220498800278,0.46268343925476074,0.0005236200522631407,0.007102394942194223,1.0465117692947388,64,,0.0,1,0,0,0,2,1.0,,,,,,,0.08744659274816513,0.8385229110717773,2.009683132171631,0.01685,,0.2292
1052,20000,0.0,24,2,0.0,0.0,0.0,0.002285420661792159,0.21802310645580292,0.2229473888874054,0.3960818648338318,-0.09855709969997406,0.05663056671619415,0.37843626737594604,0.0005411410820670426,0.005883083678781986,1.0331182479858398,64,,0.0,1,0,0,0,2,1.0,,,,,,,0.0953976958990097,0.7738746404647827,2.137291669845581,0.01685,,0.2292
1053,20000,0.0,24,2,0.0,26.0,0.0,0.0015719558577984571,0.21560215950012207,0.21532268822193146,0.3709908723831177,-0.09442801773548126,0.04475122690200806,0.3724210858345032,0.001110370154492557,0.006990665569901466,1.5795820951461792,64,0.0782,0.0,1,0,0,1,1,1.0,,,,,,,0.05978038161993027,0.8718053698539734,2.097947359085083,0.0169,,0.2292
1054,20000,0.0,24,2,0.0,29.0,0.0,0.0015586253721266985,0.22840861976146698,0.22820109128952026,0.3891650438308716,-0.09700338542461395,0.033058907836675644,0.41738635301589966,0.000847907445859164,0.0053285169415175915,0.8790227770805359,64,0.0622,0.0,0,0,0,1,2,1.0,,,,,,,0.11035366356372833,0.7103323340415955,2.0113272666931152,0.0169,,0.2292
1055,20000,0.0,24,2,0.0,30.0,0.0,0.0012061188463121653,0.2128252238035202,0.22006145119667053,0.5356892347335815,-0.09030766785144806,0.0955856442451477,0.431353360414505,0.0007141776150092483,0.006944580934941769,1.0149301290512085,64,0.0254,0.0,0,0,2,0,1,1.0,,,,,,,0.08897919952869415,0.9150059223175049,2.0441083908081055,0.0169,,0.2292
1056,20000,0.0,24,2,0.0,30.0,0.0,0.0008265887154266238,0.21487504243850708,0.21646657586097717,0.5446186661720276,-0.09848958253860474,0.0595255121588707,0.5208024978637695,0.0006541431066580117,0.0065094283781945705,0.8152562975883484,64,0.0811,0.0,2,0,1,0,0,0.0,,,,,,,0.12080811709165573,0.6833362579345703,1.9673349857330322,0.01685,,0.2292
1057,20000,0.0,24,2,0.0,28.0,0.0,0.0006480019073933363,0.1967429220676422,0.19311097264289856,0.36452391743659973,-0.09436629712581635,0.04165424406528473,0.3719032406806946,0.0006881317240186036,0.007356944959610701,1.0959714651107788,64,0.0157,0.0,0,0,0,1,2,1.0,,,,,,,0.08610288798809052,0.7730625867843628,2.1469812393188477,0.0169,,0.2292
1058,20000,0.0,24,2,0.0,30.0,0.0,0.0015621630009263754,0.17498399317264557,0.16935083270072937,0.3546147346496582,-0.09809494018554688,0.03790879622101784,0.3725142776966095,0.0008084073779173195,0.00875563733279705,1.1402428150177002,64,0.0307,0.0,0,0,3,0,0,0.0,,,,,,,0.08602987229824066,0.7845754623413086,2.132962703704834,0.01685,,0.2292
1059,20000,0.0,24,2,0.0,30.0,0.0,0.0023030706215649843,0.19452866911888123,0.1921652853488922,0.3554864227771759,-0.09460848569869995,0.05726737529039383,0.3325686752796173,0.0006804591976106167,0.00598295871168375,1.4709391593933105,64,0.0538,0.0,0,0,2,0,1,1.0,,,,,,,0.06431842595338821,0.7341641187667847,2.147299289703369,0.0168,,0.2292
1060,20000,0.0,24,2,0.0,28.0,0.0,0.002439583418890834,0.19817255437374115,0.1936703622341156,0.34343084692955017,-0.09387925267219543,0.052498769015073776,0.32942068576812744,0.0005757520557381213,0.0057837385684251785,2.0198113918304443,64,0.0565,0.0,0,0,0,1,2,1.0,,,,,,,0.04647921770811081,0.7984069585800171,2.095146894454956,0.01685,,0.2292
1061,20000,0.0,24,2,0.0,30.0,0.0,0.0011413550237193704,0.21448183059692383,0.20696116983890533,0.3238338530063629,-0.09780105203390121,0.04571053385734558,0.3269733786582947,0.0007698736735619605,0.0064809261821210384,1.4075850248336792,64,0.0267,0.0,0,0,2,0,1,1.0,,,,,,,0.06948144733905792,0.7426494359970093,2.174515962600708,0.01685,,0.2292
1062,20000,0.0,24,2,0.0,30.0,0.0,0.0017684624763205647,0.18046247959136963,0.17482209205627441,0.3255499601364136,-0.09502094238996506,0.04543108865618706,0.32540208101272583,0.0006890217191539705,0.008613300509750843,1.0852372646331787,64,0.0457,0.0,0,0,2,0,1,1.0,,,,,,,0.08755776286125183,0.739815890789032,2.175006151199341,0.01685,,0.2292
1063,20000,0.0,24,2,0.0,30.0,0.0,0.0013066994724795222,0.1414853036403656,0.14114129543304443,0.42215290665626526,-0.09816913306713104,0.08269891142845154,0.351711630821228,0.0009671443258412182,0.006425195373594761,1.1865395307540894,64,0.0824,0.0,0,0,1,0,2,1.0,,,,,,,0.08273567259311676,0.799530029296875,2.130096912384033,0.0169,,0.2292
1064,20000,0.0,24,2,0.0,30.0,0.0,0.0016362814931198955,0.2675972282886505,0.2697600722312927,0.4693625569343567,-0.09298181533813477,0.08547832816839218,0.38680708408355713,0.0007245962624438107,0.009161255322396755,1.7429676055908203,64,0.0525,0.0,0,0,2,0,1,1.0,,,,,,,0.05334683880209923,0.7885667681694031,2.1169815063476562,0.01685,,0.2292
1065,20000,0.0,24,2,0.0,30.0,0.0,0.0010264397133141756,0.19339114427566528,0.18643473088741302,0.3315901458263397,-0.09543769806623459,0.02546556293964386,0.3725906014442444,0.0005866934661753476,0.007012223359197378,1.020060420036316,64,0.0371,0.0,0,0,2,0,1,1.0,,,,,,,0.0935608297586441,0.7274435758590698,2.148622751235962,0.01685,,0.2292
1066,20000,0.0,24,2,0.0,30.0,0.0,0.0010202432749792933,0.15321499109268188,0.14668068289756775,0.517966628074646,-0.0942230299115181,0.08320415765047073,0.4437863230705261,0.0008852971368469298,0.003990097902715206,0.9909753203392029,64,0.0587,0.0,1,0,1,0,1,1.0,,,,,,,0.09508110582828522,0.7084217071533203,1.9261455535888672,0.01685,,0.2292
1067,20000,0.0,24,2,0.0,0.0,0.0,0.0014934911159798503,0.26091182231903076,0.2554655373096466,0.3467322885990143,-0.08434752374887466,0.04134615883231163,0.3438204526901245,0.0005246576038189232,0.00913409423083067,1.5769238471984863,64,,0.0,2,0,0,0,1,0.0,,,,,,,0.05348864942789078,0.8210284113883972,2.1653823852539062,0.01685,,0.2292
1068,20000,0.0,24,2,0.0,30.0,0.0,0.0015606613596901298,0.26204508543014526,0.2642740309238434,0.4793880581855774,-0.09321197867393494,0.09867477416992188,0.37196260690689087,0.0006236706976778805,0.006575773004442453,1.3136811256408691,64,0.075,0.0,1,0,1,0,1,1.0,,,,,,,0.07095479220151901,0.9037935137748718,2.1446516513824463,0.01685,,0.2292
1069,20000,0.0,24,2,0.0,28.5,0.0,0.0018293990287929773,0.25421252846717834,0.2599242925643921,0.3889549672603607,-0.09609410166740417,0.054248593747615814,0.37338611483573914,0.0007201479165814817,0.006331526208668947,0.8262260556221008,64,0.0523,0.0,0,0,1,1,1,1.0,,,,,,,0.11630485206842422,0.7814610004425049,2.1638994216918945,0.01685,,0.2292
1070,20000,0.0,24,2,0.5,29.0,0.5,0.0008456716313958168,0.25397491455078125,0.25823265314102173,0.3625279664993286,-0.08421904593706131,0.05829746276140213,0.32607755064964294,0.0007395665743388236,0.008149083703756332,2.35292911529541,64,0.071,0.5,0,0,1,0,1,1.0,,,,,,,0.035793278366327286,0.7023724317550659,2.1572606563568115,0.0169,,0.2292
1071,20000,0.0,24,2,0.5,28.5,0.5,0.001235962612554431,0.21996048092842102,0.22205866873264313,0.34308117628097534,-0.09771569073200226,0.03337686508893967,0.3712753653526306,0.0007020493503659964,0.005535555072128773,1.2603181600570679,64,0.0394,0.5,0,0,1,0,1,1.0,,,,,,,0.077532559633255,0.7515363693237305,2.1452293395996094,0.0169,,0.2292
1072,20000,0.0,24,2,0.0,30.0,0.0,0.0021788079757243395,0.16799131035804749,0.17488126456737518,0.3839787244796753,-0.09175040572881699,0.03275894373655319,0.4058087468147278,0.0006712800241075456,0.008804991841316223,1.5073657035827637,64,0.058,0.0,0,0,1,0,2,1.0,,,,,,,0.0608680434525013,0.776347815990448,2.1567392349243164,0.0169,,0.2292
1073,20000,0.0,24,2,0.0,30.0,0.0,0.0010148906148970127,0.21055170893669128,0.21599453687667847,0.468249648809433,-0.09555036574602127,0.06244192644953728,0.4361768662929535,0.0006817984976805747,0.0054785520769655704,0.7686143517494202,64,0.0613,0.0,0,0,0,1,2,1.0,0.0738,0.4278,0.167,1,36,4,0.12431509792804718,0.7918481826782227,2.014719009399414,0.0169,0.1458,0.2292
1074,20000,0.0,24,2,0.0,30.0,0.0,0.001031658030115068,0.219351664185524,0.2218179553747177,0.4850509464740753,-0.09515583515167236,0.05618348717689514,0.4633268117904663,0.0006536979344673455,0.009025965817272663,1.0936305522918701,64,0.0445,0.0,0,0,1,0,2,1.0,,,,,,,0.08700913190841675,0.8628445863723755,1.9934841394424438,0.0169,,0.2292
1075,20000,0.0,24,2,0.0,30.0,0.0,0.0009560384205542505,0.21636563539505005,0.216280996799469,0.3672581911087036,-0.09663206338882446,0.037946514785289764,0.384743869304657,0.0006822212599217892,0.006506671663373709,0.9333915710449219,64,0.0385,0.0,0,0,2,0,1,1.0,,,,,,,0.10352790355682373,0.688309371471405,2.0317318439483643,0.0169,,0.2292
1076,20000,0.0,24,2,0.0,0.0,0.0,0.0011700522154569626,0.21123215556144714,0.21656835079193115,0.39339402318000793,-0.09625869244337082,0.05364707112312317,0.3790592551231384,0.0007038509356789291,0.006598667241632938,0.7925012707710266,64,,0.0,1,0,0,0,2,1.0,,,,,,,0.121461883187294,0.7893685102462769,2.0566177368164062,0.0169,,0.2292
1077,20000,0.0,24,2,0.0,30.0,0.0,0.0010136933997273445,0.2519457936286926,0.25823426246643066,0.418049693107605,-0.09556104242801666,0.06813570857048035,0.3745614290237427,0.0007440180634148419,0.005555752664804459,1.1737138032913208,64,0.0128,0.0,2,0,1,0,0,0.0,,,,,,,0.08141766488552094,0.7297448515892029,2.087698221206665,0.01685,,0.2292
1078,20000,0.0,24,2,0.0,30.0,0.0,0.004146794322878122,0.20652928948402405,0.20664823055267334,0.45581263303756714,-0.09333385527133942,0.03748895972967148,0.4708569347858429,0.0005579194403253496,0.0066232383251190186,1.468826174736023,64,0.0253,0.0,0,0,1,0,2,1.0,,,,,,,0.0635431557893753,0.7621258497238159,2.018562078475952,0.0168,,0.2292
1079,20000,0.0,24,2,0.0,30.0,0.0,0.000893052201718092,0.19321146607398987,0.20045247673988342,0.3465273678302765,-0.09448204934597015,0.03322307765483856,0.3719288408756256,0.0007486885297112167,0.00526884850114584,1.3977845907211304,64,0.0321,0.0,0,0,1,0,2,1.0,,,,,,,0.06759414076805115,0.6870993375778198,2.1481587886810303,0.01685,,0.2292
1080,20000,0.0,24,2,0.3333,30.0,0.3333,0.0007700319983996451,0.199241042137146,0.19193945825099945,0.5408183336257935,-0.09645029902458191,0.06170210242271423,0.5109925866127014,0.0006122052436694503,0.005743722897022963,0.960099995136261,64,0.0374,0.333,0,0,2,0,0,0.0,,,,,,,0.10045859217643738,0.8060960173606873,2.0387892723083496,0.01685,,0.2292
1081,20000,0.0,24,2,0.0,30.0,0.0,0.0008282198687084019,0.20136791467666626,0.2001221626996994,0.5240399241447449,-0.09668011963367462,0.1147572249174118,0.38801276683807373,0.0008497827802784741,0.006385660730302334,1.0085169076919556,64,0.0226,0.0,0,0,1,0,2,0.5,,,,,,,0.09586365520954132,0.8926321864128113,2.0681936740875244,0.01685,,0.2292
1082,20000,0.0,24,2,1.0,30.0,1.0,0.0007953863823786378,0.219647616147995,0.22358396649360657,0.5084694623947144,-0.09219381958246231,0.06663297116756439,0.4636818766593933,0.0006866617477498949,0.007430864963680506,1.097152590751648,64,0.0387,1.0,0,0,0,0,2,0.5,,,,,,,0.08403008431196213,0.8270119428634644,1.9971208572387695,0.01685,,0.2292
1083,20000,0.0,24,2,0.0,30.0,0.0,0.0007452791323885322,0.173787921667099,0.1795245260000229,0.3483375310897827,-0.09667317569255829,0.0348900631070137,0.37130701541900635,0.0006039493600837886,0.007847107946872711,0.9021700024604797,64,0.0671,0.0,0,0,2,0,1,1.0,,,,,,,0.10715627670288086,0.8695346713066101,2.145439863204956,0.01685,,0.2292
1084,20000,0.0,24,2,0.0,30.0,0.0,0.0009136726730503142,0.20879751443862915,0.2056976556777954,0.4578193724155426,-0.09580586850643158,0.043465085327625275,0.4630510210990906,0.0006959326565265656,0.007288070861250162,1.0248111486434937,64,0.0555,0.0,0,0,2,0,1,1.0,,,,,,,0.09348636865615845,0.7406148314476013,1.9834885597229004,0.01685,,0.2292
1085,20000,0.0,24,2,0.0,30.0,0.0,0.0008835428161546588,0.18562427163124084,0.18705037236213684,0.3953359127044678,-0.08802302181720734,0.054551344364881516,0.3713696002960205,0.0007464474183507264,0.005773334298282862,1.4142719507217407,64,0.138,0.0,0,0,1,0,2,1.0,,,,,,,0.06223910674452782,0.7454575300216675,2.136826515197754,0.01695,,0.2292
1086,20000,0.0,24,2,0.0,0.0,0.0,0.0016758072888478637,0.2155822515487671,0.2191227674484253,0.39505690336227417,-0.09764590859413147,0.059286024421453476,0.37143200635910034,0.0010152757167816162,0.005397497210651636,1.070085883140564,64,,0.0,1,0,0,0,2,1.0,,,,,,,0.09125053882598877,0.6863290667533875,2.1471991539001465,0.017,,0.2292
1087,20000,0.0,24,2,0.0,30.0,0.0,0.0007252682698890567,0.184983029961586,0.17682094871997833,0.3836445212364197,-0.09825733304023743,0.05360245704650879,0.37169721722602844,0.0005124359740875661,0.00599944731220603,1.08049476146698,64,0.056,0.0,1,0,2,0,0,0.0,,,,,,,0.09093734622001648,0.8223541975021362,2.1297354698181152,0.0169,,0.2292
1088,20000,0.0,24,2,0.0,30.0,0.0,0.0013386416248977184,0.24736201763153076,0.2369585782289505,0.414187490940094,-0.09556671977043152,0.06717395782470703,0.3719165623188019,0.0007273028022609651,0.006979442201554775,0.9260464906692505,64,0.0327,0.0,0,0,2,0,1,1.0,,,,,,,0.10319861769676208,0.8370157480239868,2.085139751434326,0.01685,,0.2292
1089,20000,0.0,24,2,0.0,30.0,0.0,0.0009505664929747581,0.15318474173545837,0.14805136620998383,0.3539855480194092,-0.09415587782859802,0.04897894710302353,0.34697526693344116,0.0007690511993132532,0.0064165485091507435,1.4117783308029175,64,0.0636,0.0,1,0,1,0,1,1.0,,,,,,,0.06669309735298157,0.7774412035942078,2.1404707431793213,0.0169,,0.2292
1090,20000,0.0,24,2,0.5,29.5,0.5,0.001690031262114644,0.2093537449836731,0.20692697167396545,0.42571666836738586,-0.09318098425865173,0.07216719537973404,0.3719194531440735,0.0010140702361240983,0.00528757506981492,1.3865101337432861,64,0.0218,0.5,0,0,1,0,1,0.0,,,,,,,0.06720541417598724,0.7604163885116577,2.1603341102600098,0.01685,,0.2292
1091,20000,0.0,24,2,0.0,30.0,0.0,0.0008960849372670054,0.16108863055706024,0.15904109179973602,0.5247654914855957,-0.09385934472084045,0.09844346344470978,0.41750919818878174,0.0010434366995468736,0.00845747534185648,1.5297144651412964,64,0.0612,0.0,0,0,1,0,2,0.5,,,,,,,0.06135742366313934,0.8277343511581421,2.0607542991638184,0.01675,,0.2292
1092,20000,0.0,24,2,0.0,30.0,0.0,0.0007927039405331016,0.23145602643489838,0.23623742163181305,0.3625853955745697,-0.09297219663858414,0.04034308344125748,0.37129393219947815,0.000675465795211494,0.007154983934015036,1.3421242237091064,64,0.054,0.0,0,0,2,0,1,1.0,,,,,,,0.06927242875099182,0.7970447540283203,2.1287364959716797,0.01665,,0.2292
1093,20000,0.0,24,2,0.3333,30.0,0.3333,0.001243508537299931,0.23658251762390137,0.24133756756782532,0.41261062026023865,-0.09686121344566345,0.0631554126739502,0.3796285390853882,0.0008577905246056616,0.007064944598823786,0.9504938125610352,64,0.045,0.333,0,0,2,0,0,0.0,,,,,,,0.10190621018409729,0.7735508680343628,2.0692508220672607,0.0167,,0.2292
1094,20000,0.0,24,2,0.0,29.0,0.0,0.0007894737645983696,0.20091462135314941,0.20236919820308685,0.5789265632629395,-0.09836965799331665,0.10302834957838058,0.46820247173309326,0.0005953459185548127,0.006074090953916311,0.8204595446586609,64,0.0366,0.0,0,0,2,1,0,0.0,,,,,,,0.119895800948143,0.788148820400238,1.9974846839904785,0.01655,,0.2292
1095,20000,0.0,24,2,0.0,30.0,0.0,0.0011183106107637286,0.1907830536365509,0.19900844991207123,0.3262357711791992,-0.09273108094930649,0.02230079472064972,0.3712087869644165,0.0008162279264070094,0.0063129873014986515,1.4752874374389648,64,0.0437,0.0,0,0,2,0,1,1.0,,,,,,,0.0628562793135643,0.6665677428245544,2.1482772827148438,0.01655,,0.2292
1096,20000,0.0,24,2,0.0,30.0,0.0,0.0012547026854008436,0.1631782352924347,0.16565290093421936,0.33597686886787415,-0.09443623572587967,0.04904548078775406,0.3294963538646698,0.0010193393100053072,0.005651591811329126,1.207080602645874,64,0.0166,0.0,1,0,0,1,1,1.0,,,,,,,0.07823523133993149,0.7255945205688477,2.1787266731262207,0.01655,,0.2292
1097,20000,0.0,24,2,0.0,30.0,0.0,0.0012321171816438437,0.19592559337615967,0.20112234354019165,0.42881929874420166,-0.08828357607126236,0.08780746161937714,0.3375062942504883,0.0008419416262768209,0.007963273674249649,1.3798422813415527,64,0.0076,0.0,0,0,1,0,2,1.0,,,,,,,0.06398092210292816,0.6641879677772522,2.106217861175537,0.0166,,0.2292
1098,20000,0.0,24,2,0.0,30.0,0.0,0.0017486363649368286,0.17930912971496582,0.18069975078105927,0.3891885280609131,-0.09491932392120361,0.05512871593236923,0.37186312675476074,0.0009754163329489529,0.003974569495767355,0.8826081156730652,64,0.0672,0.0,0,0,1,0,2,1.0,,,,,,,0.10754412412643433,0.6567608714103699,2.1391000747680664,0.0166,,0.2292
1099,20000,0.0,24,2,0.0,0.0,0.0,0.0011939906980842352,0.2054489701986313,0.2059389352798462,0.369992733001709,-0.09367688000202179,0.06739702820777893,0.32533276081085205,0.001131830271333456,0.007085583172738552,1.1126576662063599,64,,0.0,1,0,0,0,2,1.0,,,,,,,0.08419200778007507,0.7748712301254272,2.1989903450012207,0.0166,,0.2292
1100,20000,0.0,24,2,0.5,30.0,0.5,0.0011767346877604723,0.1909753382205963,0.18280450999736786,0.3421890139579773,-0.09309563040733337,0.05323425680398941,0.32569411396980286,0.0006737575167790055,0.006244043353945017,1.3656706809997559,64,0.0112,0.5,0,0,1,0,1,1.0,,,,,,,0.06816843152046204,0.8372119665145874,2.1871883869171143,0.01665,,0.2292
1101,20000,0.0,24,2,0.0,30.0,0.0,0.0011178639251738787,0.22133789956569672,0.21247899532318115,0.45801565051078796,-0.09530043601989746,0.08896064758300781,0.3714235723018646,0.0010195496724918485,0.007942463271319866,0.8991073966026306,64,0.03,0.0,0,0,3,0,0,0.0,,,,,,,0.10599449276924133,0.8589503169059753,2.0939393043518066,0.01655,,0.2292
1102,20000,0.0,24,2,0.0,30.0,0.0,0.0006419831188395619,0.21405577659606934,0.21324433386325836,0.4617886245250702,-0.09698550403118134,0.04318101704120636,0.47016364336013794,0.0005768158007413149,0.0044968994334340096,0.8613956570625305,64,0.0272,0.0,0,0,2,0,1,1.0,,,,,,,0.11259113252162933,0.7296134829521179,2.035813570022583,0.01655,,0.2292
1103,20000,0.0,24,2,0.0,30.0,0.0,0.0007824969361536205,0.22618292272090912,0.22469086945056915,0.3647933304309845,-0.09683291614055634,0.04392142593860626,0.37119030952453613,0.0007778577855788171,0.005186159163713455,1.078523874282837,64,0.0364,0.0,0,0,2,0,1,0.0,,,,,,,0.08978281915187836,0.7908711433410645,2.123359203338623,0.0165,,0.2292
1104,20000,0.0,24,2,0.0,30.0,0.0,0.0010493288282305002,0.2100766897201538,0.20624911785125732,0.4050186276435852,-0.09054745733737946,0.03787757456302643,0.4170202612876892,0.0006999880424700677,0.005581398494541645,1.00019371509552,64,0.0283,0.0,0,0,1,0,2,1.0,,,,,,,0.0905299186706543,0.738750696182251,2.0636229515075684,0.0165,,0.2292
1105,20000,0.0,24,2,0.0,30.0,0.0,0.001538393902592361,0.24010351300239563,0.24175754189491272,0.44860127568244934,-0.09815094619989395,0.0860162228345871,0.37141674757003784,0.0007513440796174109,0.006606027949601412,1.1685162782669067,64,0.0198,0.0,0,0,2,0,1,1.0,,,,,,,0.08399621397256851,0.762892484664917,2.1312060356140137,0.0165,,0.2292
1106,20000,0.0,24,2,0.0,30.0,0.0,0.0009234814788214862,0.24081236124038696,0.24396996200084686,0.4090445339679718,-0.09296498447656631,0.060772210359573364,0.3780501186847687,0.0008430135203525424,0.004829944111406803,1.9227875471115112,64,0.0371,0.0,1,0,1,0,1,1.0,,,,,,,0.04834906756877899,0.7114270925521851,2.1192874908447266,0.01645,,0.2292
1107,20000,0.0,24,2,0.0,30.0,0.0,0.0012455384712666273,0.16639718413352966,0.16139474511146545,0.5179849863052368,-0.09112221002578735,0.082400843501091,0.4407283365726471,0.0012130958493798971,0.007154309190809727,1.3763242959976196,64,0.0708,0.0,0,0,1,0,2,1.0,,,,,,,0.06620693951845169,0.7846915125846863,1.9719924926757812,0.0165,,0.2292
1108,20000,0.0,24,2,0.0,30.0,0.0,0.0006809959886595607,0.16982950270175934,0.17044422030448914,0.40807196497917175,-0.09432673454284668,0.04108826816082001,0.41739028692245483,0.0006363035063259304,0.005663733463734388,1.3404244184494019,64,0.0188,0.0,0,0,1,0,2,0.5,,,,,,,0.07037080079317093,0.7275981903076172,2.0791451930999756,0.01645,,0.2292
1109,20000,0.0,24,2,0.0,0.0,0.0,0.0005505539593286812,0.23408934473991394,0.2383001446723938,0.45973172783851624,-0.09498047828674316,0.06660288572311401,0.41780003905296326,0.0007453029393218458,0.007412763312458992,0.8692712783813477,64,,0.0,0,0,0,0,3,1.0,,,,,,,0.10926448553800583,0.791761577129364,2.0578699111938477,0.01645,,0.2292
1110,20000,0.0,24,2,0.0,30.0,0.0,0.0005136799300089478,0.20625531673431396,0.20654462277889252,0.39820826053619385,-0.08984857052564621,0.03301568701863289,0.4174857437610626,0.000676435069181025,0.009079481475055218,1.2025861740112305,64,0.0576,0.0,0,0,1,0,2,1.0,0.0747,0.3823,0.104,1,35,8,0.07471279799938202,0.6766387224197388,2.0450448989868164,0.0165,0.0833,0.2292
1111,20000,0.0,24,2,0.0,30.0,0.0,0.0011295718140900135,0.2274688184261322,0.22485943138599396,0.4478661119937897,-0.09826342761516571,0.0632372498512268,0.417195200920105,0.0005496806697919965,0.004919735249131918,1.1097725629806519,64,0.0159,0.0,0,0,1,0,2,1.0,,,,,,,0.08854375034570694,0.8377084136009216,2.067601203918457,0.01655,,0.2292
1112,20000,0.0,24,2,0.0,30.0,0.0,0.0008189739310182631,0.18955011665821075,0.19266274571418762,0.40954533219337463,-0.09210264682769775,0.0561726912856102,0.38580963015556335,0.0005968371406197548,0.006985937710851431,1.5166515111923218,64,0.0421,0.0,1,0,1,0,1,1.0,,,,,,,0.06072762981057167,0.7333933115005493,2.0909790992736816,0.0165,,0.2292
1113,20000,0.0,24,2,0.0,30.0,0.0,0.000569111667573452,0.14276790618896484,0.13964629173278809,0.3920139968395233,-0.09696132689714432,0.05496660992503166,0.37533506751060486,0.0007885238737799227,0.007414044812321663,1.09848153591156,64,0.0481,0.0,0,0,2,0,1,1.0,,,,,,,0.08826851844787598,0.6817943453788757,2.1141340732574463,0.01645,,0.2292
1114,20000,0.0,24,2,0.0,30.0,0.0,0.001408006763085723,0.16097068786621094,0.1524428427219391,0.4106917083263397,-0.09848672896623611,0.044373370707035065,0.41766369342803955,0.0010908941039815545,0.005536002106964588,1.164092779159546,64,0.0694,0.0,0,0,2,0,1,1.0,,,,,,,0.08460384607315063,0.8396552801132202,2.0550589561462402,0.0165,,0.2292
1115,20000,0.0,24,2,0.0,30.0,0.0,0.001105261268094182,0.16409163177013397,0.1676240861415863,0.37651529908180237,-0.0956011414527893,0.04791724309325218,0.3730802536010742,0.0010755950352177024,0.00640339870005846,1.1689130067825317,64,0.0671,0.0,1,0,1,0,1,1.0,,,,,,,0.08178636431694031,0.7172861099243164,2.107372522354126,0.0165,,0.2292
1116,20000,0.0,24,2,0.0,30.0,0.0,0.0005508585600182414,0.23746861517429352,0.24121704697608948,0.3836706578731537,-0.09156211465597153,0.0725182294845581,0.3256394863128662,0.00036249301047064364,0.00911368615925312,1.6495050191879272,64,0.0458,0.0,2,0,1,0,0,0.0,,,,,,,0.055508844554424286,0.7915139198303223,2.2063403129577637,0.01645,,0.2292
1117,20000,0.0,24,2,0.0,30.0,0.0,0.003575076349079609,0.20276868343353271,0.2091861069202423,0.39527249336242676,-0.0983806699514389,0.03601687401533127,0.4181517958641052,0.0005947007448412478,0.006935254670679569,0.8717179298400879,64,0.0862,0.0,0,0,2,0,1,1.0,,,,,,,0.11285838484764099,0.7321307063102722,2.0799829959869385,0.0164,,0.2292
1118,20000,0.0,24,2,0.0,28.5,0.0,0.0010010384721681476,0.19187691807746887,0.19687244296073914,0.4073137640953064,-0.09560984373092651,0.04049462452530861,0.4173318147659302,0.0006352448835968971,0.009205087088048458,1.1016508340835571,64,0.0171,0.0,0,0,1,1,1,1.0,,,,,,,0.08678779751062393,0.7667500972747803,2.107732057571411,0.0164,,0.2292
1119,20000,0.0,24,2,0.0,30.0,0.0,0.0007091951556503773,0.20014196634292603,0.1963132917881012,0.4341576397418976,-0.09211373329162598,0.06833144277334213,0.38726258277893066,0.0005511572235263884,0.004691764246672392,1.2063658237457275,64,0.0256,0.0,0,0,1,0,2,1.0,,,,,,,0.07635638117790222,0.9099552035331726,2.172959327697754,0.0165,,0.2292
1120,20000,0.0,24,2,0.0,30.0,0.0,0.0008277967572212219,0.21806269884109497,0.211788147687912,0.40953949093818665,-0.09565334022045135,0.040974508970975876,0.41870689392089844,0.000671353074721992,0.009073836728930473,1.3511731624603271,64,0.066,0.0,0,0,1,0,2,0.0,,,,,,,0.07079280912876129,0.7111148834228516,2.031618595123291,0.01635,,0.2292
1121,20000,0.0,24,2,0.0,30.0,0.0,0.0008880272507667542,0.19832384586334229,0.1995849758386612,0.3701268434524536,-0.09626112878322601,0.041089724749326706,0.38108885288238525,0.0007995270425453782,0.006239348091185093,1.0727976560592651,64,0.0911,0.0,0,0,1,0,2,1.0,,,,,,,0.08972906321287155,0.8221195936203003,2.049215793609619,0.01635,,0.2292
1122,20000,0.0,24,2,0.0,30.0,0.0,0.0006497667054645717,0.1755993366241455,0.17560216784477234,0.4726942181587219,-0.09736475348472595,0.049487799406051636,0.46804872155189514,0.0006614404264837503,0.006069308612495661,0.9082934260368347,64,0.029,0.0,1,0,1,0,1,1.0,,,,,,,0.10719526559114456,0.7083975076675415,1.9796215295791626,0.0163,,0.2292
1123,20000,0.0,24,2,0.0,30.0,0.0,0.0008004118571989238,0.18970462679862976,0.19065356254577637,0.4894638955593109,-0.09739053249359131,0.059608157724142075,0.4640413522720337,0.0006652277079410851,0.007193476893007755,0.7520745992660522,64,0.0898,0.0,0,0,1,0,2,1.0,,,,,,,0.12949584424495697,0.8583108186721802,1.992514967918396,0.01635,,0.2292
1124,20000,0.0,24,2,0.0,30.0,0.0,0.00043260020902380347,0.17769446969032288,0.17815649509429932,0.376449853181839,-0.09582208842039108,0.049245428293943405,0.3711371421813965,0.000575258512981236,0.005287870764732361,1.4690808057785034,64,0.0255,0.0,0,0,1,0,2,1.0,,,,,,,0.06522588431835175,0.8166362643241882,2.1313364505767822,0.01635,,0.2292
1125,20000,0.0,24,2,0.0,30.0,0.0,0.0008078110404312611,0.1636027842760086,0.16129545867443085,0.38596996665000916,-0.09635509550571442,0.054024673998355865,0.3715531527996063,0.0006611302960664034,0.005445125978440046,1.440787672996521,64,0.0471,0.0,0,0,2,0,1,1.0,,,,,,,0.06687667965888977,0.8064509630203247,2.1315245628356934,0.01625,,0.2292
1126,20000,0.0,24,2,0.0,30.0,0.0,0.0008297873428091407,0.15157684683799744,0.15204587578773499,0.5504910945892334,-0.0973246768116951,0.06761756539344788,0.5098273754119873,0.0009494245750829577,0.005506567191332579,1.15569269657135,64,0.0963,0.0,2,0,1,0,0,0.0,,,,,,,0.08421327918767929,0.7167946696281433,1.9419180154800415,0.01625,,0.2292
1127,20000,0.0,24,2,0.0,30.0,0.0,0.0015004631131887436,0.20243953168392181,0.19709044694900513,0.3775733709335327,-0.09740541875362396,0.05085087940096855,0.3712422847747803,0.0009295567870140076,0.004069511778652668,1.0164170265197754,64,0.0447,0.0,0,0,2,0,1,1.0,,,,,,,0.09583213925361633,0.8365776538848877,2.1003332138061523,0.0162,,0.2292
1128,20000,0.0,24,2,0.0,30.0,0.0,0.0014418162172660232,0.18623507022857666,0.18330994248390198,0.3868332803249359,-0.09265375882387161,0.02996174804866314,0.4172157049179077,0.0007672424544580281,0.004695667419582605,1.3136130571365356,64,0.0547,0.0,0,0,3,0,0,0.0,,,,,,,0.07053352892398834,0.7083725333213806,2.0733580589294434,0.01615,,0.2292
1129,20000,0.0,24,2,0.0,30.0,0.0,0.0013523396337404847,0.1918509304523468,0.1931951940059662,0.4680261015892029,-0.09340140223503113,0.07024684548377991,0.4176381230354309,0.0006747215520590544,0.006591369863599539,1.1821143627166748,64,0.0283,0.0,0,0,1,0,2,1.0,,,,,,,0.07901215553283691,0.7375236749649048,2.0689945220947266,0.01615,,0.2292
1130,20000,0.0,24,2,0.0,30.0,0.0,0.0007733668899163604,0.18700852990150452,0.1821388304233551,0.43399330973625183,-0.09458132088184357,0.053790923207998276,0.4177185595035553,0.0007177419611252844,0.006548447068780661,0.981743335723877,64,0.0581,0.0,1,0,1,0,1,1.0,,,,,,,0.09634016454219818,0.7976670265197754,2.0660531520843506,0.01615,,0.2292
1131,20000,0.0,24,2,0.0,30.0,0.0,0.0007917707553133368,0.18213149905204773,0.1728220283985138,0.47387468814849854,-0.0941271185874939,0.05022997781634331,0.465018093585968,0.000799691304564476,0.005047475453466177,1.1444505453109741,64,0.0291,0.0,0,0,1,0,2,1.0,,,,,,,0.08224654942750931,0.7854122519493103,1.963438868522644,0.01625,,0.2292
1132,20000,0.0,24,2,0.0,30.0,0.0,0.001775643671862781,0.15121178328990936,0.14645478129386902,0.4271452724933624,-0.08825387060642242,0.08190521597862244,0.34869325160980225,0.0008263455820269883,0.005790868774056435,2.2972967624664307,64,0.0506,0.0,2,0,1,0,0,0.0,,,,,,,0.03841639682650566,0.9502601623535156,2.115086555480957,0.0162,,0.2292
1133,20000,0.0,24,2,0.0,0.0,0.0,0.0010622276458889246,0.15962430834770203,0.16324292123317719,0.3494313657283783,-0.08654017746448517,0.030832959339022636,0.3719977140426636,0.0009885492036119103,0.004615819547325373,1.5495136976242065,64,,0.0,0,0,0,0,3,1.0,,,,,,,0.055849894881248474,0.674468457698822,2.183981418609619,0.0162,,0.2292
1134,20000,0.0,24,2,0.0,30.0,0.0,0.0008421424427069724,0.18384066224098206,0.18420889973640442,0.43532267212867737,-0.08983950316905975,0.06630679219961166,0.38887688517570496,0.0006914908299222589,0.007343390956521034,1.6129993200302124,64,0.0594,0.0,0,0,2,0,1,0.0,,,,,,,0.05569717288017273,0.6639789342880249,2.0431275367736816,0.0161,,0.2292
1135,20000,0.0,24,2,0.5,29.5,0.5,0.0016522714868187904,0.21491852402687073,0.22319693863391876,0.4978328347206116,-0.08529269695281982,0.10453638434410095,0.37145528197288513,0.0007100257207639515,0.005194949917495251,1.5572724342346191,64,0.0192,0.5,0,0,1,0,1,1.0,,,,,,,0.054770566523075104,0.8927199244499207,2.1504573822021484,0.01605,,0.2292
1136,20000,0.0,24,2,0.0,0.0,0.0,0.0006733286427333951,0.17733655869960785,0.1766468584537506,0.34606751799583435,-0.08805463463068008,0.052933283150196075,0.3253782093524933,0.000668619351927191,0.00575477397069335,1.4813488721847534,64,,0.0,1,0,0,0,2,1.0,,,,,,,0.059442199766635895,0.7877668142318726,2.180264949798584,0.0161,,0.2292
1137,20000,0.0,24,2,1.0,29.0,1.0,0.0017336473101750016,0.17619603872299194,0.17528551816940308,0.4473300278186798,-0.09665298461914062,0.08390667289495468,0.37196287512779236,0.0008895065984688699,0.008413610979914665,1.1840380430221558,64,0.0103,1.0,1,0,0,0,0,0.0,,,,,,,0.08162996172904968,0.8409392237663269,2.1004951000213623,0.01615,,0.2292
1138,20000,0.0,24,2,1.0,30.0,1.0,0.0009159961482509971,0.22799372673034668,0.23301248252391815,0.4473107159137726,-0.08855126053094864,0.03490620106458664,0.46349233388900757,0.0009206254035234451,0.005114471074193716,1.9544636011123657,64,0.0106,1.0,0,0,0,0,1,1.0,,,,,,,0.04530719295144081,0.6895736455917358,1.9996600151062012,0.01615,,0.2292
1139,20000,0.0,24,2,0.0,0.0,0.0,0.0010038708569481969,0.1960718333721161,0.1946733146905899,0.37722623348236084,-0.09448511153459549,0.07128114998340607,0.32612526416778564,0.0009804032742977142,0.0060475533828139305,1.5132980346679688,64,,0.0,1,0,0,0,2,0.5,,,,,,,0.0624365471303463,0.7376343607902527,2.163661479949951,0.0162,,0.2292
1140,20000,0.0,24,2,0.0,30.0,0.0,0.0017966162413358688,0.20040029287338257,0.2018629014492035,0.34608641266822815,-0.0842730775475502,0.040955930948257446,0.34538304805755615,0.000432209693826735,0.006129150744527578,1.5472092628479004,64,0.0417,0.0,0,0,1,0,2,1.0,,,,,,,0.05446779355406761,0.7224705219268799,2.139681339263916,0.01625,,0.2292
1141,20000,0.0,24,2,0.0,30.0,0.0,0.0009964616037905216,0.19244523346424103,0.19168531894683838,0.46882355213165283,-0.0942394956946373,0.06948661059141159,0.4197341203689575,0.0012516025453805923,0.008711394853889942,1.1618685722351074,64,0.0431,0.0,0,0,2,0,1,1.0,,,,,,,0.08111028373241425,0.735235869884491,2.066784381866455,0.01625,,0.2292
1142,20000,0.0,24,2,0.0,30.0,0.0,0.0005888401065021753,0.18340864777565002,0.17748941481113434,0.3577827513217926,-0.08753088116645813,0.05849624425172806,0.3257881999015808,0.0006854461971670389,0.005065830424427986,2.8890633583068848,64,0.0851,0.0,1,0,2,0,0,0.0,,,,,,,0.03029732033610344,0.7394092082977295,2.196227550506592,0.0162,,0.2292
1143,20000,0.0,24,2,0.0,30.0,0.0,0.0022339895367622375,0.2086775302886963,0.21798500418663025,0.44708749651908875,-0.09644296765327454,0.08451919257640839,0.3714592456817627,0.0007013541762717068,0.006065653637051582,1.5267059803009033,64,0.0307,0.0,1,0,1,0,1,0.0,,,,,,,0.06317062675952911,0.952727198600769,2.146564245223999,0.0161,,0.2292
1144,20000,0.0,24,2,0.5,29.5,0.5,0.002273248741403222,0.17430706322193146,0.17442849278450012,0.31947067379951477,-0.08428005874156952,0.03754835203289986,0.3258272409439087,0.0007172945188358426,0.0056535848416388035,1.7891454696655273,64,0.0648,0.5,0,0,1,0,1,1.0,,,,,,,0.047106314450502396,0.7777194976806641,2.16860032081604,0.01615,,0.2292
1145,20000,0.0,24,2,0.5,30.0,0.5,0.0019543268717825413,0.2099992334842682,0.2167571485042572,0.3912566900253296,-0.0944647416472435,0.05516384169459343,0.3722970187664032,0.0006655451143160462,0.006193456705659628,1.0837270021438599,64,0.0469,0.5,0,0,1,0,1,1.0,,,,,,,0.08716654777526855,0.7057123184204102,2.081511974334717,0.0162,,0.2292
1146,20000,0.0,24,2,0.5,29.0,0.5,0.0010320344008505344,0.14527562260627747,0.14123305678367615,0.33469077944755554,-0.09693737328052521,0.028430473059415817,0.3720507025718689,0.000746753707062453,0.005433032754808664,1.3765581846237183,64,0.0415,0.5,0,0,1,0,1,1.0,,,,,,,0.07042010128498077,0.8461844325065613,2.087661027908325,0.0162,,0.2292
1147,20000,0.0,24,2,0.0,27.0,0.0,0.0011671241372823715,0.18270331621170044,0.17803959548473358,0.37133291363716125,-0.09651900827884674,0.046846311539411545,0.3715902268886566,0.0005976085085421801,0.005138145759701729,1.0631580352783203,64,0.0792,0.0,0,0,1,1,1,0.0,0.0679,0.3682,0.042,0,43,3,0.0907851904630661,0.7769986987113953,2.090150833129883,0.01615,0.0417,0.2292
1148,20000,0.0,24,2,0.0,0.0,0.0,0.0009325072169303894,0.1697353571653366,0.1771329939365387,0.47000300884246826,-0.0969284400343895,0.05046888440847397,0.4633827805519104,0.0008974664960987866,0.005221773404628038,0.8534930348396301,64,,0.0,0,0,0,0,3,1.0,,,,,,,0.11356676369905472,0.7643661499023438,1.950920820236206,0.01615,,0.2292
1149,20000,0.0,24,2,0.0,0.0,0.0,0.0015942070167511702,0.1747397482395172,0.18123069405555725,0.34618034958839417,-0.0981646329164505,0.035026755183935165,0.37139976024627686,0.0005655555287376046,0.005783458705991507,1.2804559469223022,64,,0.0,1,0,0,0,2,1.0,,,,,,,0.07666382193565369,0.7885028123855591,2.120913505554199,0.01615,,0.2292
1150,20000,0.0,24,2,0.5,30.0,0.5,0.0009007884073071182,0.21641263365745544,0.2167326807975769,0.42477282881736755,-0.09700408577919006,0.05055999383330345,0.41735634207725525,0.0007247454486787319,0.006601137574762106,1.1664596796035767,64,0.038,0.5,0,0,1,0,1,0.0,,,,,,,0.08316110074520111,0.9667612910270691,2.011274814605713,0.01615,,0.2292
1151,20000,0.0,24,2,0.0,30.0,0.0,0.0009981427574530244,0.16696245968341827,0.16332951188087463,0.40565264225006104,-0.08543237298727036,0.05832148343324661,0.3715617060661316,0.0009575773729011416,0.0057606627233326435,1.219581961631775,64,0.0631,0.0,1,0,0,1,1,0.0,,,,,,,0.07005053758621216,0.7163439989089966,2.1020431518554688,0.01615,,0.2292
1152,20000,0.0,24,2,0.0,30.0,0.0,0.000748154241591692,0.16280892491340637,0.15864668786525726,0.46783536672592163,-0.09817943722009659,0.07262425124645233,0.417836993932724,0.0009003913728520274,0.00585858104750514,0.8979878425598145,64,0.0268,0.0,1,0,1,0,1,0.0,,,,,,,0.10933270305395126,0.7134825587272644,2.0752129554748535,0.0161,,0.2292
1153,20000,0.0,24,2,0.0,30.0,0.0,0.0006900262087583542,0.23936544358730316,0.24276968836784363,0.3560841977596283,-0.09373055398464203,0.0377398245036602,0.37159037590026855,0.0007117561181075871,0.0054894438944756985,1.3434354066848755,64,0.0245,0.0,0,0,2,0,1,1.0,,,,,,,0.06976930797100067,0.7355753779411316,2.0987191200256348,0.016,,0.2292
1154,20000,0.0,24,2,0.0,0.0,0.0,0.0015128012746572495,0.17450040578842163,0.16644836962223053,0.37215977907180786,-0.09700751304626465,0.022039515897631645,0.42115312814712524,0.0007540946826338768,0.007870269007980824,0.9121052622795105,64,,0.0,0,0,0,0,3,1.0,,,,,,,0.10635560750961304,0.7020517587661743,2.029979944229126,0.0161,,0.2292
1155,20000,0.0,24,2,0.0,30.0,0.0,0.003202395513653755,0.1635657548904419,0.167379230260849,0.41822683811187744,-0.09658471494913101,0.046415530145168304,0.4172775447368622,0.0008160042343661189,0.009405885823071003,1.093182921409607,64,0.0453,0.0,1,0,1,0,1,1.0,,,,,,,0.08835183084011078,0.6903047561645508,2.0535032749176025,0.0161,,0.2292
1156,20000,0.0,24,2,0.0,0.0,0.0,0.0008146387990564108,0.23010371625423431,0.23164688050746918,0.3348937928676605,-0.09845051169395447,0.05018876492977142,0.3291953504085541,0.0006237866473384202,0.007542827166616917,1.1732401847839355,64,,0.0,1,0,0,0,2,1.0,,,,,,,0.08391335606575012,0.7450567483901978,2.124000310897827,0.01615,,0.2292
1157,20000,0.0,24,2,0.0,30.0,0.0,0.002906438196077943,0.20384538173675537,0.20059174299240112,0.4747489094734192,-0.09357830882072449,0.07365567982196808,0.41795575618743896,0.0006132944254204631,0.006120180245488882,0.803375244140625,64,0.0753,0.0,1,0,2,0,0,0.0,,,,,,,0.11648144572973251,0.8749710917472839,2.033234119415283,0.0161,,0.2292
1158,20000,0.0,24,2,0.0,0.0,0.0,0.0011953385546803474,0.17975294589996338,0.17291466891765594,0.34025824069976807,-0.09512640535831451,0.052548184990882874,0.32727551460266113,0.0007215591613203287,0.006025581154972315,1.381503939628601,64,,0.0,0,0,0,0,3,0.667,,,,,,,0.06885713338851929,0.8272852897644043,2.1591553688049316,0.0161,,0.2292
1159,20000,0.0,24,2,0.0,30.0,0.0,0.0007052309811115265,0.17677214741706848,0.17222899198532104,0.3559719920158386,-0.09813261032104492,0.03851587325334549,0.3733515739440918,0.0005333905573934317,0.007442611735314131,0.8824939131736755,64,0.0735,0.0,0,0,1,0,2,1.0,,,,,,,0.11119920015335083,0.7157043218612671,2.1465964317321777,0.0161,,0.2292
1160,20000,0.0,24,2,0.0,0.0,0.0,0.0015602870844304562,0.2058205008506775,0.20198339223861694,0.39955469965934753,-0.09289327263832092,0.03599543124437332,0.41798269748687744,0.0006447645137086511,0.004948807414621115,1.4584487676620483,64,,0.0,1,0,0,0,2,0.5,,,,,,,0.06369320303201675,0.7472404837608337,2.039062023162842,0.0161,,0.2292
1161,20000,0.0,24,2,0.0,30.0,0.0,0.0016665676375851035,0.1778339445590973,0.16331766545772552,0.422690749168396,-0.09712386131286621,0.07211703807115555,0.37266242504119873,0.0005718899774365127,0.005836230702698231,1.1212472915649414,64,0.0826,0.0,0,0,2,0,1,0.0,,,,,,,0.08662126958370209,0.7645851373672485,2.0650386810302734,0.01595,,0.2292
1162,20000,0.0,24,2,0.0,0.0,0.0,0.0011232621036469936,0.1967395544052124,0.19173769652843475,0.3686665892601013,-0.09392298758029938,0.06749840825796127,0.3254116475582123,0.0006346235168166459,0.004362250678241253,1.4086745977401733,64,,0.0,0,0,0,0,3,1.0,,,,,,,0.06667472422122955,0.7117961645126343,2.181013584136963,0.01605,,0.2292
1163,20000,0.0,24,2,0.0,30.0,0.0,0.0008442517137154937,0.17123198509216309,0.1766272336244583,0.37789005041122437,-0.0933828055858612,0.04782268404960632,0.3732040524482727,0.0008745318627916276,0.004846866242587566,1.7436869144439697,64,0.0535,0.0,0,0,1,0,2,0.5,,,,,,,0.05355479568243027,0.6854636669158936,2.1174468994140625,0.01595,,0.2292
1164,20000,0.0,24,2,0.0,30.0,0.0,0.001764149172231555,0.2075987160205841,0.20802772045135498,0.4271077513694763,-0.09346947073936462,0.07307618856430054,0.37144917249679565,0.000627148081548512,0.005951351020485163,1.1690400838851929,64,0.0532,0.0,0,0,2,0,1,1.0,,,,,,,0.07995403558015823,0.977220892906189,2.1396541595458984,0.01595,,0.2292
1165,20000,0.0,24,2,0.0,30.0,0.0,0.0011001890525221825,0.2277204692363739,0.22660419344902039,0.6476433277130127,-0.09227325767278671,0.03863437846302986,0.6603230834007263,0.0006464122561737895,0.004649462644010782,1.9006942510604858,64,0.0388,0.0,0,0,1,0,2,1.0,,,,,,,0.04854712635278702,0.7056102156639099,2.0707693099975586,0.01595,,0.2292
1166,20000,0.0,24,2,0.0,0.0,0.0,0.0008340463973581791,0.19492778182029724,0.19239471852779388,0.5510663390159607,-0.09901455789804459,0.04479910433292389,0.5579737424850464,0.0005455184145830572,0.00501790177077055,0.9894242286682129,64,,0.0,1,0,0,0,2,1.0,,,,,,,0.10007290542125702,0.8123878240585327,1.971240758895874,0.016,,0.2292
1167,20000,0.0,24,2,0.0,30.0,0.0,0.0011081063421443105,0.22413554787635803,0.2176733911037445,0.5370107889175415,-0.09632957726716995,0.1518782377243042,0.3265935480594635,0.0006477500428445637,0.005980681162327528,0.9669001698493958,64,0.0408,0.0,1,0,1,0,1,0.0,,,,,,,0.09962721168994904,0.8048736453056335,2.159269332885742,0.01595,,0.2292
1168,20000,0.0,24,2,0.0,30.0,0.0,0.0008905300637707114,0.2144656777381897,0.20742815732955933,0.47975224256515503,-0.09707896411418915,0.07848206162452698,0.41701775789260864,0.0006541161565110087,0.0056986683048307896,0.8019194006919861,64,0.0416,0.0,1,0,1,0,1,1.0,,,,,,,0.12105824798345566,0.7780033946037292,2.0582780838012695,0.0159,,0.2292
1169,20000,0.0,24,2,0.0,30.0,0.0,0.0007309932843782008,0.2045317143201828,0.2077646404504776,0.37793073058128357,-0.09419050812721252,0.04694955796003342,0.37542077898979187,0.0007362031610682607,0.00560267036780715,1.14852774143219,64,0.049,0.0,0,0,2,0,1,1.0,,,,,,,0.08200977742671967,0.6565956473350525,2.1117305755615234,0.01585,,0.2292
1170,20000,0.0,24,2,0.0,30.0,0.0,0.001047690981067717,0.22646364569664001,0.2251909226179123,0.45297566056251526,-0.093833327293396,0.1037236675620079,0.3362560272216797,0.0005875263013876975,0.006211225409060717,1.2512784004211426,64,0.0192,0.0,1,0,1,0,1,1.0,,,,,,,0.07498995959758759,0.7476059794425964,2.11936092376709,0.0158,,0.2292
1171,20000,0.0,24,2,0.5,30.0,0.5,0.0008616936975158751,0.19618314504623413,0.2053220123052597,0.37212857604026794,-0.09087927639484406,0.04228959605097771,0.3760862350463867,0.0006956133292987943,0.004684892948716879,1.7582378387451172,64,0.0552,0.5,0,0,1,0,1,1.0,,,,,,,0.05168770253658295,0.7463154792785645,2.1101648807525635,0.01585,,0.2292
1172,20000,0.0,24,2,0.0,0.0,0.0,0.0036784957628697157,0.19630098342895508,0.1924336850643158,0.3360326588153839,-0.09633977711200714,0.029226049780845642,0.37131914496421814,0.0006331261247396469,0.0052023520693182945,0.9892148971557617,64,,0.0,0,0,0,0,3,1.0,,,,,,,0.09739013761281967,0.8116192817687988,2.1232385635375977,0.0159,,0.2292
1173,20000,0.0,24,2,0.0,30.0,0.0,0.0008826549164950848,0.21834498643875122,0.21447962522506714,0.4474339187145233,-0.09799391031265259,0.10526003688573837,0.3309938907623291,0.0005493136122822762,0.00782768428325653,1.3880161046981812,64,0.0508,0.0,0,0,2,0,1,0.0,,,,,,,0.0705999806523323,0.9058825373649597,2.1578269004821777,0.01585,,0.2292
1174,20000,0.0,24,2,0.0,30.0,0.0,0.0012533265398815274,0.19952808320522308,0.204786479473114,0.45869386196136475,-0.09267351031303406,0.06534522771835327,0.4176439046859741,0.0007410074467770755,0.006066000554710627,0.9679989814758301,64,0.0491,0.0,1,0,1,0,1,1.0,,,,,,,0.09573720395565033,0.8618930578231812,2.053009271621704,0.01585,,0.2292
1175,20000,0.0,24,2,1.0,28.0,1.0,0.0009291646420024335,0.188383087515831,0.19037258625030518,0.49797308444976807,-0.09558218717575073,0.1096998006105423,0.3717588186264038,0.0006779235554859042,0.004793673753738403,0.8668628931045532,64,0.0383,1.0,0,0,0,0,2,1.0,,,,,,,0.1102621853351593,0.8900762796401978,2.11993145942688,0.01595,,0.2292
1176,20000,0.0,24,2,0.0,24.0,0.0,0.0007728008786216378,0.18117491900920868,0.1814027726650238,0.4482317566871643,-0.08979342132806778,0.058977507054805756,0.41699784994125366,0.0005951090133748949,0.00614462373778224,2.4729464054107666,64,0.0744,0.0,1,0,0,1,1,1.0,,,,,,,0.03631029650568962,0.7879382967948914,2.15457820892334,0.01595,,0.2292
1177,20000,0.0,24,2,0.0,30.0,0.0,0.0007887886022217572,0.22393487393856049,0.2234402894973755,0.4045757055282593,-0.09578404575586319,0.06321781873703003,0.3715243339538574,0.0005236809374764562,0.004799519199877977,1.1368353366851807,64,0.0373,0.0,0,0,1,0,2,1.0,,,,,,,0.08425498008728027,0.7314580678939819,2.1523263454437256,0.016,,0.2292
1178,20000,0.0,24,2,1.0,28.0,1.0,0.0006594809237867594,0.1727955937385559,0.17294156551361084,0.37251150608062744,-0.09649884700775146,0.047538988292217255,0.3714522123336792,0.0006488973740488291,0.00496031204238534,1.5317248106002808,64,0.0379,1.0,0,0,0,0,2,1.0,,,,,,,0.06300012022256851,0.7977730631828308,2.132026195526123,0.01605,,0.2292
1179,20000,0.0,24,2,0.0,30.0,0.0,0.0006695204647257924,0.20203804969787598,0.21589666604995728,0.41991767287254333,-0.09295997023582458,0.023445656523108482,0.46340832114219666,0.0007248448673635721,0.00515605928376317,1.1689199209213257,64,0.034,0.0,0,0,1,0,2,1.0,,,,,,,0.0795263797044754,0.6528863906860352,2.0220208168029785,0.01615,,0.2292
1180,20000,0.0,24,2,0.5,30.0,0.5,0.0011722585186362267,0.2137652486562729,0.2102775126695633,0.349035382270813,-0.09558022767305374,0.034643881022930145,0.37202703952789307,0.0008056543301790953,0.006601615343242884,1.2066737413406372,64,0.0433,0.5,0,0,1,0,1,1.0,,,,,,,0.07920967042446136,0.6707720756530762,2.095193862915039,0.01615,,0.2292
1181,20000,0.0,24,2,0.0,30.0,0.0,0.0010227900929749012,0.19682183861732483,0.19466276466846466,0.4240298271179199,-0.09514375030994415,0.07154476642608643,0.3732609152793884,0.0006401973078027368,0.005646238103508949,0.9668995141983032,64,0.0498,0.0,1,0,2,0,0,0.0,,,,,,,0.09840087592601776,0.823525071144104,2.1190924644470215,0.01615,,0.2292
1182,20000,0.0,24,2,0.0,30.0,0.0,0.0010862243361771107,0.1870582550764084,0.18130624294281006,0.43546223640441895,-0.09464787691831589,0.05403245612978935,0.41981786489486694,0.000809921242762357,0.004454664885997772,1.030657172203064,64,0.0327,0.0,0,0,2,0,1,0.0,,,,,,,0.09183254837989807,0.7570037841796875,2.0515084266662598,0.01605,,0.2292
1183,20000,0.0,24,2,0.0,0.0,0.0,0.0014758461620658636,0.22581379115581512,0.21960397064685822,0.39286544919013977,-0.09261780977249146,0.05606183409690857,0.371101438999176,0.0005953322979621589,0.004516331013292074,1.585955023765564,64,,0.0,1,0,0,0,2,1.0,,,,,,,0.058398760855197906,0.6896963119506836,2.1026110649108887,0.0161,,0.2292
1184,20000,0.0,24,2,0.0,30.0,0.0,0.0013323595048859715,0.24502937495708466,0.24063429236412048,0.375877320766449,-0.09490784257650375,0.04777848720550537,0.37143704295158386,0.0008172523812390864,0.007582325022667646,1.0384405851364136,64,0.0248,0.0,0,0,1,0,2,0.5,0.0703,0.4164,0.083,0,39,5,0.0913945883512497,0.838767409324646,2.100759744644165,0.0161,0.0833,0.2292
1185,20000,0.0,24,2,0.0,29.33,0.0,0.0015303982654586434,0.17366203665733337,0.17879900336265564,0.3733886480331421,-0.09291064739227295,0.05894438922405243,0.3460486829280853,0.000686171289999038,0.004723673220723867,1.0867403745651245,64,0.0342,0.0,0,0,1,2,0,0.0,,,,,,,0.08549479395151138,0.7810841798782349,2.1222970485687256,0.016,,0.2292
1186,20000,0.0,24,2,0.0,0.0,0.0,0.0016096439212560654,0.20035481452941895,0.20798932015895844,0.4037266671657562,-0.09303312748670578,0.05999475717544556,0.3743096590042114,0.0007064389064908028,0.0049212840385735035,0.922522246837616,64,,0.0,1,0,0,0,2,1.0,,,,,,,0.10084649175405502,0.7900924682617188,2.129295825958252,0.01605,,0.2292
1187,20000,0.0,24,2,0.0,30.0,0.0,0.0006261821836233139,0.239674374461174,0.24042993783950806,0.32388001680374146,-0.09354132413864136,0.04443730413913727,0.3262973427772522,0.0007481067441403866,0.004498768597841263,2.1605422496795654,64,0.0168,0.0,0,0,1,0,2,1.0,,,,,,,0.043295301496982574,0.8239313364028931,2.1835474967956543,0.016,,0.2292
1188,20000,0.0,24,2,0.0,0.0,0.0,0.0010641784174367785,0.20618963241577148,0.20269322395324707,0.4161461889743805,-0.09783682227134705,0.04298244044184685,0.42516660690307617,0.0008579730638302863,0.005703026428818703,0.8780893683433533,64,,0.0,0,0,0,0,3,0.667,,,,,,,0.11142011731863022,0.8533587455749512,2.031604051589966,0.0161,,0.2292
1189,20000,0.0,24,2,0.0,0.0,0.0,0.0006667259731329978,0.24165970087051392,0.23980213701725006,0.37304848432540894,-0.09526412189006805,0.0697021633386612,0.3258889317512512,0.0007019795011729002,0.006038662511855364,1.4064228534698486,64,,0.0,3,0,0,0,0,0.0,,,,,,,0.06773505359888077,0.887468695640564,2.191026210784912,0.0161,,0.2292
1190,20000,0.0,24,2,0.3333,28.33,0.3333,0.0013570880983024836,0.176194429397583,0.1784730851650238,0.5006658434867859,-0.09105296432971954,0.07771025598049164,0.43325257301330566,0.0007132973405532539,0.006091532297432423,0.8618015646934509,64,0.0458,0.333,0,0,1,1,0,0.0,,,,,,,0.10565420985221863,0.842242419719696,2.053668260574341,0.0161,,0.2292
1191,20000,0.0,24,2,0.0,30.0,0.0,0.0005013475893065333,0.23960937559604645,0.24144189059734344,0.4418657422065735,-0.09395942091941833,0.05760034918785095,0.4180479645729065,0.0005418856162577868,0.005153016187250614,0.8308860063552856,64,0.0312,0.0,1,0,2,0,0,0.0,,,,,,,0.11308341473340988,0.7354547381401062,2.071870803833008,0.01605,,0.2292
1192,20000,0.0,24,2,0.0,30.0,0.0,0.0008202171884477139,0.16023623943328857,0.15231510996818542,0.39265573024749756,-0.08731207251548767,0.029798736795783043,0.41738161444664,0.0007862009224481881,0.005977479275316,1.025875449180603,64,0.0276,0.0,1,0,1,0,1,0.0,,,,,,,0.08510981500148773,0.6843317747116089,2.070664882659912,0.01605,,0.2292
1193,20000,0.0,24,2,0.5,30.0,0.5,0.000985330087132752,0.18387287855148315,0.17898988723754883,0.43998828530311584,-0.09353530406951904,0.07913320511579514,0.372189998626709,0.0008425101987086236,0.0061343093402683735,1.2343295812606812,64,0.0392,0.5,0,0,1,0,1,1.0,,,,,,,0.07577822357416153,0.7790457010269165,2.1143593788146973,0.0161,,0.2292
1194,20000,0.0,24,2,0.0,30.0,0.0,0.0008585393079556525,0.18336312472820282,0.17956888675689697,0.27997106313705444,-0.0959857925772667,0.024104347452521324,0.32542407512664795,0.0007561453385278583,0.004648121073842049,1.2106019258499146,64,0.1341,0.0,0,0,1,0,2,1.0,,,,,,,0.07928766310214996,0.7305610179901123,2.2048933506011963,0.0161,,0.2292
1195,20000,0.0,24,2,0.0,30.0,0.0,0.0014958553947508335,0.21626202762126923,0.22297710180282593,0.5973305106163025,-0.09509173035621643,0.13603556156158447,0.41800233721733093,0.0008521297131665051,0.00469759339466691,1.1396998167037964,64,0.0868,0.0,2,0,1,0,0,0.0,,,,,,,0.0834357738494873,0.9038237929344177,2.021411895751953,0.0161,,0.2292
1196,20000,0.0,24,2,1.0,30.0,1.0,0.0014138843398541212,0.2607441246509552,0.26398977637290955,0.4683496952056885,-0.09628558903932571,0.11734624952077866,0.3266430199146271,0.0004346941423136741,0.00659955944865942,1.0815454721450806,64,0.0155,1.0,0,0,0,0,2,1.0,,,,,,,0.08902592957019806,0.8184738159179688,2.1324856281280518,0.0162,,0.2292
1197,20000,0.0,24,2,0.0,30.0,0.0,0.0005726153613068163,0.18787074089050293,0.18854041397571564,0.43008023500442505,-0.09573943167924881,0.053120166063308716,0.41726410388946533,0.0007188317249529064,0.004630445037037134,1.1040366888046265,64,0.0541,0.0,0,0,2,0,1,1.0,,,,,,,0.08671761304140091,0.7558292746543884,2.0673484802246094,0.0162,,0.2292
1198,20000,0.0,24,2,0.5,30.0,0.5,0.001000280026346445,0.1860349476337433,0.1778598427772522,0.39593443274497986,-0.09786497056484222,0.03666967898607254,0.41683340072631836,0.0008254245040006936,0.007253317628055811,0.8817324638366699,64,0.023,0.5,0,0,1,0,1,1.0,,,,,,,0.11099168658256531,0.8497807383537292,2.0550737380981445,0.01625,,0.2292
1199,20000,0.0,24,2,0.0,30.0,0.0,0.0008583468734286726,0.2065102458000183,0.207643523812294,0.39283862709999084,-0.0961427241563797,0.03391847759485245,0.417926549911499,0.0006987821543589234,0.006435667630285025,1.2856345176696777,64,0.0077,0.0,1,0,1,0,1,1.0,,,,,,,0.07478231191635132,0.7920941114425659,2.088019371032715,0.01625,,0.2292
1200,20000,0.0,24,2,0.0,0.0,0.0,0.0023526621516793966,0.20303449034690857,0.2093236744403839,0.40028905868530273,-0.09449654817581177,0.07950425148010254,0.33208346366882324,0.0006633717566728592,0.0073873079381883144,1.1939831972122192,64,,0.0,1,0,0,0,2,1.0,,,,,,,0.0791439563035965,0.8111749887466431,2.1227996349334717,0.01625,,0.2292
1201,20000,0.0,24,2,0.0,28.67,0.0,0.0010166455758735538,0.20492452383041382,0.2025340497493744,0.4280906617641449,-0.0938282459974289,0.05084480345249176,0.417375385761261,0.000574024801608175,0.00570782320573926,1.062303900718689,64,0.0523,0.0,0,0,2,1,0,0.0,,,,,,,0.08832523971796036,0.8038394451141357,2.0466413497924805,0.01625,,0.2292
1202,20000,0.0,24,2,0.0,30.0,0.0,0.0008522135321982205,0.14392197132110596,0.14458152651786804,0.431673526763916,-0.09169676899909973,0.06691665947437286,0.3867831826210022,0.0009401629213243723,0.005507595371454954,1.0541685819625854,64,0.0683,0.0,1,0,2,0,0,0.0,,,,,,,0.08698492497205734,0.8169118762016296,2.0802977085113525,0.0162,,0.2292
1203,20000,0.0,24,2,0.0,30.0,0.0,0.0010744701139628887,0.187809556722641,0.18497341871261597,0.30097678303718567,-0.08915979415178299,0.03088906966149807,0.32549989223480225,0.0006267682765610516,0.0057171122170984745,1.4438505172729492,64,0.0221,0.0,0,0,2,0,1,0.0,,,,,,,0.06175140291452408,0.7247365713119507,2.190746307373047,0.0162,,0.2292
1204,20000,0.0,24,2,0.0,30.0,0.0,0.001131294178776443,0.21302711963653564,0.21387648582458496,0.6655325889587402,-0.09667046368122101,0.1921766996383667,0.37464672327041626,0.0005669944803230464,0.006405788939446211,1.1244851350784302,64,0.0491,0.0,0,0,1,0,2,1.0,,,,,,,0.08596864342689514,0.8863584995269775,2.0877747535705566,0.0162,,0.2292
1205,20000,0.0,24,2,0.0,30.0,0.0,0.0009157969616353512,0.1481321156024933,0.13896673917770386,0.37558385729789734,-0.0956057608127594,0.03958572447299957,0.3863895535469055,0.0005028508603572845,0.011257247999310493,0.9407967925071716,64,0.0165,0.0,1,0,2,0,0,0.0,,,,,,,0.10162211954593658,0.6416418552398682,2.104137420654297,0.0162,,0.2292
1206,20000,0.0,24,2,0.0,30.0,0.0,0.0009075443958863616,0.22106418013572693,0.2175808846950531,0.46190980076789856,-0.09539824724197388,0.09151166677474976,0.37146997451782227,0.0006028180941939354,0.005629465915262699,1.1583729982376099,64,0.0291,0.0,2,0,1,0,0,0.0,,,,,,,0.08235539495944977,0.8156003355979919,2.15822172164917,0.0162,,0.2292
1207,20000,0.0,24,2,0.0,30.0,0.0,0.0013634144561365247,0.21031445264816284,0.21122244000434875,0.33702632784843445,-0.09434327483177185,0.028803754597902298,0.37172091007232666,0.0005602507735602558,0.004082400817424059,0.965484082698822,64,0.0654,0.0,0,0,2,0,1,1.0,,,,,,,0.09771603345870972,0.6667900085449219,2.171814441680908,0.0162,,0.2292
1208,20000,0.0,24,2,0.0,29.0,0.0,0.0009727884316816926,0.18677933514118195,0.18436367809772491,0.47528910636901855,-0.09302394092082977,0.051398616284132004,0.46280983090400696,0.00070191640406847,0.005411955062299967,1.0093400478363037,64,0.0193,0.0,1,0,0,1,1,1.0,,,,,,,0.09216313064098358,0.7176939249038696,1.9785335063934326,0.0162,,0.2292
1209,20000,0.0,24,2,0.0,30.0,0.0,0.0008199891308322549,0.22846485674381256,0.2279704511165619,0.3702116012573242,-0.09197402000427246,0.06666909158229828,0.32549965381622314,0.000746703939512372,0.0066955736838281155,1.207763671875,64,0.0281,0.0,0,0,1,0,2,1.0,,,,,,,0.07615233212709427,0.6557206511497498,2.198389768600464,0.01625,,0.2292
1210,20000,0.0,24,2,0.3333,30.0,0.3333,0.0009471561061218381,0.22464250028133392,0.22546108067035675,0.35361185669898987,-0.097201868891716,0.05759743973612785,0.3329441547393799,0.0007833199924789369,0.005349403712898493,1.3461613655090332,64,0.054,0.333,0,0,2,0,0,0.0,,,,,,,0.07220669090747833,0.798309326171875,2.1582069396972656,0.01615,,0.2292
1211,20000,0.0,24,2,1.0,30.0,1.0,0.0006104109925217927,0.16707095503807068,0.16354461014270782,0.3294934928417206,-0.09153331071138382,0.02239067107439041,0.3728983998298645,0.0007331563392654061,0.006694157607853413,1.1867793798446655,64,0.0407,1.0,1,0,0,0,1,1.0,,,,,,,0.07712749391794205,0.6241768002510071,2.113630533218384,0.01615,,0.2292
1212,20000,0.0,24,2,0.0,30.0,0.0,0.001269464730285108,0.24031749367713928,0.2394200712442398,0.4565042555332184,-0.09705126285552979,0.06069926545023918,0.42915013432502747,0.0004490245191846043,0.0060137128457427025,0.945936381816864,64,0.0255,0.0,0,0,1,0,2,1.0,,,,,,,0.10259809345006943,0.8568176627159119,2.029510021209717,0.01625,,0.2292
1213,20000,0.0,24,2,0.5,30.0,0.5,0.0009873801609501243,0.1955728828907013,0.1980465203523636,0.5281271934509277,-0.0949687659740448,0.07872483134269714,0.46332061290740967,0.0006982117192819715,0.004651264753192663,0.8136634826660156,64,0.0409,0.5,1,0,0,1,0,0.0,,,,,,,0.11671750247478485,0.6953986883163452,1.9860308170318604,0.0162,,0.2292
1214,20000,0.0,24,2,0.0,0.0,0.0,0.001076413318514824,0.1795591413974762,0.18637225031852722,0.30130571126937866,-0.09486997127532959,0.03387925773859024,0.32537660002708435,0.0006445729522965848,0.006081112194806337,1.7201454639434814,64,,0.0,0,0,0,0,3,1.0,,,,,,,0.055152297019958496,0.7632511854171753,2.2121429443359375,0.0163,,0.2292
1215,20000,0.0,24,2,0.0,0.0,0.0,0.0006010899669490755,0.1548972874879837,0.15027132630348206,0.431522011756897,-0.08530726283788681,0.06995941698551178,0.3719803988933563,0.0005607606726698577,0.00986008532345295,1.4697800874710083,64,,0.0,1,0,0,0,2,1.0,,,,,,,0.058040834963321686,0.7484151721000671,2.1318459510803223,0.0164,,0.2292
1216,20000,0.0,24,2,0.0,30.0,0.0,0.001178265199996531,0.21956251561641693,0.2238563895225525,0.2978391945362091,-0.09492556750774384,0.032555416226387024,0.32539641857147217,0.0012044772738590837,0.004514998756349087,1.1533573865890503,64,0.0826,0.0,1,0,1,0,1,1.0,,,,,,,0.08230368793010712,0.7380878329277039,2.1705732345581055,0.01635,,0.2292
1217,20000,0.0,24,2,0.5,30.0,0.5,0.001107118441723287,0.18264183402061462,0.17658968269824982,0.3979887068271637,-0.09443214535713196,0.05784725397825241,0.37205958366394043,0.001116714091040194,0.009333550930023193,1.063244342803955,64,0.0442,0.5,0,0,0,1,1,1.0,,,,,,,0.08881509304046631,0.8214132785797119,2.1004467010498047,0.01635,,0.2292
1218,20000,0.0,24,2,0.0,0.0,0.0,0.0009029344655573368,0.20424696803092957,0.20725947618484497,0.4153919517993927,-0.09395906329154968,0.06676147878170013,0.37214845418930054,0.000838759180624038,0.007359188515692949,1.1998851299285889,64,,0.0,1,0,0,0,2,1.0,,,,,,,0.07830671966075897,0.8033989667892456,2.084629774093628,0.0164,,0.2292
1219,20000,0.0,24,2,1.0,30.0,1.0,0.004897519014775753,0.23727314174175262,0.23471464216709137,0.4881823658943176,-0.09549744427204132,0.08188922703266144,0.41735193133354187,0.0005328266997821629,0.005098848603665829,0.7604390382766724,64,0.0159,1.0,0,0,0,0,2,0.5,,,,,,,0.12558197975158691,0.8016998767852783,2.0395987033843994,0.01635,,0.2292
1220,20000,0.0,24,2,0.0,25.0,0.0,0.0008095940575003624,0.19616597890853882,0.19445005059242249,0.4427690804004669,-0.09034398943185806,0.03251151740550995,0.46544456481933594,0.0008354650344699621,0.005290952045470476,1.2494263648986816,64,0.0144,0.0,1,0,0,1,1,1.0,,,,,,,0.07230837643146515,0.7804524302482605,2.012385129928589,0.01635,,0.2292
1221,20000,0.0,24,2,0.3333,29.0,0.3333,0.0018298502545803785,0.20286083221435547,0.20227104425430298,0.3637033700942993,-0.09187794476747513,0.06304758042097092,0.32649317383766174,0.0007667738245800138,0.005985958036035299,1.0750261545181274,64,0.0418,0.333,0,0,1,1,0,0.0,0.0683,0.4202,0.146,3,36,5,0.08546577394008636,0.7613401412963867,2.12785267829895,0.0163,0.0833,0.2292
1222,20000,0.0,24,2,0.0,30.0,0.0,0.0008597838459536433,0.2141435146331787,0.21527597308158875,0.447409987449646,-0.09293422847986221,0.059455424547195435,0.41805702447891235,0.0006025884649716318,0.0067526912316679955,1.1846191883087158,64,0.011,0.0,0,0,2,0,1,1.0,,,,,,,0.07845072448253632,0.773678183555603,2.0468108654022217,0.0162,,0.2292
1223,20000,0.0,24,2,0.0,29.0,0.0,0.001421367167495191,0.20817838609218597,0.2100657820701599,0.35939350724220276,-0.09254729002714157,0.03904382884502411,0.3715280294418335,0.0007724702008999884,0.00465021189302206,1.8347727060317993,64,0.0292,0.0,0,0,0,1,2,1.0,,,,,,,0.05044073611497879,0.665221095085144,2.106192111968994,0.0162,,0.2292
1224,20000,0.0,24,2,0.0,28.5,0.0,0.0011386569822207093,0.1958637833595276,0.19358037412166595,0.5336731672286987,-0.09735386818647385,0.12622638046741486,0.3755348026752472,0.0007400262402370572,0.006078930106014013,1.411289095878601,64,0.0565,0.0,0,0,1,1,1,1.0,,,,,,,0.06898222863674164,0.7130249738693237,2.0764284133911133,0.01615,,0.2292
1225,20000,0.0,24,2,0.0,0.0,0.0,0.0018668418051674962,0.21342182159423828,0.2107497751712799,0.5874322652816772,-0.09438005834817886,0.1521274894475937,0.3743210434913635,0.0006969485548324883,0.006472624838352203,0.8966178297996521,64,,0.0,0,0,0,0,3,0.667,,,,,,,0.10526230186223984,0.9549292922019958,2.114938974380493,0.0161,,0.2292
1226,20000,0.0,24,2,0.0,30.0,0.0,0.0012093344703316689,0.20121732354164124,0.1971110701560974,0.45470836758613586,-0.0936635285615921,0.04099240154027939,0.4633811116218567,0.0007907817489467561,0.006011957302689552,0.728028416633606,64,0.051,0.0,1,0,0,1,1,0.0,,,,,,,0.1286536604166031,0.8553001284599304,2.000492572784424,0.0161,,0.2292
1227,20000,0.0,24,2,0.0,30.0,0.0,0.0008898453088477254,0.22153626382350922,0.2150656282901764,0.482341468334198,-0.09110715240240097,0.12229554355144501,0.32547318935394287,0.0005523667205125093,0.006768705788999796,1.538500428199768,64,0.0858,0.0,0,0,1,0,2,1.0,,,,,,,0.0592181533575058,0.7585810422897339,2.1897900104522705,0.01605,,0.2292
1228,20000,0.0,24,2,0.0,0.0,0.0,0.000457395042758435,0.20350311696529388,0.20481108129024506,0.4524068236351013,-0.08826752007007599,0.059560250490903854,0.41807499527931213,0.0006046159542165697,0.006957719102501869,1.154439926147461,64,,0.0,1,0,0,0,2,1.0,,,,,,,0.07645917683839798,0.8458050489425659,2.049684524536133,0.01615,,0.2292
1229,20000,0.0,24,2,0.0,30.0,0.0,0.0006113663548603654,0.2225404977798462,0.21310046315193176,0.5036222338676453,-0.09725126624107361,0.06753339618444443,0.46341797709465027,0.000689408858306706,0.004777389112859964,0.7900977730751038,64,0.0298,0.0,1,0,1,0,1,0.0,,,,,,,0.12308762967586517,0.7456437945365906,1.972285509109497,0.01605,,0.2292
1230,20000,0.0,24,2,0.0,29.5,0.0,0.001209639711305499,0.1752004772424698,0.17117401957511902,0.36759981513023376,-0.09510689973831177,0.04174598306417465,0.37603747844696045,0.0006894892430864275,0.0063545056618750095,1.288339614868164,64,0.0174,0.5,0,1,1,0,1,1.0,,,,,,,0.0738212913274765,0.7223674654960632,2.059497356414795,0.016,,0.2292
1231,20000,0.0,24,2,0.0,0.0,0.0,0.0011213744292035699,0.21068289875984192,0.21261754631996155,0.38099756836891174,-0.09204262495040894,0.04897303506731987,0.3712475001811981,0.0007788994698785245,0.007693248335272074,1.209431767463684,64,,0.0,0,0,0,0,3,0.667,,,,,,,0.07610403001308441,0.815943717956543,2.140110492706299,0.016,,0.2292
1232,20000,0.0,24,2,0.0,30.0,0.0,0.0009313618065789342,0.19632935523986816,0.19258737564086914,0.4081159830093384,-0.09345270693302155,0.03902013227343559,0.4187914729118347,0.000722517550457269,0.009473918005824089,1.0958188772201538,64,0.0281,0.0,0,0,2,0,1,1.0,,,,,,,0.08528116345405579,0.7100682258605957,2.0420944690704346,0.01595,,0.2292
1233,20000,0.0,24,2,0.0,30.0,0.0,0.0006829389603808522,0.20404624938964844,0.21057537198066711,0.28163397312164307,-0.09396298974752426,0.022154614329338074,0.32780879735946655,0.0005600293516181409,0.006957862991839647,1.040043592453003,64,0.0635,0.0,0,0,1,0,2,0.5,,,,,,,0.09034524112939835,0.7286899089813232,2.213399887084961,0.01595,,0.2292
1234,20000,0.0,24,2,0.0,0.0,0.0,0.0008707338711246848,0.2197193056344986,0.2241022139787674,0.4867936372756958,-0.08868294954299927,0.10033564269542694,0.3719837963581085,0.0004463455989025533,0.005643039010465145,1.0859001874923706,64,,0.0,0,0,0,0,3,0.667,,,,,,,0.08166766911745071,0.7992825508117676,2.1265029907226562,0.01605,,0.2292
1235,20000,0.0,24,2,0.0,30.0,0.0,0.0009469148935750127,0.19925817847251892,0.19895370304584503,0.5335981249809265,-0.0964212492108345,0.10481102764606476,0.4174874424934387,0.0006338231614790857,0.0058198124170303345,1.051918387413025,64,0.0633,0.0,0,0,3,0,0,0.0,,,,,,,0.09166228771209717,0.9103996157646179,2.014582872390747,0.016,,0.2292
1236,20000,0.0,24,2,0.0,30.0,0.0,0.0005368512938730419,0.16827896237373352,0.16556920111179352,0.46562641859054565,-0.09547325223684311,0.04766484722495079,0.46267619729042053,0.00047503391397185624,0.006187582388520241,0.9374338388442993,64,0.0793,0.0,0,0,1,0,2,1.0,,,,,,,0.10184531658887863,0.8386847376823425,1.9962821006774902,0.016,,0.2292
1237,20000,0.0,24,2,0.0,0.0,0.0,0.0007002016063779593,0.23748019337654114,0.23931293189525604,0.38652703166007996,-0.09775585681200027,0.07760271430015564,0.325778067111969,0.0005764458910562098,0.006598795298486948,1.1455312967300415,64,,0.0,1,0,0,0,2,1.0,,,,,,,0.08533670008182526,0.8048282861709595,2.164344310760498,0.01605,,0.2292
1238,20000,0.0,24,2,0.0,30.0,0.0,0.0011444445699453354,0.25223207473754883,0.2536429464817047,0.3749608099460602,-0.09017644077539444,0.04541834443807602,0.37153327465057373,0.0006181870121508837,0.005534612573683262,1.6762208938598633,64,0.05,0.0,0,0,2,0,1,0.0,,,,,,,0.053797464817762375,0.718864381313324,2.151792049407959,0.01595,,0.2292
1239,20000,0.0,24,2,0.0,30.0,0.0,0.0010725641623139381,0.1691543459892273,0.16364814341068268,0.3631713092327118,-0.09180274605751038,0.049219585955142975,0.353687584400177,0.0006509906961582601,0.00569456210359931,1.3122450113296509,64,0.0954,0.0,0,0,1,0,2,0.5,,,,,,,0.06995853781700134,0.7234032154083252,2.0732545852661133,0.01595,,0.2292
1240,20000,0.0,24,2,0.0,30.0,0.0,0.0014238090952858329,0.19106000661849976,0.19293212890625,0.7000436186790466,-0.08030872046947479,0.053371887654066086,0.6707766056060791,0.0012473503593355417,0.005663926247507334,2.3131070137023926,64,0.0285,0.0,2,0,1,0,0,0.0,,,,,,,0.03471898287534714,0.7713691592216492,2.0021674633026123,0.01595,,0.2292
1241,20000,0.0,24,2,0.0,0.0,0.0,0.0006171530112624168,0.22769048810005188,0.2285054326057434,0.46188488602638245,-0.09718310832977295,0.08691318333148956,0.3828527331352234,0.0005046965088695288,0.004777765832841396,0.8325176239013672,64,,0.0,1,0,0,0,2,1.0,,,,,,,0.11673399806022644,0.712058424949646,2.082697868347168,0.01605,,0.2292
1242,20000,0.0,24,2,0.0,30.0,0.0,0.0009456593543291092,0.20738768577575684,0.1898680478334427,0.33579739928245544,-0.09665611386299133,0.03772049397230148,0.3545764088630676,0.0007950538420118392,0.004872250836342573,1.2188829183578491,64,0.0488,0.0,0,0,2,0,1,1.0,,,,,,,0.07929892838001251,0.6369084119796753,2.0526511669158936,0.0161,,0.2292
1243,20000,0.0,24,2,0.0,0.0,0.0,0.0007509567658416927,0.12842820584774017,0.1255355030298233,0.4628131091594696,-0.09409528225660324,0.06811991333961487,0.41748887300491333,0.001038740505464375,0.0063594067469239235,1.226265549659729,64,,0.0,1,0,0,0,2,1.0,,,,,,,0.07673320174217224,0.8177503347396851,2.048544406890869,0.01615,,0.2292
1244,20000,0.0,24,2,0.0,30.0,0.0,0.0008422815008088946,0.2440292239189148,0.2528229057788849,0.40590494871139526,-0.09640200436115265,0.0643143579363823,0.37141579389572144,0.0008489484898746014,0.004524899180978537,0.9901982545852661,64,0.0415,0.0,0,0,2,0,1,1.0,,,,,,,0.09735625982284546,0.821769654750824,2.154420852661133,0.01615,,0.2292
1245,20000,0.0,24,2,0.0,0.0,0.0,0.0014931956538930535,0.22771506011486053,0.23321807384490967,0.4162147641181946,-0.08997970819473267,0.04116511344909668,0.4207974672317505,0.0008384913671761751,0.006133548449724913,1.6085480451583862,64,,0.0,1,0,0,0,2,1.0,,,,,,,0.055938467383384705,0.8112635612487793,2.0547165870666504,0.01625,,0.2292
1246,20000,0.0,24,2,0.0,30.0,0.0,0.0013385395286604762,0.16653575003147125,0.16382531821727753,0.35925278067588806,-0.07963277399539948,0.05401134490966797,0.3281850218772888,0.0006792069762013853,0.0053556449711322784,3.0616209506988525,64,0.0437,0.0,1,0,2,0,0,0.0,,,,,,,0.026010004803538322,0.7654250860214233,2.142937183380127,0.01615,,0.2292
1247,20000,0.0,24,2,0.0,30.0,0.0,0.0007622926495969296,0.18184252083301544,0.1822526901960373,0.4265337288379669,-0.09595391899347305,0.07392951101064682,0.3716540038585663,0.0008058954263105989,0.005949246697127819,1.1484791040420532,64,0.0241,0.0,2,0,1,0,0,0.0,,,,,,,0.08354867994785309,0.8323272466659546,2.13936185836792,0.0161,,0.2292
1248,20000,0.0,24,2,0.0,30.0,0.0,0.0008075189543887973,0.1545865833759308,0.15190105140209198,0.3469827473163605,-0.09217776358127594,0.055382534861564636,0.32564350962638855,0.0007715074461884797,0.005503857973963022,1.1144791841506958,64,0.0471,0.0,0,0,2,0,1,1.0,,,,,,,0.08270926773548126,0.9373144507408142,2.2100775241851807,0.0161,,0.2292
1249,20000,0.0,24,2,0.0,30.0,0.0,0.0009130154503509402,0.1556423157453537,0.15643398463726044,0.4520220160484314,-0.09726298600435257,0.08762973546981812,0.3712623119354248,0.0009331350447610021,0.005526402033865452,0.9702959060668945,64,0.0522,0.0,0,0,2,0,1,1.0,,,,,,,0.1002405434846878,0.894934356212616,2.120598316192627,0.01605,,0.2292
1250,20000,0.0,24,2,0.0,30.0,0.0,0.0009045309270732105,0.17553645372390747,0.17258962988853455,0.36228588223457336,-0.09326061606407166,0.0632886067032814,0.3254880905151367,0.0006419754354283214,0.006962368730455637,1.7652841806411743,64,0.0164,0.0,0,0,1,0,2,1.0,,,,,,,0.05283036828041077,0.621991753578186,2.176769971847534,0.0161,,0.2292
1251,20000,0.0,24,2,0.0,30.0,0.0,0.001269892673008144,0.1446731984615326,0.1374821662902832,0.34723129868507385,-0.09404510259628296,0.033399950712919235,0.37147265672683716,0.0009563167695887387,0.00600765086710453,1.288292407989502,64,0.0436,0.0,0,0,1,0,2,1.0,,,,,,,0.07299981266260147,0.9220876693725586,2.1142489910125732,0.01615,,0.2292
1252,20000,0.0,24,2,0.0,30.0,0.0,0.001239961595274508,0.20668193697929382,0.20998677611351013,0.4884057939052582,-0.09324247390031815,0.05727742239832878,0.4647587239742279,0.0006153702852316201,0.004669345449656248,1.1305387020111084,64,0.0029,1.0,0,1,0,0,2,1.0,,,,,,,0.08247613906860352,0.7909733653068542,2.0245108604431152,0.0161,,0.2292
1253,20000,0.0,24,2,1.0,30.0,1.0,0.0027647195383906364,0.22808638215065002,0.22150975465774536,0.34663116931915283,-0.09094233810901642,0.054610829800367355,0.32556501030921936,0.0011037092190235853,0.00557370949536562,1.195112943649292,64,0.0123,1.0,1,0,0,0,1,0.0,,,,,,,0.07609518617391586,0.8365912437438965,2.20082688331604,0.0161,,0.2292
1254,20000,0.0,24,2,0.0,30.0,0.0,0.0007632200722582638,0.20519807934761047,0.2029552161693573,0.363925039768219,-0.0961732268333435,0.03584207594394684,0.3855445981025696,0.0007578887161798775,0.0057390411384403706,1.2076092958450317,64,0.0211,0.0,0,0,1,0,2,1.0,,,,,,,0.07963936030864716,0.8247690200805664,2.1284093856811523,0.01615,,0.2292
1255,20000,0.0,24,2,0.0,0.0,0.0,0.0009442830923944712,0.22825366258621216,0.22006982564926147,0.39672908186912537,-0.09792541712522507,0.03633686155080795,0.41725271940231323,0.0005933924694545567,0.009456072002649307,0.8322332501411438,64,,0.0,1,0,0,0,2,0.5,,,,,,,0.1176658421754837,0.7246469259262085,2.086827039718628,0.0161,,0.2292
1256,20000,0.0,24,2,1.0,29.0,1.0,0.003121494548395276,0.22324001789093018,0.2178347408771515,0.5997788310050964,-0.09348613023757935,0.1138913631439209,0.46275144815444946,0.0005296755698509514,0.005461594555526972,1.1227216720581055,64,0.0266,1.0,0,0,0,0,2,1.0,,,,,,,0.08326742053031921,0.7975611686706543,1.9479176998138428,0.01615,,0.2292
1257,20000,0.0,24,2,0.0,30.0,0.0,0.0015965080820024014,0.22312067449092865,0.21508647501468658,0.5074866414070129,-0.0978035181760788,0.11260758340358734,0.3768141269683838,0.0005512359784916043,0.006521750241518021,1.3062914609909058,64,0.0386,0.0,0,0,2,0,1,1.0,,,,,,,0.07487113773822784,1.0494998693466187,2.1047513484954834,0.0161,,0.2292
1258,20000,0.0,24,2,0.0,0.0,0.0,0.0007527618436142802,0.2530328631401062,0.2544926404953003,0.3623164892196655,-0.08177651464939117,0.05813579261302948,0.32558977603912354,0.000613923417404294,0.004463323391973972,1.7282774448394775,64,,0.0,0,0,0,0,3,1.0,0.0919,0.4897,0.083,0,41,3,0.047316774725914,0.757899284362793,2.2068846225738525,0.01615,0.0833,0.2292
1259,20000,0.0,24,2,0.0,30.0,0.0,0.0009607274550944567,0.24079245328903198,0.2421266734600067,0.41108813881874084,-0.09393258392810822,0.07464353740215302,0.35339969396591187,0.0005858992808498442,0.004667912144213915,1.1584659814834595,64,0.045,0.0,1,0,1,0,1,1.0,,,,,,,0.08108358830213547,0.6975502371788025,2.0575127601623535,0.0162,,0.2292
1260,20000,0.0,24,2,0.0,30.0,0.0,0.0007682141149416566,0.18886679410934448,0.18907319009304047,0.5191516280174255,-0.09538233280181885,0.09683370590209961,0.41829410195350647,0.0007360444287769496,0.0051449742168188095,0.994450032711029,64,0.0623,0.0,0,0,1,1,1,1.0,,,,,,,0.09591465443372726,0.8338106870651245,2.0688884258270264,0.0162,,0.2292
1261,20000,0.0,24,2,0.0,30.0,0.0,0.0014473552582785487,0.1890544593334198,0.1859941929578781,0.4183191955089569,-0.09787818044424057,0.06852716207504272,0.3762056231498718,0.0006070256349630654,0.005874852184206247,1.007219910621643,64,0.0507,0.0,0,0,3,0,0,0.0,,,,,,,0.09717658162117004,0.8954865336418152,2.124220371246338,0.01615,,0.2292
1262,20000,0.0,24,2,0.0,30.0,0.0,0.0008475056965835392,0.16326545178890228,0.16995669901371002,0.5395051836967468,-0.09540136158466339,0.14362290501594543,0.34481558203697205,0.0007013176800683141,0.005690311547368765,1.177830696105957,64,0.0203,0.0,0,0,1,1,1,1.0,,,,,,,0.0809975117444992,0.8602938652038574,2.0581603050231934,0.01615,,0.2292
1263,20000,0.0,24,2,0.0,30.0,0.0,0.00140321534126997,0.13550223410129547,0.1291975975036621,0.30531570315361023,-0.09337121993303299,0.03459292650222778,0.32559734582901,0.0009099890012294054,0.007807409856468439,1.3225535154342651,64,0.0212,0.0,0,0,1,0,2,1.0,,,,,,,0.07059919834136963,0.8325759172439575,2.1864891052246094,0.01615,,0.2292
1264,20000,0.0,24,2,0.0,30.0,0.0,0.002403490711003542,0.2305012196302414,0.23572316765785217,0.449550598859787,-0.09275496006011963,0.0838223546743393,0.37184619903564453,0.0006864956812933087,0.005629281979054213,0.9421305656433105,64,0.1206,0.0,1,0,1,0,1,1.0,,,,,,,0.09845234453678131,0.6737944483757019,2.0931241512298584,0.0162,,0.2292
1265,20000,0.0,24,2,0.0,30.0,0.0,0.0005782375810667872,0.14094023406505585,0.13639134168624878,0.5083760023117065,-0.09162266552448273,0.09007769078016281,0.4169774651527405,0.0008059318060986698,0.005731616634875536,1.1534837484359741,64,0.0625,0.0,0,0,1,0,2,1.0,,,,,,,0.07943126559257507,0.7643834948539734,2.082517623901367,0.0162,,0.2292
1266,20000,0.0,24,2,0.0,30.0,0.0,0.0005152010126039386,0.16454572975635529,0.1655082404613495,0.39559027552604675,-0.0924939513206482,0.05599083751440048,0.3728378117084503,0.0006377662648446858,0.006529504898935556,0.9600915908813477,64,0.0237,0.0,1,0,0,1,1,1.0,,,,,,,0.0963386744260788,0.7203542590141296,2.099996328353882,0.01625,,0.2292
1267,20000,0.0,24,2,0.0,30.0,0.0,0.0008368234848603606,0.22139528393745422,0.22865581512451172,0.3748857378959656,-0.08793880045413971,0.0672549232840538,0.3257295489311218,0.00045702565694227815,0.005170304793864489,2.2443699836730957,64,0.0377,0.0,0,0,2,0,1,1.0,,,,,,,0.03918194770812988,0.8264832496643066,2.215414524078369,0.01615,,0.2292
1268,20000,0.0,24,2,0.0,0.0,0.0,0.0007832383853383362,0.16698360443115234,0.16350600123405457,0.3314712643623352,-0.08147301524877548,0.019230805337429047,0.37218108773231506,0.0009447769843973219,0.004603126086294651,1.4259452819824219,64,,0.0,0,0,0,0,3,0.667,,,,,,,0.05713614448904991,0.6767746806144714,2.1499996185302734,0.0162,,0.2292
1269,20000,0.0,24,2,0.3333,30.0,0.3333,0.0011561757419258356,0.20998522639274597,0.21000157296657562,0.3307005763053894,-0.095158152282238,0.04862430319190025,0.32544317841529846,0.0007250250782817602,0.006333902012556791,1.3228604793548584,64,0.0473,0.333,0,0,2,0,0,0.0,,,,,,,0.07193362712860107,0.7647274732589722,2.200892448425293,0.0162,,0.2292
1270,20000,0.0,24,2,0.0,0.0,0.0,0.000985303777270019,0.16816626489162445,0.1605575680732727,0.39746153354644775,-0.09126210957765579,0.03426307439804077,0.4169783592224121,0.0007418854511342943,0.00643822830170393,1.2755076885223389,64,,0.0,1,0,0,0,2,1.0,,,,,,,0.07154963165521622,0.7504622340202332,2.0469346046447754,0.0163,,0.2292
1271,20000,0.0,24,2,0.5,30.0,0.5,0.0011783991940319538,0.18259717524051666,0.18698586523532867,0.3678199052810669,-0.09801606088876724,0.04453958570957184,0.3737776279449463,0.000663730432279408,0.005958333611488342,1.27041757106781,64,0.0472,0.5,0,0,1,0,1,1.0,,,,,,,0.07715263962745667,0.7211529016494751,2.139866828918457,0.0164,,0.2292
1272,20000,0.0,24,2,0.0,30.0,0.0,0.0005889807362109423,0.21330450475215912,0.21536660194396973,0.484107106924057,-0.0957757830619812,0.050426553934812546,0.476974219083786,0.0005203724140301347,0.00411110557615757,1.031670093536377,64,0.0196,0.0,0,0,1,0,2,1.0,,,,,,,0.09283566474914551,0.8303642272949219,1.9548139572143555,0.01645,,0.2292
1273,20000,0.0,24,2,0.0,30.0,0.0,0.0006232649902813137,0.21361519396305084,0.21542271971702576,0.49336376786231995,-0.09354674816131592,0.037364423274993896,0.5102518796920776,0.000684053695295006,0.0038595618680119514,1.0206001996994019,64,0.0189,0.0,1,0,1,0,1,1.0,,,,,,,0.0916585624217987,0.7228607535362244,1.9197850227355957,0.0164,,0.2292
1274,20000,0.0,24,2,0.0,30.0,0.0,0.0007950312574394047,0.17543649673461914,0.1733812689781189,0.41921478509902954,-0.0945088267326355,0.06677733361721039,0.37747177481651306,0.000696219620294869,0.005394319072365761,1.4786866903305054,64,0.0215,0.0,0,0,2,0,1,1.0,,,,,,,0.06391403079032898,0.7744299173355103,2.1405208110809326,0.0164,,0.2292
1275,20000,0.0,24,2,0.0,30.0,0.0,0.000990250613540411,0.19714361429214478,0.19170822203159332,0.49498164653778076,-0.09297224879264832,0.10607822239398956,0.37343254685401917,0.000577952538151294,0.004729823209345341,1.1524884700775146,64,0.0622,0.0,0,0,2,0,1,1.0,,,,,,,0.08067087084054947,0.672343909740448,2.1172542572021484,0.0164,,0.2292
1276,20000,0.0,24,2,0.0,0.0,0.0,0.0007645129226148129,0.20805217325687408,0.20658692717552185,0.36056697368621826,-0.09139137715101242,0.03882424160838127,0.371204674243927,0.0007333381217904389,0.006210366263985634,1.0598020553588867,64,,0.0,1,0,0,0,2,1.0,,,,,,,0.08623438328504562,0.7806255221366882,2.1267569065093994,0.0164,,0.2292
1277,20000,0.0,24,2,0.5,30.0,0.5,0.0008470172761008143,0.214967280626297,0.20694492757320404,0.4807355999946594,-0.09788559377193451,0.07861132174730301,0.41750672459602356,0.0006168393301777542,0.0077836522832512856,0.8095514178276062,64,0.0256,0.5,0,0,1,0,1,1.0,,,,,,,0.12091337144374847,0.7619994878768921,2.067533493041992,0.0165,,0.2292
1278,20000,0.0,24,2,0.0,0.0,0.0,0.0016437895828858018,0.15796047449111938,0.15023532509803772,0.39577049016952515,-0.09553202986717224,0.07361097633838654,0.3420339822769165,0.000581309839617461,0.0040931496769189835,1.1796430349349976,64,,0.0,1,0,0,0,2,1.0,,,,,,,0.08098384737968445,0.7372716665267944,2.125485897064209,0.01655,,0.2292
1279,20000,0.0,24,2,0.0,30.0,0.0,0.0005607331404462457,0.2312600016593933,0.22782590985298157,0.5166198015213013,-0.09561948478221893,0.0601540133357048,0.4894520938396454,0.0004634442157112062,0.0049583581276237965,0.8100399971008301,64,0.012,0.0,0,0,1,0,2,0.5,,,,,,,0.11804290860891342,0.7869526743888855,1.9767253398895264,0.0165,,0.2292
1280,20000,0.0,24,2,0.0,30.0,0.0,0.0007107584387995303,0.16888481378555298,0.16777865588665009,0.40468743443489075,-0.09435147792100906,0.06001463532447815,0.3768644630908966,0.0005860544042661786,0.004290328361093998,0.7759698033332825,64,0.0231,0.0,0,0,2,0,1,1.0,,,,,,,0.12159169465303421,0.7411646246910095,2.082744598388672,0.0165,,0.2292
1281,20000,0.0,24,2,0.0,30.0,0.0,0.001719131600111723,0.1600935459136963,0.15383294224739075,0.32155266404151917,-0.09033684432506561,0.04196404665708542,0.3258013427257538,0.0006996960146352649,0.004320163279771805,1.4728045463562012,64,0.0635,0.0,0,0,3,0,0,0.0,,,,,,,0.061336617916822433,0.7729236483573914,2.1912760734558105,0.01645,,0.2292
1282,20000,0.0,24,2,0.0,30.0,0.0,0.0014114140067249537,0.17761890590190887,0.17598029971122742,0.3459135890007019,-0.093718521296978,0.03251413628458977,0.3714345097541809,0.0006841456633992493,0.006338680163025856,1.301368236541748,64,0.0512,0.0,0,0,2,0,1,1.0,,,,,,,0.07201537489891052,0.8020550012588501,2.106651544570923,0.01645,,0.2292
1283,20000,0.0,24,2,0.0,30.0,0.0,0.0006881508743390441,0.22183355689048767,0.21990050375461578,0.39413824677467346,-0.0948001965880394,0.034170933067798615,0.4173092246055603,0.0004964939435012639,0.006574661936610937,0.9747204780578613,64,0.0264,0.0,2,0,1,0,0,0.0,,,,,,,0.09725885838270187,0.8926626443862915,2.0625529289245605,0.01645,,0.2292
1284,20000,0.0,24,2,0.0,30.0,0.0,0.0018241951474919915,0.1950169801712036,0.1984471082687378,0.5674875974655151,-0.09051453322172165,0.11858116090297699,0.4179493188858032,0.0008821472874842584,0.005780908744782209,0.9122106432914734,64,0.0527,0.0,1,0,2,0,0,0.0,,,,,,,0.0992254763841629,0.7802752256393433,2.0646021366119385,0.01645,,0.2292
1285,20000,0.0,24,2,0.0,30.0,0.0,0.000583546468988061,0.22619840502738953,0.22197696566581726,0.332981139421463,-0.09729927033185959,0.02802596613764763,0.3717834949493408,0.0005170760559849441,0.004889971110969782,1.3857455253601074,64,0.0409,0.0,1,0,1,0,1,1.0,,,,,,,0.07021439075469971,0.7274105548858643,2.15952730178833,0.01645,,0.2292
1286,20000,0.0,24,2,0.0,30.0,0.0,0.000980494194664061,0.19710968434810638,0.1978224217891693,0.4455661177635193,-0.09572462737560272,0.037574660032987595,0.46289733052253723,0.0008150238427333534,0.006488199345767498,0.829755425453186,64,0.0238,0.0,0,0,2,0,1,1.0,,,,,,,0.11536487191915512,0.7503935694694519,1.9979970455169678,0.01645,,0.2292
1287,20000,0.0,24,2,0.0,30.0,0.0,0.0006208906997926533,0.1561301052570343,0.15622520446777344,0.353253036737442,-0.0906541645526886,0.05084015056490898,0.34029173851013184,0.0005587677005678415,0.0038703361060470343,1.1530582904815674,64,0.0752,0.0,0,0,1,0,2,0.5,,,,,,,0.07862062752246857,0.6330346465110779,2.116353988647461,0.01645,,0.2292
1288,20000,0.0,24,2,0.0,30.0,0.0,0.0009237229241989553,0.19921183586120605,0.2018905133008957,0.46845290064811707,-0.0828472152352333,0.08191878348588943,0.3846812844276428,0.0005749239353463054,0.005562541540712118,1.4974970817565918,64,0.0629,0.0,0,0,1,1,1,1.0,,,,,,,0.05532379075884819,0.8875028491020203,2.1251842975616455,0.0164,,0.2292
1289,20000,0.0,24,2,0.0,28.0,0.0,0.0007085587130859494,0.17280453443527222,0.16995739936828613,0.33116233348846436,-0.09823784232139587,0.027838468551635742,0.3711974620819092,0.0008450043387711048,0.005051557440310717,1.762210488319397,64,0.0297,0.0,0,0,0,1,2,1.0,,,,,,,0.05574694275856018,0.7643908858299255,2.1348743438720703,0.0165,,0.2292
1290,20000,0.0,24,2,0.0,30.0,0.0,0.004296349827200174,0.21375776827335358,0.22403554618358612,0.45866185426712036,-0.092208132147789,0.04243636131286621,0.46326860785484314,0.0006059868610464036,0.005457282066345215,1.0972548723220825,64,0.0263,0.0,1,0,1,0,1,1.0,,,,,,,0.08403529226779938,0.7050572633743286,1.9610211849212646,0.01655,,0.2292
1291,20000,0.0,24,2,0.0,0.0,0.0,0.0010071098804473877,0.16614465415477753,0.16566571593284607,0.361728698015213,-0.09514712542295456,0.041237782686948776,0.37144601345062256,0.0005169569049030542,0.005908478517085314,0.7546784281730652,64,,0.0,1,0,0,0,2,1.0,,,,,,,0.12607638537883759,0.8333587646484375,2.13201642036438,0.0166,,0.2292
1292,20000,0.0,24,2,0.0,30.0,0.0,0.0014442544197663665,0.1916373372077942,0.18769526481628418,0.358714759349823,-0.08931544423103333,0.05978021025657654,0.32582956552505493,0.0011179930297657847,0.005280464421957731,1.6059770584106445,64,0.0387,0.0,0,0,1,0,2,1.0,,,,,,,0.055614396929740906,0.6931988000869751,2.1486692428588867,0.0166,,0.2292
1293,20000,0.0,24,2,0.0,30.0,0.0,0.0009045494953170419,0.18874672055244446,0.18000176548957825,0.3370237350463867,-0.09112633019685745,0.02661186456680298,0.37125539779663086,0.0006796121597290039,0.007341891527175903,1.5199724435806274,64,0.0118,0.0,0,0,1,0,2,1.0,,,,,,,0.05995262786746025,0.6443955898284912,2.1395835876464844,0.01655,,0.2292
1294,20000,0.0,24,2,0.0,0.0,0.0,0.001313667744398117,0.20728734135627747,0.2076997309923172,0.3836357295513153,-0.08827624469995499,0.04851493239402771,0.37160712480545044,0.0005865646526217461,0.006549946963787079,1.1377257108688354,64,,0.0,0,0,0,0,3,0.667,,,,,,,0.07759009301662445,0.7883327007293701,2.108339786529541,0.01665,,0.2292
1295,20000,0.0,24,2,0.0,0.0,0.0,0.0020974648650735617,0.2709352970123291,0.28345775604248047,0.4482985734939575,-0.09328006953001022,0.09414111077785492,0.3504270911216736,0.0005531716742552817,0.005738681647926569,1.47138249874115,64,,0.0,2,0,0,0,1,1.0,0.0857,0.4593,0.042,0,42,4,0.06339620798826218,0.8104767799377441,2.1345949172973633,0.01665,0.0417,0.2292
1296,20000,0.0,24,2,0.0,30.0,0.0,0.0006763733690604568,0.2298763394355774,0.22999505698680878,0.30085620284080505,-0.0955369770526886,0.033664219081401825,0.32614487409591675,0.0008281171321868896,0.005839790683239698,1.7487198114395142,64,0.0409,0.0,0,0,2,0,1,0.0,,,,,,,0.0546325258910656,0.7115817070007324,2.166639804840088,0.01655,,0.2292
1297,20000,0.0,24,2,0.5,29.5,0.5,0.0004617173399310559,0.19057118892669678,0.18916743993759155,0.34190112352371216,-0.09321367740631104,0.029907941818237305,0.37161964178085327,0.0005423923139460385,0.007358525414019823,1.426628589630127,64,0.0154,0.5,0,0,1,0,1,1.0,,,,,,,0.06533843278884888,0.6986062526702881,2.123183012008667,0.01655,,0.2292
1298,20000,0.0,24,2,0.0,30.0,0.0,0.0007203215500339866,0.20331108570098877,0.20163410902023315,0.3920050859451294,-0.09175528585910797,0.03182821720838547,0.4175099730491638,0.0005564596503973007,0.005187918897718191,1.245140790939331,64,0.0491,0.0,0,0,1,0,2,1.0,,,,,,,0.07369069755077362,0.7487897872924805,2.0668416023254395,0.0166,,0.2292
1299,20000,0.0,24,2,0.0,29.5,0.0,0.00163727265316993,0.22797642648220062,0.23408803343772888,0.36982253193855286,-0.08864489942789078,0.04160743206739426,0.3717227876186371,0.0007157109794206917,0.007059556897729635,1.1157506704330444,64,0.0601,0.0,0,0,1,1,1,1.0,,,,,,,0.0794486552476883,0.7480499744415283,2.1250112056732178,0.0166,,0.2292
1300,20000,0.0,24,2,0.0,0.0,0.0,0.0005912628257647157,0.20012032985687256,0.19404661655426025,0.2819003462791443,-0.09443873167037964,0.021776270121335983,0.3292074203491211,0.0005875839851796627,0.007158217485994101,1.3378506898880005,64,,0.0,1,0,0,0,2,1.0,,,,,,,0.07058989256620407,0.6199711561203003,2.174264430999756,0.01665,,0.2292
1301,20000,0.0,24,2,0.0,30.0,0.0,0.0009836610406637192,0.17071928083896637,0.17315199971199036,0.3821480870246887,-0.09468144178390503,0.05100250244140625,0.3716127872467041,0.0008434551418758929,0.006423462647944689,1.273450493812561,64,0.0325,0.0,0,0,2,0,1,1.0,,,,,,,0.07435031235218048,0.7079458236694336,2.125333547592163,0.0166,,0.2292
1302,20000,0.0,24,2,0.0,0.0,0.0,0.0005223118350841105,0.19991301000118256,0.1985863298177719,0.4387253522872925,-0.09031093865633011,0.054761022329330444,0.4172074496746063,0.0006062875618226826,0.004613570868968964,0.9619444012641907,64,,0.0,2,0,0,0,1,1.0,,,,,,,0.09388373792171478,0.9523912668228149,2.051584243774414,0.0166,,0.2292
1303,20000,0.0,24,2,1.0,30.0,1.0,0.0009106358047574759,0.23525547981262207,0.2324211597442627,0.6342227458953857,-0.0952933132648468,0.05782168731093407,0.6114906072616577,0.000622220744844526,0.004764199256896973,0.882236659526825,64,0.0781,1.0,0,0,0,0,2,1.0,,,,,,,0.1080133244395256,0.7921507358551025,1.9973433017730713,0.0166,,0.2292
1304,20000,0.0,24,2,0.0,30.0,0.0,0.0009899935685098171,0.19722342491149902,0.18949595093727112,0.4245443344116211,-0.08297381550073624,0.040484778583049774,0.4234650731086731,0.0007510220166295767,0.006167033687233925,1.8607027530670166,64,0.0326,0.0,0,0,3,0,0,0.0,,,,,,,0.044592734426259995,0.7940084338188171,1.9897884130477905,0.01655,,0.2292
1305,20000,0.0,24,2,0.0,30.0,0.0,0.0009041615994647145,0.17722755670547485,0.1772976666688919,0.2980150282382965,-0.09233926236629486,0.03098006546497345,0.3256077766418457,0.0006258025532588363,0.005572745576500893,1.8566564321517944,64,0.0352,0.0,1,0,1,0,1,1.0,,,,,,,0.049734167754650116,0.7215127348899841,2.1887435913085938,0.0165,,0.2292
1306,20000,0.0,24,2,0.5,30.0,0.5,0.0006489951629191637,0.16499367356300354,0.16708269715309143,1.1351609230041504,-0.09595346450805664,0.060402967035770416,1.1077489852905273,0.0007696631946600974,0.005118927452713251,0.9415897727012634,64,0.0411,0.5,0,0,1,0,1,1.0,,,,,,,0.10190580785274506,0.8155015707015991,2.042966604232788,0.01645,,0.2292
1307,20000,0.0,24,2,0.0,0.0,0.0,0.000762791431043297,0.1934138834476471,0.18871340155601501,0.292019784450531,-0.09082604199647903,0.02746579609811306,0.32586443424224854,0.0007012381684035063,0.00409962423145771,1.6054890155792236,64,,0.0,0,0,0,0,3,1.0,,,,,,,0.05657219886779785,0.7764920592308044,2.2317252159118652,0.01655,,0.2292
1308,20000,0.0,24,2,1.0,29.0,1.0,0.0017130696214735508,0.20576900243759155,0.21236614882946014,0.3862086236476898,-0.08994448184967041,0.07343531399965286,0.32590264081954956,0.0008069690084084868,0.0067597185261547565,1.2959288358688354,64,0.0081,1.0,0,0,0,0,2,1.0,,,,,,,0.06940541416406631,0.8407487273216248,2.179348945617676,0.0166,,0.2292
1309,20000,0.0,24,2,0.0,30.0,0.0,0.0013200914254412055,0.24234360456466675,0.250961571931839,0.4807543158531189,-0.08627121895551682,0.07302629947662354,0.4170380234718323,0.0005896541406400502,0.007869822904467583,1.0047422647476196,64,0.0235,0.0,0,0,1,0,2,1.0,,,,,,,0.08586402237415314,0.7135787010192871,2.0565357208251953,0.01665,,0.2292
1310,20000,0.0,24,2,0.0,30.0,0.0,0.0006573452847078443,0.19829469919204712,0.19383379817008972,0.30219197273254395,-0.09402572363615036,0.03400851786136627,0.3254704773426056,0.0006101597682572901,0.005460355430841446,1.251295804977417,64,0.0301,0.0,0,0,2,0,1,1.0,,,,,,,0.07514268159866333,0.7320224642753601,2.2290217876434326,0.0166,,0.2292
1311,20000,0.0,24,2,0.0,30.0,0.0,0.0011245541973039508,0.1917780637741089,0.20749205350875854,0.46897658705711365,-0.09187602996826172,0.02499319240450859,0.5085752010345459,0.0007685847231186926,0.0045820544473826885,1.250675082206726,64,0.0356,0.0,0,0,2,0,1,0.0,,,,,,,0.0734611451625824,0.6799792647361755,1.8756110668182373,0.0166,,0.2292
1312,20000,0.0,24,2,0.0,0.0,0.0,0.0020263674668967724,0.21537190675735474,0.21493057906627655,0.3407260775566101,-0.0913098081946373,0.05216124281287193,0.32546675205230713,0.0006594781298190355,0.004493286367505789,2.1030306816101074,64,,0.0,1,0,0,0,2,1.0,,,,,,,0.04341819882392883,0.7252966165542603,2.183521270751953,0.0167,,0.2292
1313,20000,0.0,24,2,0.0,0.0,0.0,0.0008140630088746548,0.21504923701286316,0.21661046147346497,0.35334163904190063,-0.09653240442276001,0.0352284274995327,0.3771056830883026,0.0006374749937094748,0.0046229977160692215,0.9624485969543457,64,,0.0,1,0,0,0,2,1.0,,,,,,,0.10029876977205276,0.7566565275192261,2.0834803581237793,0.0167,,0.2292
1314,20000,0.0,24,2,0.0,0.0,0.0,0.0008820114890113473,0.20802418887615204,0.20663104951381683,0.4142172336578369,-0.09399673342704773,0.03550032153725624,0.4344249367713928,0.0005109569756314158,0.005576794501394033,1.0884802341461182,64,,0.0,0,0,0,0,3,0.667,,,,,,,0.08635593950748444,0.753099799156189,1.9752349853515625,0.01675,,0.2292
1315,20000,0.0,24,2,0.0,30.0,0.0,0.0011419490911066532,0.1707788109779358,0.1678847223520279,0.3914886713027954,-0.08707360923290253,0.07453770935535431,0.3254091143608093,0.000647910637781024,0.00815549399703741,2.2193105220794678,64,0.0382,0.0,0,0,2,0,1,0.0,,,,,,,0.03923453018069267,0.740229070186615,2.181973934173584,0.01665,,0.2292
1316,20000,0.0,24,2,0.0,30.0,0.0,0.0007336464477702975,0.20585089921951294,0.20028111338615417,0.4874058663845062,-0.08040507882833481,0.07335256785154343,0.41831573843955994,0.0005833245813846588,0.0055801114067435265,1.4951739311218262,64,0.0273,0.0,0,0,2,0,1,1.0,,,,,,,0.05377640575170517,0.8801422119140625,2.0736613273620605,0.0167,,0.2292
1317,20000,0.0,24,2,0.0,0.0,0.0,0.001475214259698987,0.19370386004447937,0.18592967092990875,0.37141740322113037,-0.08880218118429184,0.04221441596746445,0.37267640233039856,0.0006150927511043847,0.006228663958609104,1.0095490217208862,64,,0.0,0,0,0,0,3,1.0,,,,,,,0.08796222507953644,0.6611335277557373,2.0924010276794434,0.01675,,0.2292
1318,20000,0.0,24,2,0.0,30.0,0.0,0.0009969458915293217,0.16761650145053864,0.17321734130382538,0.4377911686897278,-0.09253634512424469,0.032326724380254745,0.4630693793296814,0.0006832318031229079,0.005209390539675951,0.9481316804885864,64,0.0448,0.0,0,0,1,0,2,1.0,,,,,,,0.09759862720966339,0.7648813128471375,1.989833116531372,0.0168,,0.2292
1319,20000,0.0,24,2,0.0,30.0,0.0,0.001237893826328218,0.18748512864112854,0.19140024483203888,0.31518179178237915,-0.0928928405046463,0.0393238365650177,0.3256593942642212,0.0009196920436806977,0.0075351097621023655,1.017751693725586,64,0.0264,0.0,0,0,1,0,2,1.0,,,,,,,0.09127258509397507,0.8540829420089722,2.1363296508789062,0.01685,,0.2292
1320,20000,0.0,24,2,0.0,30.0,0.0,0.0013935781316831708,0.2024698257446289,0.215236097574234,0.41701140999794006,-0.08794644474983215,0.040115125477313995,0.42149922251701355,0.000695817347150296,0.006456779781728983,1.2950423955917358,64,0.0058,0.0,0,0,1,0,2,0.5,,,,,,,0.0679100900888443,0.6521155834197998,2.0470762252807617,0.01685,,0.2292
1321,20000,0.0,24,2,0.0,30.0,0.0,0.0005543244769796729,0.194979727268219,0.19083143770694733,0.3975686728954315,-0.09350094944238663,0.05774372071027756,0.371806263923645,0.0005717352032661438,0.007551837246865034,1.053000807762146,64,0.042,0.0,1,0,1,0,1,1.0,,,,,,,0.0887947529554367,0.7003269195556641,2.1099891662597656,0.01685,,0.2292
1322,20000,0.0,24,2,0.0,30.0,0.0,0.0007150718593038619,0.1770845353603363,0.17907483875751495,0.3630816340446472,-0.09257756173610687,0.040573857724666595,0.3722894489765167,0.000721384072676301,0.004444041755050421,1.2704527378082275,64,0.0332,0.0,1,0,1,0,1,1.0,,,,,,,0.07286974787712097,0.8163646459579468,2.053122043609619,0.01685,,0.2292
1323,20000,0.0,24,2,0.0,0.0,0.0,0.0014478308148682117,0.18241822719573975,0.18852907419204712,0.2791280448436737,-0.09200666099786758,0.021178310737013817,0.32542917132377625,0.0006668326677754521,0.006697806064039469,1.3091942071914673,64,,0.0,2,0,0,0,1,1.0,,,,,,,0.07027731835842133,0.6895923614501953,2.1886379718780518,0.01685,,0.2292
1324,20000,0.0,24,2,1.0,30.0,1.0,0.000587236660066992,0.18525756895542145,0.1818516105413437,0.31190577149391174,-0.09698252379894257,0.04086568206548691,0.32536107301712036,0.0006894856342114508,0.003591734217479825,0.7980388402938843,64,0.0178,1.0,0,0,0,0,2,1.0,,,,,,,0.1215260699391365,0.8202285766601562,2.177234649658203,0.01695,,0.2292
1325,20000,0.0,24,2,0.0,30.0,0.0,0.0009469020878896117,0.21415947377681732,0.21700091660022736,0.34169378876686096,-0.0955733135342598,0.05363870784640312,0.3277814984321594,0.0006347356247715652,0.004416423384100199,1.0239174365997314,64,0.0212,0.0,1,0,1,0,1,1.0,,,,,,,0.09334084391593933,0.906939685344696,2.1814537048339844,0.0169,,0.2292
1326,20000,0.0,24,2,0.0,30.0,0.0,0.0007822724292054772,0.20408184826374054,0.20216727256774902,0.3963903486728668,-0.09397944808006287,0.05717560276389122,0.3732653558254242,0.0006662898231297731,0.0055064852349460125,1.1385926008224487,64,0.0433,0.0,1,0,2,0,0,0.0,,,,,,,0.08254002034664154,0.7412872314453125,2.116727352142334,0.01685,,0.2292
1327,20000,0.0,24,2,0.0,30.0,0.0,0.0009205577662214637,0.2553642690181732,0.2612888813018799,0.46410563588142395,-0.09096387028694153,0.06656095385551453,0.41966763138771057,0.00045669442624785006,0.0045599304139614105,1.3343161344528198,64,0.0808,0.0,0,0,1,0,2,1.0,,,,,,,0.06817265599966049,0.8558852076530457,2.0294761657714844,0.01685,,0.2292
1328,20000,0.0,24,2,0.5,29.0,0.5,0.0010373599361628294,0.18466272950172424,0.19145135581493378,0.44634556770324707,-0.09212706238031387,0.09143295139074326,0.3515406847000122,0.0007179337553679943,0.008132101967930794,1.437532901763916,64,0.0661,0.5,0,0,1,0,1,0.0,,,,,,,0.0640869215130806,0.8195354342460632,2.098012685775757,0.0168,,0.2292
1329,20000,0.0,24,2,0.0,30.0,0.0,0.0008198329014703631,0.21495063602924347,0.20994257926940918,0.5228351354598999,-0.09335055202245712,0.12038739025592804,0.37180453538894653,0.0007749907672405243,0.007212752476334572,0.8829666376113892,64,0.0914,0.0,0,0,1,0,2,1.0,,,,,,,0.10572375357151031,0.6884452700614929,2.1064021587371826,0.01685,,0.2292
1330,20000,0.0,24,2,0.0,0.0,0.0,0.0007560892845503986,0.15405991673469543,0.1523207575082779,0.41454291343688965,-0.09615004062652588,0.04455007240176201,0.41880863904953003,0.0005118580302223563,0.005568313878029585,0.9737033843994141,64,,0.0,0,0,0,0,3,0.667,,,,,,,0.09874673187732697,0.8263934850692749,2.041041851043701,0.0168,,0.2292
1331,20000,0.0,24,2,0.0,0.0,0.0,0.0006807922618463635,0.1864873617887497,0.19030362367630005,0.3893817365169525,-0.092934250831604,0.03102266788482666,0.4170829653739929,0.0005123188020661473,0.006375384982675314,1.116730809211731,64,,0.0,1,0,0,0,2,1.0,,,,,,,0.08321992307901382,0.6456692218780518,2.0651230812072754,0.01685,,0.2292
1332,20000,0.0,24,2,0.0,30.0,0.0,0.0008473478374071419,0.17858046293258667,0.17123600840568542,0.528232216835022,-0.09657542407512665,0.06302876770496368,0.49614715576171875,0.0006000091088935733,0.005205843131989241,0.767575740814209,64,0.027,0.0,0,0,1,0,2,1.0,0.0812,0.3553,0.125,0,40,2,0.12581875920295715,0.7636852264404297,1.9750971794128418,0.0169,0.125,0.2292
